Track URI,Track Name,Album Name,Artist Name(s),Release Date,Duration (ms),Popularity,Explicit,Added By,Added At,Genres,Record Label,Danceability,Energy,Key,Loudness,Mode,Speechiness,Acousticness,Instrumentalness,Liveness,Valence,Tempo,Time Signature
spotify:track:0zZaWHxGaAuSqs5k8UJOvm,"The Breach","The Breach EP","Dustin Tebbutt",2014-10-21,253850,56,false,ykxuknpdqe4vrfi4lrn2gb76p,2026-05-31T12:37:52Z,"indie folk","Eleven: A Music Company Pty Ltd",0.627,0.574,1,-8.862,1,0.0266,0.608,0.124,0.123,0.56,102.981,5
spotify:track:1gWCDz6hrwwqF8mXAqywwG,"A Place","Best Indie Folk of 2021, Vol. 4","Ocie Elliott",2021-12-27,225356,28,false,ykxuknpdqe4vrfi4lrn2gb76p,2026-05-31T12:37:52Z,"indie folk","Indie Folk Central",0.365,0.264,9,-14.046,1,0.0299,0.898,0.861,0.119,0.187,84.756,4
spotify:track:7t0ohvf7w4e8VacR124wbA,"doing my best","last night you said you missed me","Hazlett",2025-09-12,182733,71,false,ykxuknpdqe4vrfi4lrn2gb76p,2026-05-31T12:37:52Z,"indie folk","Nettwerk Music Group",0.659,0.307,10,-13.911,1,0.0347,0.584,0.0406,0.11,0.185,135.942,4
spotify:track:20zoMRCJDxo7dqq1qqx5BP,"Blue Moon","Indie Folk Central: June 2026","Jessie Reid",2026-06-22,240000,35,false,ykxuknpdqe4vrfi4lrn2gb76p,2026-06-22T11:45:43Z,"indie folk","Indie Folk Central",0.62,0.472,2,-10.959,0,0.0312,0.658,0.0131,0.0932,0.301,127.92,4
spotify:track:3kxGvXqQDSOTo2KC6bEHNF,"My Mind","My Mind","Ryan Harris",2022-04-29,202215,65,false,ykxuknpdqe4vrfi4lrn2gb76p,2026-05-31T12:37:52Z,"indie folk","Whitegold Records",0.699,0.414,11,-12.373,1,0.0323,0.434,0.231,0.109,0.394,117.991,4
spotify:track:1MNQakDYoIToSf4iUz2Spp,"Wander","Indie Folk Central: March 2026","Rod Coote",2026-03-09,200624,40,false,ykxuknpdqe4vrfi4lrn2gb76p,2026-05-31T12:37:52Z,"indie folk","Indie Folk Central",0.629,0.425,6,-11.726,1,0.0251,0.85,0.0114,0.0929,0.189,104.042,4
spotify:track:4OjdtASj8p9hTwS3D555wk,"crooked the road.","crooked the road.","Mon Rovîa",2024-08-23,175609,71,false,ykxuknpdqe4vrfi4lrn2gb76p,2026-05-31T12:37:52Z,"","Nettwerk Music Group",0.644,0.423,7,-12.206,1,0.0441,0.854,0.0092,0.115,0.231,164.045,4
spotify:track:4sDbdBjuYQVdNNB4PiHUPo,"Coastline","Wanderlust","Hollow Coves",2017-03-17,233973,80,false,ykxuknpdqe4vrfi4lrn2gb76p,2026-05-31T12:37:52Z,"indie folk","Nettwerk Music Group",0.67,0.496,2,-11.23,1,0.0277,0.627,0.00319,0.0584,0.427,100.17,4
spotify:track:39erOG21gUA2GShJlVzoKQ,"Afterlight","Best of 2025 (Indie Folk Central)","Heath Lancaster",2025-12-26,155775,25,false,ykxuknpdqe4vrfi4lrn2gb76p,2026-05-31T12:37:52Z,"indie folk","Indie Folk Central",0.33,0.402,2,-11.861,1,0.0419,0.847,0.0399,0.132,0.218,155.698,3
spotify:track:40chr05A8qJGEOrTSGi2qL,"Someone Else","Someone Else","Harrison Storm;Winona Oak",2025-07-04,199397,41,false,ykxuknpdqe4vrfi4lrn2gb76p,2026-05-31T12:37:52Z,"indie folk","Nettwerk Music Group",0.55,0.272,11,-10.218,1,0.0263,0.84,0.000137,0.113,0.216,79.921,4
spotify:track:2E9HYsKxotfhwPceohBV86,"Little Sparks","Best of 2025 (Indie Folk Central)","Jessie Reid",2025-12-26,232258,25,false,ykxuknpdqe4vrfi4lrn2gb76p,2026-05-31T12:37:52Z,"indie folk","Indie Folk Central",0.56,0.39,8,-12.087,0,0.0358,0.925,0.188,0.171,0.147,123.993,4
spotify:track:1HMQmOWrkieKYWlFsjUP3D,"Bloom - Bonus Track","Woodland","The Paper Kites",2013-03-05,210080,78,false,ykxuknpdqe4vrfi4lrn2gb76p,2026-05-31T12:37:52Z,"indie folk","Nettwerk Music Group",0.591,0.416,1,-9.794,1,0.0246,0.882,0.000641,0.112,0.415,96.003,4
spotify:track:5sMiUQ5LU1fnfmSZ1Ua7oR,"All These Words","Cozy Indie Folk Songs for Winter (Indie Folk Central)","Lucy Clearwater;Lemony Rug",2025-02-06,213270,36,false,ykxuknpdqe4vrfi4lrn2gb76p,2026-05-31T12:37:52Z,"indie folk","Indie Folk Central",0.475,0.241,11,-12.254,1,0.0326,0.83,0.000474,0.138,0.24,122.267,3
spotify:track:6BEP2k75mE8u8gHdvxV3mn,"Think I'm Gonna Love You","Think I'm Gonna Love You","Michal Leah;Caleb Hearn",2023-08-04,164494,52,false,ykxuknpdqe4vrfi4lrn2gb76p,2026-05-31T12:37:52Z,"pop singer-songwriter","Nettwerk Music Group",0.609,0.223,0,-12.267,1,0.0432,0.84,0,0.118,0.335,82.848,4
spotify:track:50fvAL9S2IfvMWinKtSEBQ,"Where's My Love - with Carla","Where's My Love (with Carla)","SYML;Carla Morrison",2026-02-13,243053,58,false,ykxuknpdqe4vrfi4lrn2gb76p,2026-05-31T12:37:52Z,"","Nettwerk Music Group",0.546,0.253,3,-10.505,1,0.0269,0.915,0.0399,0.132,0.214,104.003,4
spotify:track:7bfeHgpIyhh5Dqhvy0e29K,"Mosaic in the Sun","Best of 2025 (Indie Folk Central)","Edwin Raphael",2025-12-26,190757,41,false,ykxuknpdqe4vrfi4lrn2gb76p,2026-05-31T12:37:52Z,"","Indie Folk Central",0.563,0.347,5,-9.413,1,0.0258,0.597,0.00808,0.177,0.243,138.973,4
spotify:track:3B3eOgLJSqPEA0RfboIQVM,"Skinny Love","For Emma, Forever Ago","Bon Iver",2008-02-19,238520,76,false,ykxuknpdqe4vrfi4lrn2gb76p,2026-05-31T12:37:52Z,"","Jagjaguwar",0.592,0.263,4,-14.029,0,0.0568,0.845,0.00000568,0.127,0.109,76.366,4
spotify:track:2QHTI2629cRSi7rAuKkFxQ,"Into the Sea","Best Indie Folk of 2024, Vol. 2 (Indie Folk Central)","Southey",2025-01-09,250769,21,false,ykxuknpdqe4vrfi4lrn2gb76p,2026-05-31T12:37:52Z,"indie folk","Indie Folk Central",0.684,0.312,2,-11.345,1,0.0557,0.714,0.0000699,0.105,0.357,77.959,4
spotify:track:0Wv9Ckm088qsVkMKPH170C,"Shiver","Like I Used To","Lucy Rose",2012-09-24,233013,51,false,ykxuknpdqe4vrfi4lrn2gb76p,2026-05-31T12:37:52Z,"ambient folk","Columbia",0.463,0.192,9,-13.229,1,0.0338,0.706,0.0000846,0.105,0.135,122.631,3
spotify:track:5yJaXWIErrrsjQ3J0eR5aK,"The Night We Met","Strange Trails","Lord Huron",2015-04-07,208226,92,false,ykxuknpdqe4vrfi4lrn2gb76p,2026-05-31T12:37:52Z,"","Lord Huron",0.44,0.378,2,-9.545,1,0.045,0.968,0.272,0.639,0.105,174.121,3
spotify:track:2cFJTab1Hj5sDIalnXs6O2,"Pieces of You","Best of 2025 (Indie Folk Central)","Meg Carlin",2025-12-26,202101,37,false,ykxuknpdqe4vrfi4lrn2gb76p,2026-05-31T12:37:52Z,"indie folk","Indie Folk Central",0.598,0.296,9,-10.505,1,0.0338,0.913,0.000024,0.126,0.264,78.435,4
spotify:track:2o4sOPWBL8Ud3tqzmYtvFJ,"Bookmark","Best Indie Folk of 2024, Vol. 1 (Indie Folk Central)","Ben Morgan",2025-01-06,208750,24,false,ykxuknpdqe4vrfi4lrn2gb76p,2026-05-31T12:37:52Z,"indie folk","Indie Folk Central",0.454,0.251,0,-12.661,0,0.0318,0.907,0.0688,0.092,0.04,144.139,3
spotify:track:7qH9Z4dJEN0l9bidizW7fq,"Anchor","Bathing Beach","Novo Amor",2017-05-26,257533,81,false,ykxuknpdqe4vrfi4lrn2gb76p,2026-05-31T12:37:52Z,"ambient folk","AllPoints",0.457,0.407,9,-11.475,1,0.0308,0.805,0.884,0.126,0.126,117.053,4
spotify:track:4mxFaIwx27IQyUYYeuUfcm,"stranger","stranger","Amistat",2025-01-31,200624,55,false,ykxuknpdqe4vrfi4lrn2gb76p,2026-05-31T12:37:52Z,"indie folk","Nettwerk Music Group",0.683,0.322,2,-11.046,1,0.0434,0.669,0,0.121,0.247,79.988,4
spotify:track:17MZVaiRqcTypHGa5Aj9EI,"Into You","Best Indie Folk of 2024, Vol. 2 (Indie Folk Central)","Sianon",2025-01-09,175542,36,false,ykxuknpdqe4vrfi4lrn2gb76p,2026-05-31T12:37:52Z,"indie folk","Indie Folk Central",0.407,0.378,3,-12.12,1,0.0443,0.876,0.0000433,0.146,0.17,84.432,4
spotify:track:5MhTDV0DWOTBrgjOVJhhrn,"Let The River In","7 Layers","Dotan",2014-01-31,187926,52,false,ykxuknpdqe4vrfi4lrn2gb76p,2026-05-31T12:37:52Z,"folk pop","7 Layers B.V.",0.698,0.327,4,-12.487,0,0.0369,0.83,0.000476,0.112,0.475,95.103,4
spotify:track:66deoxrDAEK7Qg1p0Vioxe,"Love Brought Weight","Old Sea Brigade","Old Sea Brigade",2016-01-22,185746,46,false,ykxuknpdqe4vrfi4lrn2gb76p,2026-05-31T12:37:52Z,"indie folk,folk pop","Nettwerk Music Group",0.366,0.327,7,-15.603,1,0.0344,0.699,0.363,0.0759,0.066,116.66,4
spotify:track:7rL903PspMN1lJBeFI7OKF,"Feeling Fine","Feeling Fine","Ocie Elliott",2025-09-05,168461,56,false,ykxuknpdqe4vrfi4lrn2gb76p,2026-05-31T12:37:52Z,"indie folk","Nettwerk Music Group",0.734,0.264,3,-10.968,1,0.0363,0.895,0.0136,0.106,0.278,126.068,4
spotify:track:0mnWNvwXRNu82bpfi2rsuz,"San Luis","Evening Machines","Gregory Alan Isakov",2018-10-05,272346,74,false,ykxuknpdqe4vrfi4lrn2gb76p,2026-05-31T12:37:52Z,"indie folk,folk,folk pop","Dualtone Music Group",0.568,0.434,7,-12.755,0,0.0347,0.861,0.259,0.115,0.257,82.5,4
spotify:track:59dTFVllmk7yO6Py8kQPgl,"Forest Fires","Nowhere","Axel Flóvent",2025-12-19,210924,55,false,ykxuknpdqe4vrfi4lrn2gb76p,2026-05-31T12:37:52Z,"indie folk","Nettwerk Music Group",0.625,0.292,7,-12.264,0,0.0311,0.696,0.0000124,0.121,0.168,118.004,4
spotify:track:6GqOv4UGvKMbDvpO8iqkxZ,"Blood Wolf Moon","Best Indie Folk of 2020, Vol. 1","Tommy Ashby",2020-12-27,180010,23,false,ykxuknpdqe4vrfi4lrn2gb76p,2026-05-31T12:37:52Z,"indie folk","Indie Folk Central",0.421,0.344,9,-10.928,1,0.0304,0.81,0.0129,0.121,0.332,110.028,4
spotify:track:53iFMaNUXn6Oj8hUIKSO5a,"My Arms Were Always Around You","A Face Like Mine","Peter Bradley Adams",2017-04-21,200800,55,false,ykxuknpdqe4vrfi4lrn2gb76p,2026-05-31T12:37:52Z,"","Peter Bradley Adams / Tone Tree Music",0.643,0.436,1,-12.245,1,0.0273,0.724,0.459,0.11,0.422,91.485,4
spotify:track:4tRt91OQSbE9eFA3RwgqSd,"The Only Boy Awake","The Only Boy Awake","Meadows",2016-10-21,163294,50,false,ykxuknpdqe4vrfi4lrn2gb76p,2026-05-31T12:37:52Z,"","What we call Records",0.52,0.48,5,-10.288,1,0.0303,0.61,0.0344,0.107,0.405,122.086,4
spotify:track:4C2aiAVTTVyZbCQZst5Xu1,"Tiger Striped Sky","Little Giant","Roo Panes",2014-10-06,241720,59,false,ykxuknpdqe4vrfi4lrn2gb76p,2026-05-31T12:37:52Z,"indie folk","CRC Records",0.473,0.317,2,-10.324,1,0.0318,0.944,0.0124,0.11,0.132,139.899,4
spotify:track:3ccDb4UqLC54IoFJ8LmFoy,"I'll Be Around","I'll Be Around","Garrett Kato",2018-09-28,186954,61,false,ykxuknpdqe4vrfi4lrn2gb76p,2026-05-31T12:37:52Z,"","Nettwerk Music Group",0.659,0.302,1,-12.283,1,0.0296,0.723,0.0000151,0.111,0.331,79.024,1
spotify:track:0G60EnBKgopz6KE96gk2nU,"Sun & Moon","Sun & Moon","Rod Coote",2025-02-21,234050,45,false,ykxuknpdqe4vrfi4lrn2gb76p,2026-05-31T12:37:52Z,"indie folk","Independent",0.644,0.453,2,-10.443,1,0.0288,0.474,0.000839,0.0657,0.502,107,4
spotify:track:6DBYFZhvtAAabRlq7M5rXJ,"Seen the Sun","Best of 2025 (Indie Folk Central)","Tom Harrington",2025-12-26,197873,20,false,ykxuknpdqe4vrfi4lrn2gb76p,2026-05-31T12:37:52Z,"indie folk","Indie Folk Central",0.625,0.318,3,-9.503,1,0.0279,0.851,0.0000067,0.0996,0.429,103.436,4
spotify:track:1QJnDJuYOGj05iSc4eWGr5,"Fever To The Form","First Mind","Nick Mulvey",2014-05-12,252960,67,false,ykxuknpdqe4vrfi4lrn2gb76p,2026-05-31T12:37:52Z,"","Fiction",0.358,0.546,0,-8.927,0,0.0296,0.795,0.0586,0.111,0.264,106.489,3
spotify:track:2uhEKg8kIzpdvz4gyy6x8W,"Only Love","Every Kingdom","Ben Howard",2011-01-01,249173,70,false,ykxuknpdqe4vrfi4lrn2gb76p,2026-05-31T12:37:52Z,"indie folk,folk pop","Universal-Island Records Ltd.",0.547,0.486,8,-9.941,1,0.14,0.295,0.00143,0.119,0.338,80.338,4
spotify:track:4hG6Y029BBQevDl3QfyY4w,"Dogwood Flowers","Best Indie Folk of 2024, Vol. 1 (Indie Folk Central)","Lost Mary",2025-01-06,148017,19,false,ykxuknpdqe4vrfi4lrn2gb76p,2026-05-31T12:37:52Z,"indie folk","Indie Folk Central",0.676,0.277,1,-12.39,0,0.0317,0.773,0.041,0.0977,0.193,109.099,4
spotify:track:23CGl8LfaUfOOxP4b4mGas,"Above the Clouds of Pompeii","Islands","Bear's Den",2014-10-17,279457,54,false,ykxuknpdqe4vrfi4lrn2gb76p,2026-05-31T12:37:52Z,"folk pop,indie folk","Communion Records",0.569,0.333,4,-14.451,1,0.0318,0.83,0.000596,0.121,0.158,100.818,4
spotify:track:7Do8ZdOYHngMkRkiUycVJT,"All You Show","All You Show","Hayden Calnin",2025-08-29,231111,52,false,ykxuknpdqe4vrfi4lrn2gb76p,2026-05-31T12:37:52Z,"indie folk","Nettwerk Music Group",0.568,0.135,1,-17.933,1,0.0342,0.891,0.019,0.135,0.101,107.97,4
spotify:track:0vxNNwfm6zj8ISkCi6INFR,"Weathervane","Weathervane","Hunter Metts",2024-11-15,224173,63,false,ykxuknpdqe4vrfi4lrn2gb76p,2026-05-31T12:37:52Z,"","Position Music",0.521,0.431,7,-9.841,1,0.0335,0.834,0.000688,0.116,0.35,144.995,4
spotify:track:6oImxt6z8HDS56epRgOi0I,"Sense of Home","Sense of Home","Harrison Storm",2016-11-25,265840,54,false,ykxuknpdqe4vrfi4lrn2gb76p,2026-05-31T12:37:52Z,"indie folk","Nettwerk Music Group",0.564,0.207,3,-10.926,1,0.032,0.892,0.0000018,0.102,0.0898,139.933,4
spotify:track:6HTVZeVQ9J6Uiq6tHESxU9,"Welcome Home, Son","Ghost","Radical Face",2007-03-02,287634,75,false,ykxuknpdqe4vrfi4lrn2gb76p,2026-05-31T12:37:52Z,"indie folk","Bear Machine",0.586,0.494,6,-10.759,1,0.0307,0.723,0.789,0.142,0.401,144.973,3
spotify:track:6HCf9COkucXMcnqxJ1hfP0,"Quick Hands","Quick Hands","Woodlock",2022-05-13,203466,55,false,ykxuknpdqe4vrfi4lrn2gb76p,2026-05-31T12:37:52Z,"indie folk","Nettwerk Music Group",0.428,0.445,7,-9.426,1,0.0385,0.708,0.0542,0.0914,0.179,155.94,4
spotify:track:6E794kKq7CkNHJCw2W24gr,"Snowdrop","Snowdrop","Laura Alden",2025-04-25,222549,41,false,ykxuknpdqe4vrfi4lrn2gb76p,2026-05-31T12:37:52Z,"","Effortless Audio",0.376,0.339,9,-13.171,1,0.103,0.681,0.00481,0.145,0.177,170.32,3
spotify:track:2JyAfe2Lik7QUUXNYveZYE,"I Don't Even Know","I Don't Even Know","Gaudion;Connor Brondes",2025-07-18,179000,47,false,ykxuknpdqe4vrfi4lrn2gb76p,2026-05-31T12:37:52Z,"indie folk","Gaudion",0.696,0.434,5,-11.037,1,0.0269,0.865,0.00219,0.0837,0.346,104.004,4
spotify:track:2VvTMIXG760UiG9OSiFt9j,"Real Estate","Real Estate","Adam Melchor",2018-12-04,216000,50,false,ykxuknpdqe4vrfi4lrn2gb76p,2026-05-31T12:37:52Z,"","R&R Digital",0.495,0.284,2,-12.81,1,0.0311,0.953,0.00819,0.151,0.187,80.027,4
spotify:track:3p1kSUxsCux5Zf1CeKxpqh,"Blame The Moon","Blame The Moon","Hazlett",2023-07-21,223723,59,false,ykxuknpdqe4vrfi4lrn2gb76p,2026-05-31T12:37:52Z,"indie folk","Nettwerk Music Group",0.507,0.114,10,-15.364,1,0.0305,0.815,0.00394,0.0682,0.0565,74.905,4
spotify:track:6Vejmu5dz6MMOnn2pIko9q,"Forest Fires","Forest Fires","Axel Flóvent",2015,210924,47,false,ykxuknpdqe4vrfi4lrn2gb76p,2026-05-31T12:37:52Z,"indie folk","Nettwerk Music Group",0.64,0.295,7,-12.255,0,0.0299,0.701,0.0000108,0.121,0.152,117.967,4
spotify:track:3jBOq4khf2x9omlXqUHIE2,"Tell Me","Best of 2025 (Indie Folk Central)","East of Indigo;Heath Lancaster;Jess Josie Lee",2025-12-26,157500,18,false,ykxuknpdqe4vrfi4lrn2gb76p,2026-05-31T12:37:52Z,"indie folk,jazz pop","Indie Folk Central",0.673,0.348,5,-10.445,1,0.0371,0.45,0,0.276,0.322,116.071,4
spotify:track:1cM3Yg2598GAgtV8uu2hBZ,"Atlas Hands","Last Smoke Before The Snowstorm (10th Anniversary Edition)","Benjamin Francis Leftwich",2011-06-19,173090,51,false,ykxuknpdqe4vrfi4lrn2gb76p,2026-05-31T12:37:52Z,"indie folk","Dirty Hit",0.63,0.316,6,-11.885,1,0.0293,0.898,0.00217,0.0616,0.477,82.529,4
spotify:track:6n95B2mJPJBS3lBSn86JfL,"Let the Winter Have Me","There's a Place I Go","Laura Lucas",2025-11-14,224276,47,false,ykxuknpdqe4vrfi4lrn2gb76p,2026-05-31T12:37:52Z,"indie folk","Nettwerk Music Group",0.516,0.257,4,-12.422,1,0.031,0.52,0.00493,0.0729,0.2,81.042,4
spotify:track:6T2jGN4kM4FgfKZEW6vMFX,"Way Back Home","Way Back Home","Ed Prosek;Portair;Driftwood Choir",2024-11-15,202366,61,false,ykxuknpdqe4vrfi4lrn2gb76p,2026-05-31T12:37:52Z,"indie folk","Nettwerk Music Group",0.528,0.553,7,-9.316,0,0.0471,0.521,0.000161,0.0997,0.435,79.853,1
spotify:track:6XXl81DoIBHuKAlJpMMFbu,"Answers","Answers","Salt Tree",2025-06-06,187100,50,false,ykxuknpdqe4vrfi4lrn2gb76p,2026-05-31T12:37:52Z,"indie folk","Nettwerk Music Group",0.644,0.388,1,-9.913,1,0.0496,0.817,0,0.205,0.274,175.824,4
spotify:track:2kycJzQpJO3QRQsoY96poa,"London's Song","Best Indie Folk of 2020, Vol. 1","Matt Hartke",2020-12-27,178573,20,false,ykxuknpdqe4vrfi4lrn2gb76p,2026-05-31T12:37:52Z,"folk pop","Indie Folk Central",0.562,0.266,4,-14.852,1,0.0409,0.928,0.000626,0.0983,0.493,88.969,4
spotify:track:2u7Gq5fLM7ydql1clBIw67,"Hold You Home","Best of 2025 (Indie Folk Central)","Marti West",2025-12-26,133322,17,false,ykxuknpdqe4vrfi4lrn2gb76p,2026-05-31T12:37:52Z,"indie folk","Indie Folk Central",0.556,0.177,4,-20.259,1,0.0377,0.906,0.306,0.11,0.417,80.013,4
spotify:track:4hWdGxRpeyB5A9WMVf9YoK,"When The Lavender Blooms","Change of the Wind","The Paper Kites",2025-12-05,216106,18,false,ykxuknpdqe4vrfi4lrn2gb76p,2026-05-31T12:37:52Z,"indie folk","Nettwerk Music Group",0.527,0.655,7,-8.448,1,0.0249,0.169,0.824,0.152,0.681,87.988,4
spotify:track:4jLxibvYRtzEAiTDvbL9fO,"To the Mountains","Give Me A Minute","Lizzy McAlpine",2020-08-13,193800,62,false,ykxuknpdqe4vrfi4lrn2gb76p,2026-05-31T12:37:52Z,"","Lizzy McAlpine",0.461,0.147,4,-14.022,1,0.033,0.918,0.000638,0.0846,0.267,78.809,1
spotify:track:4AC9YJuydur8ydInfkDQVh,"La Lune","Best Indie Folk of 2024, Vol. 2 (Indie Folk Central)","Ben Morgan",2025-01-09,300364,17,false,ykxuknpdqe4vrfi4lrn2gb76p,2026-05-31T12:37:52Z,"indie folk","Indie Folk Central",0.558,0.583,8,-8.239,0,0.0251,0.563,0.0182,0.35,0.271,147.979,4
spotify:track:3r35yMKLwL1q52pV2SQGAf,"Heaven's Daughter","Heaven's Daughter","Tomo",2025-01-03,143000,44,false,ykxuknpdqe4vrfi4lrn2gb76p,2026-05-31T12:37:52Z,"","T Money Records",0.459,0.113,10,-17.973,1,0.0332,0.92,0.00659,0.103,0.279,104.754,4
spotify:track:0i36t6kFFEsxtygoBLFxnO,"All My Love","All My Love","The National Forest",2024-12-07,200788,27,false,ykxuknpdqe4vrfi4lrn2gb76p,2026-05-31T12:37:52Z,"indie folk","Tiny House Records",0.631,0.332,7,-14.038,0,0.0327,0.784,0.0727,0.104,0.108,103.966,4
spotify:track:3KAQ4xe2sR6IiltZw8HSA5,"All Is Well","You and Me for Now","Austin Basham",2018-07-27,256680,54,false,ykxuknpdqe4vrfi4lrn2gb76p,2026-05-31T12:37:52Z,"indie folk","Nettwerk Music Group",0.316,0.413,11,-12.216,1,0.0334,0.856,0.00245,0.143,0.245,155.69,4
spotify:track:1FJZwL9Lawachx3yPx7UA2,"Blessings","Blessings","Hollow Coves",2021-06-11,250933,0,false,ykxuknpdqe4vrfi4lrn2gb76p,2026-05-31T12:37:52Z,"indie folk","Nettwerk Records",0.568,0.436,5,-11.642,1,0.0271,0.761,0.000509,0.0991,0.216,95.982,4
spotify:track:5MgPSPCD90L8hq5U1nZRmB,"evergreen","evergreen","sød ven",2025-09-25,179600,45,false,ykxuknpdqe4vrfi4lrn2gb76p,2026-05-31T12:37:52Z,"indie folk","Pelican House",0.618,0.534,11,-12.594,1,0.0315,0.819,0.43,0.0907,0.541,150.003,4
spotify:track:39NzYTPTYTa5E2vV49FvBo,"Bloodmoon","Best of 2025 (Indie Folk Central)","Dom Malin",2025-12-26,215955,17,false,ykxuknpdqe4vrfi4lrn2gb76p,2026-05-31T12:37:52Z,"indie folk","Indie Folk Central",0.541,0.41,11,-12.978,1,0.0352,0.839,0.839,0.0744,0.255,86.49,4
spotify:track:2LZMbbBHOjbBy7z6Jexx8i,"By the Way","By the Way","Ocie Elliott",2025-08-15,160153,42,false,ykxuknpdqe4vrfi4lrn2gb76p,2026-05-31T12:37:52Z,"indie folk","Nettwerk Music Group",0.644,0.317,11,-11.378,1,0.0289,0.906,0.0113,0.113,0.41,96.992,4
spotify:track:5kWcIgj5CszKQBB0Lg7sGY,"Let Her Go","All the Little Lights (Deluxe Version)","Passenger",2013-08-26,252733,73,false,ykxuknpdqe4vrfi4lrn2gb76p,2026-05-31T12:37:52Z,"folk pop","Embassy of Music",0.479,0.545,7,-7.346,1,0.0688,0.365,0,0.0963,0.243,74.897,4
spotify:track:4HpmGKTOp9Ivrf2GCXAFFu,"Golden Season","Golden Season","David Nevory",2025-10-16,222967,38,false,ykxuknpdqe4vrfi4lrn2gb76p,2026-05-31T12:37:52Z,"","Saint In The City Records",0.489,0.266,6,-13.496,1,0.0289,0.9,0.0545,0.12,0.253,77.381,4
spotify:track:1CadsOeljItpk6nV4TY8wo,"The Way Back Home","Best Indie Folk of 2021, Vol. 4","Aisha Badru",2021-12-27,214361,17,false,ykxuknpdqe4vrfi4lrn2gb76p,2026-05-31T12:37:52Z,"","Indie Folk Central",0.426,0.326,2,-16.58,1,0.0409,0.684,0.000182,0.085,0.1,82.293,4
spotify:track:6cA0wDujtrbg5W2rgNTJR9,"I Loved You Then (And I Love You Still)","I Loved You Then","Woodlock",2021-10-08,158000,57,false,ykxuknpdqe4vrfi4lrn2gb76p,2026-05-31T12:37:52Z,"indie folk","Nettwerk Music Group",0.685,0.324,11,-11.848,1,0.0352,0.642,0.000152,0.108,0.301,119.836,3
spotify:track:6NSlOEEtWlqvEFrjQsry77,"World Spins Madly On","Say I Am You","The Weepies;Deb Talan;Steve Tannen",2005-12-20,165133,55,false,ykxuknpdqe4vrfi4lrn2gb76p,2026-05-31T12:37:52Z,"","Nettwerk Music Group",0.502,0.311,1,-13.421,1,0.0285,0.617,0.0000432,0.129,0.4,107.612,4
spotify:track:0xeJuM5IU0OvtGXrESl6GO,"Years and Years","Years and Years","Northwest Stories",2025-10-29,240000,34,false,ykxuknpdqe4vrfi4lrn2gb76p,2026-05-31T12:37:52Z,"christian folk,indie folk","Lift Records, LLC",0.595,0.66,3,-10.058,1,0.0386,0.312,0,0.104,0.446,114.049,4
spotify:track:79mpJRScxPAmlIXqGhb70I,"THE LOWS","THE LOWS","Caleb Hearn",2025-05-23,190025,46,false,ykxuknpdqe4vrfi4lrn2gb76p,2026-05-31T12:37:52Z,"pop singer-songwriter","Nettwerk Music Group",0.507,0.573,10,-7.584,1,0.0261,0.337,0.00000298,0.168,0.491,78.404,4
spotify:track:6B16dc3mOK69pcPY0cDAiv,"Oh Wide World","Oh Wide World","Mon Rovîa",2025-05-02,179291,43,false,ykxuknpdqe4vrfi4lrn2gb76p,2026-05-31T12:37:52Z,"","Nettwerk Music Group",0.552,0.381,0,-12.113,1,0.045,0.893,0.533,0.116,0.33,175.931,4
spotify:track:7CoMBpPTwQi2wPT0U0Nr9b,"State Lines","Birthplace","Novo Amor",2018-10-19,208653,75,false,ykxuknpdqe4vrfi4lrn2gb76p,2026-05-31T12:37:52Z,"ambient folk","AllPoints",0.509,0.31,9,-10.623,1,0.0313,0.959,0.229,0.0963,0.151,137.474,3
spotify:track:2o3DsyDE0NJfsMGOj4ARBq,"Portland, Maine","Hard Settle, Ain't Troubled","Donovan Woods",2016-02-26,203869,59,false,ykxuknpdqe4vrfi4lrn2gb76p,2026-05-31T12:37:52Z,"","MEANT WELL, INC.",0.606,0.349,4,-13.967,1,0.0318,0.764,0.306,0.112,0.157,80.071,4
spotify:track:6RywflFmeTBO7uPMaEjpFc,"Be Mine - Acoustic Version","Be Mine (Acoustic Version)","GIO DARA",2025-12-12,184250,48,false,ykxuknpdqe4vrfi4lrn2gb76p,2026-05-31T12:37:52Z,"folk pop","GIO DARA Music",0.629,0.513,0,-9.461,1,0.0314,0.205,0.0000112,0.0879,0.174,120.048,4
spotify:track:74eL1k6qP9O9b6C9kfA2ur,"Rapture","Best of 2025 (Indie Folk Central)","We Are All Fossils",2025-12-26,196209,15,false,ykxuknpdqe4vrfi4lrn2gb76p,2026-05-31T12:37:52Z,"indie folk","Indie Folk Central",0.422,0.378,8,-13.175,0,0.0305,0.899,0.00334,0.12,0.367,86.322,4
spotify:track:0Pj6KjqwmJNdIOttPShZC9,"Warm with You","Warm With You","Hayden Calnin",2019-08-09,247749,65,false,ykxuknpdqe4vrfi4lrn2gb76p,2026-05-31T12:37:52Z,"indie folk","Nettwerk Music Group",0.557,0.364,2,-12.141,1,0.0294,0.794,0.7,0.31,0.293,101.985,4
spotify:track:1NXgoAUkZzcFQXIyDZ8cW7,"Peace","Best of 2025 (Indie Folk Central)","Reed Pittman",2025-12-26,195422,37,false,ykxuknpdqe4vrfi4lrn2gb76p,2026-05-31T12:37:52Z,"indie folk","Indie Folk Central",0.629,0.401,7,-9.598,1,0.034,0.626,0.000324,0.0997,0.385,141.943,4
spotify:track:3vxXgxe6twONvkpzEHI208,"Baby, Keep on Drivin'","Baby, Keep on Drivin'","Will McCartt;Northwest Stories",2025-10-01,229726,43,false,ykxuknpdqe4vrfi4lrn2gb76p,2026-05-31T12:37:52Z,"indie folk,christian folk","Will McCartt",0.479,0.203,4,-15.89,1,0.0345,0.783,0.0000127,0.155,0.34,145.824,3
spotify:track:54prYdJ06vs9SgrZxWSujl,"what we were","what we are","Amistat",2025-03-21,221935,24,false,ykxuknpdqe4vrfi4lrn2gb76p,2026-05-31T12:37:52Z,"indie folk","Nettwerk Music Group",0.605,0.505,10,-9.78,0,0.0272,0.608,0.0000424,0.0792,0.263,93.021,4
spotify:track:3lzq2p3b2A02idzYeygwvy,"Grace","Best of 2025 (Indie Folk Central)","ARCHR",2025-12-26,189390,15,false,ykxuknpdqe4vrfi4lrn2gb76p,2026-05-31T12:37:52Z,"indie folk","Indie Folk Central",0.734,0.211,8,-9.71,0,0.0343,0.707,0.00103,0.104,0.134,120.058,4
spotify:track:7iQmjnDXYngWGsbjVnDc1U,"Amsterdam","The Weatherman","Gregory Alan Isakov",2013-07-09,198640,72,false,ykxuknpdqe4vrfi4lrn2gb76p,2026-05-31T12:37:52Z,"indie folk,folk,folk pop","Suitcase Town Music",0.553,0.429,3,-12.51,1,0.0283,0.921,0.135,0.115,0.532,152.047,3
spotify:track:0QQIhT6PtJ5glyn4HKNKQ6,"All the Pretty Girls","A/B","KALEO",2016-06-10,269893,70,false,ykxuknpdqe4vrfi4lrn2gb76p,2026-05-31T12:37:52Z,"","Elektra (NEK)",0.466,0.496,1,-6.606,1,0.0302,0.626,0.00000622,0.117,0.352,74.747,4
spotify:track:1SdsZPunvO4rAcQ8NRi2Ji,"If You Only Knew","Best of 2025 (Indie Folk Central)","Rod Coote",2025-12-26,169313,16,false,ykxuknpdqe4vrfi4lrn2gb76p,2026-05-31T12:37:52Z,"indie folk","Indie Folk Central",0.538,0.47,1,-10.743,1,0.0447,0.779,0.00227,0.142,0.189,108.91,4
spotify:track:17UVxL0MYEmKzXppfUL5in,"The Only Thing","Carrie & Lowell","Sufjan Stevens",2015-03-31,284130,61,false,ykxuknpdqe4vrfi4lrn2gb76p,2026-05-31T12:37:52Z,"baroque pop","Asthmatic Kitty",0.51,0.146,3,-19.585,1,0.0389,0.987,0.0688,0.107,0.498,159.034,4
spotify:track:5377z0OljWvRR7CdSQrJxP,"The Woods","Wanderlust","Hollow Coves",2017-03-17,241546,69,false,ykxuknpdqe4vrfi4lrn2gb76p,2026-05-31T12:37:52Z,"indie folk","Nettwerk Music Group",0.802,0.41,9,-12.793,1,0.0455,0.411,0.00107,0.0941,0.224,106.05,4
spotify:track:3tYAfLlWTekl6vCp5viAj4,"The Other Side","The Other Side","Ed Prosek",2021-03-26,233307,45,false,ykxuknpdqe4vrfi4lrn2gb76p,2026-05-31T12:37:52Z,"indie folk","Nettwerk Music Group",0.605,0.272,9,-12.933,1,0.0328,0.776,0.0000474,0.0804,0.302,129.924,4
spotify:track:6kkfYKxhgYttQ48GAyhjQY,"I Wanna Be Close","Nature Speaks","Sam Burchfield",2025-10-24,222446,37,false,ykxuknpdqe4vrfi4lrn2gb76p,2026-05-31T12:37:52Z,"","Cloverdale Records",0.56,0.294,9,-10.713,1,0.0321,0.906,0.0178,0.108,0.312,121.769,4
spotify:track:0V76ksDzFqG98RvDixAqdI,"I Just Need the Moon","Best of 2025 (Indie Folk Central)","Connor Brondes",2025-12-26,183000,36,false,ykxuknpdqe4vrfi4lrn2gb76p,2026-05-31T12:37:52Z,"indie folk","Indie Folk Central",0.586,0.583,1,-9.15,1,0.0259,0.369,0.631,0.186,0.266,106.721,4
spotify:track:6OlqMKs5XiJ80i9Cz1zX1G,"Foundation","The Weight Of Our Dreaming","Riley Pearce",2025-10-31,197423,41,false,ykxuknpdqe4vrfi4lrn2gb76p,2026-05-31T12:37:52Z,"","Nettwerk Music Group",0.615,0.551,4,-9.384,1,0.0406,0.377,0.0017,0.1,0.407,80.001,4
spotify:track:0UFRS2HsHHTzzyu0gFp7hB,"Love In Reverse","Love In Reverse","Seafret",2025-08-29,199696,44,false,ykxuknpdqe4vrfi4lrn2gb76p,2026-05-31T12:37:52Z,"","Nettwerk Music Group",0.594,0.522,7,-7.607,1,0.031,0.703,0,0.105,0.516,78.42,4
spotify:track:7xghXOM3CaIK6wmR0xW1XS,"Feeling You","Feeling You","Harrison Storm",2018-05-25,201195,62,false,ykxuknpdqe4vrfi4lrn2gb76p,2026-05-31T12:37:52Z,"indie folk","Nettwerk Music Group",0.644,0.501,1,-9.374,0,0.0302,0.664,0.164,0.124,0.158,103.988,4
spotify:track:6vAskBdR2tKgDpRAlCoHBR,"Touch Down","Best Indie Folk of 2024, Vol. 1 (Indie Folk Central)","Heath Lancaster",2025-01-06,159677,34,false,ykxuknpdqe4vrfi4lrn2gb76p,2026-05-31T12:37:52Z,"indie folk","Indie Folk Central",0.66,0.212,4,-11.278,1,0.0325,0.862,0.00000219,0.105,0.245,123.873,4
spotify:track:43reVvVNGY8BlPvAnP4tv3,"In Case You Ever Come Around","Best of 2025 (Indie Folk Central)","Cole Scheifele",2025-12-26,150124,15,false,ykxuknpdqe4vrfi4lrn2gb76p,2026-05-31T12:37:52Z,"indie folk","Indie Folk Central",0.67,0.324,1,-12.739,1,0.0372,0.688,0.0128,0.123,0.562,128.956,4
spotify:track:4RJkbFy6hwiyR28GmoF1zw,"It's Never Easy (Leaving Someone Behind)","It's Never Easy (Leaving Someone Behind)","néomí",2025-05-09,220843,38,false,ykxuknpdqe4vrfi4lrn2gb76p,2026-05-31T12:37:52Z,"","Nettwerk Music Group",0.589,0.15,11,-15.309,1,0.0341,0.845,0.000781,0.12,0.149,134.019,4
spotify:track:34Qk1WJ2ukktGOCNcRzxus,"House by the Sea","Set the House on Fire","Moddi",2013-03-08,218280,43,false,ykxuknpdqe4vrfi4lrn2gb76p,2026-05-31T12:37:52Z,"norwegian pop","PROPELLER RECORDINGS",0.598,0.239,8,-17.09,1,0.0399,0.786,0.000102,0.11,0.336,98.504,4
spotify:track:1WNUi5w1tdA7GWE0iEF8iS,"Get Out","Get Out","Mark Wilkinson",2025-02-07,255852,33,false,ykxuknpdqe4vrfi4lrn2gb76p,2026-05-31T12:37:52Z,"","Nettwerk Music Group",0.568,0.35,0,-9.604,1,0.0312,0.713,0.00254,0.134,0.144,142.917,4
spotify:track:6Fha6tXHkL3r9m9nNqQG8p,"Georgia","Dream Your Life Away","Vance Joy",2014-09-08,230506,57,false,ykxuknpdqe4vrfi4lrn2gb76p,2026-05-31T12:37:52Z,"folk pop","F-Stop Records/Atlantic",0.388,0.66,11,-7.372,1,0.0308,0.312,0.000307,0.0943,0.401,143.554,4
spotify:track:4eSlA9zSW4LIx3RWtEsc88,"Take Our Time","Best of 2025 (Indie Folk Central)","Cody Francis",2025-12-26,226229,14,false,ykxuknpdqe4vrfi4lrn2gb76p,2026-05-31T12:37:52Z,"acoustic pop","Indie Folk Central",0.7,0.46,3,-8.756,1,0.0431,0.669,0.0729,0.111,0.546,121.972,3
spotify:track:4CVumlOCtURPOUNS3OAQuH,"i don’t want your garden","last night you said you missed me","Hazlett",2025-09-12,225570,65,false,ykxuknpdqe4vrfi4lrn2gb76p,2026-05-31T12:37:52Z,"indie folk","Nettwerk Music Group",0.545,0.32,0,-15.066,0,0.0398,0.628,0.0564,0.109,0.228,159.848,4
spotify:track:2p1AdRfxmYlx1sfrobrtZP,"Alright Now","Alright Now","Hayden Calnin",2025-04-25,211500,56,false,ykxuknpdqe4vrfi4lrn2gb76p,2026-05-31T12:37:52Z,"indie folk","Nettwerk Music Group",0.61,0.254,6,-14.585,1,0.0565,0.961,0.295,0.166,0.334,80.031,4
spotify:track:28ERnAaM2uaxwE0bBsAyFz,"The Butterfly House","Best of 2025 (Indie Folk Central)","Seamus Harty",2025-12-26,189173,14,false,ykxuknpdqe4vrfi4lrn2gb76p,2026-05-31T12:37:52Z,"","Indie Folk Central",0.59,0.2,2,-11.87,1,0.0356,0.833,0.0000464,0.124,0.259,101.877,4
spotify:track:1ImMRBnoFBPxZmZRmv3d26,"Till The Morning - Stripped Version","Till the Morning (Stripped Version)","HAEVN;Lily Meola",2025-06-06,181706,42,false,ykxuknpdqe4vrfi4lrn2gb76p,2026-05-31T12:37:52Z,"","Nettwerk Music Group",0.695,0.366,6,-12.538,0,0.0569,0.769,0.00754,0.102,0.461,137.473,4
spotify:track:0BVUA3FXqQLvZb7r4T22NJ,"Home","7 Layers","Dotan",2014-01-31,268466,65,false,ykxuknpdqe4vrfi4lrn2gb76p,2026-05-31T12:37:52Z,"folk pop","7 Layers B.V.",0.755,0.705,4,-8.941,0,0.0427,0.0701,0.000103,0.0394,0.301,129.986,4
spotify:track:6UYAOfnbkt3kMFKjvlkI35,"Bloom","Bloom","Jolé",2025-04-25,188243,40,false,ykxuknpdqe4vrfi4lrn2gb76p,2026-05-31T12:37:52Z,"indie folk","Nettwerk Music Group",0.419,0.259,3,-13.438,0,0.0353,0.931,0.0213,0.113,0.191,69.887,4
spotify:track:6WsgELUOvr9rf3XWolZYjc,"Ether Garden","Gloria Duplex","Henry Jamison",2019-02-08,167733,36,false,ykxuknpdqe4vrfi4lrn2gb76p,2026-05-31T12:37:52Z,"indie folk,folk pop","Akira Records",0.603,0.197,1,-15.243,1,0.0295,0.877,0.000892,0.103,0.375,98.995,4
spotify:track:5WDCpech2Glfi5jPEEORWp,"From the Ground","Best of 2025 (Indie Folk Central)","Jason Piquette",2025-12-26,190759,34,false,ykxuknpdqe4vrfi4lrn2gb76p,2026-05-31T12:37:52Z,"indie folk","Indie Folk Central",0.717,0.235,1,-14.277,1,0.0476,0.608,0.000992,0.116,0.381,133.55,3
spotify:track:4H7jetdVZHKBGAFEcuVkI3,"Call Me Home","Driftwood Choir","Ed Prosek;Portair;Driftwood Choir",2025-03-07,195724,42,false,ykxuknpdqe4vrfi4lrn2gb76p,2026-05-31T12:37:52Z,"indie folk","Nettwerk Music Group",0.638,0.474,7,-11.781,1,0.0381,0.617,0.000137,0.183,0.199,109.933,4
spotify:track:6rrqv0WwGTTlavCNqVGd6A,"Rubber Band Man (with Hozier)","Rubber Band Man (with Hozier)","Mumford & Sons;Hozier",2025-10-24,220266,58,false,ykxuknpdqe4vrfi4lrn2gb76p,2026-05-31T12:37:52Z,"folk,indie folk,folk rock","Universal-Island Records Ltd.",0.493,0.597,5,-4.913,0,0.0407,0.558,0.00000117,0.199,0.188,103.947,4
spotify:track:5j6LhSiMbjnjPx40bOKyhP,"Take Off","Take Off","Garrett Kato",2025-06-13,202940,38,false,ykxuknpdqe4vrfi4lrn2gb76p,2026-05-31T12:37:52Z,"","Nettwerk Music Group",0.609,0.472,1,-9.325,1,0.0307,0.574,0.00000344,0.112,0.301,139.984,4
spotify:track:0dRfXXEypALajBfIBLdlpP,"By the River","Resolute","Stu Larsen",2017-07-21,420040,0,false,ykxuknpdqe4vrfi4lrn2gb76p,2026-05-31T12:37:52Z,"indie folk","Nettwerk Records",0.452,0.261,2,-16.227,0,0.0309,0.694,0.0168,0.107,0.134,142.813,4
spotify:track:1n5PQHzbk4H1mhRsQLMpvj,"Red Garden","Best of 2025 (Indie Folk Central)","Southey",2025-12-26,148235,14,false,ykxuknpdqe4vrfi4lrn2gb76p,2026-05-31T12:37:52Z,"indie folk","Indie Folk Central",0.64,0.355,3,-12.894,1,0.0507,0.78,0,0.357,0.47,136.133,4
spotify:track:6hzt50r5ZdUsQWXwMEsDcR,"Cascade View","Cascade View","LOVKN",2025-05-16,165382,39,false,ykxuknpdqe4vrfi4lrn2gb76p,2026-05-31T12:37:52Z,"christian folk,christian alternative rock,christian jazz","Integrated Music Rights (US)",0.554,0.327,9,-12.499,1,0.0412,0.806,0,0.121,0.52,169.834,4
spotify:track:6tCLQ3LO1V9l6qdrrwdV6q,"My Silver Lining","Stay Gold","First Aid Kit",2014-06-03,215493,67,false,ykxuknpdqe4vrfi4lrn2gb76p,2026-05-31T12:37:52Z,"indie folk,folk","Columbia",0.479,0.725,2,-4.671,1,0.0335,0.026,0.000129,0.209,0.43,101.938,4
spotify:track:1WoHbdzyg2OkNkv6s1NuxO,"Bordertown","Best of 2025 (Indie Folk Central)","Tim McNary",2025-12-26,200000,14,false,ykxuknpdqe4vrfi4lrn2gb76p,2026-05-31T12:37:52Z,"indie folk","Indie Folk Central",0.625,0.462,11,-13.332,1,0.0407,0.583,0.12,0.131,0.218,79.986,4
spotify:track:6bk9Tqq2fQrZBVgNISxgjl,"The Best Part","Therapy Notes","Jon Bryant",2025-04-04,237541,35,false,ykxuknpdqe4vrfi4lrn2gb76p,2026-05-31T12:37:52Z,"","Nettwerk Music Group",0.66,0.381,2,-10.679,1,0.0317,0.697,0.0000034,0.109,0.478,117.008,4
spotify:track:35KiiILklye1JRRctaLUb4,"Holocene","Bon Iver, Bon Iver","Bon Iver",2011-06-21,336613,72,true,ykxuknpdqe4vrfi4lrn2gb76p,2026-05-31T12:37:52Z,"","Jagjaguwar",0.374,0.304,1,-14.52,1,0.0302,0.943,0.298,0.126,0.147,147.969,4
spotify:track:3GLMvFjzOgJ3XGphEEVEPv,"Our Remains","Ancient Transition","Beta Radio",2018-09-14,244120,58,false,ykxuknpdqe4vrfi4lrn2gb76p,2026-05-31T12:37:52Z,"indie folk","Nettwerk Music Group",0.33,0.319,1,-12.078,0,0.0335,0.867,0.0399,0.114,0.29,198.112,4
spotify:track:3SxMBVdL2gxhX5V5dXF9jy,"Lost Sparks","Bluebird","Canyon City",2019-04-05,225400,38,false,ykxuknpdqe4vrfi4lrn2gb76p,2026-05-31T12:37:52Z,"","Nettwerk Music Group",0.548,0.3,4,-12.71,1,0.0298,0.757,0.00000928,0.0851,0.264,135.902,4
spotify:track:41KCoXDtoGxZoCAr9LwLqy,"Sycamore","Best of 2025 (Indie Folk Central)","Rhineland",2025-12-26,218600,13,false,ykxuknpdqe4vrfi4lrn2gb76p,2026-05-31T12:37:52Z,"","Indie Folk Central",0.633,0.339,2,-10.848,1,0.027,0.708,0.155,0.366,0.189,120.016,4
spotify:track:2iXdwVdzA0KrI2Q0iZNJbX,"Better Together","In Between Dreams","Jack Johnson",2005-01-01,207680,77,false,ykxuknpdqe4vrfi4lrn2gb76p,2026-05-31T12:37:52Z,"surf rock","Jack Johnson",0.871,0.346,5,-9.481,1,0.0522,0.298,0.00000924,0.108,0.659,110.054,4
spotify:track:4Vutl1Y7OJOBwIqVISNmzL,"Down by the Water","EP","Ocie Elliott",2018-10-19,178293,67,false,ykxuknpdqe4vrfi4lrn2gb76p,2026-05-31T12:37:52Z,"indie folk","Nettwerk Music Group",0.611,0.331,4,-12.493,1,0.028,0.93,0.000276,0.117,0.559,95.015,4
spotify:track:0eBryM7ePQH3Klt3jz8xZd,"First Day of My Life","I'm Wide Awake, It's Morning","Bright Eyes",2005-01-25,188877,67,false,ykxuknpdqe4vrfi4lrn2gb76p,2026-05-31T12:37:52Z,"indie folk","Dead Oceans",0.596,0.253,1,-14.369,0,0.0349,0.896,0.0000517,0.102,0.368,95.162,4
spotify:track:0ngtyvPUKR4YTtkVKvZP02,"Dream","A Good Day","Priscilla Ahn",2008-01-01,211240,52,false,ykxuknpdqe4vrfi4lrn2gb76p,2026-05-31T12:37:52Z,"","Blue Note Records",0.512,0.248,2,-10.359,1,0.0275,0.75,0.0000296,0.114,0.158,109.692,3
spotify:track:2uu5L0Q8cp9HOegpf9tEiI,"Foolhardy","The Optimist","Jordan Hart",2025-06-27,238386,40,false,ykxuknpdqe4vrfi4lrn2gb76p,2026-05-31T12:37:52Z,"","baselineMUSIC",0.519,0.36,1,-16.949,1,0.0481,0.867,0.0353,0.106,0.274,104.724,4
spotify:track:3J32Ys40tXcT7vCLxEATa8,"Intertwined","Best of 2025 (Indie Folk Central)","Dave Thomas Junior",2025-12-26,195757,13,false,ykxuknpdqe4vrfi4lrn2gb76p,2026-05-31T12:37:52Z,"","Indie Folk Central",0.365,0.28,3,-13.509,1,0.0322,0.858,0.000305,0.0814,0.112,96.275,4
spotify:track:4lAcsqryyfj8XSqlcRBvpa,"Old Pine","Every Kingdom (Deluxe Edition)","Ben Howard",2011-01-01,328506,27,false,ykxuknpdqe4vrfi4lrn2gb76p,2026-05-31T12:37:52Z,"indie folk,folk pop","Universal-Island Records Ltd.",0.401,0.364,5,-10.836,1,0.033,0.45,0.0503,0.162,0.224,129.57,4
spotify:track:3QGFHhGxUDtPAhdipwSrpl,"Love is All","The Wild Hunt","The Tallest Man On Earth",2010-04-11,255860,59,false,ykxuknpdqe4vrfi4lrn2gb76p,2026-05-31T12:37:52Z,"indie folk,folk","Dead Oceans",0.629,0.239,2,-11.792,1,0.0298,0.938,0.000169,0.103,0.369,107.034,4
spotify:track:0gr60jINHbKdcGlQ83rmaH,"Full Circle","Dark Eyes","Half Moon Run",2012,181760,54,false,ykxuknpdqe4vrfi4lrn2gb76p,2026-05-31T12:37:52Z,"","Universal-Island Records Ltd.",0.572,0.744,2,-8.968,0,0.0316,0.126,0.00037,0.124,0.343,89.067,4
spotify:track:77PTJsZ5SdF88VKuXKE0GU,"Image of Love","Best of 2025 (Indie Folk Central)","Vian Izak;Dawson Hollow",2025-12-26,222000,13,false,ykxuknpdqe4vrfi4lrn2gb76p,2026-05-31T12:37:52Z,"","Indie Folk Central",0.6,0.38,0,-9.113,0,0.0316,0.852,0.00019,0.103,0.332,89.02,4
spotify:track:1z7ipCbtUKz3Nepd2r39bc,"Shine","Last Smoke Before The Snowstorm","Benjamin Francis Leftwich",2011-07-03,182640,45,false,ykxuknpdqe4vrfi4lrn2gb76p,2026-05-31T12:37:52Z,"indie folk","Dirty Hit",0.715,0.536,4,-10.498,1,0.0285,0.664,0.00000176,0.277,0.684,118.091,4
spotify:track:2LFk1O6rkC4qcNFU9eRxWd,"Home","Home","Gabrielle Aplin",2012-01-09,247001,53,false,ykxuknpdqe4vrfi4lrn2gb76p,2026-05-31T12:37:52Z,"","NEVER FADE RECORDS",0.431,0.264,11,-10.717,0,0.0343,0.739,0,0.093,0.388,140.484,4
spotify:track:2UeGYjjfqVj7WZbRktRkYp,"Coastline","Best of 2025 (Indie Folk Central)","Will McCartt",2025-12-26,206000,13,false,ykxuknpdqe4vrfi4lrn2gb76p,2026-05-31T12:37:52Z,"indie folk","Indie Folk Central",0.373,0.209,0,-15.682,1,0.0316,0.875,0.00363,0.13,0.145,145.065,3
spotify:track:2HhfQkUXa5XJ5Kn5AcIfdc,"Another Way Around","Nothing is Lost","Luca Fogale",2020-09-18,204040,45,false,ykxuknpdqe4vrfi4lrn2gb76p,2026-05-31T12:37:52Z,"","Nettwerk Music Group",0.38,0.292,0,-13.264,0,0.0369,0.798,0.000137,0.124,0.289,110.428,4
spotify:track:62I2nBlAxqZMrPQgrAg8nk,"Ho Hey","The Lumineers (Deluxe Edition)","The Lumineers",2013-08-20,163133,49,false,ykxuknpdqe4vrfi4lrn2gb76p,2026-05-31T12:37:52Z,"folk pop,indie folk","Dualtone Music Group",0.685,0.466,0,-9.074,1,0.0304,0.791,0.00000206,0.0914,0.353,79.936,4
spotify:track:17pGy4gdwXriHgcXWZSgKR,"All My Time in Orbit","Best of 2025 (Indie Folk Central)","Twiceyoung",2025-12-26,193184,12,false,ykxuknpdqe4vrfi4lrn2gb76p,2026-05-31T12:37:52Z,"","Indie Folk Central",0.445,0.358,2,-13.458,1,0.0288,0.717,0.00622,0.0793,0.506,144.913,4
spotify:track:2Ck6gblyk3UFCVPTh8o3TN,"Youth","If You Leave","Daughter",2013-03-18,253013,68,false,ykxuknpdqe4vrfi4lrn2gb76p,2026-05-31T12:37:52Z,"","4AD",0.396,0.535,0,-11.09,1,0.0411,0.889,0.00678,0.116,0.435,146.416,4
spotify:track:14Dbj4bqFTu3AfIACMaf4V,"Fleeting","Fleeting","Heath Lancaster",2025-08-08,173522,52,false,ykxuknpdqe4vrfi4lrn2gb76p,2026-05-31T12:37:52Z,"indie folk","Independent",0.422,0.292,2,-11.935,1,0.0298,0.903,0.0000765,0.0951,0.405,87.422,4
spotify:track:1NdXyZ5LszDOul0fVZ6iPO,"Roseanne","Roseanne","Jimmy Clifton",2025-03-21,239684,36,false,ykxuknpdqe4vrfi4lrn2gb76p,2026-05-31T12:37:52Z,"christian folk,country christian,christian,christian alternative rock","NFGN Productions.",0.695,0.48,7,-11.1,0,0.035,0.817,0.00000386,0.128,0.335,94.94,4
spotify:track:5yyRH93h4Pm6tXXYTxt7ea,"The Blower's Daughter","O","Damien Rice",2002,286653,67,false,ykxuknpdqe4vrfi4lrn2gb76p,2026-05-31T12:37:52Z,"singer-songwriter","14th Floor Records",0.342,0.2,4,-13.569,1,0.0324,0.134,0.000153,0.341,0.0743,133.113,4
spotify:track:7qcXUzPwoxSBFxjTbNrV0B,"The Gold - Phoebe Bridgers Version","The Gold (Phoebe Bridgers Version)","Manchester Orchestra;Phoebe Bridgers",2018-07-13,233226,72,false,ykxuknpdqe4vrfi4lrn2gb76p,2026-05-31T12:37:52Z,"","Dead Oceans",0.299,0.399,10,-12.176,1,0.0376,0.816,0.00117,0.147,0.302,158.253,3
spotify:track:3AYkx1PigeCYLeddphtpgn,"Find Someone - Acoustic","Find Someone (Acoustic)","Beta Radio",2025-05-23,217148,40,false,ykxuknpdqe4vrfi4lrn2gb76p,2026-05-31T12:37:52Z,"indie folk","Nettwerk Music Group",0.745,0.327,11,-8.714,1,0.0361,0.859,0,0.0965,0.595,129.954,4
spotify:track:2mtTed7eAcUhevnBzOPuUs,"RIPTIDE","RIPTIDE","I Shiver",2025-12-12,146108,18,false,ykxuknpdqe4vrfi4lrn2gb76p,2026-05-31T12:37:52Z,"indie folk","I Shiver",0.562,0.496,11,-11.479,0,0.0378,0.476,0.338,0.448,0.564,125.025,4
spotify:track:7m82Ntj8fm9QUfTJ2ocEy6,"Porcelain","Porcelain","Bertie Newman",2025-07-17,218581,23,false,ykxuknpdqe4vrfi4lrn2gb76p,2026-05-31T12:37:52Z,"","V2 Records Benelux Distribution",0.375,0.346,8,-9.1,0,0.0281,0.77,0.0124,0.209,0.181,54.765,4
spotify:track:1sFmbqndH92XoLG2YRpFGt,"Always, Never","Best of 2025 (Indie Folk Central)","CHPTRS",2025-12-26,243795,12,false,ykxuknpdqe4vrfi4lrn2gb76p,2026-05-31T12:37:52Z,"","Indie Folk Central",0.485,0.604,0,-11.478,1,0.0283,0.285,0.533,0.089,0.387,81.02,4
spotify:track:1B10XgaxSXRLAFq967oMpF,"Hero","Loma Vista","Family of the Year",2012-07-10,190280,67,false,ykxuknpdqe4vrfi4lrn2gb76p,2026-05-31T12:37:52Z,"","Nettwerk Music Group",0.34,0.523,5,-5.81,1,0.0265,0.245,0.0000107,0.108,0.226,174.705,4
spotify:track:3W7NOrpfINmBpIZoHTl5yL,"All The Gold","All The Gold","Alivan Blu",2020-12-17,174039,50,false,ykxuknpdqe4vrfi4lrn2gb76p,2026-05-31T12:37:52Z,"indie folk","Alivan Blu",0.652,0.407,11,-12.018,1,0.0276,0.904,0.000079,0.116,0.343,104.99,4
spotify:track:23Zlb66N7xcIWbpt2C1bsi,"Boardwalks - Remastered 2015/ Bonus Track","For The Company","Little May",2015-10-09,199359,50,false,ykxuknpdqe4vrfi4lrn2gb76p,2026-05-31T12:37:52Z,"indie folk","Dew Process",0.662,0.384,6,-12.634,1,0.0281,0.775,0.0565,0.117,0.261,128.992,4
spotify:track:42Ou7j0129FaoVr6v6g06t,"Comparing Myself","Best of 2025 (Indie Folk Central)","David McCredie",2025-12-26,166096,13,false,ykxuknpdqe4vrfi4lrn2gb76p,2026-05-31T12:37:52Z,"folk pop,indie folk","Indie Folk Central",0.508,0.519,0,-8.587,0,0.0377,0.368,0.0000866,0.546,0.676,175.989,4
spotify:track:05nC4tVmW2acM3D5RUeznJ,"In the Water","Best of 2025 (Indie Folk Central)","Pete McCredie",2025-12-26,180752,13,false,ykxuknpdqe4vrfi4lrn2gb76p,2026-05-31T12:37:52Z,"folk pop","Indie Folk Central",0.629,0.915,9,-3.979,1,0.105,0.231,0,0.394,0.573,121.967,3
spotify:track:5t2bCWQ38BQYY7pVdpmyVa,"The Gates of Malpasso","Victory Songs","The Franklin Electric",2025-05-16,146368,27,false,ykxuknpdqe4vrfi4lrn2gb76p,2026-05-31T12:37:52Z,"indie québécois,indie folk","Tone Tree Music / The Franklin Electric",0.512,0.42,0,-11.36,0,0.0363,0.889,0.00000115,0.0871,0.579,111.727,4
spotify:track:3KU0ucfc9uTEgo1ngqHPVi,"Agape","Islands","Bear's Den",2014-10-17,256523,60,false,ykxuknpdqe4vrfi4lrn2gb76p,2026-05-31T12:37:52Z,"folk pop,indie folk","Communion Records",0.445,0.533,4,-10.007,1,0.0344,0.0134,0.00268,0.09,0.195,150.014,4
spotify:track:4X6aeSW2bhlbm7YyEstj6Y,"Rivers and Roads","The Head And The Heart","The Head And The Heart",2011-01-11,284000,53,false,ykxuknpdqe4vrfi4lrn2gb76p,2026-05-31T12:37:52Z,"indie folk,folk pop,folk","The Head and The Heart",0.497,0.198,0,-8.959,1,0.0362,0.702,0.0000341,0.08,0.152,133.895,3
spotify:track:13yuX1iqobZtQtq5lr8UoC,"Blood","The Recordings of the Middle East","The Middle East",2009-10-27,326920,60,false,ykxuknpdqe4vrfi4lrn2gb76p,2026-05-31T12:37:52Z,"indie folk","The Middle East",0.475,0.478,11,-8.634,1,0.0286,0.125,0.0428,0.128,0.122,79.005,4
spotify:track:3PkBUAyXpD6xihGLXOEfzR,"Celeste","Celeste","Ezra Vine",2014-09-05,203309,51,false,ykxuknpdqe4vrfi4lrn2gb76p,2026-05-31T12:37:52Z,"folk pop","Parlophone UK",0.604,0.841,1,-5.145,1,0.0423,0.0299,0.00382,0.136,0.578,138.976,4
spotify:track:1ruHAFkWtW6sQ3sXVNvnC3,"Dandelion","Dandelion","Oliver Hazard",2019-05-29,190654,50,false,ykxuknpdqe4vrfi4lrn2gb76p,2026-05-31T12:37:52Z,"indie folk","Nettwerk Music Group",0.644,0.597,6,-10.883,1,0.0467,0.591,0.0000517,0.0928,0.254,104.731,4
spotify:track:76ij7WbjG5HcAnOnuOs5wO,"Mindpond","Best of 2025 (Indie Folk Central)","Sunshio",2025-12-26,177937,12,false,ykxuknpdqe4vrfi4lrn2gb76p,2026-05-31T12:37:52Z,"indie folk","Indie Folk Central",0.579,0.557,1,-8.087,0,0.034,0.502,0.771,0.106,0.304,160.041,3
spotify:track:7mPtXoZqVIRHSWjWzca85k,"Heartbeat","Heartbeat","SAILR",2019-07-26,191933,52,false,ykxuknpdqe4vrfi4lrn2gb76p,2026-05-31T12:37:52Z,"indie folk","Third Orbit Music / Tone Tree Music",0.509,0.423,11,-15.506,1,0.0285,0.364,0.0975,0.101,0.446,80.063,4
spotify:track:2ohvpVIFtEmkEZXWEEjXoR,"It Won't Do You Right","Best of 2025 (Indie Folk Central)","Rhineland",2025-12-26,189600,12,false,ykxuknpdqe4vrfi4lrn2gb76p,2026-05-31T12:37:52Z,"","Indie Folk Central",0.608,0.337,3,-11.735,1,0.0306,0.67,0.348,0.124,0.165,116.895,4
spotify:track:5fjycQB66oppXv2YRC7BCQ,"Feels Like Rain","Feels Like Rain","Desert Lemonade",2025-08-01,245647,38,false,ykxuknpdqe4vrfi4lrn2gb76p,2026-05-31T12:37:52Z,"","Cyclone Radio",0.626,0.252,7,-10.213,1,0.0297,0.585,0.000339,0.106,0.137,113.073,4
spotify:track:1wAqhAF1dynDjMy7m5CSSE,"New Slang","Oh, Inverted World","The Shins",2001-06-19,231173,57,false,ykxuknpdqe4vrfi4lrn2gb76p,2026-05-31T12:37:52Z,"indie,indie pop","Sub Pop Records",0.669,0.388,0,-11.547,1,0.0306,0.605,0.144,0.0905,0.645,130.016,4
spotify:track:5RMZibKpxICipJyyWb0mjj,"Wolves of the Revolution","Wolves of the Revolution","The Arcadian Wild",2016-10-28,226941,19,false,ykxuknpdqe4vrfi4lrn2gb76p,2026-05-31T12:37:52Z,"christian folk","Duetti",0.454,0.3,2,-11.277,0,0.0347,0.79,0.000425,0.0604,0.183,169.76,3
spotify:track:48EbR611N6JyaJtzM3M63U,"October","October","George Ogilvie",2016-11-04,307401,11,false,ykxuknpdqe4vrfi4lrn2gb76p,2026-05-31T12:37:52Z,"","Red Afternoon/Believe",0.685,0.53,5,-7.25,1,0.0325,0.574,0,0.0845,0.19,117.985,4
spotify:track:4kCmPOW9HxI9VsfIPthSAT,"Blood Drive","EPHRATA","Joshua Burnside",2017-05-05,234326,44,false,ykxuknpdqe4vrfi4lrn2gb76p,2026-05-31T12:37:52Z,"southern gothic,indie folk","Nettwerk Music Group",0.656,0.378,2,-13.644,1,0.0341,0.963,0.169,0.101,0.398,99.902,4
spotify:track:7cEsGdky3TqaNmOWAITK0R,"Fate","Best of 2025 (Indie Folk Central)","Lucas Davies",2025-12-26,221933,11,false,ykxuknpdqe4vrfi4lrn2gb76p,2026-05-31T12:37:52Z,"indie folk","Indie Folk Central",0.566,0.424,4,-12.895,1,0.0266,0.527,0.00489,0.0943,0.176,108.997,4
spotify:track:6VwAh8Z1d5YKoSWoEaV4db,"Making All Things New","Making All Things New","Aaron Espe",2015,159600,53,false,ykxuknpdqe4vrfi4lrn2gb76p,2026-05-31T12:37:52Z,"","Nettwerk Music Group",0.787,0.355,0,-11.429,1,0.0288,0.896,0.0201,0.111,0.48,99.978,4
spotify:track:2qWuegI1pmesQPRvzgnokk,"Rose Petals","Hundred Acres","S. Carey",2018-02-23,213666,47,false,ykxuknpdqe4vrfi4lrn2gb76p,2026-05-31T12:37:52Z,"indie folk","Jagjaguwar",0.561,0.28,10,-11.956,1,0.0303,0.888,0.00324,0.0812,0.166,127.965,4
spotify:track:6p4mASLulKdpNFLxQhs0ff,"Real Peach","The Wilds","Henry Jamison",2017-10-27,233289,49,false,ykxuknpdqe4vrfi4lrn2gb76p,2026-05-31T12:37:52Z,"indie folk,folk pop","Akira Records",0.579,0.559,1,-7.338,1,0.0325,0.398,0.000206,0.0817,0.328,151.985,4
spotify:track:3Kj2EWpIBnvETsYq4cq0IH,"Big Black Car","This Empty Northern Hemisphere","Gregory Alan Isakov",2009-01-01,217466,75,false,ykxuknpdqe4vrfi4lrn2gb76p,2026-05-31T12:37:52Z,"indie folk,folk,folk pop","Suitcase Town Music",0.6,0.186,3,-15.926,1,0.0317,0.909,0.00102,0.104,0.468,110.044,4
spotify:track:0tXYJWjnm4OUGE7lx4OxqZ,"Heaven Is a Place on Earth","Best of 2025 (Indie Folk Central)","Michael Lane",2025-12-26,179310,13,false,ykxuknpdqe4vrfi4lrn2gb76p,2026-05-31T12:37:52Z,"indie folk","Indie Folk Central",0.612,0.112,9,-20.741,1,0.0474,0.935,0.0166,0.111,0.104,86.909,4
spotify:track:7eF7Otwa0Z6j1nSg5JmFIQ,"Thirteen Sad Farewells","Vagabond","Stu Larsen",2014-07-11,165613,54,false,ykxuknpdqe4vrfi4lrn2gb76p,2026-05-31T12:37:52Z,"indie folk","Stu Larsen",0.641,0.398,6,-9.875,1,0.0371,0.396,0.000145,0.384,0.453,114.156,4
spotify:track:4hZwoUSwLMUMwzEhqBXsFr,"Easy","Best of 2025 (Indie Folk Central)","Vintz Desert",2025-12-26,265750,11,false,ykxuknpdqe4vrfi4lrn2gb76p,2026-05-31T12:37:52Z,"indie folk,christian folk","Indie Folk Central",0.484,0.306,0,-13.131,1,0.0458,0.681,0.0846,0.0877,0.186,152.005,4
spotify:track:0vgULlytrF8MCJ1dstuR66,"Running","Running","Dusty Boots",2025-01-24,235714,25,false,ykxuknpdqe4vrfi4lrn2gb76p,2026-05-31T12:37:52Z,"indie folk","Sonder House",0.697,0.315,2,-11.661,1,0.0318,0.727,0.0368,0.104,0.406,139.99,4
spotify:track:4wcNGb4gA5rSmUO3V8Gkda,"Forever to Go","Best of 2025 (Indie Folk Central)","Callan Brown;Yaz Williams",2025-12-26,298285,11,false,ykxuknpdqe4vrfi4lrn2gb76p,2026-05-31T12:37:52Z,"christian folk,country christian","Indie Folk Central",0.522,0.137,11,-16.083,1,0.0285,0.785,0.000314,0.0782,0.191,139.81,3
spotify:track:4FyS2vgjt0UMy2qvbtoBoy,"Taking Our Time","Taking Our Time","Mark Wilkinson",2023-07-07,226378,29,false,ykxuknpdqe4vrfi4lrn2gb76p,2026-05-31T12:37:52Z,"","Nettwerk Music Group",0.559,0.391,1,-11.971,0,0.0405,0.892,0.0000322,0.152,0.406,93.968,4
spotify:track:2iArGx7rR2W1OjjG4VLfCL,"Weeks","Best Indie Folk of 2020, Vol. 2","Simen Mitlid;Tuvaband",2020-12-27,218218,13,false,ykxuknpdqe4vrfi4lrn2gb76p,2026-05-31T12:37:52Z,"indie folk","Indie Folk Central",0.305,0.49,3,-10.208,1,0.0409,0.929,0.0148,0.579,0.448,87.84,4
spotify:track:0T0EXyGFrBjnavNQ6iwuKi,"All I Need Is You","Face the World","Brandon Jenner",2018-07-20,247826,28,false,ykxuknpdqe4vrfi4lrn2gb76p,2026-05-31T12:37:52Z,"","Ear Fetish Records",0.48,0.394,9,-12.976,1,0.0292,0.771,0.306,0.118,0.397,80.019,4
spotify:track:7FXUWY0ZxKRJNOdzOjtnIx,"Head Tied Up","Best Indie Folk of 2020, Vol. 1","David Nevory",2020-12-27,195375,14,false,ykxuknpdqe4vrfi4lrn2gb76p,2026-05-31T12:37:52Z,"","Indie Folk Central",0.526,0.425,7,-11.231,1,0.027,0.77,0.00417,0.137,0.136,159.927,4
spotify:track:4EMGSL1IqyVomNTBn13nVU,"Satisfied","Wildflower","Jennifer Kamikazi",2016-11-27,216687,14,false,ykxuknpdqe4vrfi4lrn2gb76p,2026-05-31T12:37:52Z,"indie folk","Jennifer Kamikazi",0.537,0.198,0,-10.398,1,0.0321,0.854,0,0.134,0.488,143.897,4
spotify:track:6FgsycVqVLwuWVs66lf9sX,"Stow Brae","Stow Brae","Lists",2022-04-29,162961,21,false,ykxuknpdqe4vrfi4lrn2gb76p,2026-05-31T12:37:52Z,"","Kilbrannan Sound",0.743,0.176,3,-13.826,1,0.04,0.938,0.00296,0.141,0.666,149.959,4
spotify:track:0KnNDiIAZTkKhl7MjM6rfR,"By the Coastline","By the Coastline","Rod Coote",2024-07-19,248071,38,false,ykxuknpdqe4vrfi4lrn2gb76p,2026-05-31T12:37:52Z,"indie folk","Independent",0.538,0.218,2,-15.62,1,0.0332,0.933,0.0711,0.0789,0.137,136.078,4
spotify:track:6LM54uQMY6h7SevTK5P081,"Closer to the Sun","Best Indie Folk of 2020, Vol. 2","Frank Rensen",2020-12-27,227763,12,false,ykxuknpdqe4vrfi4lrn2gb76p,2026-05-31T12:37:52Z,"","Indie Folk Central",0.46,0.284,0,-13.413,1,0.0279,0.93,0.00438,0.138,0.366,94.531,4
spotify:track:2HcFFsB23GmIZsbqyPu3i3,"Flight to JFK","Flight to JFK","Theo Kandel",2023-03-24,241236,36,false,ykxuknpdqe4vrfi4lrn2gb76p,2026-05-31T12:37:52Z,"","Nettwerk Music Group",0.562,0.261,0,-7.684,0,0.0348,0.922,0,0.119,0.382,106.962,5
spotify:track:480Gt3afxFrAsgbEKIIoN0,"Southern Sun","Best Indie Folk of 2022, Vol. 1","Alivan Blu",2022-12-27,276000,12,false,ykxuknpdqe4vrfi4lrn2gb76p,2026-05-31T12:37:52Z,"indie folk","Indie Folk Central",0.555,0.429,8,-10.14,0,0.0283,0.0461,0.0548,0.0802,0.132,148.93,4
spotify:track:0vqruK3rj6olEvXPchIwaD,"Agata","Silver","Sam & the Black Seas",2017-03-17,127245,12,false,ykxuknpdqe4vrfi4lrn2gb76p,2026-05-31T12:37:52Z,"indie folk","Atomic Fat",0.55,0.302,4,-10.495,0,0.0289,0.905,0.00000171,0.105,0.45,136.168,3
spotify:track:2JCa9EAL50K5J5PLpJlXlL,"Honey","Best of 2025 (Indie Folk Central)","East of Indigo;Heath Lancaster",2025-12-26,150221,35,false,ykxuknpdqe4vrfi4lrn2gb76p,2026-05-31T12:37:52Z,"indie folk","Indie Folk Central",0.428,0.178,3,-14.099,0,0.0748,0.773,0.00347,0.106,0.13,204.591,4
spotify:track:1CG1aPU3i1pbro8X9Jq9uR,"Hey Now","Strathcona","Jon Middleton",2017-12-01,168560,26,false,ykxuknpdqe4vrfi4lrn2gb76p,2026-05-31T12:37:52Z,"indie folk","Independent",0.711,0.225,5,-14.661,1,0.033,0.885,0.000277,0.106,0.351,116.031,4
spotify:track:5MTsS42HrjxzSHMRcmUdKK,"Leading Different Lives","Indie Folk Central: September 2024","David Lazarus",2024-09-02,180309,21,false,ykxuknpdqe4vrfi4lrn2gb76p,2026-05-31T12:37:52Z,"indie folk,folk pop","Indie Folk Central",0.644,0.448,9,-11.365,1,0.0281,0.755,0.0701,0.0683,0.357,94.013,4
spotify:track:3JU0SDdYhoZKWHs1DSkYKo,"October","October","George Ogilvie",2016-11-04,307401,0,false,ykxuknpdqe4vrfi4lrn2gb76p,2026-05-31T12:37:52Z,"","Unsigned",0.685,0.53,5,-7.25,1,0.0325,0.574,0,0.0845,0.19,117.985,4
spotify:track:2Z9r1F0qUif5yjEHq01X60,"Wildfire Love","Wildfire Love","Justin Lee",2023-07-28,103021,35,false,ykxuknpdqe4vrfi4lrn2gb76p,2026-05-31T12:37:52Z,"","Justin Lee",0.403,0.181,4,-19.458,1,0.0425,0.896,0.000109,0.149,0.384,181.851,4
spotify:track:4NOl8Xa38AAL3RtyEGj5wl,"So Go","Windward","Boatkeeper",2016-07-01,214839,23,false,ykxuknpdqe4vrfi4lrn2gb76p,2026-05-31T12:37:52Z,"","Boatkeeper",0.537,0.616,1,-10.338,0,0.025,0.796,0.0000904,0.159,0.508,94.982,4
spotify:track:666DrrZIVtsiU4s6rJTWJv,"Beautiful Life","Beautiful Life","Harry Pane",2018-02-16,205911,39,false,ykxuknpdqe4vrfi4lrn2gb76p,2026-05-31T12:37:52Z,"indie folk","Harry Pane",0.35,0.402,9,-11.586,0,0.0345,0.624,0.000126,0.109,0.192,92.256,4
spotify:track:2YED9VicGdL1YlRW0T16oN,"Saturdays","Saturdays","Simen Mitlid",2019-01-11,208906,21,false,ykxuknpdqe4vrfi4lrn2gb76p,2026-05-31T12:37:52Z,"indie folk","Kokeplate",0.573,0.153,4,-17.318,1,0.0341,0.9,0.00166,0.117,0.231,147.963,4
spotify:track:08cXy6KUizaAelYXtcew3w,"1957","Milo Greene","Milo Greene",2012-07-16,204213,59,false,ykxuknpdqe4vrfi4lrn2gb76p,2026-05-31T12:37:52Z,"indie folk","Chop Shop/Atlantic",0.388,0.595,1,-9.799,1,0.0325,0.663,0.0000558,0.178,0.596,190.043,4
spotify:track:2w9vHpoBbtGqCC5MESxnpu,"Nothing to Lose","Best Indie Folk of 2023, Vol. 1 (Indie Folk Central)","Hunter Metts",2023-12-27,178016,13,false,ykxuknpdqe4vrfi4lrn2gb76p,2026-05-31T12:37:52Z,"","Indie Folk Central",0.406,0.291,1,-10.298,1,0.0272,0.356,0.0000138,0.115,0.176,91.732,4
spotify:track:5JnpRhTCEm5Ltb3sHRfagi,"Vacant Airport","Vacant Airport","Davis John Patton",2022-06-10,173840,26,false,ykxuknpdqe4vrfi4lrn2gb76p,2026-05-31T12:37:52Z,"ambient folk,indie folk","Nettwerk Music Group",0.592,0.564,3,-9.597,1,0.0307,0.421,0.00485,0.0982,0.122,107.988,4
spotify:track:1tQtURCQmQnY5ZxJNTgXKR,"Chateau","Snow","Angus & Julia Stone",2017-09-15,273560,60,false,ykxuknpdqe4vrfi4lrn2gb76p,2026-05-31T12:37:52Z,"","[PIAS] Le Label",0.657,0.587,5,-11.49,1,0.038,0.667,0.865,0.106,0.579,129.992,4
spotify:track:21vR6ME6fngSvEN8oW2uEg,"High & Low","High & Low","Gemma Hayes",2023-06-23,233311,22,false,ykxuknpdqe4vrfi4lrn2gb76p,2026-05-31T12:37:52Z,"","Townsend Music Limited / Gemma Hayes Music",0.453,0.196,5,-13.652,1,0.0333,0.958,0.0000237,0.113,0.421,98.565,4
spotify:track:0ikT6E3mDGJoSHkEg6CsYw,"Swim","Swim","Nick Kingswell",2017-04-26,241899,0,false,ykxuknpdqe4vrfi4lrn2gb76p,2026-05-31T12:37:52Z,"indie folk","Independent",0.611,0.35,11,-12.38,0,0.0318,0.873,0.000999,0.122,0.141,99.894,4
spotify:track:6mqhPD8tiDmJZ15dmrnTkd,"People Are Tender","Best Indie Folk of 2023, Vol. 3 (Indie Folk Central)","Zach Winters",2023-12-27,289250,10,false,ykxuknpdqe4vrfi4lrn2gb76p,2026-05-31T12:37:52Z,"christian folk,christian alternative rock","Indie Folk Central",0.553,0.352,10,-12.453,1,0.0301,0.947,0.0386,0.124,0.406,130.024,4
spotify:track:0KalsY81HsAAVUxZy9qUFz,"Do You Rise","Lineage","Ian Randall Thornton",2017-08-25,231924,36,false,ykxuknpdqe4vrfi4lrn2gb76p,2026-05-31T12:37:52Z,"indie folk,christian folk","Ian Randall Thornton",0.36,0.223,2,-19.5,1,0.0337,0.841,0.727,0.0947,0.0519,99.75,4
spotify:track:4pduaq2UnV1fpgevorNxAv,"June","June","Mathias Gundhus",2022-06-24,218497,15,false,ykxuknpdqe4vrfi4lrn2gb76p,2026-05-31T12:37:52Z,"indie folk,norwegian pop","Toothfairy",0.271,0.31,10,-10.659,1,0.0334,0.944,0.0468,0.0899,0.279,116.398,4
spotify:track:3TfGvJE2g4DHxgIriK6pJv,"the sky looked nice today","Best Indie Folk of 2022, Vol. 1","Lexie Carroll",2022-12-27,199800,13,false,ykxuknpdqe4vrfi4lrn2gb76p,2026-05-31T12:37:52Z,"","Indie Folk Central",0.387,0.253,5,-12.766,1,0.0374,0.938,0.000106,0.134,0.415,81.597,4
spotify:track:4YlN7jVcn4K57jTqFZFhtb,"Every Stranger","Best Indie Folk of 2023, Vol. 2 (Indie Folk Central)","Jessie Reid",2023-12-27,205128,11,false,ykxuknpdqe4vrfi4lrn2gb76p,2026-05-31T12:37:52Z,"indie folk","Indie Folk Central",0.643,0.343,4,-14.553,1,0.0367,0.904,0.0065,0.136,0.311,116.925,4
spotify:track:6TrXkrc6zRHiSLkJSTetpk,"Warm Night In Oslo","Warm Night In Oslo","Jesper Hasnaoui",2019-11-02,228300,12,false,ykxuknpdqe4vrfi4lrn2gb76p,2026-05-31T12:37:52Z,"indie folk","Hasnaoui Records",0.617,0.421,1,-12.604,0,0.034,0.86,0.297,0.112,0.355,92.998,4
spotify:track:4VPqF8mop9OuJCMXWCpVlL,"Ravens","Ravens","Jamie Yost",2019-03-29,259000,12,false,ykxuknpdqe4vrfi4lrn2gb76p,2026-05-31T12:37:52Z,"indie folk","Jamie Yost",0.454,0.258,2,-12.299,1,0.0323,0.814,0.00643,0.067,0.0912,108.538,5
spotify:track:4g374m0wawUeanQ9iov9jI,"Back to the Beginning","This Time of the Year","Aaron Espe",2017-11-03,229860,0,false,ykxuknpdqe4vrfi4lrn2gb76p,2026-05-31T12:37:52Z,"","Nettwerk Records",0.493,0.345,9,-15.159,1,0.0392,0.932,0.791,0.0815,0.41,77.212,4
spotify:track:49q67fOFH8hDvyOIN3wtap,"All The Light","All The Light","Ryan Harris",2024-07-31,207531,63,false,ykxuknpdqe4vrfi4lrn2gb76p,2026-05-31T12:37:52Z,"indie folk","Whitegold Records",0.645,0.333,1,-13.601,1,0.0286,0.71,0.759,0.104,0.149,78.946,4
spotify:track:3tYxKAyobf4vuLx7smDgO7,"In the Rust","Best Indie Folk of 2020, Vol. 1","Simon Alexander",2020-12-27,219000,14,false,ykxuknpdqe4vrfi4lrn2gb76p,2026-05-31T12:37:52Z,"indie folk","Indie Folk Central",0.553,0.58,5,-7.631,1,0.026,0.199,0.000704,0.105,0.519,78.018,3
spotify:track:7cvElcxrvUMyYi5LS5rF5o,"Pictures","Pictures","Seafret",2022-07-01,196499,35,false,ykxuknpdqe4vrfi4lrn2gb76p,2026-05-31T12:37:52Z,"","Nettwerk Music Group",0.654,0.195,8,-11.712,1,0.0288,0.839,0,0.0988,0.244,135.775,4
spotify:track:4DgaKefdKsrqRw3AnVfIMo,"Black and Blue","Best Indie Folk of 2021, Vol. 1","N. Kerbin",2021-12-27,214656,11,false,ykxuknpdqe4vrfi4lrn2gb76p,2026-05-31T12:37:52Z,"indie folk","Indie Folk Central",0.312,0.322,7,-12.088,1,0.0384,0.727,0.000237,0.109,0.328,71.961,1
spotify:track:36r6ZFk91Xr3lWwVpWOqg3,"Into The Sea","Into The Sea","Southey",2024-06-18,250769,46,false,ykxuknpdqe4vrfi4lrn2gb76p,2026-05-31T12:37:52Z,"indie folk","Norfolk Records",0.684,0.312,2,-11.345,1,0.0557,0.714,0.0000699,0.105,0.357,77.959,4
spotify:track:4NK2WRvmdwklhIbF7sjipX,"Northern Lights","Best Indie Folk of 2020, Vol. 3","Jarle Skavhellen",2020-12-27,175092,12,false,ykxuknpdqe4vrfi4lrn2gb76p,2026-05-31T12:37:52Z,"folk pop,indie folk","Indie Folk Central",0.5,0.664,3,-10.163,1,0.0416,0.826,0.00876,0.114,0.573,95.873,4
spotify:track:1i1UyjRAawKGRTEQ3Ft9fQ,"Little Piece Of Nothing","Echo","Dave Thomas Junior",2018-11-30,295486,37,false,ykxuknpdqe4vrfi4lrn2gb76p,2026-05-31T12:37:52Z,"","Dave Thomas Junior",0.258,0.291,11,-14.452,1,0.0299,0.931,0.0805,0.0722,0.0928,158.538,4
spotify:track:49eFn8tzVzaJdfmzlSny1S,"The Mountain","The Mountain","Tall Heights",2021-06-15,231516,0,false,ykxuknpdqe4vrfi4lrn2gb76p,2026-05-31T12:37:52Z,"folk pop,indie folk","Tall Heights and Many Hats Distribution",0.271,0.174,8,-15.524,1,0.0382,0.911,0.00269,0.146,0.125,69.774,3
spotify:track:3GVCqeU1ckkSJtY86bwGSs,"For All You Give (feat. Lucy Rose)","For All You Give (feat. Lucy Rose)","The Paper Kites;Lucy Rose",2020-08-21,191234,0,false,ykxuknpdqe4vrfi4lrn2gb76p,2026-05-31T12:37:52Z,"indie folk,ambient folk","Nettwerk Records",0.498,0.141,11,-17.14,0,0.0386,0.956,0.00348,0.109,0.352,139.099,4
spotify:track:63KNEkrbMKEi3Ee2eU0MXx,"amsterdam","amsterdam","Kinship",2022-02-18,233186,26,false,ykxuknpdqe4vrfi4lrn2gb76p,2026-05-31T12:37:52Z,"","Keyboard Dog",0.58,0.403,4,-13.995,1,0.0438,0.878,0.0137,0.243,0.405,90.006,4
spotify:track:6RIMvXPWO9elqMQerV3JCE,"Postcards","Postcards","Days of August",2023-03-31,241248,30,false,ykxuknpdqe4vrfi4lrn2gb76p,2026-05-31T12:37:52Z,"indie folk,norwegian pop","Ekko Music",0.474,0.381,2,-12.997,1,0.0251,0.86,0.062,0.104,0.306,89.028,4
spotify:track:1GsshUvoEeVbaO84ZCxPmF,"The Weight of an Ocean","The Weight of an Ocean","Francis Moon",2022-08-12,208000,34,false,ykxuknpdqe4vrfi4lrn2gb76p,2026-05-31T12:37:52Z,"indie folk","alexrainbirdRecords",0.269,0.434,7,-8.789,1,0.0279,0.716,0.00234,0.107,0.375,87.071,4
spotify:track:0alDtQG5iB2lqmpL1jYHEr,"Tightropes","Tightropes","Twin Tacoma",2023-03-03,143115,41,false,ykxuknpdqe4vrfi4lrn2gb76p,2026-05-31T12:37:52Z,"indie folk","Twin Tacoma",0.605,0.158,4,-17.37,1,0.0404,0.944,0.00221,0.094,0.601,90.098,4
spotify:track:7n8i1D8pQ6DqaO72YJ3Fo5,"Destined to Pretend","Best Indie Folk of 2020, Vol. 1","Beta Radio",2020-12-27,192357,14,false,ykxuknpdqe4vrfi4lrn2gb76p,2026-05-31T12:37:52Z,"indie folk","Indie Folk Central",0.416,0.519,2,-10.29,1,0.0406,0.162,0.00605,0.237,0.228,94.47,4
spotify:track:1pyY4Jjz3uGZ7fPE9Y39CT,"Strawberries","Boys (Side B)","Caamp",2018-07-27,219344,67,false,ykxuknpdqe4vrfi4lrn2gb76p,2026-05-31T12:37:52Z,"indie folk,folk","Caamp",0.547,0.0897,3,-18.732,1,0.0453,0.963,0.00578,0.112,0.264,117.021,5
spotify:track:2n1mukIntnIGBzhf8Ifkr2,"Saving Us a Riot","Saving Us a Riot","Phoria",2016-02-16,256765,29,false,ykxuknpdqe4vrfi4lrn2gb76p,2026-05-31T12:37:52Z,"","X Novo Records",0.487,0.157,3,-15.193,0,0.0312,0.713,0.145,0.116,0.0671,129.483,4
spotify:track:5rrwtnEIi58PLQcEdUtw8s,"Open","Best Indie Folk of 2022, Vol. 1","Hunter Metts",2022-12-27,226571,13,false,ykxuknpdqe4vrfi4lrn2gb76p,2026-05-31T12:37:52Z,"","Indie Folk Central",0.582,0.315,11,-10.217,1,0.0263,0.766,0.00000981,0.111,0.125,105.274,4
spotify:track:1L6k4OyzPXwSpdkQaGfRhh,"Northern Pines","Best Indie Folk of 2020, Vol. 2","Ben Greenberg",2020-12-27,209720,12,false,ykxuknpdqe4vrfi4lrn2gb76p,2026-05-31T12:37:52Z,"","Indie Folk Central",0.583,0.361,4,-11.367,1,0.0362,0.707,0.000114,0.152,0.489,128.01,4
spotify:track:171ocKGQknVCOYrB567Siy,"Sounds Like Help","You and Me for Now","Austin Basham",2018-07-27,207800,0,false,ykxuknpdqe4vrfi4lrn2gb76p,2026-05-31T12:37:52Z,"indie folk","Nettwerk Records",0.623,0.444,0,-8.585,1,0.0276,0.652,0.00000163,0.119,0.137,126.014,4
spotify:track:773qfjhPFd8sYEUCA3gMWn,"The Ends and the Means","The Ends and the Means","Robby Hecht",2017-04-05,249342,25,false,ykxuknpdqe4vrfi4lrn2gb76p,2026-05-31T12:37:52Z,"","Old Man Henry Records",0.412,0.277,4,-9.927,1,0.0834,0.834,0,0.0999,0.545,77.289,4
spotify:track:6pHUDH3tG4msFs0yieaU4m,"All Things in Due Time","All Things in Due Time","Ed Prosek",2025-11-28,221124,46,false,ykxuknpdqe4vrfi4lrn2gb76p,2026-05-31T12:37:52Z,"indie folk","Nettwerk Music Group",0.389,0.259,2,-13.108,1,0.0376,0.855,0.00000296,0.13,0.265,127.717,4
spotify:track:220kSSv5KXvfvFEKbpng4v,"Days Like These","Days Like These","Tiz McNamara",2019-09-20,208026,34,false,ykxuknpdqe4vrfi4lrn2gb76p,2026-05-31T12:37:52Z,"","Shiv Shiv Records",0.358,0.293,3,-11.372,1,0.0376,0.776,0.0000363,0.107,0.214,88.014,5
spotify:track:1lupNNlEec46jcBnQcQcnG,"Slow","Slow","The Satellite Station",2022-09-30,216546,34,false,ykxuknpdqe4vrfi4lrn2gb76p,2026-05-31T12:37:52Z,"indie folk,folk pop","alexrainbirdRecords",0.494,0.293,5,-11.591,1,0.0333,0.943,0.000139,0.0963,0.214,75.16,4
spotify:track:6rSZiAyEwNVsuaftKQuNEM,"Elvis Song","Elvis Song","Laura Alden",2023-10-06,219219,24,false,ykxuknpdqe4vrfi4lrn2gb76p,2026-05-31T12:37:52Z,"","igroovemusic.com",0.645,0.306,1,-13.067,1,0.0364,0.865,0.000331,0.113,0.455,119.971,4
spotify:track:2iddHfAqBKMJkXerLA9F9I,"Bones","Bones EP","Dustin Tebbutt",2014-10-22,265098,45,false,ykxuknpdqe4vrfi4lrn2gb76p,2026-05-31T12:37:52Z,"indie folk","Eleven: A Music Company Pty Ltd",0.56,0.653,2,-9.105,1,0.035,0.594,0.297,0.0977,0.179,77.017,4
spotify:track:74sn2URG7dxYBRl6jeCUaY,"Let Go","Let Go","Jolé",2023-05-05,184113,19,false,ykxuknpdqe4vrfi4lrn2gb76p,2026-05-31T12:37:52Z,"indie folk","Nettwerk Music Group",0.521,0.616,1,-7.693,0,0.0271,0.699,0.0431,0.123,0.482,156.119,4
spotify:track:3dO4CCgAm3OkTXwiMSKb14,"Montauk","Montauk / She Can","Matt Sucich",2016-05-26,262899,25,false,ykxuknpdqe4vrfi4lrn2gb76p,2026-05-31T12:37:52Z,"indie folk","Novelty Organ Publishing",0.59,0.7,0,-7.798,1,0.0382,0.285,0.00232,0.117,0.564,99.083,4
spotify:track:7Kx9vIE9Kc914DzpGBQHC8,"Steady Steady","Best Indie Folk of 2023, Vol. 1 (Indie Folk Central)","Brook St",2023-12-27,181593,10,false,ykxuknpdqe4vrfi4lrn2gb76p,2026-05-31T12:37:52Z,"indie folk,christian folk","Indie Folk Central",0.426,0.262,7,-14.438,1,0.0367,0.91,0.000129,0.114,0.133,82.261,4
spotify:track:52aGhOojRrwTCxCKuyJxRD,"Coastline","Coastline","Jesse Taylor",2016-11-11,260071,0,false,ykxuknpdqe4vrfi4lrn2gb76p,2026-05-31T12:37:52Z,"indie folk","Jesse Taylor",0.428,0.74,2,-7.03,1,0.0335,0.087,0.0298,0.118,0.263,113.93,4
spotify:track:6bqBHVWDEhSXV1tHhaDFOX,"Dreamer","Dreamer","Aidan & the Wild",2019-08-16,203493,14,false,ykxuknpdqe4vrfi4lrn2gb76p,2026-05-31T12:37:52Z,"","QuiteQuiet Records",0.532,0.379,7,-14.705,1,0.0299,0.897,0.00109,0.0702,0.458,159.731,4
spotify:track:2OLab4G373tu39KBrJ50sg,"Find Our Way","Find Our Way","Salt Tree",2023-11-15,211145,0,false,ykxuknpdqe4vrfi4lrn2gb76p,2026-05-31T12:37:52Z,"indie folk","Salt Tree",0.809,0.421,7,-10.85,1,0.0402,0.854,0.000325,0.0973,0.394,111.977,4
spotify:track:2y18KwwFsRDbozWzbdmESx,"A Thousand Years","Best Indie Folk of 2020, Vol. 3","The Sea The Sea",2020-12-27,225186,12,false,ykxuknpdqe4vrfi4lrn2gb76p,2026-05-31T12:37:52Z,"","Indie Folk Central",0.584,0.288,8,-11.029,1,0.0272,0.793,0.000111,0.12,0.17,108.255,4
spotify:track:2V423gFpb4yyokfl2KdevA,"Shoulder","You In My Life","Ed Patrick",2020-08-07,181006,55,false,ykxuknpdqe4vrfi4lrn2gb76p,2026-05-31T12:37:52Z,"indie folk","Ed Patrick",0.584,0.285,8,-12.369,1,0.0315,0.908,0.000371,0.0961,0.597,150.61,4
spotify:track:1eDkdK7CVn0NRAvKM6xBiY,"Portland","Old Country","Andrea von Kampen",2019-02-08,228500,38,false,ykxuknpdqe4vrfi4lrn2gb76p,2026-05-31T12:37:52Z,"","Andrea von Kampen / Tone Tree Music",0.588,0.2,11,-14.244,1,0.032,0.848,0.00492,0.111,0.152,51.945,4
spotify:track:4KROoGIaPaR1pBHPnR3bwC,"Pink Moon","Pink Moon","Nick Drake",1972-02-25,124000,67,false,ykxuknpdqe4vrfi4lrn2gb76p,2026-05-31T12:37:52Z,"folk,singer-songwriter","UMC (Universal Music Catalogue)",0.642,0.427,3,-8.471,1,0.0402,0.871,0.0904,0.124,0.404,82.344,4
spotify:track:5i8oxigTSTiuCejixW1Clo,"Tranquility","Tranquility","Joe Cole",2023-08-25,190112,28,false,ykxuknpdqe4vrfi4lrn2gb76p,2026-05-31T12:37:52Z,"indie folk","Tenfold Records",0.521,0.249,8,-15.125,0,0.0316,0.942,0.000139,0.124,0.183,88.848,4
spotify:track:7hRfC3GHl9w09NBvEg5fS3,"Eyes Fall","Best Indie Folk of 2021, Vol. 4","Ocie Elliott",2021-12-27,200272,14,false,ykxuknpdqe4vrfi4lrn2gb76p,2026-05-31T12:37:52Z,"indie folk","Indie Folk Central",0.495,0.296,11,-12.335,1,0.0307,0.918,0.081,0.125,0.309,157.41,4
spotify:track:66MXa8qDIQRtwuxuNtjNCu,"Hello My Old Heart","The Oh Hellos EP","The Oh Hellos",2011-12-01,256006,60,false,ykxuknpdqe4vrfi4lrn2gb76p,2026-05-31T12:37:52Z,"folk pop,christian folk,indie folk","The Oh Hellos",0.558,0.299,0,-10.634,1,0.0266,0.622,0.0305,0.0914,0.298,90.077,4
spotify:track:3jQyadhLTxpxadQlkFh2b8,"Heartbeats","Veneer","José González",2003,160240,68,false,ykxuknpdqe4vrfi4lrn2gb76p,2026-05-31T12:37:52Z,"indie folk","Peacefrog Records",0.394,0.151,3,-16.748,1,0.0359,0.976,0.739,0.0664,0.31,178.051,4
spotify:track:27J740Pp6TIPyjNsWDCfRL,"Above the Water","Best Indie Folk of 2021, Vol. 2","Tom River;Kiera Jas",2021-12-27,196400,12,false,ykxuknpdqe4vrfi4lrn2gb76p,2026-05-31T12:37:52Z,"indie folk","Indie Folk Central",0.684,0.147,4,-14.216,1,0.0449,0.838,0.0000638,0.0884,0.105,129.957,4
spotify:track:536kMRtNZh6HwyHVKh5Qap,"Carried Away","Best Indie Folk of 2020, Vol. 2","Companion",2020-12-27,189681,12,false,ykxuknpdqe4vrfi4lrn2gb76p,2026-05-31T12:37:52Z,"indie folk","Indie Folk Central",0.29,0.458,1,-8.45,1,0.0319,0.11,0,0.0692,0.193,83.815,3
spotify:track:5CNRQl4e0b2mMF7Zz3f34U,"Fake Moon","Fake Moon","Memorial",2022-02-15,134160,17,false,ykxuknpdqe4vrfi4lrn2gb76p,2026-05-31T12:37:52Z,"","Real Kind Records",0.65,0.138,4,-15.755,1,0.0452,0.925,0.00107,0.0909,0.522,83.923,4
spotify:track:1k86Fmt123wy26VMqGxpGc,"Home","Home","Joshua Hyslop",2018-01-19,227493,0,false,ykxuknpdqe4vrfi4lrn2gb76p,2026-05-31T12:37:52Z,"","Nettwerk Records",0.501,0.296,3,-12.573,1,0.0267,0.853,0.0715,0.252,0.259,135.946,4
spotify:track:74i65cFb7Mfa5VuX0Vho3M,"Far from Home","Foreign Sea","Plàsi",2022-02-04,192489,49,false,ykxuknpdqe4vrfi4lrn2gb76p,2026-05-31T12:37:52Z,"indie folk","Nettwerk Music Group",0.411,0.383,0,-13.264,0,0.0389,0.848,0.212,0.21,0.502,107.021,4
spotify:track:0udVymlvyuSo1HWkIEKkF5,"Runaway","Best of 2025 (Indie Folk Central)","David McCredie",2025-12-26,171170,11,false,ykxuknpdqe4vrfi4lrn2gb76p,2026-05-31T12:37:52Z,"folk pop,indie folk","Indie Folk Central",0.644,0.744,11,-6.715,1,0.0333,0.284,0,0.419,0.531,122.006,4
spotify:track:4pqcPscDHP2pBg5wiYxIQ1,"Missionary Feelings","Missionary Feelings","Hazlett",2023-08-18,212297,52,false,ykxuknpdqe4vrfi4lrn2gb76p,2026-05-31T12:37:52Z,"indie folk","Nettwerk Music Group",0.578,0.131,2,-13.226,1,0.0322,0.821,0.00101,0.0831,0.146,124.828,4
spotify:track:6En9mJVkwVSgIIURTSFHv7,"I'm Around (Both Sides)","I'm Around (Both Sides)","Donovan Woods;Cate",2023-11-17,200987,19,false,ykxuknpdqe4vrfi4lrn2gb76p,2026-05-31T12:37:52Z,"","End Times Music",0.385,0.303,9,-10.466,1,0.0387,0.567,0.0000204,0.11,0.458,171.729,4
spotify:track:0c71y7VB5N8I9jNVln72w3,"Wolves of the Revolution","Wolves of the Revolution","The Arcadian Wild",2016-10-28,226941,0,false,ykxuknpdqe4vrfi4lrn2gb76p,2026-05-31T12:37:52Z,"christian folk","Vohnic Music LLC",0.456,0.3,2,-11.276,0,0.0345,0.79,0.0004,0.0604,0.184,169.778,3
spotify:track:7qVx8zjFbDJVWpNz0aLQ7t,"Birds and Daisies","Best Indie Folk of 2020, Vol. 1","Racoon Racoon",2020-12-27,208000,14,false,ykxuknpdqe4vrfi4lrn2gb76p,2026-05-31T12:37:52Z,"","Indie Folk Central",0.657,0.155,7,-16.7,1,0.0344,0.828,0.033,0.0907,0.262,108.022,4
spotify:track:5OvBiA19DyZ2qTFZ5q0Ju9,"Look You in the Eye","Best Indie Folk of 2022, Vol. 2","Verdiblume",2022-12-27,208544,11,false,ykxuknpdqe4vrfi4lrn2gb76p,2026-05-31T12:37:52Z,"indie folk","Indie Folk Central",0.529,0.312,2,-10.16,1,0.033,0.737,0.0433,0.111,0.162,61.01,4
spotify:track:7EZKcbs2m8qjUnfwC3hpyT,"Yours to Keep","Physics EP","Jordan Mackampa",2016-09-30,202426,49,false,ykxuknpdqe4vrfi4lrn2gb76p,2026-05-31T12:37:52Z,"","Jordan Mackampa",0.443,0.517,1,-8.185,1,0.0615,0.496,0.051,0.38,0.222,170.888,4
spotify:track:3V78OHkbhsmOv13MbBRnxt,"Almost Home","Almost Home","Luke Sital-Singh",2020-02-07,196758,19,false,ykxuknpdqe4vrfi4lrn2gb76p,2026-05-31T12:37:52Z,"indie folk","Raygun Records",0.323,0.443,7,-9.004,1,0.0406,0.792,0,0.129,0.641,81.313,4
spotify:track:7cnpds9gWfbtVIT8L1hpzm,"Steal Some Sun","Steal Some Sun","aedie",2022-04-22,228000,15,false,ykxuknpdqe4vrfi4lrn2gb76p,2026-05-31T12:37:52Z,"","aedie",0.596,0.635,3,-11.065,1,0.0334,0.405,0.651,0.116,0.263,120.142,4
spotify:track:3r0S9KmnTN5I9ohMd37d1f,"seasons","seasons","Amistat",2023-12-01,220621,61,false,ykxuknpdqe4vrfi4lrn2gb76p,2026-05-31T12:37:52Z,"indie folk","Nettwerk Music Group",0.636,0.391,11,-13.555,1,0.0523,0.641,0.00182,0.0889,0.385,160.894,4
spotify:track:4vS5GVSYuHBHFuPP0A9K5X,"Brainwashed","Hiraeth","Meadowlark",2023-10-06,195096,23,false,ykxuknpdqe4vrfi4lrn2gb76p,2026-05-31T12:37:52Z,"","Fieldfare",0.565,0.322,10,-16.117,1,0.0388,0.839,0.000843,0.138,0.294,77.434,4
spotify:track:0cSmyUF8JcoiA7qGpMD5p8,"let me go","let me go","Dosey",2023-10-26,179000,42,false,ykxuknpdqe4vrfi4lrn2gb76p,2026-05-31T12:37:52Z,"","Dosey",0.633,0.318,11,-9.299,1,0.028,0.971,0.00014,0.103,0.379,119.919,3
spotify:track:3EapLR52jlyZQThOthMqpa,"North Swallow","Barn Swallow","Barn Swallow",2016-03-25,197933,20,false,ykxuknpdqe4vrfi4lrn2gb76p,2026-05-31T12:37:52Z,"southern gothic,indie folk","Twin Fizz Records",0.566,0.657,2,-6.146,1,0.0314,0.438,0.0000149,0.0926,0.383,125.19,4
spotify:track:1m256X6KUiUXIYRSYIypHL,"Hay-on-Wye","Hay-on-Wye","Matthew Frederick",2019-09-20,198122,12,false,ykxuknpdqe4vrfi4lrn2gb76p,2026-05-31T12:37:52Z,"indie folk","Staylittle Music",0.684,0.278,11,-16.002,1,0.0378,0.755,0.862,0.109,0.417,138.047,4
spotify:track:0w12cRuemDS6oZmQdPuhJx,"Homeplace","Best Indie Folk of 2020, Vol. 2","Days of August",2020-12-27,254394,12,false,ykxuknpdqe4vrfi4lrn2gb76p,2026-05-31T12:37:52Z,"","Indie Folk Central",0.441,0.346,7,-13.941,1,0.0375,0.949,0.908,0.112,0.299,105.042,4
spotify:track:7H71gZwWs3xPWnHM30NDUp,"Mykonos","First Collection: 2006-2009","Fleet Foxes",2018-11-09,275306,55,false,ykxuknpdqe4vrfi4lrn2gb76p,2026-05-31T12:37:52Z,"indie folk,folk,indie","Nonesuch",0.3,0.449,8,-9.308,0,0.0306,0.395,0.000456,0.137,0.364,82.965,4
spotify:track:69s1gFqcVVhad5DRiGvbew,"Shape of Dunes","Best Indie Folk of 2021, Vol. 3","Liza Weald",2021-12-27,193445,11,false,ykxuknpdqe4vrfi4lrn2gb76p,2026-05-31T12:37:52Z,"indie folk","Indie Folk Central",0.44,0.183,2,-13.755,1,0.0303,0.864,0.00000908,0.103,0.31,107.868,5
spotify:track:4Sx182teh6ZFTko3z4e0Jj,"Hear the Noise That Moves So Soft and Low","Early in the Morning (Special Edition)","James Vincent McMorrow",2010,240912,42,false,ykxuknpdqe4vrfi4lrn2gb76p,2026-05-31T12:37:52Z,"","Believe digital",0.46,0.38,0,-12.129,1,0.0357,0.889,0.0459,0.0975,0.384,77.041,4
spotify:track:6omlCPQFg82v8eAaZ6wlqD,"do you wanna leave this city?","Best Indie Folk of 2022, Vol. 2","Lexie Carroll",2022-12-27,199053,11,false,ykxuknpdqe4vrfi4lrn2gb76p,2026-05-31T12:37:52Z,"","Indie Folk Central",0.546,0.571,0,-10.5,1,0.0409,0.66,0.0026,0.174,0.535,77.983,4
spotify:track:6MEoQa6jl59PrxnItrOJGY,"Same Sun","Same Sun","Ryan Harris",2023-02-17,185898,59,false,ykxuknpdqe4vrfi4lrn2gb76p,2026-05-31T12:37:52Z,"indie folk","Whitegold Records",0.709,0.317,1,-14.185,0,0.0347,0.686,0.201,0.106,0.263,117.033,4
spotify:track:3zdFI9AS1JtT0SDNOwGAPt,"Old Bones","Best Indie Folk of 2023, Vol. 2 (Indie Folk Central)","Shallow Alcove",2023-12-27,210000,10,false,ykxuknpdqe4vrfi4lrn2gb76p,2026-05-31T12:37:52Z,"","Indie Folk Central",0.457,0.3,2,-11.231,1,0.0283,0.757,0.00137,0.0942,0.193,140.065,4
spotify:track:12AexVPrdGTxPcbBEPSziz,"The Fall","Best Indie Folk of 2021, Vol. 1","Alivan Blu",2021-12-27,206502,11,false,ykxuknpdqe4vrfi4lrn2gb76p,2026-05-31T12:37:52Z,"indie folk","Indie Folk Central",0.539,0.562,0,-8.73,1,0.027,0.871,0.0000702,0.0851,0.196,90.033,4
spotify:track:73WvySq47nvcUvS6IONQ5z,"What I Came Here For","What I Came Here For","Luca Fogale",2018-05-04,189424,0,false,ykxuknpdqe4vrfi4lrn2gb76p,2026-05-31T12:37:52Z,"","Amelia Recordings",0.575,0.378,5,-8.562,1,0.0278,0.822,0,0.347,0.564,104.049,4
spotify:track:5pgraaKBygjnuUcIsKQVF1,"Halifax","Best Indie Folk of 2022, Vol. 1","Rhineland",2022-12-27,166772,11,false,ykxuknpdqe4vrfi4lrn2gb76p,2026-05-31T12:37:52Z,"","Indie Folk Central",0.6,0.358,2,-11.873,1,0.0319,0.849,0.109,0.1,0.293,146.194,4
spotify:track:1QWRrUXilTFFMfoXoiYqkx,"You Are Mine (feat. Holley Maher)","Secret Nation","Secret Nation;Holley Maher",2014-07-01,235231,35,false,ykxuknpdqe4vrfi4lrn2gb76p,2026-05-31T12:37:52Z,"","None",0.212,0.379,2,-10.962,1,0.0329,0.27,0.000869,0.101,0.223,90.266,1
spotify:track:23z4qPamzxZizUxGzIGpXX,"Wolves","Best Indie Folk of 2022, Vol. 1","Luna Keller",2022-12-27,295500,14,false,ykxuknpdqe4vrfi4lrn2gb76p,2026-05-31T12:37:52Z,"indie folk","Indie Folk Central",0.54,0.349,10,-12.593,1,0.0289,0.689,0.00017,0.204,0.163,119.901,4
spotify:track:7KNYyZCFyo4LpDrF9Hu2Y4,"Wisdom/Boredom","Wisdom/Boredom","Daniel Trakell",2019-01-18,224706,0,false,ykxuknpdqe4vrfi4lrn2gb76p,2026-05-31T12:37:52Z,"indie folk","Del Grango Records",0.583,0.497,0,-10.732,0,0.0303,0.405,0.0116,0.0996,0.206,131.915,4
spotify:track:6cBmEEG1r5DTI12dK4vwag,"Our Remains","Ancient Transition","Beta Radio",2018-09-14,244133,0,false,ykxuknpdqe4vrfi4lrn2gb76p,2026-05-31T12:37:52Z,"indie folk","Nettwerk Records",0.32,0.316,1,-12.077,0,0.0336,0.873,0.04,0.114,0.297,198.143,4
spotify:track:4LWrnnStSFx4dsiVLsgPun,"Out of the Blue","Songs I Wrote","Stu Larsen",2023-12-22,216661,29,false,ykxuknpdqe4vrfi4lrn2gb76p,2026-05-31T12:37:52Z,"indie folk","Nettwerk Music Group",0.358,0.374,1,-9.006,1,0.08,0.477,0.0139,0.142,0.474,72.727,4
spotify:track:4U5o3E2cMu7M317oJ6jyLQ,"For The First Time","For The First Time","The Satellite Station",2023-09-15,219213,0,false,ykxuknpdqe4vrfi4lrn2gb76p,2026-05-31T12:37:52Z,"indie folk,folk pop","Antifragile Music",0.426,0.561,2,-9.271,1,0.0306,0.823,0.05,0.127,0.318,74.971,4
spotify:track:2LOEgB0Jk9suqAP5dDS4bp,"Dakota","Dakota","Tom Speight",2020-10-09,294498,47,false,ykxuknpdqe4vrfi4lrn2gb76p,2026-05-31T12:37:52Z,"","Nettwerk Music Group",0.621,0.296,3,-9.801,1,0.0291,0.805,0.0000675,0.103,0.257,121.918,4
spotify:track:2RArToYBpRWzcZDfdsQmFU,"Moonflowers (Best Friend)","Moonflowers (Best Friend)","Tommy Ashby",2022-08-10,182372,14,false,ykxuknpdqe4vrfi4lrn2gb76p,2026-05-31T12:37:52Z,"indie folk","Dance To The Radio",0.53,0.291,5,-12.916,1,0.0379,0.952,0.000852,0.122,0.348,82.62,4
spotify:track:2f6zkRbMed2uNNON7Zdig8,"When Does It Get Easier","Echo","Dave Thomas Junior",2018-11-30,227530,0,false,ykxuknpdqe4vrfi4lrn2gb76p,2026-05-31T12:37:52Z,"","Dave Thomas Junior",0.615,0.17,1,-17.799,1,0.032,0.654,0.000076,0.0731,0.279,125.003,4
spotify:track:2l1MgIheVpFWjK41vWZMku,"Dreamer","Isbells","Isbells",2009-10-26,265013,40,false,ykxuknpdqe4vrfi4lrn2gb76p,2026-05-31T12:37:52Z,"indie folk","V2 Records Benelux Distribution",0.63,0.384,8,-13.131,1,0.04,0.729,0.0263,0.0981,0.428,154.034,4
spotify:track:1vx3ajUieZkzgYejgk29Bk,"Days of Our Youth","Days of Our Youth","Levi Robin",2016-10-04,334640,17,false,ykxuknpdqe4vrfi4lrn2gb76p,2026-05-31T12:37:52Z,"","Levi Robin",0.15,0.333,11,-9.456,0,0.0294,0.913,0.000156,0.116,0.094,80.058,3
spotify:track:6oghmU0X0M13OpfXepublP,"Thinking of Me","Best Indie Folk of 2020, Vol. 1","Cole Scheifele;Joel Ansett",2020-12-27,188626,14,false,ykxuknpdqe4vrfi4lrn2gb76p,2026-05-31T12:37:52Z,"indie folk","Indie Folk Central",0.472,0.419,2,-10.134,1,0.0382,0.801,0.0000227,0.286,0.428,145.161,3
spotify:track:74SU5PGxCZ1wms0Nrp91RK,"Between Your Arms","Between Your Arms","Tyler Edwards",2023-03-31,185770,42,false,ykxuknpdqe4vrfi4lrn2gb76p,2026-05-31T12:37:52Z,"indie folk","Mighty Kind Records",0.605,0.443,5,-12.637,1,0.0283,0.882,0.864,0.146,0.535,97.009,4
spotify:track:33ry67NZycIR011igWIFD3,"Sorrow","Mystery","Plàsi",2019-09-20,192573,0,false,ykxuknpdqe4vrfi4lrn2gb76p,2026-05-31T12:37:52Z,"indie folk","Nettwerk Records",0.686,0.299,7,-11.047,0,0.032,0.878,0.561,0.101,0.627,149.143,4
spotify:track:3bRK0efIaizqMtbHrPSxUB,"Better Days","Old Sea Brigade - Ep","Old Sea Brigade",2016-01-22,226013,0,false,ykxuknpdqe4vrfi4lrn2gb76p,2026-05-31T12:37:52Z,"indie folk,folk pop","Nettwerk",0.565,0.393,7,-11.687,1,0.0235,0.181,0.349,0.106,0.168,96.969,4
spotify:track:5MNayLWJMOrFEcZ2HeSSXt,"Run River","Best Indie Folk of 2021, Vol. 2","Southey",2021-12-27,214016,11,false,ykxuknpdqe4vrfi4lrn2gb76p,2026-05-31T12:37:52Z,"indie folk","Indie Folk Central",0.589,0.497,6,-10.234,1,0.0305,0.675,0.00242,0.0795,0.454,91.903,4
spotify:track:6oOCjR97CGZ9XJRgD7EZSU,"Hold","Awake","Austin Koukal",2023-10-27,210810,36,false,ykxuknpdqe4vrfi4lrn2gb76p,2026-05-31T12:37:52Z,"christian folk,christian lo-fi,christian alternative rock","Wings Music Group",0.213,0.239,7,-11.558,1,0.0333,0.697,0.0134,0.131,0.146,147.838,4
spotify:track:1e2o6vnHFMZVSa2TjITc5Q,"A Boy and a Man and a Satellite","Best Indie Folk of 2020, Vol. 1","N. Kerbin",2020-12-27,264748,15,false,ykxuknpdqe4vrfi4lrn2gb76p,2026-05-31T12:37:52Z,"indie folk","Indie Folk Central",0.518,0.308,5,-14.479,1,0.0408,0.845,0.00668,0.139,0.198,82.376,4
spotify:track:5dmrLolEgTr4TT0AhOxk5x,"White Water","White Water","Dustin Tebbutt",2020-04-02,233391,52,false,ykxuknpdqe4vrfi4lrn2gb76p,2026-05-31T12:37:52Z,"indie folk","Narvik Records",0.594,0.289,3,-13.348,1,0.0339,0.887,0.00537,0.108,0.0907,108.002,4
spotify:track:48HT7Zzd3We4ZjG82lsbdK,"Arms","On the Train Ride Home","The Paper Kites",2018-04-18,203560,0,false,ykxuknpdqe4vrfi4lrn2gb76p,2026-05-31T12:37:52Z,"indie folk","Nettwerk Records",0.41,0.141,2,-18.564,1,0.0337,0.931,0.0898,0.118,0.239,149.884,4
spotify:track:5ICghkv7yVWoLjzaOx4ltm,"I Need to Know","Conversations","Andrew & Veda",2017-11-28,174953,16,false,ykxuknpdqe4vrfi4lrn2gb76p,2026-05-31T12:37:52Z,"indie folk","Andrew & Veda",0.483,0.276,0,-16.733,0,0.0301,0.742,0.000372,0.104,0.485,161.017,4
spotify:track:5eNYumDY5PCXtKKJ0SWg2r,"Poison & Wine","Barton Hollow","The Civil Wars",2012-01-26,219466,50,false,ykxuknpdqe4vrfi4lrn2gb76p,2026-05-31T12:37:52Z,"southern gothic","Columbia",0.285,0.186,1,-12.729,1,0.0288,0.76,0.000073,0.104,0.203,153.848,4
spotify:track:4A9HqkO1fCzK1svUznrfKe,"The Deepest of Blues","Best Indie Folk of 2022, Vol. 2","Jordan Smith Reynolds",2022-12-27,208781,11,false,ykxuknpdqe4vrfi4lrn2gb76p,2026-05-31T12:37:52Z,"indie folk,southern gothic","Indie Folk Central",0.536,0.396,3,-13.591,1,0.0506,0.746,0.00107,0.389,0.339,75.041,1
spotify:track:5KmYZuc5ZaB4OD96fK1ZdZ,"Haven (from Life Is Strange)","Haven (from Life Is Strange)","Novo Amor",2021-09-10,172500,35,false,ykxuknpdqe4vrfi4lrn2gb76p,2026-05-31T12:37:52Z,"ambient folk","AllPoints",0.556,0.261,4,-11.668,1,0.0289,0.797,0.016,0.0893,0.219,110.841,4
spotify:track:6MnoUi2hwQQvkDDLPZUz7w,"Perfect Life","Perfect Life","Twin Tacoma",2018-02-23,145359,39,false,ykxuknpdqe4vrfi4lrn2gb76p,2026-05-31T12:37:52Z,"indie folk","Brading Records",0.409,0.284,5,-14.192,1,0.037,0.918,0.00214,0.131,0.4,110.14,4
spotify:track:0QJsWuB8dENFShWP4ZsgjK,"Runaway","Runaway","Jamie Yost",2018-11-16,275102,17,false,ykxuknpdqe4vrfi4lrn2gb76p,2026-05-31T12:37:52Z,"indie folk","Jamie Yost",0.637,0.316,4,-11.911,1,0.0305,0.301,0.00754,0.0951,0.207,122.852,4
spotify:track:7nrcOd9UygzKEf8RsfKbNN,"Better Part of Me","Better Part of Me","SYML;Sara Watkins",2022-11-25,226146,0,false,ykxuknpdqe4vrfi4lrn2gb76p,2026-05-31T12:37:52Z,"newgrass,bluegrass,christian bluegrass,americana","Nettwerk Music Group",0.394,0.223,6,-12.929,1,0.0352,0.794,0.000592,0.122,0.312,172.711,3
spotify:track:2vTRtqJiRpWulVrweTTPVs,"Weathering","Weathering","Lucas Laufen",2022-05-13,251352,38,false,ykxuknpdqe4vrfi4lrn2gb76p,2026-05-31T12:37:52Z,"indie folk","Embassy of Music",0.596,0.208,3,-15.072,1,0.0376,0.906,0.559,0.12,0.203,150.025,3
spotify:track:6AxwRtVRn8GIT4e2vIVgXe,"Maria","Best Indie Folk of 2021, Vol. 1","Frances Luke Accord",2021-12-27,136070,11,false,ykxuknpdqe4vrfi4lrn2gb76p,2026-05-31T12:37:52Z,"indie folk,ambient folk,acoustic pop","Indie Folk Central",0.589,0.282,8,-14.658,1,0.0381,0.843,0.053,0.131,0.301,96.993,4
spotify:track:1D2bwibwzhgdtd4XOEay8Y,"Falling","Falling","Ryan Harris",2023-05-12,151799,46,false,ykxuknpdqe4vrfi4lrn2gb76p,2026-05-31T12:37:52Z,"indie folk","Whitegold Records",0.731,0.512,7,-12.201,1,0.032,0.622,0.709,0.116,0.411,121.973,4
spotify:track:5konH7rdToTphPnOxAyUiM,"Home Is Where the Heart Is","Home Is Where The Heart Is","Ramon Mirabet",2016-07-01,193840,39,false,ykxuknpdqe4vrfi4lrn2gb76p,2026-05-31T12:37:52Z,"","2016 Ramon Mirabet",0.5,0.769,5,-7.014,1,0.0347,0.0137,0,0.179,0.521,130.04,4
spotify:track:2tST3YAxPS9oTdQwFIQK1g,"All I Know","Best Indie Folk of 2023, Vol. 2 (Indie Folk Central)","Dom Malin",2023-12-27,251020,10,false,ykxuknpdqe4vrfi4lrn2gb76p,2026-05-31T12:37:52Z,"indie folk","Indie Folk Central",0.509,0.365,2,-12.795,1,0.0302,0.929,0.0764,0.128,0.117,86.94,4
spotify:track:1TDKNDMFsFCWJneWAmjLRm,"Untamed","Before the Bridge","Eddie Berman",2017-09-01,238213,0,false,ykxuknpdqe4vrfi4lrn2gb76p,2026-05-31T12:37:52Z,"","Nettwerk Records",0.397,0.264,4,-11.396,1,0.029,0.784,0.176,0.113,0.0857,90.771,4
spotify:track:5bWDQZpEhM7byGJUJa4Vi3,"As You Go","Best Indie Folk of 2020, Vol. 1","Jordy Maxwell",2020-12-27,180533,15,false,ykxuknpdqe4vrfi4lrn2gb76p,2026-05-31T12:37:52Z,"","Indie Folk Central",0.404,0.162,4,-16.553,1,0.0334,0.818,0.000823,0.0975,0.281,109.389,4
spotify:track:0f3gP4oNXbMWBqt6zOH33z,"At the End","Best Indie Folk of 2021, Vol. 1","Isaac Chan",2021-12-27,226480,11,false,ykxuknpdqe4vrfi4lrn2gb76p,2026-05-31T12:37:52Z,"indie folk","Indie Folk Central",0.622,0.34,4,-13.227,1,0.0353,0.899,0.000985,0.109,0.189,127.031,4
spotify:track:6YUK2Pb8tM5j9yreLATCKt,"Here, Right Now","Here, Right Now","Joshua Radin",2019-07-12,183213,0,false,ykxuknpdqe4vrfi4lrn2gb76p,2026-05-31T12:37:52Z,"","Nettwerk Records",0.496,0.391,10,-9.844,1,0.0311,0.826,0.0126,0.108,0.492,108.868,4
spotify:track:3W75Im0s7rtEYj6aIQ4dhW,"The Philosopher","Best Indie Folk of 2023, Vol. 3 (Indie Folk Central)","Luna Keller",2023-12-27,219152,10,false,ykxuknpdqe4vrfi4lrn2gb76p,2026-05-31T12:37:52Z,"indie folk","Indie Folk Central",0.612,0.253,6,-13.16,1,0.0367,0.839,0,0.0875,0.149,117.934,4
spotify:track:58bpj8RFEtLO0hh55OHBpk,"When the Night Is All I See","Equinox","Black Oak",2016-05-13,212480,0,false,ykxuknpdqe4vrfi4lrn2gb76p,2026-05-31T12:37:52Z,"ambient folk,indie folk","Bellwether",0.545,0.409,11,-11.315,1,0.0285,0.652,0.0132,0.0904,0.354,76.989,5
spotify:track:1IfXnFwyT5cTykGq4evbCt,"For Now","For Now","The Passage North",2016-05-06,153289,14,false,ykxuknpdqe4vrfi4lrn2gb76p,2026-05-31T12:37:52Z,"indie folk","The Passage North",0.628,0.386,6,-10.701,1,0.0317,0.596,0,0.24,0.49,130.208,4
spotify:track:4LCOFsWBoBlGw3qf33dl5V,"Bows","Bows","Covey",2016-07-01,220000,44,false,ykxuknpdqe4vrfi4lrn2gb76p,2026-05-31T12:37:52Z,"","Covey",0.482,0.42,0,-9.951,1,0.0296,0.931,0.663,0.105,0.107,119.975,4
spotify:track:6qSVqI6lxLX7xgg6mOgLMF,"Promise","Every Kingdom (Deluxe Edition)","Ben Howard",2011-01-01,384080,26,false,ykxuknpdqe4vrfi4lrn2gb76p,2026-05-31T12:37:52Z,"indie folk,folk pop","Universal-Island Records Ltd.",0.367,0.189,2,-15.736,1,0.0384,0.889,0.428,0.364,0.177,156.643,4
spotify:track:0DSI12pQyte62u0fnIQp3o,"Into the Unknown","Growth","Postcards From Mars",2016-04-08,220535,21,false,ykxuknpdqe4vrfi4lrn2gb76p,2026-05-31T12:37:52Z,"indie folk","Postcards From Mars",0.666,0.333,1,-14.316,1,0.0316,0.859,0.00534,0.125,0.383,124.945,4
spotify:track:2telVUX3CDA5b4Mm8DAZSK,"Far Again","Far Again","Declan Ryan",2022-03-11,183348,19,false,ykxuknpdqe4vrfi4lrn2gb76p,2026-05-31T12:37:52Z,"indie folk","Declan Ryan",0.525,0.512,4,-11.863,1,0.0391,0.877,0.0266,0.379,0.287,86.456,4
spotify:track:5wQci5VCUjdbKnRD61XYwu,"The Flood","In Deepest Blue (Bonus Track Version)","Joshua Hyslop",2016-10-21,261640,51,false,ykxuknpdqe4vrfi4lrn2gb76p,2026-05-31T12:37:52Z,"","Nettwerk Music Group",0.577,0.446,6,-11.343,1,0.0313,0.554,0.0782,0.116,0.262,81.005,4
spotify:track:09i7dhSDa2PW1Fdj3Sc6b1,"Beauty in the Sadness","Best of 2025 (Indie Folk Central)","Jessie Reid",2025-12-26,256463,11,false,ykxuknpdqe4vrfi4lrn2gb76p,2026-05-31T12:37:52Z,"indie folk","Indie Folk Central",0.285,0.343,9,-12.916,1,0.0618,0.844,0.00523,0.116,0.164,54.354,4
spotify:track:2TNbuPA92haeSLL84m2faS,"It Feels Like the Other Day","Best Indie Folk of 2020, Vol. 3","Ian Randall Thornton",2020-12-27,256170,12,false,ykxuknpdqe4vrfi4lrn2gb76p,2026-05-31T12:37:52Z,"","Indie Folk Central",0.551,0.292,8,-16.146,1,0.0312,0.876,0.414,0.0984,0.441,107.961,4
spotify:track:4Bn7DWe9pH2iM5gTpSaC0r,"Breathe In, Breathe Out","Breathe In, Breathe Out","Allman Brown",2023-09-08,233293,15,false,ykxuknpdqe4vrfi4lrn2gb76p,2026-05-31T12:37:52Z,"","Nettwerk Music Group",0.656,0.596,0,-11.124,1,0.0288,0.228,0.0301,0.125,0.619,159.961,4
spotify:track:1hH8pM8m5vPOFqNkZdqfZd,"ready now","ready now","Amistat",2022-03-25,176567,54,false,ykxuknpdqe4vrfi4lrn2gb76p,2026-05-31T12:37:52Z,"indie folk","Nettwerk Music Group",0.66,0.366,5,-14.783,0,0.171,0.638,0.0441,0.0978,0.0377,160.111,4
spotify:track:0OwoAzOM3ULaLoiYpC5axn,"Home","English Rain","Gabrielle Aplin",2013-05-13,249386,53,false,ykxuknpdqe4vrfi4lrn2gb76p,2026-05-31T12:37:52Z,"","WM UK",0.403,0.29,2,-10.262,1,0.0328,0.757,0,0.0972,0.248,139.482,4
spotify:track:5dQ3V2ZuPf3UiBY4qlpb4K,"Brave","Foundation","Riley Pearce",2025-06-27,247793,11,false,ykxuknpdqe4vrfi4lrn2gb76p,2026-05-31T12:37:52Z,"","Nettwerk Music Group",0.515,0.409,4,-10.588,0,0.0301,0.569,0.00237,0.153,0.227,115.917,4
spotify:track:2ZcfGD6RjYrOvgGjCkt1DZ,"Paint","Best Indie Folk of 2021, Vol. 4","Lawson Hull;Lily Kershaw",2021-12-27,271790,11,false,ykxuknpdqe4vrfi4lrn2gb76p,2026-05-31T12:37:52Z,"indie folk","Indie Folk Central",0.668,0.609,6,-8.561,1,0.0418,0.292,0.0000365,0.142,0.332,112.954,4
spotify:track:5162TbRdE10dMwToCsKa7J,"Worry","Worry","Roses & Revolutions;Tom Speight",2022-04-01,161253,21,false,ykxuknpdqe4vrfi4lrn2gb76p,2026-05-31T12:37:52Z,"","Nettwerk Music Group",0.495,0.347,8,-10.984,1,0.027,0.507,0.0000614,0.0618,0.264,88.058,4
spotify:track:19F9zI5CTg1MZAVMA9EQ5P,"Never Alone","Never Alone","Garrett Kato;Elina",2023-05-05,143560,42,false,ykxuknpdqe4vrfi4lrn2gb76p,2026-05-31T12:37:52Z,"","Nettwerk Music Group",0.653,0.243,5,-15.268,1,0.0303,0.884,0.00131,0.118,0.479,105.025,4
spotify:track:2oSROoJ1KZfAblqjemirxw,"Disappearing Light","Best Indie Folk of 2021, Vol. 4","Garrett Kato",2021-12-27,222213,12,false,ykxuknpdqe4vrfi4lrn2gb76p,2026-05-31T12:37:52Z,"","Indie Folk Central",0.593,0.322,10,-13.804,1,0.0305,0.831,0.00095,0.114,0.341,146.857,4
spotify:track:7k72bd7LDOOJSY0uIQgxE1,"Weeds","Weeds","Handsome Ghost",2020-07-24,253670,0,false,ykxuknpdqe4vrfi4lrn2gb76p,2026-05-31T12:37:52Z,"","Photo Finish Records",0.579,0.325,0,-9.835,1,0.0284,0.721,0.00000224,0.403,0.428,79.985,4
spotify:track:5ZRD69032HT3V90sXeTvgy,"The First Snow in Years","The First Snow in Years","Richard Walters",2017-12-15,187980,0,false,ykxuknpdqe4vrfi4lrn2gb76p,2026-05-31T12:37:52Z,"","Pilotlights Music",0.408,0.19,0,-12.941,0,0.0354,0.947,0.000109,0.0943,0.261,113.118,4
spotify:track:21xRlfE6OjTAFQ4wd9u8IU,"Girl - Acoustic","Girl (Acoustic)","SYML",2018-08-17,211881,0,false,ykxuknpdqe4vrfi4lrn2gb76p,2026-05-31T12:37:52Z,"","Nettwerk Records",0.413,0.272,1,-11.568,1,0.0317,0.945,0.0279,0.112,0.355,109.69,4
spotify:track:2Kik93LzYWedRq41pH6eDN,"Collide","Collide","Tom Speight",2018-10-05,187149,0,false,ykxuknpdqe4vrfi4lrn2gb76p,2026-05-31T12:37:52Z,"","Tom Speight Music",0.592,0.533,4,-9.749,1,0.0339,0.618,0.0117,0.0588,0.205,96.363,4
spotify:track:0mE8ygRtrDryMZZaN7JbHM,"I Don't Know Why","Best Indie Folk of 2022, Vol. 2","Sunflower Thieves",2022-12-27,204293,11,false,ykxuknpdqe4vrfi4lrn2gb76p,2026-05-31T12:37:52Z,"indie folk","Indie Folk Central",0.604,0.306,1,-13.413,0,0.0396,0.869,0.00206,0.106,0.184,89.976,4
spotify:track:0zXQsbApYHId2WhcjygBiT,"Coming Home","The Ghost in Your Smile","Jarle Skavhellen",2018-05-11,279226,0,false,ykxuknpdqe4vrfi4lrn2gb76p,2026-05-31T12:37:52Z,"folk pop,indie folk","Nettwerk Records",0.331,0.437,0,-11.488,1,0.0332,0.6,0.75,0.138,0.104,114.84,4
spotify:track:3P6fiFnHTkaryP2WmwV6Ch,"Answers","Answers","The Franklin Electric",2022-05-06,167732,42,false,ykxuknpdqe4vrfi4lrn2gb76p,2026-05-31T12:37:52Z,"indie québécois,indie folk","Nettwerk Music Group",0.406,0.423,1,-11.508,0,0.057,0.803,0,0.068,0.714,106.526,4
spotify:track:72jCfaysKejfSmAF001IZ0,"Lake","Best Indie Folk of 2020, Vol. 1","Jesper Hasnaoui",2020-12-27,192000,14,false,ykxuknpdqe4vrfi4lrn2gb76p,2026-05-31T12:37:52Z,"indie folk","Indie Folk Central",0.244,0.333,0,-12.67,1,0.036,0.889,0.0552,0.0821,0.256,171.176,4
spotify:track:7gssKF1R5EclIP8Izaxcle,"Habit","Habit","Riley Pearce;MADDY MAY",2023-03-17,211994,33,false,ykxuknpdqe4vrfi4lrn2gb76p,2026-05-31T12:37:52Z,"indie folk","Nettwerk Music Group",0.577,0.372,4,-12.169,1,0.0382,0.882,0.0000037,0.104,0.273,87.87,4
spotify:track:7iN8CfZik783whFkNcGqcT,"When I Find You","Best Indie Folk of 2023, Vol. 1 (Indie Folk Central)","We Are All Fossils;Tasha Robertson",2023-12-27,154903,10,false,ykxuknpdqe4vrfi4lrn2gb76p,2026-05-31T12:37:52Z,"indie folk","Indie Folk Central",0.55,0.396,0,-11.907,1,0.0271,0.461,0.0105,0.104,0.261,87.951,4
spotify:track:5g7rJvWYVrloJZwKiShqlS,"Dirty Paws","My Head Is An Animal","Of Monsters and Men",2012-01-01,278373,74,false,ykxuknpdqe4vrfi4lrn2gb76p,2026-05-31T12:37:52Z,"folk pop","Universal Records",0.359,0.649,3,-7.06,1,0.0349,0.107,0.0124,0.0555,0.133,111.709,4
spotify:track:1D05w2PRA8EYytF3mZGFuM,"Hollow","Grief & Loss: Sad & Melancholic Indie Folk","We Are All Fossils",2024-04-15,187207,14,false,ykxuknpdqe4vrfi4lrn2gb76p,2026-05-31T12:37:52Z,"indie folk","Indie Folk Central",0.386,0.42,9,-13.28,0,0.0417,0.354,0.0187,0.12,0.481,117.303,5
spotify:track:4WljSwHUbcfeCR6bo1U1k8,"Jump in the River","Best of 2025 (Indie Folk Central)","Lucie Glang",2025-12-26,156961,10,false,ykxuknpdqe4vrfi4lrn2gb76p,2026-05-31T12:37:52Z,"indie folk","Indie Folk Central",0.544,0.421,10,-11.585,0,0.0361,0.11,0.0000378,0.103,0.283,101.242,4
spotify:track:3Biz0V8yJtUVtjtq3tlZs6,"Turpentine","Best Indie Folk of 2023, Vol. 3 (Indie Folk Central)","Kaeley Jade",2023-12-27,193133,10,false,ykxuknpdqe4vrfi4lrn2gb76p,2026-05-31T12:37:52Z,"indie folk","Indie Folk Central",0.566,0.395,10,-8.294,1,0.0284,0.764,0,0.356,0.349,92.047,4
spotify:track:3onEHDb6c8hQBxqa1OIPaL,"racing raindrops","Best Indie Folk of 2022, Vol. 2","Lexie Carroll",2022-12-27,216986,11,false,ykxuknpdqe4vrfi4lrn2gb76p,2026-05-31T12:37:52Z,"","Indie Folk Central",0.534,0.227,0,-13.823,1,0.0422,0.783,0.0286,0.174,0.416,100.325,4
spotify:track:0vyc9xaz0TaDicl4F2AuQQ,"Life We've Built","Life We've Built","Portair;Emily James",2022-12-02,229411,35,false,ykxuknpdqe4vrfi4lrn2gb76p,2026-05-31T12:37:52Z,"pop singer-songwriter","Nettwerk Music Group",0.41,0.299,2,-12.212,1,0.0331,0.817,0.00829,0.115,0.346,153.211,3
spotify:track:4J9NLppD0cUtRWmJUmK9MZ,"Lost by the Sea","Best Indie Folk of 2023, Vol. 2 (Indie Folk Central)","Fabian Kuhn",2023-12-27,275411,10,false,ykxuknpdqe4vrfi4lrn2gb76p,2026-05-31T12:37:52Z,"indie folk","Indie Folk Central",0.61,0.648,4,-8.758,1,0.0322,0.447,0.00125,0.109,0.393,116.967,4
spotify:track:4FPTwDfFHaPgLP6ACaqgpr,"Jakarta","Jakarta","Daniel Blake",2021-04-02,258366,20,false,ykxuknpdqe4vrfi4lrn2gb76p,2026-05-31T12:37:52Z,"","Daniel Blake",0.51,0.564,0,-10.435,1,0.0314,0.627,0.223,0.0811,0.397,84.875,4
spotify:track:0tPZmPSh0JIAYnIuBcZRiG,"Sea Without Blue","Avonlea","Ross Newhouse",2022-09-09,202002,12,false,ykxuknpdqe4vrfi4lrn2gb76p,2026-05-31T12:37:52Z,"indie folk","Ross Newhouse / Canvas Music Distribution",0.575,0.731,3,-7.935,1,0.0291,0.426,0.00463,0.232,0.494,97.976,4
spotify:track:2bilk7H8udVCkLckLdkOZy,"Home","Home","Amarante",2018-03-09,289124,20,false,ykxuknpdqe4vrfi4lrn2gb76p,2026-05-31T12:37:52Z,"","Indie Drop Records",0.247,0.436,9,-12.239,0,0.0315,0.535,0.00218,0.351,0.211,159.992,3
spotify:track:2zOMDIdNamKErMZyohLzif,"Only You","Only You","The Boy and His Dog",2018-01-18,193607,13,false,ykxuknpdqe4vrfi4lrn2gb76p,2026-05-31T12:37:52Z,"indie folk","589706 Records DK",0.623,0.153,7,-16.707,1,0.0345,0.931,0.161,0.093,0.0941,116.113,3
spotify:track:31uWQQUnlIUqrkuzrsbUBF,"Here We Stay","Here We Stay","Harry Pane",2017-11-03,223271,0,false,ykxuknpdqe4vrfi4lrn2gb76p,2026-05-31T12:37:52Z,"indie folk","Harry Pane",0.471,0.429,0,-7.84,1,0.0277,0.354,0.000165,0.138,0.128,79.885,4
spotify:track:3ANAhDHSboGe2otkUB7PMj,"Here to Stay","Best Indie Folk of 2023, Vol. 1 (Indie Folk Central)","Cole Scheifele",2023-12-27,138416,10,false,ykxuknpdqe4vrfi4lrn2gb76p,2026-05-31T12:37:52Z,"indie folk","Indie Folk Central",0.405,0.255,0,-15.66,1,0.0375,0.828,0.392,0.141,0.405,169.972,3
spotify:track:4VlMnaqCXG8aujZ1K4ihBe,"St. Clements","Best Indie Folk of 2023, Vol. 1 (Indie Folk Central)","Gallipoli",2023-12-27,223770,10,false,ykxuknpdqe4vrfi4lrn2gb76p,2026-05-31T12:37:52Z,"","Indie Folk Central",0.209,0.436,5,-10.661,1,0.0355,0.171,0.358,0.0761,0.0937,164.155,3
spotify:track:5WtTtI58WmkhbO2X1RpdsD,"Hopes - Alternative Version","Let Go (Alternative Versions)","Jolé;Rosie H Sullivan",2023-09-15,205042,42,false,ykxuknpdqe4vrfi4lrn2gb76p,2026-05-31T12:37:52Z,"indie folk","Nettwerk Music Group",0.43,0.354,1,-11.302,1,0.0291,0.828,0.000111,0.097,0.388,179.694,3
spotify:track:6YV9Ci9r6Gup1l0Ea469aC,"Give Me Light","Give Me Light","Marti West",2019-07-26,226000,0,false,ykxuknpdqe4vrfi4lrn2gb76p,2026-05-31T12:37:52Z,"indie folk","Marti West",0.579,0.266,5,-18.156,0,0.0358,0.954,0.807,0.11,0.324,115.87,4
spotify:track:172b4A9Np8eWjVJtCgzYP7,"Whistleblower","Whistleblower","Tim the Lion Tamer",2018-10-19,276750,37,false,ykxuknpdqe4vrfi4lrn2gb76p,2026-05-31T12:37:52Z,"indie folk","Tim the Lion Tamer",0.619,0.395,2,-15.16,1,0.04,0.726,0.0988,0.0911,0.279,102.079,4
spotify:track:7rsTP6MbfJqXT11RiDDo5a,"You and I","You and I","SYML;Charlotte Lawrence",2022-05-06,193133,0,false,ykxuknpdqe4vrfi4lrn2gb76p,2026-05-31T12:37:52Z,"","Nettwerk Music Group",0.725,0.273,5,-10.261,1,0.0273,0.907,0,0.0925,0.436,99.921,4
spotify:track:23bhjNyuYOX5k2vb2wXx6e,"Our Love's Funeral","Our Love's Funeral","Racoon Racoon",2016-12-16,165320,0,false,ykxuknpdqe4vrfi4lrn2gb76p,2026-05-31T12:37:52Z,"","Bramar Records",0.634,0.245,2,-10.84,1,0.0306,0.754,0.00029,0.0914,0.152,98.901,4
spotify:track:10UTmRvoroe6eZ3ViwkpbN,"Simply The Best","Simply The Best","Billianne",2022-02-25,173571,2,false,ykxuknpdqe4vrfi4lrn2gb76p,2026-05-31T12:37:52Z,"","SELENE",0.593,0.193,11,-11.81,1,0.0378,0.943,0.0000479,0.106,0.315,139.936,4
spotify:track:4ZOu9Nrpw1G6pOSGoXM7nv,"Little Tooth","Little Tooth","Joel Porter",2023-01-13,250807,20,false,ykxuknpdqe4vrfi4lrn2gb76p,2026-05-31T12:37:52Z,"","Independent",0.654,0.447,8,-14.246,1,0.0475,0.794,0.345,0.153,0.608,92.938,4
spotify:track:2niy1TYOpHQqLsVtn7BPl1,"Strange Weather","Strange Weather","Luke Sital-Singh",2023-02-24,230008,16,false,ykxuknpdqe4vrfi4lrn2gb76p,2026-05-31T12:37:52Z,"indie folk","Nettwerk Music Group",0.392,0.368,2,-10.984,1,0.0339,0.655,0.098,0.105,0.328,111.384,4
spotify:track:6msKAv0f6HNwiYEJ8o4J7t,"Roaming","Honey Waits","Keilan Creech",2017-11-17,232105,22,false,ykxuknpdqe4vrfi4lrn2gb76p,2026-05-31T12:37:52Z,"folk pop","Keilan Creech",0.342,0.336,10,-12.889,1,0.0318,0.908,0.000997,0.106,0.289,76.199,4
spotify:track:2cKkrmxMN82XxLstzUOTIY,"Imaginary Dragon","Leaps and Beats","Foreign Dog",2017-06-30,292246,19,false,ykxuknpdqe4vrfi4lrn2gb76p,2026-05-31T12:37:52Z,"indie folk","Canine Abroad",0.58,0.43,4,-10.495,1,0.0275,0.666,0.000036,0.105,0.628,143.936,4
spotify:track:2PacNwpv3lcmZozJ0mjuAB,"Sun Paints the Sea","Morning Light","The Light The Heat",2022-09-30,185000,33,false,ykxuknpdqe4vrfi4lrn2gb76p,2026-05-31T12:37:52Z,"","Nettwerk Music Group",0.395,0.594,5,-7.714,1,0.0285,0.0793,0.00000295,0.145,0.427,92.909,4
spotify:track:3HzVDoiZWZbDBgzyjH3sTO,"Sea Creatures","Best Indie Folk of 2020, Vol. 2","Axel Flóvent",2020-12-27,256394,14,false,ykxuknpdqe4vrfi4lrn2gb76p,2026-05-31T12:37:52Z,"indie folk","Indie Folk Central",0.498,0.231,10,-13.541,0,0.0293,0.789,0.68,0.107,0.0888,72.576,4
spotify:track:0eXf1Jmc2etXpzlt3dCh9d,"The Oceans","Best Indie Folk of 2021, Vol. 4","Davis John Patton",2021-12-27,204973,12,false,ykxuknpdqe4vrfi4lrn2gb76p,2026-05-31T12:37:52Z,"ambient folk,indie folk","Indie Folk Central",0.579,0.319,2,-12.94,1,0.0288,0.87,0.00206,0.113,0.41,79.942,4
spotify:track:0xDGCGVWoCF4bsbgikJ8nv,"Home by 5","Home by 5","Jarle Skavhellen",2019-11-08,241206,0,false,ykxuknpdqe4vrfi4lrn2gb76p,2026-05-31T12:37:52Z,"folk pop,indie folk","Nettwerk Records",0.688,0.257,0,-15.102,1,0.0386,0.759,0.135,0.0942,0.34,121.752,4
spotify:track:1RvL8ufvzmXE7HElKziPsz,"Wherever You Are, That's My Home","Best Indie Folk of 2021, Vol. 3","Zander Rhodes",2021-12-27,192773,10,false,ykxuknpdqe4vrfi4lrn2gb76p,2026-05-31T12:37:52Z,"indie folk","Indie Folk Central",0.58,0.51,9,-9.714,1,0.0248,0.711,0.000141,0.0968,0.333,90.016,4
spotify:track:2Nur2UzbP0TYyO0ZkvN2Rh,"Wild, Wild Heart","Best Indie Folk of 2020, Vol. 2","Last Year's Man;Field Report",2020-12-27,235013,13,false,ykxuknpdqe4vrfi4lrn2gb76p,2026-05-31T12:37:52Z,"indie folk","Indie Folk Central",0.36,0.289,4,-14.136,1,0.0472,0.926,0.00231,0.0938,0.193,179.807,4
spotify:track:5onRvC63qOR26UPrRJ4SAD,"Time to Go","Firesale","Timid, the Brave",2017-02-24,270018,15,false,ykxuknpdqe4vrfi4lrn2gb76p,2026-05-31T12:37:52Z,"indie folk","Other Songs Music Co.",0.583,0.261,6,-15.069,1,0.0302,0.576,0.0361,0.082,0.0965,131.991,4
spotify:track:6BZ2Vb2WF8ZGq4sg8RevGC,"Mountains","Coastline","Jesse Taylor",2017-08-25,236000,0,false,ykxuknpdqe4vrfi4lrn2gb76p,2026-05-31T12:37:52Z,"indie folk","Jesse Taylor",0.54,0.499,7,-12.548,1,0.0292,0.249,0.309,0.0606,0.0389,110.059,4
spotify:track:51lPu5Na5mBejwNNq19Y5l,"Ferris Wheel","Best Indie Folk of 2020, Vol. 1","Canyon City",2020-12-27,234520,16,false,ykxuknpdqe4vrfi4lrn2gb76p,2026-05-31T12:37:52Z,"","Indie Folk Central",0.298,0.155,7,-15.971,1,0.0348,0.841,0.0000103,0.138,0.093,187.439,4
spotify:track:5hE3fiTGjn4DKdseZDP8m9,"Watercolour","Best Indie Folk of 2021, Vol. 2","Kelly Elizabeth",2021-12-27,154734,11,false,ykxuknpdqe4vrfi4lrn2gb76p,2026-05-31T12:37:52Z,"indie folk","Indie Folk Central",0.591,0.399,7,-11.796,1,0.0301,0.698,0.000632,0.135,0.396,98.112,4
spotify:track:5DPiNyeG9A1crGPCpfn7tw,"Orange Avenue","Orange Avenue - EP","Ben Reneer;Katie Lee Cragun",2017-06-07,219500,0,false,ykxuknpdqe4vrfi4lrn2gb76p,2026-05-31T12:37:52Z,"indie folk","Ben Reneer",0.435,0.245,3,-14.425,1,0.035,0.814,0.00417,0.109,0.141,82.632,4
spotify:track:2vwGjgSvEZQ0zO3e5qPb7z,"Perfect Day","Perfect Day","Michael Benjamin;Lisa Ritchie",2023-02-24,215013,11,false,ykxuknpdqe4vrfi4lrn2gb76p,2026-05-31T12:37:52Z,"indie folk","Michael Benjamin",0.508,0.212,10,-15.757,1,0.0321,0.898,0.00111,0.11,0.553,93.252,4
spotify:track:4yTPNM1zzJ5y5ri0pzA2iH,"Highway","The Other Side","Dawn and Hawkes",2018-07-06,233255,13,false,ykxuknpdqe4vrfi4lrn2gb76p,2026-05-31T12:37:52Z,"","Dawn and Hawkes",0.47,0.311,7,-12.236,1,0.0319,0.784,0.00432,0.102,0.0539,93.5,4
spotify:track:0zbJ9pMbVJihqkfxZe1XrF,"Fill","Best Indie Folk of 2021, Vol. 2","Jason Piquette",2021-12-27,150957,11,false,ykxuknpdqe4vrfi4lrn2gb76p,2026-05-31T12:37:52Z,"indie folk","Indie Folk Central",0.495,0.3,4,-13.693,1,0.0288,0.816,0.0364,0.113,0.417,128.779,4
spotify:track:4KDRwjqNqymnCqmeYTQ2c3,"Wander On","Wander On","Reddening West",2019-03-22,149501,14,false,ykxuknpdqe4vrfi4lrn2gb76p,2026-05-31T12:37:52Z,"indie folk","Reddening West",0.561,0.316,2,-15.134,1,0.0306,0.917,0.206,0.0984,0.394,81.961,4
spotify:track:5ZUnTLgmih1UN1ZP9FCHOp,"Fletcher Bay","Fletcher Bay","Harry Pane",2017-03-03,190133,0,false,ykxuknpdqe4vrfi4lrn2gb76p,2026-05-31T12:37:52Z,"indie folk","Harry Pane",0.561,0.396,1,-11.19,1,0.0414,0.779,0.00000142,0.249,0.53,85.75,4
spotify:track:0PWkrXujBAAfwlPtkeBkeO,"Chip Clip","Best Indie Folk of 2022, Vol. 2","Swirlhood",2022-12-27,169226,11,false,ykxuknpdqe4vrfi4lrn2gb76p,2026-05-31T12:37:52Z,"indie folk","Indie Folk Central",0.635,0.182,3,-14.261,0,0.0289,0.919,0.000493,0.0928,0.104,129.73,4
spotify:track:0Ff2ltrgOMd3IVNJRnD4PD,"I'm Different Now","I'm Different Now","Rosie Darling",2023-10-13,189506,22,false,ykxuknpdqe4vrfi4lrn2gb76p,2026-05-31T12:37:52Z,"","Nettwerk Music Group",0.78,0.369,11,-10.218,1,0.046,0.833,0.00000869,0.226,0.778,109.933,4
spotify:track:3jVyVf7ep0xaK94L2zskb9,"No Place In Mind","High Tide","Justin Nozuka",2017-09-22,284038,0,false,ykxuknpdqe4vrfi4lrn2gb76p,2026-05-31T12:37:52Z,"","Glassnote Entertainment Group LLC",0.456,0.436,4,-9.563,1,0.0334,0.737,0.0000239,0.092,0.2,85.49,4
spotify:track:6YGJzOzlN3C3owbfe7kyrq,"I've Got You","Best Indie Folk of 2020, Vol. 3","Jessie Reid",2020-12-27,156160,13,false,ykxuknpdqe4vrfi4lrn2gb76p,2026-05-31T12:37:52Z,"indie folk","Indie Folk Central",0.608,0.401,8,-8.874,1,0.0269,0.881,0.00312,0.199,0.378,116.008,4
spotify:track:5zezPjhv6piyXqF1G6kZ2U,"Clever One","The Road Ahead Is Golden","Jon and Roy",2017-06-09,202057,0,false,ykxuknpdqe4vrfi4lrn2gb76p,2026-05-31T12:37:52Z,"indie folk","Filter Records Alternative a Division of Filter Music Group",0.681,0.397,5,-15.311,1,0.0352,0.951,0.787,0.105,0.472,114.959,3
spotify:track:4FuBIkfhZMoRgrDiHL6TYG,"Naked as We Came","Our Endless Numbered Days","Iron & Wine",2004-03-23,152613,41,false,ykxuknpdqe4vrfi4lrn2gb76p,2026-05-31T12:37:52Z,"indie folk","Sub Pop Records",0.386,0.205,4,-16.699,1,0.0366,0.653,0.0448,0.106,0.623,172.373,4
spotify:track:0yZRPJkUmze3qYNF9zPZ8K,"Hand in Hand","Best Indie Folk of 2020, Vol. 3","Barry Carroll",2020-12-27,199520,12,false,ykxuknpdqe4vrfi4lrn2gb76p,2026-05-31T12:37:52Z,"indie folk","Indie Folk Central",0.506,0.385,1,-16.402,1,0.0319,0.582,0.911,0.0918,0.57,87.471,4
spotify:track:7idwokjQnhm1H6zIxRIwQh,"Unfolding - Acoustic","Other Ways","Luca Fogale",2021-10-08,226843,0,false,ykxuknpdqe4vrfi4lrn2gb76p,2026-05-31T12:37:52Z,"","Amelia Recordings",0.479,0.298,3,-13.406,1,0.0324,0.91,0.00134,0.131,0.441,81.056,4
spotify:track:1Z1jMk4cza22H8QTP5Qpvx,"Paradise","Paradise","Daniel Trakell",2017-02-10,245226,20,false,ykxuknpdqe4vrfi4lrn2gb76p,2026-05-31T12:37:52Z,"indie folk","Del Grango Records",0.477,0.326,1,-10.632,0,0.0278,0.763,0.00265,0.0963,0.0693,136.227,4
spotify:track:7A56agXvt1jwE7ed73w7NO,"Marigold","Best Indie Folk of 2023, Vol. 2 (Indie Folk Central)","The Satellite Station;Wylder",2023-12-27,188613,10,false,ykxuknpdqe4vrfi4lrn2gb76p,2026-05-31T12:37:52Z,"indie folk,folk pop","Indie Folk Central",0.642,0.351,6,-11.883,1,0.0359,0.773,0.00000203,0.12,0.427,89.935,4
spotify:track:0ynph5sztLBR0AOtQHFOxw,"Still Be Here","Best Indie Folk of 2021, Vol. 1","Last Year's Man",2021-12-27,193738,10,false,ykxuknpdqe4vrfi4lrn2gb76p,2026-05-31T12:37:52Z,"indie folk","Indie Folk Central",0.557,0.435,4,-11.629,1,0.037,0.656,0.0000545,0.11,0.197,105.982,4
spotify:track:3j2SaDGyzZhiifh5g5tmNw,"Be Slow","Be Slow","Harrison Storm",2020-02-14,205286,63,false,ykxuknpdqe4vrfi4lrn2gb76p,2026-05-31T12:37:52Z,"indie folk","Nettwerk Music Group",0.586,0.437,4,-12.673,1,0.0326,0.786,0.00335,0.144,0.2,94.008,4
spotify:track:73EWPau4HCJc4Pra7cOYs6,"Love You've Lost","Best Indie Folk of 2020, Vol. 1","OSKA",2020-12-27,219642,14,false,ykxuknpdqe4vrfi4lrn2gb76p,2026-05-31T12:37:52Z,"","Indie Folk Central",0.585,0.558,11,-11.022,0,0.0498,0.57,0.00493,0.248,0.395,86.121,4
spotify:track:2rUkrIwnH5EwbkoxSLGNpR,"Hey Mister","Best Indie Folk of 2020, Vol. 3","RedFox",2020-12-27,229946,12,false,ykxuknpdqe4vrfi4lrn2gb76p,2026-05-31T12:37:52Z,"","Indie Folk Central",0.554,0.533,9,-10.819,1,0.0347,0.224,0.00337,0.101,0.112,109.909,4
spotify:track:1KlFxJ4ndfxpP1NoqRkIEg,"Frames","You and Me for Now","Austin Basham",2018-07-27,229200,0,false,ykxuknpdqe4vrfi4lrn2gb76p,2026-05-31T12:37:52Z,"indie folk","Nettwerk Records",0.544,0.672,1,-6.678,1,0.0305,0.422,0.0317,0.162,0.315,142.044,4
spotify:track:5GmMfIEX9wZkhYH5BoONAm,"Everything Hurts","Best Indie Folk of 2020, Vol. 2","N. Kerbin",2020-12-27,224571,12,false,ykxuknpdqe4vrfi4lrn2gb76p,2026-05-31T12:37:52Z,"indie folk","Indie Folk Central",0.47,0.242,5,-16.859,1,0.0378,0.936,0.331,0.101,0.114,139.696,4
spotify:track:0xt9HZ1JfgL1eyqtymBbBA,"Lavender Skies","Best Indie Folk of 2021, Vol. 2","Man On An Island",2021-12-27,283053,11,false,ykxuknpdqe4vrfi4lrn2gb76p,2026-05-31T12:37:52Z,"indie folk","Indie Folk Central",0.443,0.288,3,-15.384,1,0.028,0.935,0.0369,0.104,0.363,98.636,4
spotify:track:3LyIVfL6nJDAJIiEQCu3iM,"I'd Be a Fool","I'd Be a Fool","The Boy and His Dog",2018-04-17,213510,35,false,ykxuknpdqe4vrfi4lrn2gb76p,2026-05-31T12:37:52Z,"indie folk","589706 Records DK",0.661,0.491,2,-16.241,1,0.0411,0.491,0.648,0.133,0.218,93.956,4
spotify:track:3a9Bt31wzydJ1zK0rCfGKF,"17 Inside","17 Inside","Emmrose",2023-03-03,223962,0,false,ykxuknpdqe4vrfi4lrn2gb76p,2026-05-31T12:37:52Z,"","Emmrose / Groover Obsessions",0.483,0.425,7,-7.118,1,0.0423,0.515,0,0.166,0.246,173.984,4
spotify:track:6Ip5mixWP5HaFtESb0Pb3l,"hold on","Best Indie Folk of 2022, Vol. 1","sød ven",2022-12-27,207236,11,false,ykxuknpdqe4vrfi4lrn2gb76p,2026-05-31T12:37:52Z,"indie folk","Indie Folk Central",0.417,0.304,2,-11.809,1,0.0271,0.174,0.00000197,0.107,0.338,151.821,4
spotify:track:0Qumjt06GoLAFN84MiolUe,"Wilderness","Night and Day","Freyr;Austin Basham",2023-08-25,203063,40,false,ykxuknpdqe4vrfi4lrn2gb76p,2026-05-31T12:37:52Z,"indie folk","Nettwerk Music Group",0.729,0.393,4,-14.134,1,0.0332,0.799,0.0118,0.111,0.285,100.077,4
spotify:track:4V3rTqWRT3PsoY43g9LyPs,"Nomad Frays","The Nomad Frays EP","James Ollier",2019-01-18,334756,13,false,ykxuknpdqe4vrfi4lrn2gb76p,2026-05-31T12:37:52Z,"indie folk","KIROP RECORDS",0.516,0.243,5,-14.661,1,0.0301,0.846,0.00162,0.0948,0.241,154.993,4
spotify:track:2NtmgvClt1V6bETsKbBYD5,"The Bowery","Virtue","William Ryan Key",2018-11-30,238560,0,false,ykxuknpdqe4vrfi4lrn2gb76p,2026-05-31T12:37:52Z,"acoustic pop","William Ryan Key",0.356,0.498,4,-10.38,1,0.0311,0.779,0.0000981,0.0971,0.181,84.173,4
spotify:track:0RpfOfNaBXpOHgp1ncv0d9,"Deep & Wild","Best Indie Folk of 2020, Vol. 2","The Sweeplings",2020-12-27,216223,12,false,ykxuknpdqe4vrfi4lrn2gb76p,2026-05-31T12:37:52Z,"","Indie Folk Central",0.688,0.192,0,-11.39,1,0.0292,0.766,0,0.12,0.171,105.935,4
spotify:track:1vbJwFfWsvNR4Qqrv67u5n,"Whisky & Blankets - Acoustic","Whisky & Blankets (A Tu Lado)","Stu Larsen",2019-11-01,348613,0,false,ykxuknpdqe4vrfi4lrn2gb76p,2026-05-31T12:37:52Z,"indie folk","Nettwerk Records",0.46,0.29,5,-10.541,1,0.0296,0.874,0,0.109,0.3,88.524,4
spotify:track:5BKnoL5FNlXdkuo0BwhTMj,"A Million Miles from Love","A Million Miles from Love","Lucas Laufen",2019-08-30,294855,11,false,ykxuknpdqe4vrfi4lrn2gb76p,2026-05-31T12:37:52Z,"indie folk","Embassy of Music",0.345,0.228,1,-16.17,0,0.0336,0.861,0.256,0.108,0.219,79.221,4
spotify:track:5aAp5XpButjMlrwnsntTd6,"On the Avenue","Best Indie Folk of 2022, Vol. 2","Hunter Metts",2022-12-27,208490,11,false,ykxuknpdqe4vrfi4lrn2gb76p,2026-05-31T12:37:52Z,"","Indie Folk Central",0.365,0.247,0,-12.409,1,0.0288,0.893,0.000115,0.101,0.102,147.96,3
spotify:track:7dld7rgICY8dTDN3r9WEzv,"You And Me","You And Me","Unknown Neighbour",2016-06-11,165810,25,false,ykxuknpdqe4vrfi4lrn2gb76p,2026-05-31T12:37:52Z,"indie folk","Unknown Neighbour",0.55,0.737,9,-6.971,1,0.0395,0.106,0.00463,0.144,0.42,156.204,4
spotify:track:1pZDDj7xhGT6EpzxB33T41,"I Don't Want to Let You Go","I Don't Want to Let You Go","Jordan Hart",2020-11-20,215685,17,false,ykxuknpdqe4vrfi4lrn2gb76p,2026-05-31T12:37:52Z,"","AllPoints/Believe",0.402,0.414,9,-12.696,1,0.0272,0.935,0.0156,0.102,0.327,84.002,4
spotify:track:6hVeLe6HYq2hjpvj8UyyeL,"Must've Been Wild","Best Indie Folk of 2020, Vol. 3","Fretland",2020-12-27,248240,12,false,ykxuknpdqe4vrfi4lrn2gb76p,2026-05-31T12:37:52Z,"","Indie Folk Central",0.511,0.084,1,-16.306,1,0.0346,0.925,0,0.118,0.219,158.019,4
spotify:track:2z23tkxwwIvNdF1bCNEPGy,"Just Remember","Best Indie Folk of 2023, Vol. 3 (Indie Folk Central)","CHPTRS",2023-12-27,191846,10,false,ykxuknpdqe4vrfi4lrn2gb76p,2026-05-31T12:37:52Z,"","Indie Folk Central",0.604,0.4,1,-12.455,1,0.0316,0.795,0.017,0.12,0.397,96.039,4
spotify:track:4wZ95oRXrL8NJVBdskHZEN,"Gathering the Pieces of a Broken Heart","Gathering the Pieces of a Broken Heart","The King's Parade",2016-04-29,209090,0,false,ykxuknpdqe4vrfi4lrn2gb76p,2026-05-31T12:37:52Z,"","The King's Parade",0.829,0.385,4,-6.995,1,0.0529,0.835,0,0.163,0.477,131.919,4
spotify:track:3G9ETaH55bMQx8hwNhAgbU,"The Stable Song","That Sea, The Gambler","Gregory Alan Isakov",2007-01-01,360933,69,false,ykxuknpdqe4vrfi4lrn2gb76p,2026-05-31T12:37:52Z,"indie folk,folk,folk pop","Suitcase Town Music",0.626,0.432,2,-11.948,1,0.0283,0.633,0.00239,0.127,0.361,137.93,4
spotify:track:3cim6SoqQ1MJ6neQFi4xIo,"Wolves","Cascades","August and After",2016-03-21,256500,0,false,ykxuknpdqe4vrfi4lrn2gb76p,2026-05-31T12:37:52Z,"indie folk","Spinnup",0.367,0.349,5,-10.822,1,0.0372,0.893,0.128,0.191,0.113,125.526,4
spotify:track:3E97tn823jYCFD3bqNjYlB,"Not Having Fun","Not Having Fun","Kate Gillespie",2018-07-06,194150,17,false,ykxuknpdqe4vrfi4lrn2gb76p,2026-05-31T12:37:52Z,"","Kate Gillespie",0.541,0.325,9,-9.421,1,0.0279,0.849,0.00000103,0.11,0.339,106.032,4
spotify:track:7dWHp7cExG7vL34i5v5hxC,"OK","OK","Canyon City",2019-10-18,212400,0,false,ykxuknpdqe4vrfi4lrn2gb76p,2026-05-31T12:37:52Z,"","Canyon City",0.489,0.183,0,-14.769,1,0.0333,0.907,0.0000384,0.106,0.487,79.682,4
spotify:track:2Izj5dE75A9sajnVkdspZK,"Hold On","Best Indie Folk of 2021, Vol. 3","Man On An Island",2021-12-27,310400,10,false,ykxuknpdqe4vrfi4lrn2gb76p,2026-05-31T12:37:52Z,"indie folk","Indie Folk Central",0.356,0.422,7,-13.783,1,0.0323,0.89,0.532,0.0902,0.306,129.309,4
spotify:track:7vy9uuwvMXSrXGiIsAUr6d,"Bethany","Bethany","Hayley Reardon",2019-01-25,171360,14,false,ykxuknpdqe4vrfi4lrn2gb76p,2026-05-31T12:37:52Z,"indie folk","Hayley Reardon",0.511,0.306,8,-10.749,1,0.0368,0.912,0.0000278,0.115,0.336,91.87,4
spotify:track:3E8BF1lEGIxC3mPKEmv5Xk,"Happy Ending","Best Indie Folk of 2023, Vol. 3 (Indie Folk Central)","Anelda",2023-12-27,226666,10,false,ykxuknpdqe4vrfi4lrn2gb76p,2026-05-31T12:37:52Z,"","Indie Folk Central",0.522,0.415,1,-11.23,1,0.0288,0.877,0.0301,0.0995,0.19,81.012,4
spotify:track:5zeQg9SPf06cpZkXZeF7Mw,"San Francisco","Vagabond","Stu Larsen",2014-07-11,246733,50,false,ykxuknpdqe4vrfi4lrn2gb76p,2026-05-31T12:37:52Z,"indie folk","Stu Larsen",0.501,0.414,2,-10.578,1,0.0319,0.413,0.000807,0.102,0.282,83.825,4
spotify:track:79yA5zeNwBjx0OQ5Yn9yNz,"The Days Don't Come Back","Best Indie Folk of 2020, Vol. 2","Matu",2020-12-27,186173,12,false,ykxuknpdqe4vrfi4lrn2gb76p,2026-05-31T12:37:52Z,"indie folk","Indie Folk Central",0.598,0.525,1,-11.441,0,0.0622,0.828,0.0000886,0.107,0.24,150.051,4
spotify:track:53x6UaVUbZ0j8skmChbQ3Z,"Forest Green","Best Indie Folk of 2020, Vol. 1","Aisha Badru",2020-12-27,219355,13,false,ykxuknpdqe4vrfi4lrn2gb76p,2026-05-31T12:37:52Z,"","Indie Folk Central",0.439,0.115,9,-14.433,1,0.0346,0.821,0.00000125,0.209,0.336,110.536,4
spotify:track:7HcdoBqOe7Tzu4vvwqdVSy,"Fly to You","Fly to You","Freight Train Foxes",2022-09-01,210986,44,false,ykxuknpdqe4vrfi4lrn2gb76p,2026-05-31T12:37:52Z,"indie folk","Freight Train Foxes",0.607,0.513,1,-8.004,1,0.031,0.6,0.000572,0.108,0.364,79.008,4
spotify:track:6okEg8XE4xEFGsQwFJbkko,"Lighthouse Inn","Best Indie Folk of 2021, Vol. 3","Steve Dennis",2021-12-27,280374,10,false,ykxuknpdqe4vrfi4lrn2gb76p,2026-05-31T12:37:52Z,"indie folk","Indie Folk Central",0.515,0.34,1,-11.117,1,0.0267,0.324,0.0919,0.106,0.304,116.023,4
spotify:track:2Xi1npvIzsGN8mkcyAGM36,"Nowhere To Be Found","Fluke","Frances Luke Accord",2016-05-20,168623,23,false,ykxuknpdqe4vrfi4lrn2gb76p,2026-05-31T12:37:52Z,"indie folk,ambient folk,acoustic pop","Independent",0.645,0.405,4,-11.891,1,0.0331,0.686,0.000122,0.103,0.34,93.052,4
spotify:track:6utVJtPd8cGnZlmIORhIv8,"I Followed a Bird","By the Sea","Freya Ward",2018-11-16,206000,10,false,ykxuknpdqe4vrfi4lrn2gb76p,2026-05-31T12:37:52Z,"indie folk","Freya Ward",0.63,0.201,7,-12.669,1,0.0343,0.939,0.00000289,0.134,0.195,126.613,4
spotify:track:7x54FrbyLaoLA7WhZKSChF,"Wildflower","Wildflower","Paper Towns",2019-02-08,163636,18,false,ykxuknpdqe4vrfi4lrn2gb76p,2026-05-31T12:37:52Z,"indie folk","Tall Mountain Records",0.6,0.103,0,-18.35,0,0.0313,0.893,0.0000557,0.236,0.413,88.177,4
spotify:track:3NpuqPtTtB6dPp1JKcTIKW,"Even On The Darkest Days","Handsome Ghost","Handsome Ghost",2023-08-25,226354,15,false,ykxuknpdqe4vrfi4lrn2gb76p,2026-05-31T12:37:52Z,"","Nettwerk Music Group",0.411,0.351,3,-9.525,1,0.0314,0.429,0.00000439,0.32,0.151,124.916,3
spotify:track:3FmGybQhmLecsfCk94Zd4q,"Tidal Wave - Acoustic","At My Best","Old Sea Brigade",2025-10-31,155050,55,false,ykxuknpdqe4vrfi4lrn2gb76p,2026-05-31T12:37:52Z,"indie folk,folk pop","Nettwerk Music Group",0.646,0.288,1,-15.797,0,0.032,0.935,0.00122,0.16,0.338,106.923,4
spotify:track:2Nr3yWPxPblnUauzFy6wUL,"I Should’ve Danced More","I Don't Know Love","Elina",2023-09-29,201026,11,false,ykxuknpdqe4vrfi4lrn2gb76p,2026-05-31T12:37:52Z,"","Nettwerk Music Group",0.5,0.393,5,-6.44,1,0.0287,0.659,0.00000242,0.112,0.29,95.415,4
spotify:track:26hd7cXEdCFTKJXrBVCdhT,"Harbour","Best Indie Folk of 2022, Vol. 2","Ollie Dixon",2022-12-27,298500,11,false,ykxuknpdqe4vrfi4lrn2gb76p,2026-05-31T12:37:52Z,"indie folk","Indie Folk Central",0.336,0.304,1,-10.912,0,0.0271,0.903,0.576,0.103,0.0351,79.72,3
spotify:track:5p86enU64v23LqQQvuHI0u,"The Art Of Letting You Go","The Art Of Letting You Go","Ewan J Phillips",2022-10-07,213541,38,false,ykxuknpdqe4vrfi4lrn2gb76p,2026-05-31T12:37:52Z,"","Yewtree Records",0.522,0.26,9,-12.109,1,0.0344,0.797,0.00286,0.116,0.343,148.136,3
spotify:track:5FcLey1TteEHktzvMcTk7S,"The Dreamer","Sometimes The Blues Is Just A Passing Bird","The Tallest Man On Earth",2010-11-09,245866,50,false,ykxuknpdqe4vrfi4lrn2gb76p,2026-05-31T12:37:52Z,"indie folk,folk","Dead Oceans",0.426,0.232,0,-9.343,1,0.0349,0.722,0.0000459,0.111,0.357,170.088,4
spotify:track:3WRGjtxbHDiNXPJTEReVbr,"Home","Best Indie Folk of 2022, Vol. 2","Reed Pittman",2022-12-27,221400,11,false,ykxuknpdqe4vrfi4lrn2gb76p,2026-05-31T12:37:52Z,"indie folk","Indie Folk Central",0.448,0.165,1,-20.441,1,0.0383,0.877,0.00791,0.0845,0.123,100.061,4
spotify:track:46gCFhJ5HHLALnOYAhlGhx,"Embers","Embers","Alivan Blu",2023-05-19,252922,43,false,ykxuknpdqe4vrfi4lrn2gb76p,2026-05-31T12:37:52Z,"indie folk","Alivan Blu",0.402,0.674,1,-8.516,1,0.0403,0.319,0.00000479,0.202,0.0397,125.249,4
spotify:track:1B62o4CbdL9ckGvwsz2cgn,"Where's My Love","SYML","SYML",2019-05-03,202009,81,false,ykxuknpdqe4vrfi4lrn2gb76p,2026-05-31T12:37:52Z,"","Nettwerk Music Group",0.604,0.36,0,-10.109,0,0.0253,0.868,0.0343,0.112,0.37,103.985,4
spotify:track:6fHxhF7Txvu1tbCsk9PboQ,"A Thousand Hues","Yonder","Sean Christopher",2018-05-11,270960,4,false,ykxuknpdqe4vrfi4lrn2gb76p,2026-05-31T12:37:52Z,"","Teafrost",0.528,0.23,11,-17.422,1,0.0336,0.8,0.00796,0.107,0.28,96.3,4
spotify:track:6kECsCwY85bNWJzduoX3As,"From the Start - Acoustic","Best Indie Folk of 2021, Vol. 2","Ryan Edmond",2021-12-27,228615,11,false,ykxuknpdqe4vrfi4lrn2gb76p,2026-05-31T12:37:52Z,"indie folk","Indie Folk Central",0.468,0.376,1,-12.165,0,0.0342,0.384,0.00000214,0.152,0.0484,122.653,4
spotify:track:3LKN3BTTXoWM7REXVBFPiK,"Someone","Someone","Vikki Gilmore",2018-07-27,213992,0,false,ykxuknpdqe4vrfi4lrn2gb76p,2026-05-31T12:37:52Z,"indie folk","Vikki Gilmore",0.606,0.635,11,-8.195,0,0.0985,0.893,0.0000183,0.133,0.461,101.06,3
spotify:track:6dDz150PIrxHbNZAPRfyJn,"So Far","So Far","Jordy Maxwell",2019-09-13,256897,0,false,ykxuknpdqe4vrfi4lrn2gb76p,2026-05-31T12:37:52Z,"","Jordy Maxwell",0.536,0.5,7,-11.077,1,0.0277,0.642,0.00097,0.127,0.416,143.857,4
spotify:track:3sK6qdQsZvPjRkua3UrSGD,"Lotusland","Glossolalia","Jordan Klassen",2022-04-08,201679,11,false,ykxuknpdqe4vrfi4lrn2gb76p,2026-05-31T12:37:52Z,"","Jordan Klassen Music / Fontana North",0.425,0.35,4,-12.06,1,0.0295,0.899,0.0000936,0.227,0.467,95.193,4
spotify:track:1JLuRnZ6uJpTV3ovJyzAIG,"You're Right","You're Right","Morning Bear",2017-09-08,302919,15,false,ykxuknpdqe4vrfi4lrn2gb76p,2026-05-31T12:37:52Z,"indie folk","Morning Bear",0.455,0.233,0,-12.896,0,0.0261,0.0431,0.000396,0.168,0.128,78.003,4
spotify:track:2PAz9DPELN21KOh8scMxwE,"I'd Follow You","Best Indie Folk of 2022, Vol. 1","Marti West",2022-12-27,249449,12,false,ykxuknpdqe4vrfi4lrn2gb76p,2026-05-31T12:37:52Z,"indie folk","Indie Folk Central",0.312,0.315,8,-17.92,1,0.0331,0.91,0.626,0.168,0.24,167.027,4
spotify:track:5HyqyWISCixSom6KIQmS7H,"Come Home","Best Indie Folk of 2020, Vol. 3","The Satellite Station",2020-12-27,209453,11,false,ykxuknpdqe4vrfi4lrn2gb76p,2026-05-31T12:37:52Z,"","Indie Folk Central",0.45,0.32,4,-11.605,1,0.027,0.481,0.0000713,0.116,0.129,137.984,4
spotify:track:4TKHFv1IkAQFg9PJUWS8f6,"Bloom","Bloom","LULLANAS",2020-10-23,173924,0,false,ykxuknpdqe4vrfi4lrn2gb76p,2026-05-31T12:37:52Z,"folk pop","Nettwerk Records",0.549,0.37,3,-10.289,1,0.0307,0.891,0,0.112,0.28,95.036,4
spotify:track:4ifFgk2uYlXB5ds6ZmrZFe,"The Wolves","The Wolves","Grace Power",2023-01-20,180241,35,false,ykxuknpdqe4vrfi4lrn2gb76p,2026-05-31T12:37:52Z,"","Grace Power",0.59,0.431,10,-12.701,0,0.0412,0.848,0.0138,0.111,0.448,161.878,4
spotify:track:07jF8esmi6bqIncdh3EAO9,"Black Bear","Black Bear","Thomas LaVine",2024-06-14,186013,47,false,ykxuknpdqe4vrfi4lrn2gb76p,2026-05-31T12:37:52Z,"indie folk","Thomas LaVine",0.271,0.379,0,-12.593,1,0.0338,0.801,0.495,0.101,0.159,96.038,4
spotify:track:0w6DKiPlUK91Rdc4Yyuj30,"Fireworks - Night Version","Fireworks (Night Version)","Axel Flóvent;RAKEL",2022-08-19,247653,15,false,ykxuknpdqe4vrfi4lrn2gb76p,2026-05-31T12:37:52Z,"indie folk","Nettwerk Music Group",0.58,0.141,0,-14.668,1,0.0365,0.84,0.0000416,0.13,0.0735,83.983,3
spotify:track:4oHnAbZg5z4MjNivyOtSLZ,"Burn Out","Burn Out","Bree Rusev",2023-07-21,217442,14,false,ykxuknpdqe4vrfi4lrn2gb76p,2026-05-31T12:37:52Z,"indie folk","Bree Rusev",0.678,0.624,2,-7.277,1,0.0286,0.315,0.00128,0.121,0.231,101.91,4
spotify:track:7HTudFHDuPpVxHyssmZhUr,"In Your Heart","In Your Head / In Your Heart","The Franklin Electric",2020-02-21,165053,49,false,ykxuknpdqe4vrfi4lrn2gb76p,2026-05-31T12:37:52Z,"indie québécois,indie folk","Nettwerk Music Group",0.523,0.49,3,-9.343,1,0.0765,0.899,0,0.114,0.14,121.672,4
spotify:track:2s4AuvhTM2ozTKiT3jQVM8,"Fortaleza","Fortaleza","Hanging Valleys",2018-06-08,293350,0,false,ykxuknpdqe4vrfi4lrn2gb76p,2026-05-31T12:37:52Z,"","Hanging Valleys",0.345,0.232,1,-14.495,1,0.0319,0.947,0.717,0.0833,0.0343,130.37,4
spotify:track:31oRuC8jKOBq12NqMzQRPK,"Waking Up","Best Indie Folk of 2021, Vol. 4","The Light The Heat;Roary",2021-12-27,243520,11,false,ykxuknpdqe4vrfi4lrn2gb76p,2026-05-31T12:37:52Z,"christian lo-fi","Indie Folk Central",0.346,0.364,3,-13.246,1,0.0281,0.453,0.0677,0.1,0.199,82.948,4
spotify:track:7k7lT4K4hTJc3eEAX7euuk,"Big Jet Plane","Down the Way","Angus & Julia Stone",2010-03-15,239120,37,false,ykxuknpdqe4vrfi4lrn2gb76p,2026-05-31T12:37:52Z,"","Flock Music",0.762,0.381,10,-8.646,0,0.0276,0.245,0.00721,0.124,0.258,109.941,4
spotify:track:0dRm21Gh8cVxmCHoUgj6UH,"I'm Still Here","Best Indie Folk of 2020, Vol. 1","Femke",2020-12-27,202440,14,false,ykxuknpdqe4vrfi4lrn2gb76p,2026-05-31T12:37:52Z,"indie folk","Indie Folk Central",0.522,0.365,9,-11.241,1,0.0323,0.494,0.000158,0.298,0.107,107.507,4
spotify:track:3Vkk3IkuN6NrTkQDsiHThO,"Autumn","Autumn","Lists",2016-10-07,232120,0,false,ykxuknpdqe4vrfi4lrn2gb76p,2026-05-31T12:37:52Z,"","Kilbrannan Sound",0.429,0.481,1,-9.704,1,0.0273,0.417,0.757,0.158,0.268,100.802,4
spotify:track:4L321mZADfO4S04ICSIrwR,"Give Up","Low Roar","Low Roar",2011,186600,53,false,ykxuknpdqe4vrfi4lrn2gb76p,2026-05-31T12:37:52Z,"","Tonequake Records",0.234,0.389,0,-9.215,1,0.0298,0.882,0.0806,0.107,0.0631,164.542,4
spotify:track:4t6Xi94VxV7BR8kNF0RkHE,"See Through","Best Indie Folk of 2020, Vol. 3","Black Match",2020-12-27,190312,11,false,ykxuknpdqe4vrfi4lrn2gb76p,2026-05-31T12:37:52Z,"","Indie Folk Central",0.501,0.211,2,-9.593,1,0.032,0.906,0.0000251,0.101,0.228,121.176,4
spotify:track:0Jbz36yO3rJtKd5sv9RLtT,"Dream Song","Best Indie Folk of 2023, Vol. 1 (Indie Folk Central)","Shallow Alcove",2023-12-27,163125,10,false,ykxuknpdqe4vrfi4lrn2gb76p,2026-05-31T12:37:52Z,"","Indie Folk Central",0.557,0.335,3,-10.696,1,0.032,0.756,0.000574,0.314,0.362,127.958,3
spotify:track:3nabP5VT5CKms8pORQTOjx,"Swallow","Swallow","Postcards From Mars",2018-01-12,136000,23,false,ykxuknpdqe4vrfi4lrn2gb76p,2026-05-31T12:37:52Z,"indie folk","Postcards From Mars",0.495,0.18,3,-13.202,0,0.0403,0.867,0,0.339,0.236,93.431,4
spotify:track:0MSGHzgBMDsOBTCWEkacb6,"i could never leave","i could never leave","néomí",2023-03-09,170204,15,false,ykxuknpdqe4vrfi4lrn2gb76p,2026-05-31T12:37:52Z,"","[PIAS] Recordings Holland",0.47,0.16,0,-14.471,1,0.0322,0.914,0,0.114,0.164,147.159,4
spotify:track:5jjCuLpGY4HfYrna4nUYor,"What Happens Next?","Best Indie Folk of 2023, Vol. 2 (Indie Folk Central)","Tyler Edwards",2023-12-27,207949,10,false,ykxuknpdqe4vrfi4lrn2gb76p,2026-05-31T12:37:52Z,"indie folk","Indie Folk Central",0.483,0.414,11,-14.907,0,0.0297,0.729,0.253,0.134,0.317,87.479,4
spotify:track:5pQSz3XhnIQK6CRYMAfe32,"Call the Coroner","Call the Coroner","Seánie Bermingham",2022-09-09,211294,27,false,ykxuknpdqe4vrfi4lrn2gb76p,2026-05-31T12:37:52Z,"indie folk","Crocanoir Records",0.48,0.3,6,-13.681,1,0.0374,0.828,0.00108,0.112,0.381,174.299,4
spotify:track:3XDiVIBvsHPIAxWoBfPt42,"Mystery","Mystery","Plàsi",2019-09-20,222293,38,false,ykxuknpdqe4vrfi4lrn2gb76p,2026-05-31T12:37:52Z,"indie folk","Nettwerk Music Group",0.568,0.0715,1,-16.327,1,0.0352,0.829,0.0391,0.112,0.146,120.269,4
spotify:track:6Hqq9doVDaNxEKFnz2KTTP,"Coming Home to You","Coming Home to You","Salt Tree",2023-05-17,192396,0,false,ykxuknpdqe4vrfi4lrn2gb76p,2026-05-31T12:37:52Z,"indie folk","Salt Tree",0.651,0.502,9,-9.84,1,0.0402,0.756,0.000268,0.0936,0.317,81.954,4
spotify:track:0vgQRUSKSXhilFWBSl21vd,"On the Other Side","Cold Water","Chase McBride",2017-01-18,200000,26,false,ykxuknpdqe4vrfi4lrn2gb76p,2026-05-31T12:37:52Z,"","Chase McBride",0.575,0.35,6,-14.605,1,0.0307,0.943,0.0776,0.103,0.492,147.962,4
spotify:track:2x1jP9BexWtOKudvuUHbaD,"Home","Up from Below","Edward Sharpe & The Magnetic Zeros",2009-07-14,303200,74,false,ykxuknpdqe4vrfi4lrn2gb76p,2026-05-31T12:37:52Z,"","Community Music Group",0.542,0.59,2,-6.623,1,0.0318,0.292,0.00055,0.177,0.136,111.661,4
spotify:track:2MhqicchjpgjkE1HSu522W,"Least He's Happy","Least He's Happy","Callum Pitt",2017-05-19,264424,18,false,ykxuknpdqe4vrfi4lrn2gb76p,2026-05-31T12:37:52Z,"indie folk","Kaleidoscope",0.527,0.631,11,-8.578,1,0.0286,0.00315,0.777,0.0844,0.419,113.026,4
spotify:track:0QFpiPyzCgQiR4EVfb8X9o,"Let Me Out","Best Indie Folk of 2023, Vol. 3 (Indie Folk Central)","Jordy Maxwell",2023-12-27,268788,10,false,ykxuknpdqe4vrfi4lrn2gb76p,2026-05-31T12:37:52Z,"","Indie Folk Central",0.235,0.393,5,-11.641,0,0.0326,0.308,0.0147,0.108,0.399,161.61,4
spotify:track:6tVyaJrOGWOeshwaKPM7zM,"Wake Up, Breathe In","Wake Up, Breathe In","Laura Lucas",2023-05-26,194095,38,false,ykxuknpdqe4vrfi4lrn2gb76p,2026-05-31T12:37:52Z,"indie folk","Nettwerk Music Group",0.494,0.261,8,-11.97,1,0.0298,0.916,0,0.102,0.347,70.092,4
spotify:track:3ip60rwpGFswN4npVcwDUg,"I Didn't Try","Best Indie Folk of 2020, Vol. 3","Nick Kingswell",2020-12-27,229778,11,false,ykxuknpdqe4vrfi4lrn2gb76p,2026-05-31T12:37:52Z,"","Indie Folk Central",0.529,0.212,5,-14.177,1,0.0513,0.89,0,0.369,0.461,127.372,5
spotify:track:5QZjKxsQZJjwYnTwH0yXmK,"Dust","Dust","Ezra Glatt;Sammy Copley",2022-05-04,167723,0,false,ykxuknpdqe4vrfi4lrn2gb76p,2026-05-31T12:37:52Z,"","Tinpot Recordz",0.606,0.171,4,-15.249,1,0.032,0.939,0.0526,0.104,0.484,148.113,4
spotify:track:14KPC77XdCTXaQSwkzhdGd,"Seawall","Seawall","Neev",2022-09-22,234008,0,false,ykxuknpdqe4vrfi4lrn2gb76p,2026-05-31T12:37:52Z,"indie folk","Trapped Animal",0.415,0.142,6,-15.644,1,0.0451,0.956,0.000754,0.102,0.347,71.852,4
spotify:track:7CjH4TVIK8q5y7fWTGCiLm,"Brother Of My Heart","Brother Of My Heart","Klondike",2016-08-12,279265,0,false,ykxuknpdqe4vrfi4lrn2gb76p,2026-05-31T12:37:52Z,"indie folk","Klondike",0.378,0.546,4,-9.607,1,0.0335,0.0559,0,0.0957,0.512,80.547,4
spotify:track:1KmPD2yaWfn298fS9SfLeR,"That Place","Shelter","Tay Oskee",2016-06-12,278907,20,false,ykxuknpdqe4vrfi4lrn2gb76p,2026-05-31T12:37:52Z,"","Tay Oskee",0.514,0.56,2,-9.402,1,0.0308,0.611,0.00786,0.105,0.242,100.377,4
spotify:track:4hT3m4pw6Z0V3OATbM6FBM,"Rock Bottom","Some Kind of Purpose","Jack and the Weatherman",2016-03-23,236533,0,false,ykxuknpdqe4vrfi4lrn2gb76p,2026-05-31T12:37:52Z,"surf rock","GlowBird Records",0.651,0.527,10,-12.402,1,0.0331,0.459,0.00125,0.0679,0.662,153.964,4
spotify:track:4AXklvY4icjXZQf3vFAZug,"Our Love's Funeral","Our Love's Funeral","Racoon Racoon",2016-12-16,165320,32,false,ykxuknpdqe4vrfi4lrn2gb76p,2026-05-31T12:37:52Z,"","Majestic Casual Records",0.634,0.245,2,-10.84,1,0.0306,0.754,0.00029,0.0914,0.152,98.901,4
spotify:track:7JmAmtToAPb0utPIF2l0aT,"Eyes on You","What You See","Ed Patrick",2017-10-23,187773,44,false,ykxuknpdqe4vrfi4lrn2gb76p,2026-05-31T12:37:52Z,"indie folk","Ed Patrick",0.633,0.257,6,-14.705,1,0.0272,0.925,0.242,0.0986,0.429,97.093,4
spotify:track:6TWIQhZMLxsbi0gHAIJfdE,"Flowers In Your Hair","The Lumineers (Deluxe Edition)","The Lumineers",2013-08-20,109735,34,false,ykxuknpdqe4vrfi4lrn2gb76p,2026-05-31T12:37:52Z,"folk pop,indie folk","Dualtone Music Group",0.67,0.609,7,-10.088,1,0.0333,0.75,0.0000674,0.227,0.573,127.463,4
spotify:track:3vCscBH3QT9Ox0FiEeREIo,"No Matter The Miles","Into The Lupine","The National Forest",2023-12-09,192000,55,false,ykxuknpdqe4vrfi4lrn2gb76p,2026-05-31T12:37:52Z,"indie folk","Tiny House Records",0.664,0.23,4,-16.705,1,0.0313,0.854,0.753,0.112,0.109,99.986,4
spotify:track:3N7i5xAfX7AnTiGPClDSmq,"Crumble","Crumble","Thomas LaVine",2022-12-01,238500,39,false,ykxuknpdqe4vrfi4lrn2gb76p,2026-05-31T12:37:52Z,"indie folk","Tone Tree Music / Thomas LaVine",0.467,0.468,1,-10.329,1,0.0278,0.688,0.0557,0.127,0.351,149.889,4
spotify:track:2PBqsLFnrd4E7uLFCmsexT,"I See You","Strathcona","Jon Middleton",2017-12-01,182600,37,false,ykxuknpdqe4vrfi4lrn2gb76p,2026-05-31T12:37:52Z,"indie folk","Independent",0.707,0.19,5,-17.264,1,0.0328,0.694,0.062,0.0874,0.0875,139.861,4
spotify:track:3v1Ywbvm1Nm9D5yysUezV5,"Lead On, Lead On","Lead On, Lead On","Logan and Isabel",2021-06-01,221123,42,false,ykxuknpdqe4vrfi4lrn2gb76p,2026-05-31T12:37:52Z,"","Tiny House Records",0.578,0.173,7,-22.609,0,0.0334,0.865,0.678,0.0998,0.363,88.826,4
spotify:track:5HXLLBAf7cwiN6ycus4Azo,"Radio Up","Morning Color","Paper Planes",2022-05-20,104310,49,false,ykxuknpdqe4vrfi4lrn2gb76p,2026-05-31T12:37:52Z,"","Paper Planes",0.596,0.375,6,-12.805,1,0.0368,0.864,0.0242,0.18,0.469,93.957,4
spotify:track:2LgtQEpf5HZ3v3vJ7ccFCd,"Home To You","Home To You","The Neighborly",2023-11-09,202800,57,false,ykxuknpdqe4vrfi4lrn2gb76p,2026-05-31T12:37:52Z,"indie folk","Tone Tree Music / The Neighborly",0.51,0.341,0,-12.934,1,0.0281,0.441,0.414,0.0642,0.182,99.953,4
spotify:track:24AlaGqIZd2nUspgzc2ph1,"Call Me When You Land","Call Me When You Land","Old Sea Brigade;Luke Sital-Singh",2020-05-22,287623,61,false,ykxuknpdqe4vrfi4lrn2gb76p,2026-05-31T12:37:52Z,"indie folk,folk pop","Nettwerk Music Group",0.688,0.485,5,-10.166,1,0.031,0.459,0.0446,0.44,0.581,116.004,4
spotify:track:4FQVyRqhQrI6QtwSpwE9bX,"End of the Line","you, all along","This New Light",2021-07-23,260049,45,false,ykxuknpdqe4vrfi4lrn2gb76p,2026-05-31T12:37:52Z,"indie folk","This New Light",0.336,0.252,4,-10.681,1,0.0352,0.855,0.0268,0.0985,0.0502,119.979,4
spotify:track:2Dzhwe90lhHXVU6lk7Nx0H,"At Home","Cult Classic","Jon Bryant",2019-05-17,226640,57,false,ykxuknpdqe4vrfi4lrn2gb76p,2026-05-31T12:37:52Z,"","Nettwerk Music Group",0.378,0.52,11,-10.965,1,0.0382,0.777,0.0888,0.0979,0.357,73.744,4
spotify:track:2AmkXQo5K4bedHEZGfWzlV,"Tiny Fires","Tiny Fires","Toby Johnson",2020-07-10,256500,37,false,ykxuknpdqe4vrfi4lrn2gb76p,2026-05-31T12:37:52Z,"","Mahogany Recordings",0.417,0.408,1,-11.596,0,0.0591,0.537,0,0.102,0.223,85.905,4
spotify:track:6zOkLWhOHeIdWdxMGvGqaD,"All I Need","High Tide","Justin Nozuka",2017-09-22,224321,4,false,ykxuknpdqe4vrfi4lrn2gb76p,2026-05-31T12:37:52Z,"","post 1988",0.537,0.559,4,-10.262,1,0.0494,0.0489,0.0000876,0.11,0.469,109.081,4
spotify:track:4XTuSMs47SIg35KxhNIUGe,"White Winter Hymnal","Fleet Foxes","Fleet Foxes",2008-06-09,147026,62,false,ykxuknpdqe4vrfi4lrn2gb76p,2026-05-31T12:37:52Z,"indie folk,folk,indie","Nonesuch",0.629,0.534,6,-9.054,0,0.0267,0.437,0.00000333,0.328,0.649,124.964,4
spotify:track:1fEGtTZjrjJW8eUeewnNJR,"Flightless Bird, American Mouth","The Shepherd's Dog","Iron & Wine",2007-09-25,241917,72,false,ykxuknpdqe4vrfi4lrn2gb76p,2026-05-31T12:37:52Z,"indie folk","Sub Pop Records",0.369,0.403,3,-7.996,1,0.0259,0.827,0.0541,0.106,0.177,154.899,3
spotify:track:0oOY4xChdxmGgpyQrY2FBz,"Jolene","Trouble","Ray LaMontagne",2004-08-15,250866,69,false,ykxuknpdqe4vrfi4lrn2gb76p,2026-05-31T12:37:52Z,"","Liula Records",0.588,0.142,7,-15.196,1,0.0329,0.863,0.000162,0.0953,0.288,119.656,4
spotify:track:3dX9bqoYbTZkoPK8ngw3rB,"Feel It All (Willow's Song)","Feel It All (Willow's Song)","Brook St",2025-04-22,179866,42,false,ykxuknpdqe4vrfi4lrn2gb76p,2026-05-31T12:37:52Z,"indie folk,christian folk","Brook St",0.652,0.414,2,-11.96,1,0.032,0.825,0.058,0.648,0.621,101.125,1
spotify:track:5ivNQNApxeZA9Vp37KwjXU,"comatose","comatose","sød ven",2018-09-07,216000,51,false,ykxuknpdqe4vrfi4lrn2gb76p,2026-05-31T12:37:52Z,"indie folk","Pelican House",0.39,0.485,4,-11.611,1,0.0294,0.613,0.381,0.0738,0.176,90.073,4
spotify:track:7MIMNleq34UeRnlLRdPpGY,"The Woods - Acoustic","The Woods (Acoustic)","Hollow Coves",2017-07-14,239960,68,false,ykxuknpdqe4vrfi4lrn2gb76p,2026-05-31T12:37:52Z,"indie folk","Nettwerk Music Group",0.568,0.558,9,-8.553,1,0.0278,0.724,0.000331,0.116,0.287,104.991,4
spotify:track:26EWozLlkvCl6xjnv2AN6d,"Mountains","Best Indie Folk of 2020, Vol. 3","We Are All Fossils",2020-12-27,168643,11,false,ykxuknpdqe4vrfi4lrn2gb76p,2026-05-31T12:37:52Z,"indie folk","Indie Folk Central",0.574,0.365,3,-13.092,1,0.0272,0.882,0.419,0.116,0.18,86.67,4
spotify:track:2ndWbjiiNBEOrlfToKlABE,"I Will Follow You into the Dark","Plans","Death Cab for Cutie",2005-08-29,189400,65,false,ykxuknpdqe4vrfi4lrn2gb76p,2026-05-31T12:37:52Z,"","Atlantic Records",0.581,0.163,5,-14.686,1,0.0447,0.923,0,0.118,0.475,77.748,4
