Track URI,Track Name,Album Name,Artist Name(s),Release Date,Duration (ms),Popularity,Explicit,Added By,Added At,Genres,Record Label,Danceability,Energy,Key,Loudness,Mode,Speechiness,Acousticness,Instrumentalness,Liveness,Valence,Tempo,Time Signature
spotify:track:2VMJkgrhqfOOYBlZif2nvX,"She Wants My Money","Don't Forget About Me, Demos","Dominic Fike",2018-10-16,133560,46,true,2142rwjjwxoffmcaqqrcyw45i,2020-06-10T14:12:57Z,"","Columbia",0.704,0.478,9,-6.562,1,0.047,0.771,0.000516,0.0875,0.42,128.789,4
spotify:track:0psWKCR3qW2qqyCTAbCFtO,"CRYBABY :*(","CRYBABY :*(","Dijon",2019-11-01,168746,43,false,2142rwjjwxoffmcaqqrcyw45i,2020-06-10T14:13:38Z,"","Dark Green, Dark Green",0.76,0.596,2,-8.902,1,0.193,0.54,0.000257,0.354,0.704,90.021,4
spotify:track:0smaFg1bQ4imeJrWn5F2iX,"Drnuk","HAN","Berhana",2019-10-18,186293,0,false,2142rwjjwxoffmcaqqrcyw45i,2020-06-10T14:13:53Z,"","EQT Recordings, LLC",0.655,0.442,9,-11.985,1,0.108,0.394,0.00194,0.0808,0.189,100.953,4
spotify:track:0afGLa6wcYiLLXFZ48ZQpY,"Thunder","Cat Heaven","Roy Blair",2017-12-08,313663,48,true,2142rwjjwxoffmcaqqrcyw45i,2020-06-10T14:14:13Z,"bedroom pop","ROY / EMPIRE",0.667,0.316,0,-9.132,1,0.0262,0.0292,0.00613,0.147,0.156,100.998,4
spotify:track:2cUV93Y7FLGR42ycRRf0bL,"Drunk","Drunk","Dijon",2019-02-27,191750,49,true,2142rwjjwxoffmcaqqrcyw45i,2020-06-10T14:14:27Z,"","Dark Green, Dark Green",0.472,0.431,10,-6.593,1,0.0614,0.0687,0,0.215,0.284,123.799,4
spotify:track:44ashym52bERKclJsKt3Db,"Okok (Hibachi)","Valley Hopefuls","Jordan Ward",2019-06-07,133152,0,true,2142rwjjwxoffmcaqqrcyw45i,2020-06-10T14:15:00Z,"alternative r&b","Live Help LIve / Artium Recordings, LLC",0.894,0.475,11,-8.346,1,0.131,0.309,0.000138,0.111,0.571,144.202,4
spotify:track:6E6n27YzMs6wbiYnERsj3k,"Plus","Plus","Peach Tree Rascals",2019-02-07,272718,0,true,2142rwjjwxoffmcaqqrcyw45i,2020-06-10T14:15:17Z,"","Homemade Projects, LLC / TenThousand Projects, LLC",0.567,0.287,1,-11.219,1,0.281,0.877,0.00000269,0.0925,0.564,178.068,4
spotify:track:1rpQJ5vH0wjL8EtSA7ZITQ,"Chicago Diner","Chicago Diner","Kota the Friend",2018-08-01,176000,0,true,2142rwjjwxoffmcaqqrcyw45i,2020-06-10T14:15:32Z,"","Fltbys",0.843,0.559,6,-7.876,1,0.0592,0.577,0.0000235,0.105,0.42,133.02,4
spotify:track:0Dcv1cRaS8sEUYzjHNhHBr,"SOS","SOS","McClenney",2019-02-19,187241,36,false,2142rwjjwxoffmcaqqrcyw45i,2020-06-10T14:15:50Z,"alternative r&b","Haven",0.7,0.316,4,-10.26,1,0.0384,0.562,0.00429,0.116,0.55,72.936,4
spotify:track:66H0yX3dWnODauOIwlBBHq,"E30","E30","Ryan Trey",2019-04-26,180414,29,true,2142rwjjwxoffmcaqqrcyw45i,2020-06-10T14:16:01Z,"dark r&b,trap soul","#JUSTAREGULARDAY",0.73,0.557,11,-10.61,1,0.313,0.375,0,0.476,0.438,114.587,5
spotify:track:37b1KAbfOZeBzeMB0LGO3g,"Napkins","Napkins","RIZ LA VIE",2018-02-23,215625,0,false,2142rwjjwxoffmcaqqrcyw45i,2020-06-10T14:16:16Z,"stutter house","Human Re Sources",0.738,0.443,0,-8.975,0,0.387,0.437,0.00000147,0.106,0.666,144.14,4
spotify:track:19YKaevk2bce4odJkP5L22,"Nikes","Blonde","Frank Ocean",2016-08-20,314075,72,true,2142rwjjwxoffmcaqqrcyw45i,2020-06-10T14:16:27Z,"","Boys Don't Cry",0.633,0.395,8,-9.638,1,0.0857,0.692,0.000222,0.108,0.123,138.023,4
spotify:track:3DNsBFRbQWxygrn4UsqvTF,"Stoop So Low","Stoop So Low","Alextbh",2016-11-07,197938,38,true,2142rwjjwxoffmcaqqrcyw45i,2020-06-10T14:16:40Z,"","Alextbh",0.426,0.397,4,-9.089,0,0.0546,0.67,0,0.109,0.335,87.424,1
spotify:track:43IjtK3IEEyTM5Ek32a2Pr,"Brakelights","Brakelights","Omar Apollo",2017-08-08,168387,0,false,2142rwjjwxoffmcaqqrcyw45i,2020-06-10T14:16:55Z,"bedroom pop","Omar Apollo",0.695,0.42,7,-7.735,1,0.0385,0.597,0.0222,0.0839,0.257,124.019,3
spotify:track:4eULGB0zI7NIdV2KjWbbiZ,"Mood (feat. Zacari)","Chasing Summer","SiR;Zacari",2019-08-30,191360,0,true,2142rwjjwxoffmcaqqrcyw45i,2020-06-10T14:17:29Z,"alternative r&b,neo soul","Top Dawg Entertainment/RCA Records",0.599,0.686,8,-5.951,1,0.0422,0.0177,0.00105,0.0929,0.663,148.009,4
spotify:track:5E6zbMYOYpTe1tg9Fa8OzW,"Fill Me Up Anthem","Fill Me Up Anthem","Gus Dapperton",2019-03-14,276870,0,false,2142rwjjwxoffmcaqqrcyw45i,2020-06-10T14:17:43Z,"bedroom pop","Gus Dapperton",0.562,0.591,8,-2.981,1,0.0275,0.393,0,0.113,0.531,130.99,4
spotify:track:4OTzYYMAUUV30VRCZSbmJ2,"Bull Fighter","Bull Fighter","Jean Dawson",2018-05-25,257691,17,true,2142rwjjwxoffmcaqqrcyw45i,2020-06-10T14:17:57Z,"","Handwritten Records",0.395,0.716,2,-5.908,1,0.0598,0.517,0.00171,0.208,0.408,79.189,4
spotify:track:6FBzhcfgGacfXF3AmtfEaX,"C U Girl","C U Girl","Steve Lacy",2015-02-15,129697,79,false,2142rwjjwxoffmcaqqrcyw45i,2020-06-10T14:18:13Z,"","L-M Records",0.414,0.473,11,-8.911,0,0.116,0.663,0.0523,0.128,0.409,100,4
spotify:track:1NlGXcWeUSe1s3IgRKcqmB,"Antidote","A Collection of Fleeting Moments and Daydreams","Orion Sun",2020-01-06,169822,59,false,2142rwjjwxoffmcaqqrcyw45i,2020-06-10T14:18:24Z,"alternative r&b,bedroom pop","orion sun",0.645,0.786,1,-3.995,1,0.188,0.173,0,0.137,0.452,81.917,4
spotify:track:4p1Er46wDz4zGQI7Sxor3W,"Unbothered","Unbothered","Omar Apollo",2018-01-06,124954,0,false,2142rwjjwxoffmcaqqrcyw45i,2020-06-10T14:18:34Z,"bedroom pop","Omar Apollo",0.641,0.487,2,-7.098,1,0.03,0.271,0.00223,0.133,0.322,108.933,4
spotify:track:6OpU3cvY19M2hFxTbLKy5L,"Juno","Honeybloom","Choker",2018-08-03,231680,50,true,2142rwjjwxoffmcaqqrcyw45i,2020-06-10T14:18:47Z,"alternative r&b","Jet Fuzz",0.438,0.266,7,-12.863,1,0.0363,0.922,0.000298,0.148,0.116,120.075,4
spotify:track:7w0lCrXGoUj5b8DgW5wZlx,"Petrol Bliss","Mono No Moto","Choker",2019-01-25,189295,44,true,2142rwjjwxoffmcaqqrcyw45i,2020-06-10T14:18:57Z,"alternative r&b","Jet Fuzz",0.778,0.291,0,-10.355,1,0.106,0.84,0.0000823,0.66,0.353,142.015,4
spotify:track:6KKHXbJtnJPjla3V49YPac,"Prune, You Talk Funny","Prune, You Talk Funny","Gus Dapperton",2017-12-05,212701,0,false,2142rwjjwxoffmcaqqrcyw45i,2020-06-10T14:19:12Z,"bedroom pop","Gus Dapperton",0.57,0.75,10,-7.193,0,0.0383,0.0177,0.00247,0.197,0.578,140.063,4
spotify:track:5H2WmzaijYOGTHeHdM3w9P,"Nice Boys","Care","TEMPOREX",2017-01-11,180845,0,false,2142rwjjwxoffmcaqqrcyw45i,2020-06-10T14:19:26Z,"bedroom pop","NBI",0.546,0.669,2,-10.806,1,0.103,0.495,0.735,0.25,0.337,75.144,4
spotify:track:75TDPu9k7Yv3IovdYaNCwk,"Cooks","Cooks","Still Woozy",2017-07-16,174105,61,false,2142rwjjwxoffmcaqqrcyw45i,2020-06-10T14:19:37Z,"bedroom pop","Still Woozy Productions Inc., under exclusive license to Interscope Records",0.45,0.583,4,-10.49,0,0.0811,0.434,0.0126,0.244,0.701,77.066,4
spotify:track:1JHOy566xSKwNPqaB9AF2i,"Tinder Song","Tinder Song","Victor Internet",2017-12-22,120375,0,false,2142rwjjwxoffmcaqqrcyw45i,2020-06-10T14:19:49Z,"bedroom pop","Victor Internet",0.619,0.459,11,-7.341,1,0.0239,0.517,0.0000253,0.0977,0.548,79.992,4
spotify:track:72794Eag03xdy7TO0KNuid,"Cayendo (Side A - Acoustic)","Cayendo (Side A - Acoustic)","Frank Ocean",2020-04-03,202200,67,false,2142rwjjwxoffmcaqqrcyw45i,2020-06-10T14:20:06Z,"","Blonded",0.35,0.12,3,-11.104,0,0.0393,0.982,0.000289,0.103,0.121,68.995,4
spotify:track:1zXX9sBeDiUDy4ugl8HrW5,"Dreams / Nightmares","Mornings","RICEWINE;Brandon Eugene Smith",2017-01-01,242423,28,true,2142rwjjwxoffmcaqqrcyw45i,2020-06-10T14:20:19Z,"bedroom pop","RICEWINE",0.732,0.694,0,-6.67,1,0.0519,0.523,0.116,0.136,0.306,96.045,4
spotify:track:56fKdBzvG9wqrxWl9gQEVL,"Nothing Gold","Nothing Gold","Myles Cameron",2019-03-26,230666,0,true,2142rwjjwxoffmcaqqrcyw45i,2020-06-10T14:20:40Z,"","Myles Cameron",0.454,0.477,6,-8.45,0,0.073,0.705,0.0545,0.0924,0.55,89.983,4
spotify:track:6cLxofxCjrFpQYtifjK5Vf,"Only in the West","Sebastian","Yeek",2017-04-28,196170,0,false,2142rwjjwxoffmcaqqrcyw45i,2020-06-10T14:21:07Z,"bedroom pop","Yeek, Inc.",0.954,0.537,7,-6.871,1,0.0901,0.0723,0.0569,0.218,0.525,116.964,4
spotify:track:32QPTkfwWp2PqNa3bXAYSr,"Your Loss","IDK WHERE","Yeek;UMI",2019-05-10,164745,0,false,2142rwjjwxoffmcaqqrcyw45i,2020-06-10T14:21:32Z,"bedroom pop","Yeek, Inc.",0.833,0.531,1,-5.712,0,0.127,0.343,0.00337,0.214,0.48,117.985,4
spotify:track:7rDvD5WGtchCGkfQOpIb8C,"I'm Trying","IDK WHERE","Yeek;Dominic Fike",2019-05-10,163298,0,false,2142rwjjwxoffmcaqqrcyw45i,2020-06-10T14:21:36Z,"bedroom pop","Yeek, Inc.",0.804,0.429,1,-6.712,1,0.0714,0.541,0.00106,0.103,0.768,96.957,4
spotify:track:7aNW0M1R6eUnoXKpN2HncV,"HEADY","heady","Reaper",2018-06-20,211639,52,false,2142rwjjwxoffmcaqqrcyw45i,2020-06-10T14:21:59Z,"","Reaper",0.654,0.584,1,-6.629,1,0.0291,0.0178,0,0.23,0.536,115.054,4
spotify:track:0ECWkqtSIryUYVjyJMr0yA,"Vanish","TAKE TIME","GIVĒON",2020-03-27,209406,61,false,2142rwjjwxoffmcaqqrcyw45i,2020-06-10T14:22:11Z,"r&b","Epic/Not So Fast",0.541,0.216,10,-11.292,0,0.0311,0.301,0.0325,0.726,0.346,128.609,3
spotify:track:4N0iS4TFw6R4LMzRgqpDWX,"Come On, Come On, Come On","Come On, Come On, Come On","Eli Smart",2018-12-21,270325,0,false,2142rwjjwxoffmcaqqrcyw45i,2020-06-10T14:22:28Z,"","Eli Smart",0.66,0.335,2,-10.706,1,0.145,0.476,0.000995,0.212,0.593,111.787,4
spotify:track:2NCBjlH7FHEG7hXcnvUaWA,"Ugotme","Stereo","Omar Apollo",2018-05-30,127272,0,false,2142rwjjwxoffmcaqqrcyw45i,2020-06-10T14:22:38Z,"bedroom pop","Omar Apollo",0.782,0.494,0,-1.458,1,0.0339,0.454,0.0000631,0.134,0.401,65.832,4
spotify:track:7kyiHjkFdmHcYcIJtFAdaF,"Yam Yam","Yam Yam","No Vacation",2017-05-12,216038,0,false,2142rwjjwxoffmcaqqrcyw45i,2020-06-10T14:22:48Z,"bedroom pop,dream pop","Topshelf Records",0.445,0.591,7,-9.004,0,0.0316,0.319,0.766,0.107,0.0774,137.864,4
spotify:track:4loxhrC7MqARWyHLofmhtW,"Beach Bummer","Amo XO","No Vacation",2015-04-06,148192,0,false,2142rwjjwxoffmcaqqrcyw45i,2020-06-10T14:22:55Z,"bedroom pop,dream pop","No Vacation",0.689,0.783,10,-5.148,1,0.0447,0.0654,0.237,0.147,0.756,129.955,4
spotify:track:1DaKKdbaXf6R6m3kybY01D,"Grandpop's Uke","Warm","Forrest.;Biskwiq",2018-07-01,246506,42,false,2142rwjjwxoffmcaqqrcyw45i,2020-06-10T14:23:08Z,"","Houseboat",0.924,0.637,10,-4.823,1,0.454,0.277,0,0.339,0.597,130.055,4
spotify:track:3K8gIioWa3uC9002Asdh0N,"The Rain","Dear Annie","Rejjie Snow;Cam O'bi;Krondon",2018-02-16,241253,0,true,2142rwjjwxoffmcaqqrcyw45i,2020-06-10T14:23:23Z,"jazz rap","BMG Rights Management (UK) Limited",0.779,0.427,4,-7.365,0,0.418,0.176,0.00000142,0.116,0.275,133.669,4
spotify:track:3kBofOTKMUZ62a311eUwvx,"Warm (feat. Mia)","Warm (feat. Mia)","Dre'es;Mia",2017-10-19,255465,0,false,2142rwjjwxoffmcaqqrcyw45i,2020-06-10T14:23:47Z,"vietnamese hip hop,v-pop,vietnam indie","Futile Sounds",0.662,0.297,8,-14.525,1,0.0301,0.888,0.108,0.119,0.434,94.023,4
spotify:track:4uBQDAzZ881KYZvW7ZInUn,"Stop Selling Her Drugs (feat. Dominic Fike)","Will You Be My Yellow?","Bakar;Dominic Fike",2019-09-20,173349,59,true,2142rwjjwxoffmcaqqrcyw45i,2020-06-10T14:25:51Z,"","Black Butter",0.847,0.275,5,-6.44,1,0.113,0.61,0,0.0737,0.764,85.007,4
spotify:track:5M3KOe4FGUidvRDUbFFdFk,"Açaí Bowl","Açaí Bowl","Dominic Fike",2019-06-07,177400,59,true,2142rwjjwxoffmcaqqrcyw45i,2020-06-10T14:28:46Z,"","Columbia",0.687,0.439,2,-8.347,1,0.0426,0.502,0.000367,0.109,0.352,91.972,4
spotify:track:0ZavGwSpNn94ZMBOeBC1MI,"Circles","Circles","rei so la",2017,198000,0,false,2142rwjjwxoffmcaqqrcyw45i,2020-06-10T14:29:18Z,"","Rei so la",0.444,0.546,3,-8.995,1,0.0724,0.893,0.126,0.1,0.14,139.001,4
spotify:track:1sUHNPEEcAEoo3h8RB4aqK,"not a fan","not a fan","ROLE MODEL",2018-04-24,207870,41,true,2142rwjjwxoffmcaqqrcyw45i,2020-06-10T14:29:28Z,"bedroom pop","HRM",0.758,0.438,1,-8.242,0,0.118,0.265,0.00298,0.0821,0.154,144.018,4
spotify:track:0A3XWuyL1B7kqPHyDXHGkN,"Cheesin'","Cheesin'","Cautious Clay;Remi Wolf;sophie meiers;Still Woozy;Claud;Melanie Faye;HXNS",2020-04-22,138000,52,false,2142rwjjwxoffmcaqqrcyw45i,2020-06-10T14:29:45Z,"bedroom pop,indie pop,neo soul","slowplay",0.817,0.623,9,-5.9,0,0.043,0.202,0,0.113,0.967,120.111,4
spotify:track:5rKor0rlCbaA7j755zhnhb,"So Sad, So Sad","Cult of Personality - So Sad, So Sad","Varsity",2015-08-25,232566,39,false,2142rwjjwxoffmcaqqrcyw45i,2020-06-10T18:28:19Z,"indie rock","VARSITY",0.397,0.518,4,-7.156,1,0.0327,0.0748,0.00634,0.133,0.262,113.737,4
spotify:track:5Dx8iEsMuNrf7aF9TMV0Xe,"i want war (BUT I NEED PEACE)","TO FEEL ALIVE EP","Kali Uchis",2020-04-24,159400,55,true,2142rwjjwxoffmcaqqrcyw45i,2020-06-14T16:11:46Z,"","EMI",0.621,0.461,0,-13.047,0,0.0735,0.715,0.00111,0.0929,0.122,88.034,4
spotify:track:3rPaugbuZuIKJpVnF3b1RK,"honey baby (SPOILED!)","TO FEEL ALIVE EP","Kali Uchis",2020-04-24,124651,53,true,2142rwjjwxoffmcaqqrcyw45i,2020-06-14T16:11:50Z,"","EMI",0.713,0.405,10,-9.886,0,0.037,0.802,0.00000103,0.0994,0.114,128.994,4
spotify:track:5exEU6LbxN4T4sY1nV5NfV,"angel","TO FEEL ALIVE EP","Kali Uchis",2020-04-24,143225,61,false,2142rwjjwxoffmcaqqrcyw45i,2020-06-14T16:11:53Z,"","EMI",0.773,0.595,9,-8.955,0,0.042,0.23,0.000489,0.101,0.64,124.028,4
spotify:track:6NIeVsDLQ60vgGy0AGXpkg,"ACID TRIP","The Moon & You","Rejjie Snow",2017-05-17,188293,0,false,2142rwjjwxoffmcaqqrcyw45i,2020-06-14T16:32:33Z,"jazz rap","BMG Rights Management (UK) Ltd",0.72,0.562,2,-7.642,1,0.0367,0.0359,0,0.126,0.393,98.943,4
spotify:track:5nReZW45TGYl0thzuummjd,"Love Can Be","Love Slacker","Yeek",2015-12-10,240805,0,false,2142rwjjwxoffmcaqqrcyw45i,2020-06-14T16:33:24Z,"bedroom pop","Yeek, Inc.",0.681,0.416,3,-5.505,0,0.0309,0.359,0.0000772,0.0714,0.36,179.941,4
spotify:track:3hARuUtzTdUuWH1KiLJlSf,"Window","Window","Still Woozy",2020-04-17,139293,56,false,2142rwjjwxoffmcaqqrcyw45i,2020-06-14T16:34:03Z,"bedroom pop","Still Woozy Productions Inc., under exclusive license to Interscope Records",0.714,0.483,4,-9.378,0,0.195,0.436,0.000023,0.28,0.67,91.025,4
spotify:track:7qwt4xUIqQWCu1DJf96g2k,"Hello?","diary 001","Clairo;Rejjie Snow",2018-05-25,135016,3,false,tnhenlzrnbb7q8myjibss8pbh,2020-06-15T06:55:07Z,"bedroom pop,jazz rap","FADER Label",0.839,0.473,10,-7.835,0,0.0607,0.641,0.000459,0.0939,0.0644,98.732,4
spotify:track:6efkcs2aUBMFKxl0cl2JWQ,"Wild Irish Roses","blkswn","Smino",2017-03-14,169319,63,true,tnhenlzrnbb7q8myjibss8pbh,2020-06-15T06:55:15Z,"","Downtown JV",0.635,0.295,0,-11.237,0,0.543,0.561,0.0000324,0.3,0.636,86.673,4
spotify:track:1r3M82sqImOu3AUwRdELRT,"23","Dear Annie","Rejjie Snow;Your Smith",2018-02-16,181613,0,true,2142rwjjwxoffmcaqqrcyw45i,2020-06-15T07:03:41Z,"jazz rap","BMG Rights Management (UK) Limited",0.803,0.637,4,-7.191,0,0.105,0.276,0.0000168,0.22,0.5,97.032,4
spotify:track:62ljuuXo0zrcrtJnnOhfxT,"Dear April (Side A - Acoustic)","Dear April (Side A - Acoustic)","Frank Ocean",2020-04-03,231040,65,false,2142rwjjwxoffmcaqqrcyw45i,2020-06-15T07:14:45Z,"","Blonded",0.444,0.152,8,-12.87,0,0.0471,0.953,0.0000885,0.0966,0.227,115.95,1
spotify:track:3dIQBJdqStpq539wSrqhXw,"Play Too Much","SUGA (Deluxe)","Kyle Dion;Duckwrth;UMI",2020-02-28,197205,0,true,2142rwjjwxoffmcaqqrcyw45i,2020-06-15T07:14:52Z,"alternative r&b","Kyle Dion",0.877,0.448,9,-5.773,0,0.0917,0.451,0.00000455,0.139,0.897,110.021,4
spotify:track:6XNANAB7sFvkfho6bMCp7o,"Summertime In Paris","ERYS (Deluxe)","Jaden;WILLOW",2019-07-05,270960,62,true,2142rwjjwxoffmcaqqrcyw45i,2020-06-15T07:15:37Z,"","MSFTSMusic / Roc Nation Records",0.569,0.86,9,-4.116,1,0.043,0.135,0,0.153,0.289,90.937,4
spotify:track:5wv2XK6ms7KBBVDD1cOwlx,"Cool with You","Songs of Her's","Her's",2017-05-12,375656,61,false,2142rwjjwxoffmcaqqrcyw45i,2020-06-15T07:16:45Z,"indie","Heist Or Hit Records",0.534,0.62,0,-6.775,1,0.0504,0.0124,0.000736,0.296,0.547,106.986,4
spotify:track:3f9Mzvd3URfbbIJBX4pz9Z,"Phone Numbers","Phone Numbers","Dominic Fike;Kenny Beats",2019-07-04,146826,76,true,2142rwjjwxoffmcaqqrcyw45i,2020-06-15T07:17:01Z,"","Columbia",0.884,0.539,1,-6.389,0,0.208,0.239,0,0.0805,0.776,85.008,4
spotify:track:3I8yVFjvJoOBM9tX4ZpxEL,"Ryd","Steve Lacy's Demo","Steve Lacy",2017-02-24,140182,0,false,2142rwjjwxoffmcaqqrcyw45i,2020-06-15T07:17:18Z,"","Three Quarter",0.784,0.94,9,-7.327,0,0.054,0.0716,0.000171,0.133,0.979,137.003,4
spotify:track:7umZiitjVsEjMQ6HNddpUI,"Love Is Only a Feeling","Love Is Only a Feeling","Joey Bada$$",2017-07-06,152041,77,true,2142rwjjwxoffmcaqqrcyw45i,2020-06-15T07:17:38Z,"hip hop,jazz rap,rap","Pro Era",0.629,0.676,1,-7.088,0,0.191,0.53,0.000325,0.701,0.497,90.377,4
spotify:track:58k32my5lKofeZRtIvBDg9,"HONEST","DIE FOR MY BITCH","Baby Keem",2019-07-19,172672,77,true,2142rwjjwxoffmcaqqrcyw45i,2020-06-15T07:19:15Z,"","Baby Keem LLC",0.676,0.536,2,-8.79,1,0.0432,0.403,0.0000337,0.105,0.373,79.037,4
spotify:track:1iZjxPc5GJhEBl6CZOZXTw,"Superpowers (with GoldLink)","Heroine","Col3trane;GoldLink",2019-05-31,182082,41,true,2142rwjjwxoffmcaqqrcyw45i,2020-06-15T07:19:40Z,"uk r&b","Cole Basta/Tap Records Limited/Geffen Records",0.823,0.372,1,-9.817,0,0.116,0.473,0,0.1,0.418,85.055,4
spotify:track:3OYejGbGSMijzWFTdCd8sy,"I Feel Best When I'm Alone","Bad Bonez","Michael Seyer",2018-03-07,190682,43,false,2142rwjjwxoffmcaqqrcyw45i,2020-06-15T07:20:14Z,"bedroom pop","Seyerland",0.678,0.191,4,-16.059,1,0.0391,0.525,0.0883,0.0999,0.111,134.466,4
spotify:track:2imAA5ofcn4dCRVNjKyEq3,"First Aid","First Aid","Gus Dapperton",2020-04-22,268764,0,false,2142rwjjwxoffmcaqqrcyw45i,2020-06-15T07:21:27Z,"bedroom pop","Gus Dapperton",0.599,0.458,10,-4.366,0,0.0266,0.0114,0.00464,0.0996,0.352,69.971,4
spotify:track:5lqrlvijQZ9qTsBa6M3tEa,"Babygirl","Babygirl","Maeta",2019-09-23,165520,38,true,tnhenlzrnbb7q8myjibss8pbh,2020-06-15T11:13:52Z,"indie r&b","Maeta’s World Music",0.72,0.524,4,-7.524,0,0.0415,0.57,0.00154,0.0744,0.399,116.017,3
spotify:track:3yhlH8lhTpS03d91kuwjpf,"Wasteland","Wasteland","Tierra Whack",2019-03-12,183282,46,true,tnhenlzrnbb7q8myjibss8pbh,2020-06-16T13:41:02Z,"alternative r&b","Tierra Whack",0.511,0.441,4,-10.264,0,0.0563,0.749,0,0.123,0.382,125.117,4
spotify:track:5IKPCdTDfRLVMl6qXHsxcx,"Skrt","Quayside Drive","YXL Ayo;Shona Rose",2020-04-30,180000,0,true,tnhenlzrnbb7q8myjibss8pbh,2020-06-16T13:41:09Z,"afropop","YXL (Young and Living)",0.848,0.489,0,-8.092,1,0.137,0.74,0.00965,0.119,0.124,160.011,4
spotify:track:4rHIfYRQw6ittRQXAlurk0,"Favorite Mistake","TAKE TIME","GIVĒON",2020-03-27,172907,64,false,tnhenlzrnbb7q8myjibss8pbh,2020-06-16T13:41:17Z,"r&b","Epic/Not So Fast",0.535,0.409,7,-9.517,0,0.0855,0.777,0,0.129,0.138,170.123,4
spotify:track:5byKgHfLyJiP3n8xbO9L78,"Wait","Wait","Billy Lemos;Still Woozy;Blake Parker",2019-01-25,182403,0,true,tnhenlzrnbb7q8myjibss8pbh,2020-06-16T13:41:34Z,"bedroom pop","Dial-Up Dreams",0.49,0.344,7,-10.674,1,0.0826,0.752,0.019,0.14,0.374,115.087,4
spotify:track:4xh8GZS0NlJpVWem57kgil,"Bitter Sweet","An EP by Api & Sarah Hemi","Api & Sarah Hemi",2018-07-20,169527,10,false,tnhenlzrnbb7q8myjibss8pbh,2020-06-20T08:17:38Z,"","Hemi Records",0.468,0.219,9,-14.603,1,0.049,0.474,0.00137,0.222,0.635,157.413,4
spotify:track:2CyzCewZZ1ilsGDClxWuA0,"sweet thing","sweet thing","Dijon",2020-06-19,192220,49,false,tnhenlzrnbb7q8myjibss8pbh,2020-07-08T08:09:50Z,"","R&R Digital/Warner Records",0.531,0.365,3,-11.298,1,0.185,0.897,0.000194,0.22,0.59,81.743,5
spotify:track:4oS0jmMzKWHhOzp3BOTfJg,"Politics & Violence","Politics & Violence","Dominic Fike",2020-07-09,197846,42,true,tnhenlzrnbb7q8myjibss8pbh,2020-07-09T16:07:01Z,"","Columbia",0.379,0.561,9,-6.451,1,0.0608,0.481,0.0113,0.11,0.148,189.542,4
spotify:track:0Pr2B3eAug5PK9mBf2OzvW,"She Said","Feed.","RIZ LA VIE",2020-06-04,213449,0,false,tnhenlzrnbb7q8myjibss8pbh,2020-07-10T16:37:07Z,"stutter house","THANKYOURIZ",0.643,0.315,0,-10.77,1,0.306,0.897,0.0000045,0.113,0.126,76.264,4
spotify:track:3siyfhqP2BSRciLSbwGpzR,"Whats For Dinner?","What Could Possibly Go Wrong","Dominic Fike",2020-07-31,138299,54,true,2142rwjjwxoffmcaqqrcyw45i,2020-07-30T15:23:01Z,"","Columbia",0.855,0.469,4,-4.965,1,0.0769,0.65,0.0000248,0.108,0.305,91.985,4
spotify:track:3Wgs96Z4TdCpnqFj2CxpsI,"Come Here","What Could Possibly Go Wrong","Dominic Fike",2020-07-31,77620,54,false,2142rwjjwxoffmcaqqrcyw45i,2020-07-30T15:37:02Z,"","Columbia",0.497,0.789,6,-0.947,1,0.0809,0.0021,0.000528,0.28,0.459,81.154,4
spotify:track:388bpvPl0s0VxtZorgBFtO,"Cookie Chips","Cookie Chips","Rejjie Snow;MF DOOM;Cam O'bi",2020-07-13,259906,0,true,2142rwjjwxoffmcaqqrcyw45i,2020-08-04T06:25:35Z,"jazz rap,experimental hip hop,east coast hip hop,alternative hip hop","Honeymoon / +1 Records",0.458,0.635,5,-7.697,1,0.275,0.45,0.000108,0.114,0.555,91.926,4
spotify:track:1eaaALv53LViUGtOQ63jEn,"Stayback","Stayback","Omar Apollo",2020-08-07,159859,27,false,2142rwjjwxoffmcaqqrcyw45i,2020-08-12T14:29:45Z,"bedroom pop","Warner Records",0.549,0.408,7,-7.675,1,0.0939,0.77,0.00000422,0.151,0.671,124.717,4
spotify:track:4vHNeBWDQpVCmGbaccrRzi,"Goodie Bag","Goodie Bag","Still Woozy",2017-11-05,146390,73,true,2142rwjjwxoffmcaqqrcyw45i,2020-08-15T07:02:58Z,"bedroom pop","Still Woozy Productions Inc., under exclusive license to Interscope Records",0.739,0.522,7,-12.304,0,0.151,0.821,0.00124,0.233,0.619,138.263,4
spotify:track:6PKOCl6HAwoxAGrpKHW9nz,"These Days","These Days","Donavon",2019-02-28,146250,19,false,2142rwjjwxoffmcaqqrcyw45i,2020-08-15T11:57:07Z,"neo soul","Badmind",0.641,0.271,6,-16.374,1,0.0329,0.814,0.00489,0.298,0.514,127.936,3
spotify:track:5JRMqkR82k2fdDEAim9SCN,"Peach","ARIZONA BABY","Kevin Abstract",2019-04-25,176732,64,true,2142rwjjwxoffmcaqqrcyw45i,2020-08-15T12:05:42Z,"","Question Everything/RCA Records",0.646,0.682,7,-5.847,1,0.0759,0.683,0.00000484,0.107,0.421,131.895,4
spotify:track:467t3218y3yihFcyDGWjr0,"Skin","Skin","Dijon",2018-04-19,230625,65,false,2142rwjjwxoffmcaqqrcyw45i,2020-08-15T12:05:45Z,"","Dark Green, Dark Green",0.674,0.616,7,-3.471,1,0.0272,0.512,0.0000021,0.331,0.551,94.934,4
spotify:track:1HA2V2EfAgJUBVOju4YfiB,"Just A Stranger (feat. Steve Lacy)","Isolation","Kali Uchis;Steve Lacy",2018-04-06,177697,67,false,2142rwjjwxoffmcaqqrcyw45i,2020-08-15T12:25:15Z,"","EMI",0.745,0.672,9,-5.738,1,0.0346,0.127,0,0.103,0.641,108.031,4
spotify:track:0nXyCNdS6fkZNP11DwGq1i,"Lucy","Lucy","Still Woozy;ODIE",2018-03-22,142500,0,true,2142rwjjwxoffmcaqqrcyw45i,2020-08-15T12:30:36Z,"bedroom pop","DistroKid.com",0.649,0.535,6,-12.017,0,0.224,0.385,0.000422,0.12,0.843,84.466,4
spotify:track:4riDfclV7kPDT9D58FpmHd,"Some","Some","Steve Lacy",2016-10-31,118393,78,true,2142rwjjwxoffmcaqqrcyw45i,2020-08-20T09:07:25Z,"","L-M Records",0.784,0.554,7,-6.417,1,0.03,0.00548,0.254,0.0995,0.634,104.01,4
spotify:track:41o2ydrj7Xm9Yt5odIBqq4,"Velvet Light","Velvet Light","Jakob",2018-04-05,141587,58,false,2142rwjjwxoffmcaqqrcyw45i,2020-08-20T09:08:26Z,"bedroom pop","Playground Music",0.67,0.419,6,-10.523,0,0.0751,0.75,0.135,0.0976,0.513,77.919,4
spotify:track:5fiqlr2qQKTJ72OlVdOBuh,"4 Letter Word","HAPPY 2 BE HERE","Ant Clemons;Timbaland",2020-02-28,113546,0,false,2142rwjjwxoffmcaqqrcyw45i,2020-08-21T06:51:17Z,"","Legion / Human Re Sources",0.876,0.435,4,-6.736,1,0.18,0.335,0.00000161,0.068,0.692,94.988,4
spotify:track:79o5osBtATdWV0Vl5vrbY5,"Heart","Heart","Omar Apollo",2018-01-15,184000,0,false,2142rwjjwxoffmcaqqrcyw45i,2020-08-23T17:32:59Z,"bedroom pop","Omar Apollo",0.71,0.528,9,-6.177,0,0.0506,0.519,0.000219,0.109,0.319,120.065,4
spotify:track:2OFrAsP5Vrcb0DtsPNsm54,"My Kind of Woman","2","Mac DeMarco",2012-10-16,190845,1,false,2142rwjjwxoffmcaqqrcyw45i,2020-08-24T11:55:00Z,"indie,lo-fi indie","Captured Tracks",0.501,0.765,6,-7.063,0,0.0281,0.00294,0.49,0.184,0.46,91.769,4
spotify:track:4ja2gzrNh9VNigzoXfmbwD,"Mariposa","Mariposa","Peach Tree Rascals",2019-08-28,210000,1,false,2142rwjjwxoffmcaqqrcyw45i,2020-08-26T18:06:40Z,"","Homemade Projects, LLC / TenThousand Projects, LLC",0.676,0.525,9,-5.88,1,0.028,0.617,0,0.356,0.421,112.011,4
spotify:track:63bAGRSSX2V1hhPSP2NpBC,"North Face","Analogue","ODIE",2018-04-06,196799,60,true,2142rwjjwxoffmcaqqrcyw45i,2020-08-31T14:07:45Z,"","Unité Recordings / EMPIRE",0.802,0.382,10,-7.356,1,0.0312,0.792,0.163,0.0783,0.581,99.969,4
spotify:track:6x1jUK7H6qZVS265OCnlVw,"Dancing","Endless Summer","bLAck pARty",2019-08-23,245722,52,false,2142rwjjwxoffmcaqqrcyw45i,2020-08-31T14:07:53Z,"indie soul,alternative r&b","Wolf+Rothstein/RCA Records",0.902,0.468,0,-8.671,0,0.0535,0.596,0.00542,0.238,0.728,95.008,4
spotify:track:3FAJ6O0NOHQV8Mc5Ri6ENp,"Heartbreak Anniversary","TAKE TIME","GIVĒON",2020-03-27,198371,81,false,2142rwjjwxoffmcaqqrcyw45i,2020-08-31T14:08:00Z,"r&b","Epic/Not So Fast",0.449,0.465,0,-8.964,1,0.0791,0.524,0.00000102,0.303,0.543,89.087,3
spotify:track:1NlWBpNYAnFT7gMGyC0Y1M,"Sandstorm (feat. JID)","The Jungle Is The Only Way Out","Mereba;JID",2019-02-27,179026,58,true,2142rwjjwxoffmcaqqrcyw45i,2020-08-31T14:08:03Z,"alternative r&b","Interscope Records",0.649,0.512,4,-10.027,0,0.0927,0.59,0.000466,0.0712,0.335,109.726,5
spotify:track:7AszVgcyqnhmIzo6TutnCd,"Erase","Stereo","Omar Apollo",2018-05-30,236794,0,false,2142rwjjwxoffmcaqqrcyw45i,2020-08-31T14:08:14Z,"bedroom pop","Omar Apollo",0.657,0.376,9,-6.534,1,0.0463,0.688,0.0000254,0.272,0.575,84.905,4
spotify:track:5M8VxQwrf56IrtRLoXeFW4,"HOMEGIRL - BONUS TRACK","HIGHTIDE","Leven Kali;Smino;Topaz Jones",2020-05-01,286073,38,true,2142rwjjwxoffmcaqqrcyw45i,2020-08-31T14:08:18Z,"","Interscope Records",0.8,0.629,8,-5.457,1,0.117,0.169,0,0.0998,0.744,85.073,4
spotify:track:4LGg2NY9eHp0jF3L1WbCNl,"Wildin'","Wildin'","Berhana",2018-07-18,139613,0,true,2142rwjjwxoffmcaqqrcyw45i,2020-08-31T14:08:34Z,"","EQT Recordings, LLC",0.76,0.48,1,-8.535,0,0.226,0.585,0,0.717,0.877,90.01,4
spotify:track:4qkVALwOxCIEZ7I5gkZ3m4,"Butterfly","Butterfly","UMI",2018-03-09,160500,53,false,2142rwjjwxoffmcaqqrcyw45i,2020-08-31T14:08:36Z,"","Nakai Records",0.785,0.27,5,-14.457,1,0.0892,0.255,0.00132,0.0953,0.12,131.894,4
spotify:track:5HYSOEDwblGTVSh88TZnet,"Midnight Blues","Interlude","UMI",2018-01-25,147304,48,false,2142rwjjwxoffmcaqqrcyw45i,2020-08-31T14:08:42Z,"","408 Records",0.763,0.494,11,-6.857,0,0.0487,0.965,0.00173,0.173,0.347,88.011,4
spotify:track:5Ss6DqCldgTmIo6BekVOJT,"You Say I'm in Love","You Say I'm in Love","Banes World",2017-01-26,176760,1,false,2142rwjjwxoffmcaqqrcyw45i,2020-09-07T16:23:36Z,"bedroom pop,lo-fi indie","Banes World",0.625,0.285,1,-16.686,0,0.0537,0.438,0.00279,0.192,0.357,140.02,4
spotify:track:4yp90BbE4dxPXfGGSpbFwT,"Drowsy","Drowsy","Banes World",2016-06-04,164027,0,false,2142rwjjwxoffmcaqqrcyw45i,2020-09-07T16:26:45Z,"bedroom pop,lo-fi indie","Banes World",0.594,0.185,8,-16.243,0,0.0319,0.957,0.00287,0.118,0.415,127.085,3
spotify:track:7iSNEgSJYlc42H73xePMLh,"Rollerblades","Rollerblades","Dominic Fike",2019-06-06,134066,57,false,2142rwjjwxoffmcaqqrcyw45i,2020-09-07T16:26:55Z,"","Columbia",0.566,0.448,4,-8.739,0,0.0799,0.54,0.0000722,0.0956,0.199,110.802,4
spotify:track:20j7l6tFtc5lynXpbOQg1O,"Superstar Sh*t","What Could Possibly Go Wrong","Dominic Fike",2020-07-31,127054,68,false,2142rwjjwxoffmcaqqrcyw45i,2020-09-07T16:26:58Z,"","Columbia",0.756,0.394,4,-7.321,0,0.0956,0.945,0.0371,0.12,0.197,70.027,4
spotify:track:0Lhy1sDDdtUFY2pyq2ZVi9,"Hit Me Up","Hit Me Up","Omar Apollo;Dominic Fike;Kenny Beats",2019-11-05,160000,0,true,2142rwjjwxoffmcaqqrcyw45i,2020-09-07T16:27:10Z,"bedroom pop","Omar Apollo",0.773,0.62,9,-5.252,1,0.103,0.363,0.00000237,0.175,0.624,84.975,4
spotify:track:2wHEDKS6lHEdNtwSURsP9Z,"Guy","You're A Dog!","Remi Wolf",2019-09-20,162962,23,false,2142rwjjwxoffmcaqqrcyw45i,2020-09-07T16:28:08Z,"","Island Records",0.692,0.623,2,-6.204,1,0.0725,0.332,0.000102,0.0463,0.801,81.002,4
spotify:track:6frrSEJc3nE3FESO74Xxxe,"Swimming","Swimming","Deb Never",2019-08-29,137369,0,true,2142rwjjwxoffmcaqqrcyw45i,2020-09-07T16:29:19Z,"","WeDidIt Records",0.751,0.303,8,-11.233,1,0.258,0.281,0,0.145,0.471,79.533,4
spotify:track:1aFL6FVclpfPafOGekKkna,"Night Garden (feat. Kenny Beats & Bakar)","Night Garden (feat. Kenny Beats & Bakar)","BENEE;Kenny Beats;Bakar",2020-07-15,221199,0,false,2142rwjjwxoffmcaqqrcyw45i,2020-09-07T16:35:43Z,"","Republic Records",0.84,0.623,9,-4.925,0,0.143,0.0156,0,0.0489,0.464,89.049,4
spotify:track:4jgAfg7f9Wf6p4sIWYeOi3,"Are You Bored Yet? (feat. Clairo) - Mura Masa Remix","Are You Bored Yet? (feat. Clairo) [Mura Masa Remix]","Wallows;Clairo;Mura Masa",2020-08-28,196173,27,false,2142rwjjwxoffmcaqqrcyw45i,2020-09-07T16:44:15Z,"indie,bedroom pop","Atlantic Records",0.697,0.542,7,-12.497,1,0.031,0.421,0.00147,0.117,0.366,114.994,4
spotify:track:1jhULxpy4dJ6fxFA3dbkJZ,"Holdin Me Back","Valley Hopefuls","Jordan Ward",2019-06-07,184864,0,true,2142rwjjwxoffmcaqqrcyw45i,2020-09-07T16:48:52Z,"alternative r&b","Live Help LIve / Artium Recordings, LLC",0.786,0.432,3,-8.693,0,0.392,0.76,0,0.115,0.625,133.005,4
spotify:track:01TyFEZu6mHbffsVfxgrFn,"Show Me How","Show Me How","Men I Trust",2018-02-28,215110,3,false,2142rwjjwxoffmcaqqrcyw45i,2020-09-07T16:56:37Z,"bedroom pop,indie pop,dream pop","Indie",0.791,0.267,5,-11.997,1,0.0415,0.674,0.534,0.102,0.544,165.99,4
spotify:track:2FMO2IFR4cJSe5D4BlpDV8,"Cancel Me","What Could Possibly Go Wrong","Dominic Fike",2020-07-31,137241,53,true,2142rwjjwxoffmcaqqrcyw45i,2020-09-07T17:22:25Z,"","Columbia",0.665,0.874,8,-2.241,1,0.323,0.466,0.00000365,0.082,0.761,169.896,4
spotify:track:4Q09JEsHAZhHOIPTqDGeB2,"Falling Asleep","Don't Forget About Me, Demos","Dominic Fike",2018-10-16,108533,62,false,2142rwjjwxoffmcaqqrcyw45i,2020-09-09T04:38:22Z,"","Columbia",0.641,0.596,7,-5.953,1,0.0434,0.515,0.000011,0.0627,0.729,160.982,4
spotify:track:3xKsf9qdS1CyvXSMEid6g8,"Pink + White","Blonde","Frank Ocean",2016-08-20,184516,89,false,2142rwjjwxoffmcaqqrcyw45i,2020-09-09T04:39:15Z,"","Boys Don't Cry",0.545,0.545,9,-7.362,1,0.107,0.667,0.0000548,0.417,0.549,159.94,3
spotify:track:2CzUlaKN1mvb0szagSR3ux,"Fuck The World (Summer in London)","Fuck The World","Brent Faiyaz",2020-02-07,236703,65,true,2142rwjjwxoffmcaqqrcyw45i,2020-09-09T04:39:16Z,"r&b","Lost Kids",0.679,0.281,3,-15.506,0,0.184,0.873,0.00335,0.215,0.234,74.996,4
spotify:track:3DbBgbnDUOml329rAp2Tbr,"Colorado","Colorado","Kota the Friend",2018-10-24,206500,53,true,2142rwjjwxoffmcaqqrcyw45i,2020-09-09T04:39:25Z,"","Fltbys",0.905,0.562,8,-7.884,1,0.0662,0.453,0.000285,0.13,0.507,139.997,4
spotify:track:1OWGLpptXlHLw1yibeHiHa,"SHINE","ONEPOINTFIVE","Aminé",2018-08-15,150000,50,true,2142rwjjwxoffmcaqqrcyw45i,2020-09-09T04:39:34Z,"","Republic Records",0.704,0.517,5,-7.999,0,0.313,0.315,0.00000587,0.174,0.443,139.855,4
spotify:track:6Nle9hKrkL1wQpwNfEkxjh,"Chanel","Chanel","Frank Ocean",2017-03-10,210285,80,true,2142rwjjwxoffmcaqqrcyw45i,2020-09-09T04:39:35Z,"","Blonded",0.776,0.503,0,-5.732,0,0.237,0.874,0,0.112,0.473,110.134,4
spotify:track:0gqG3JmjuP4Pk8rIMwRCUJ,"Too Fast","Too Fast","Yeek",2019-04-26,214639,0,false,2142rwjjwxoffmcaqqrcyw45i,2020-09-09T12:59:40Z,"bedroom pop","Yeek, Inc.",0.697,0.617,0,-4.455,0,0.0582,0.173,0.000137,0.167,0.294,145.53,3
spotify:track:3uwrczwM9A3xX63jlcRhIC,"Cleaner Air","Cleaner Air","Yeek",2018-10-30,128129,0,true,2142rwjjwxoffmcaqqrcyw45i,2020-09-09T13:00:38Z,"bedroom pop","Yeek, Inc.",0.717,0.797,7,-5.393,1,0.0368,0.876,0.000694,0.0836,0.849,77.492,4
spotify:track:18eZc40EneLmStYEy3cLBP,"Kamikaze","Kamikaze","Omar Apollo",2020-09-10,210914,33,true,2142rwjjwxoffmcaqqrcyw45i,2020-09-09T17:18:17Z,"bedroom pop","Warner Records",0.705,0.734,2,-5.08,0,0.184,0.28,0.0000714,0.093,0.457,94.996,4
spotify:track:3UJS9aEUbtYO8kMl1IK1r3,"Reckless","Subluxe","Healy",2017,237157,55,false,2142rwjjwxoffmcaqqrcyw45i,2020-09-10T13:55:53Z,"","Braintrust Records/RCA Records",0.849,0.362,2,-8.585,1,0.41,0.526,0.0000163,0.233,0.415,81.143,4
spotify:track:4A4EI3YNaHhDiAgpQlCZkk,"Kiss U Right Now","SuperGood","Duckwrth",2020-08-21,194776,57,true,2142rwjjwxoffmcaqqrcyw45i,2020-09-10T14:08:03Z,"","Republic Records",0.855,0.331,7,-8.652,1,0.07,0.41,0.00131,0.152,0.652,98.03,4
spotify:track:2x6M6VvTGdWWiIB9DVYC77,"Mango (Freestyle / Process)","A Collection of Fleeting Moments and Daydreams","Orion Sun;Mulch",2017-07-02,290000,0,false,2142rwjjwxoffmcaqqrcyw45i,2020-09-11T02:18:20Z,"alternative r&b,bedroom pop","orion sun",0.483,0.449,9,-10.046,1,0.119,0.532,0.0475,0.112,0.276,97.107,4
spotify:track:0bmQ5H9mHFzRnJ4ZntylFg,"Somewhere (feat. Gus Dapperton)","Somewhere (feat. Gus Dapperton)","Surf Mesa;Gus Dapperton",2020-07-31,183943,43,false,2142rwjjwxoffmcaqqrcyw45i,2020-09-11T02:24:48Z,"bedroom pop","Astralwerks",0.731,0.636,0,-6.845,1,0.0314,0.00295,0.00059,0.196,0.703,122.996,4
spotify:track:7mXlbNAscwDy1Y3cl8eY5o,"Medicine","Medicine","Gus Dapperton",2020-09-02,240604,0,false,2142rwjjwxoffmcaqqrcyw45i,2020-09-11T02:25:57Z,"bedroom pop","Gus Dapperton",0.604,0.385,4,-4.766,1,0.0272,0.102,0.00000399,0.198,0.206,129.924,4
spotify:track:4oecUEFtf9m5x8YQFfE1em,"Worth It","Worth It","beabadoobee",2020-09-08,194173,35,true,2142rwjjwxoffmcaqqrcyw45i,2020-09-11T02:26:29Z,"bedroom pop","Dirty Hit",0.576,0.751,2,-5.256,1,0.0269,0.0125,0.000459,0.0501,0.38,103.009,4
spotify:track:1qxZswAdBvM0JMUoV83J1b,"BS","BS","Still Woozy",2020-09-10,133986,52,false,2142rwjjwxoffmcaqqrcyw45i,2020-09-11T02:26:53Z,"bedroom pop","Still Woozy Productions Inc., under exclusive license to Interscope Records",0.616,0.458,3,-11.832,1,0.0455,0.503,0.0035,0.115,0.53,79.574,3
spotify:track:5LEVjmo2QweDHc7k19aFcp,"Listerine","Fuzzybrain","Dayglow",2019-11-14,215555,1,false,2142rwjjwxoffmcaqqrcyw45i,2020-09-11T02:29:49Z,"indie rock","Very Nice Records",0.694,0.583,11,-11.549,1,0.0371,0.168,0.819,0.329,0.897,134.999,4
spotify:track:6RG8y3WSNUE3DcIC3eQCXO,"Blue Lips","Invitation to Her's","Her's",2018-08-24,222062,60,false,2142rwjjwxoffmcaqqrcyw45i,2020-09-11T02:41:18Z,"indie","Heist Or Hit Records",0.359,0.727,2,-7.088,1,0.0345,0.0512,0.81,0.112,0.698,109.853,4
spotify:track:6T7xC3rDjOCkMkvcFVdu6Z,"Fangs","Fangs","Matt Champion",2017-02-13,234285,53,true,2142rwjjwxoffmcaqqrcyw45i,2020-09-13T08:09:18Z,"bedroom pop","Brockhampton",0.69,0.387,11,-9.116,0,0.0627,0.416,0.239,0.252,0.471,83.981,4
spotify:track:4BsLwvaJOTOHDNg7xMpvrL,"Habit","Habit","Still Woozy",2019-12-12,153871,63,true,2142rwjjwxoffmcaqqrcyw45i,2020-09-13T08:12:35Z,"bedroom pop","Still Woozy Productions Inc., under exclusive license to Interscope Records",0.767,0.392,1,-11.996,1,0.0945,0.154,0.000398,0.108,0.48,125.017,4
spotify:track:03ZkvqZOANKndGXfAAPywG,"Drown","Drown","Cuco;Clairo",2018-08-01,234055,0,true,2142rwjjwxoffmcaqqrcyw45i,2020-09-13T09:03:20Z,"bedroom pop","Cuco",0.674,0.615,0,-8.188,1,0.147,0.455,0.00091,0.208,0.756,85.048,4
spotify:track:2Y28HmBMyRrCgL0PTbkP7O,"What's It All For?","What's It All For?","Yellow Days",2018-11-07,251422,39,true,2142rwjjwxoffmcaqqrcyw45i,2020-09-13T09:07:26Z,"bedroom pop","Columbia",0.821,0.666,3,-7.747,0,0.0469,0.649,0.0288,0.114,0.695,99.998,4
spotify:track:2ngVZZGrIYAxyxaA2QcWTB,"Porcelain","Oncle Jazz","Men I Trust",2019-09-13,212889,49,false,2142rwjjwxoffmcaqqrcyw45i,2020-09-13T09:14:51Z,"bedroom pop,indie pop,dream pop","Independent",0.801,0.293,4,-15.148,1,0.0346,0.697,0.882,0.104,0.591,101.994,4
spotify:track:1gk3FhAV07q9Jg77UxnVjX,"Gooey","ZABA","Glass Animals",2014-06-03,289306,74,false,2142rwjjwxoffmcaqqrcyw45i,2020-09-13T09:16:58Z,"","Wolf Tone",0.487,0.369,11,-13.424,0,0.0406,0.736,0.0000375,0.0925,0.106,183.114,4
spotify:track:2KvbRojbZGMsWr1Nuj5n2f,"You Might Be Sleeping","Bedroom Tapes","Jakob;Clairo",2017-06-16,147093,63,false,2142rwjjwxoffmcaqqrcyw45i,2020-09-14T13:17:31Z,"bedroom pop","Playground Music",0.587,0.565,7,-9.249,1,0.0265,0.731,0.341,0.169,0.508,92.604,4
spotify:track:3LXprYdzVPc76n9ypWTrM8,"The Curse (feat. Mac Demarco)","The Curse (feat. Mac Demarco)","Yellow Days;Mac DeMarco",2020-09-07,305512,31,false,2142rwjjwxoffmcaqqrcyw45i,2020-09-14T13:18:22Z,"bedroom pop,indie,lo-fi indie","Columbia",0.605,0.49,0,-7.148,1,0.0465,0.128,0.000119,0.38,0.355,140.172,4
spotify:track:2MsjuJQ5iRuWDCK1vbUF0d,"Dream Boat","Drowsy","Banes World;TEMPOREX",2016-06-04,135720,0,false,2142rwjjwxoffmcaqqrcyw45i,2020-09-14T13:18:47Z,"bedroom pop,lo-fi indie","Banes World",0.459,0.187,3,-20.828,0,0.0441,0.851,0.888,0.104,0.219,138.1,4
spotify:track:3XAFrOZbJYdMaHGP4qutqs,"Some","Steve Lacy's Demo","Steve Lacy",2017-02-24,180695,0,false,2142rwjjwxoffmcaqqrcyw45i,2020-09-14T13:20:16Z,"","Three Quarter",0.51,0.666,4,-7.474,0,0.0638,0.0248,0.058,0.0758,0.106,103.584,4
spotify:track:5BoDFGTXZ8j5muc6Sb2jMz,"Lava","Lava","Still Woozy",2019-04-05,157303,0,false,2142rwjjwxoffmcaqqrcyw45i,2020-09-14T13:21:08Z,"bedroom pop","Still Woozy",0.623,0.615,1,-10.064,1,0.146,0.304,0.00874,0.25,0.672,169.137,4
spotify:track:7LX4aXtvImhdgUHQBlo8Kp,"K.","Cigarettes After Sex","Cigarettes After Sex",2017-06-09,319560,2,false,2142rwjjwxoffmcaqqrcyw45i,2020-09-14T13:24:53Z,"dream pop","PTKF",0.454,0.404,3,-10.26,1,0.027,0.146,0.819,0.141,0.313,94.113,4
spotify:track:4g3Ax56IslQkI6XVfYKVc5,"The Less I Know The Better","Currents","Tame Impala",2015-07-17,216318,1,true,2142rwjjwxoffmcaqqrcyw45i,2020-09-14T13:25:01Z,"neo-psychedelic,indie","Universal Music Group",0.64,0.755,1,-4.077,0,0.0287,0.0138,0.0208,0.12,0.744,116.883,4
spotify:track:3ZqAtgdjVVq82hP09xzRUn,"U Got My","U Got My","Victor Internet",2018-08-27,159238,0,false,2142rwjjwxoffmcaqqrcyw45i,2020-09-14T13:38:59Z,"bedroom pop","Victor Internet",0.783,0.566,2,-5.83,1,0.0775,0.00838,0.00000154,0.104,0.14,104.968,4
spotify:track:2JYbp4TjOA6bs6Igkm69gc,"Pram","Pram","Omar Apollo",2017-07-11,132000,0,false,2142rwjjwxoffmcaqqrcyw45i,2020-09-15T14:01:31Z,"bedroom pop","Se7en Syllables",0.701,0.185,2,-11.308,1,0.0407,0.849,0.00149,0.1,0.375,120.004,4
spotify:track:474ERommEtB8rxM7CBApSx,"Your Special","Forest Green (Deluxe)","Q",2019-07-12,181333,32,false,2142rwjjwxoffmcaqqrcyw45i,2020-09-16T03:03:35Z,"alternative r&b","Columbia",0.745,0.215,5,-12.289,0,0.0482,0.703,0.00574,0.106,0.172,89.99,4
spotify:track:1ZAHBS5hjX3RmZOFa9V82Q,"Sad Summer","Sad Summer","Yeek",2015-05-01,232489,0,false,2142rwjjwxoffmcaqqrcyw45i,2020-09-16T07:49:32Z,"bedroom pop","Yeek",0.538,0.674,11,-7.572,1,0.0869,0.201,0.0000742,0.376,0.251,47.477,4
spotify:track:34xTFwjPQ1dC6uJmleno7x,"Godspeed","Blonde","Frank Ocean",2016-08-20,177922,80,false,2142rwjjwxoffmcaqqrcyw45i,2020-09-16T07:50:03Z,"","Boys Don't Cry",0.399,0.0969,6,-12.578,1,0.0509,0.929,0.000168,0.121,0.0758,109.54,4
spotify:track:7er0EUMY653mxZ1NVD9mwQ,"FIND YOUR WINGS (feat. Roy Ayers, Sydney Bennett & Kali Uchis)","Cherry Bomb","Tyler, The Creator;Roy Ayers;Syd;Kali Uchis",2015-04-13,179042,61,true,2142rwjjwxoffmcaqqrcyw45i,2020-09-17T01:27:52Z,"jazz funk,acid jazz,funk,alternative r&b","Odd Future",0.53,0.427,9,-7.338,0,0.0275,0.405,0.0832,0.0976,0.195,75.111,4
spotify:track:54oNYGC5Sh6ZkvlsLYjPpC,"Car Window","Car Window","Yeek",2018-08-24,175934,0,false,2142rwjjwxoffmcaqqrcyw45i,2020-09-17T01:34:35Z,"bedroom pop","Yeek Recordings",0.927,0.0796,2,-9.899,0,0.0671,0.418,0.235,0.11,0.548,117.01,3
spotify:track:3GjRxi9U624mTvK8rJYkDh,"Apple (Remix)","Apple (Remix)","KIRBY;Pink Sweat$",2020-08-14,196246,19,false,2142rwjjwxoffmcaqqrcyw45i,2020-09-17T01:41:12Z,"alternative r&b","KIRBY & Pink Sweat$",0.367,0.342,3,-7.722,1,0.03,0.767,0,0.134,0.338,155.536,4
spotify:track:2mUYwGbnQInrgj4btIee67,"Young Person Vacation","Young Person Vacation","myKeL",2020-02-22,198375,0,false,2142rwjjwxoffmcaqqrcyw45i,2020-09-17T04:47:08Z,"","Mykel",0.738,0.71,9,-10.171,1,0.0444,0.739,0.0453,0.0976,0.443,140.066,4
spotify:track:1xLs8Mu1QEVbGCpyHQ2r2U,"Why","What Could Possibly Go Wrong","Dominic Fike",2020-07-31,139906,74,true,2142rwjjwxoffmcaqqrcyw45i,2020-09-17T06:21:47Z,"","Columbia",0.684,0.856,6,-2.676,1,0.0411,0.342,0.00728,0.109,0.343,117.027,4
spotify:track:4cJOLN346rtOty3UPACsao,"I Don't Know You","I Don't Know You","The Marías",2017-06-14,209449,0,false,2142rwjjwxoffmcaqqrcyw45i,2020-09-17T06:23:43Z,"bedroom pop","Superclean Records",0.884,0.333,9,-9.753,0,0.0617,0.293,0.0205,0.103,0.587,118.065,4
spotify:track:515MVhJ5mWAk41VfyOrezB,"Numb","Blue Patio","Jay Wile",2018-03-06,220965,30,false,2142rwjjwxoffmcaqqrcyw45i,2020-09-17T06:23:50Z,"indie r&b","Austin Ave Records",0.617,0.172,8,-13.862,0,0.0583,0.145,0,0.0544,0.605,144.759,3
spotify:track:7oV1btBA4MYfN7GE7Xu9Sx,"Joe Blazey","What Could Possibly Go Wrong","Dominic Fike",2020-07-31,162309,52,true,2142rwjjwxoffmcaqqrcyw45i,2020-09-17T12:07:20Z,"","Columbia",0.551,0.492,10,-7.8,0,0.409,0.651,0.000184,0.322,0.602,121.523,4
spotify:track:6Q4Es6wVFh8W2qXrkQ7j1w,"Good Game","What Could Possibly Go Wrong","Dominic Fike",2020-07-31,147715,53,false,2142rwjjwxoffmcaqqrcyw45i,2020-09-17T12:09:31Z,"","Columbia",0.707,0.726,2,-5.24,1,0.0347,0.278,0,0.0778,0.644,84.006,4
spotify:track:7G7zCzvyqz39BFE7TqPM3O,"All Your Love","All Your Love","Jakob",2017-01-27,175241,55,false,2142rwjjwxoffmcaqqrcyw45i,2020-09-17T12:16:47Z,"bedroom pop","Playground Music",0.568,0.587,11,-8.814,0,0.127,0.293,0.329,0.137,0.491,174.682,4
spotify:track:2T64m94VBrsEISkAYq6Cnq,"Cooks","Cooks","Still Woozy",2017-07-16,174105,0,false,2142rwjjwxoffmcaqqrcyw45i,2020-09-17T12:17:08Z,"bedroom pop","672794 Records DK",0.363,0.579,7,-10.533,1,0.0986,0.446,0.0127,0.264,0.719,78.032,4
spotify:track:0puyikpyVwe8TTv2tvMHeq,"Social Sites","Social Sites","Cosmo Pyke",2016-10-24,289308,0,true,2142rwjjwxoffmcaqqrcyw45i,2020-09-17T12:18:44Z,"bedroom pop","70Hz Recordings Ltd",0.411,0.618,4,-4.964,0,0.0469,0.109,0,0.279,0.211,120.734,4
spotify:track:4r9iUvR76uqO95cgZV0MKl,"El Camino","Hold Space For Me","Orion Sun",2020-03-27,197746,0,true,2142rwjjwxoffmcaqqrcyw45i,2020-09-17T12:22:01Z,"alternative r&b,bedroom pop","Mom+Pop",0.561,0.673,9,-8.858,0,0.108,0.552,0.0514,0.561,0.17,86.074,4
spotify:track:6UKwgpnH8kKEIJf7rY9Grb,"Lightning","Hold Space For Me","Orion Sun",2020-03-27,187093,0,true,2142rwjjwxoffmcaqqrcyw45i,2020-09-17T12:22:05Z,"alternative r&b,bedroom pop","Mom+Pop",0.719,0.539,5,-7.86,0,0.0425,0.271,0.0000581,0.172,0.522,92.914,4
spotify:track:4vLE1uO1NcclZSrItweuxS,"Grim Reaper","Hold Space For Me","Orion Sun",2020-03-27,156546,0,false,2142rwjjwxoffmcaqqrcyw45i,2020-09-17T12:22:08Z,"alternative r&b,bedroom pop","Mom+Pop",0.603,0.506,0,-8.396,1,0.0456,0.622,0.00185,0.824,0.428,98.139,4
spotify:track:0SRPuTnr5QOKRoIxMvvlgK,"Vampire","What Could Possibly Go Wrong","Dominic Fike",2020-07-31,186050,64,false,2142rwjjwxoffmcaqqrcyw45i,2020-09-17T12:30:03Z,"","Columbia",0.787,0.735,0,-4.808,0,0.0857,0.331,0.0000409,0.113,0.698,97.957,4
spotify:track:7t5MUcFIIayP1M6TNhtWE0,"Summer Time High Time","Chiquito","Cuco;Kwe$t",2018-05-04,208067,0,false,2142rwjjwxoffmcaqqrcyw45i,2020-09-17T17:00:25Z,"bedroom pop","Cuco",0.528,0.671,2,-3.945,1,0.0355,0.0435,0.0000174,0.125,0.581,112.934,4
spotify:track:45uDtD6s3y0V4tkWZrPDXy,"Sand People","Little World","Zack Villere",2017-06-16,156780,0,false,2142rwjjwxoffmcaqqrcyw45i,2020-09-17T17:06:46Z,"bedroom pop","aritech",0.596,0.533,6,-8.457,0,0.0926,0.864,0.0000828,0.13,0.457,76.939,4
spotify:track:7dMnPSDgVoqE4l3RIFwIt8,"Rope Swing","Cardboard City","Zack Villere;Dijon",2020-02-14,220013,0,false,2142rwjjwxoffmcaqqrcyw45i,2020-09-17T17:07:47Z,"bedroom pop","Independent",0.603,0.343,4,-9.496,0,0.0534,0.696,0.0000318,0.244,0.549,79.865,4
spotify:track:4uEIruRY4PcMldNWHogNHE,"Burb","Awkward","Billy Lemos;Victor Internet",2018-09-11,167888,20,true,2142rwjjwxoffmcaqqrcyw45i,2020-09-17T17:12:37Z,"bedroom pop","Billy Lemos",0.459,0.403,4,-8.033,0,0.164,0.775,0,0.104,0.4,136.361,4
spotify:track:15v60vGKyzR46NbI1AAVNL,"12:34 AM","Self","Billy Lemos;Omar Apollo;Maxwell Young",2017-10-13,127000,16,false,2142rwjjwxoffmcaqqrcyw45i,2020-09-17T17:12:45Z,"bedroom pop,lo-fi beats","Billy Lemos",0.711,0.473,1,-11.971,1,0.116,0.656,0.0666,0.119,0.32,90.001,4
spotify:track:4S8vtRJ78uTUGvTZF3dEmR,"I KNO V3","I KNO V3","Victor Internet",2019-12-13,148645,0,true,2142rwjjwxoffmcaqqrcyw45i,2020-09-17T17:13:08Z,"bedroom pop","Terrible Records",0.851,0.533,9,-6.462,0,0.262,0.495,0.0000112,0.108,0.602,77.499,4
spotify:track:0phxK01nh2jkPnYe9wLfdO,"Ipanema","Lately EP","Still Woozy;Omar Apollo;Elujay",2019-05-03,127044,46,false,2142rwjjwxoffmcaqqrcyw45i,2020-09-17T17:15:33Z,"bedroom pop,alternative r&b,indie r&b","Still Woozy Productions Inc., under exclusive license to Interscope Records",0.755,0.477,1,-11.461,1,0.218,0.226,0.077,0.268,0.874,147.451,4
spotify:track:3Ynww2qvvCvZxFtRHtgbxB,"Sore Throat","Cardboard City","Zack Villere",2020-02-14,121239,0,false,2142rwjjwxoffmcaqqrcyw45i,2020-09-17T17:17:43Z,"bedroom pop","Independent",0.32,0.166,8,-11.578,1,0.0314,0.852,0.00688,0.0913,0.162,149.799,4
spotify:track:1X3TaGYYFskN1Lpi7ERf76,"Wish You Still Felt This Way","Collection","90sFlav;sophie meiers",2018-02-09,146552,0,true,2142rwjjwxoffmcaqqrcyw45i,2020-09-17T17:18:33Z,"lo-fi,lo-fi beats,bedroom pop","VinDig",0.771,0.307,7,-14.322,1,0.042,0.0991,0.778,0.0984,0.459,147.607,4
spotify:track:0Ys4J7iim6STsGeLmFLWIo,"Smile","Smile","Nohidea;Ben Beal;sophie meiers",2016-11-11,144040,0,true,2142rwjjwxoffmcaqqrcyw45i,2020-09-17T17:21:27Z,"lo-fi,lo-fi hip hop,lo-fi beats,jazz rap,bedroom pop","Too Lost LLC",0.531,0.487,2,-10.321,0,0.22,0.911,0.00201,0.222,0.749,75.487,4
spotify:track:5JuukNdDnHrNteIgQarFos,"High // Free","High // Free","Billy Lemos;Juto;rei so la",2017-08-01,125548,0,false,2142rwjjwxoffmcaqqrcyw45i,2020-09-17T17:21:55Z,"bedroom pop","Billy Lemos",0.445,0.725,10,-6.206,0,0.334,0.28,0,0.229,0.62,139.768,4
spotify:track:0Yo6XnDYY7U5BeXabzTeKm,"Reason","Reason","Victor Internet",2017-11-14,181395,0,false,2142rwjjwxoffmcaqqrcyw45i,2020-09-17T17:22:25Z,"bedroom pop","Victor Internet",0.314,0.183,0,-10.856,0,0.1,0.843,0.0000476,0.108,0.0657,86.073,4
spotify:track:3eMNCj7SmwJNKUaMiEdED9,"Grateful","Cardboard City","Zack Villere",2020-02-14,207773,0,false,2142rwjjwxoffmcaqqrcyw45i,2020-09-17T17:24:46Z,"bedroom pop","Independent",0.743,0.465,2,-7.347,1,0.0497,0.0385,0.101,0.126,0.174,104.02,4
spotify:track:6EErYXgsGBMkwpITHuKuCI,"B Cool (feat. Melanie Faye)","B Cool (feat. Melanie Faye)","Magroove;Melanie Faye",2017-06-24,199245,38,false,2142rwjjwxoffmcaqqrcyw45i,2020-09-17T17:28:08Z,"bedroom pop,neo soul","Spaced Out Records",0.794,0.368,8,-12.725,1,0.0523,0.559,0.694,0.0864,0.775,140.063,4
spotify:track:6Hg4shhNiovAnaXle7IS0f,"Morse Code","Headroom","Men I Trust;Odile;Geoffroy",2015-06-30,204827,0,false,2142rwjjwxoffmcaqqrcyw45i,2020-09-17T17:53:02Z,"bedroom pop,indie pop,dream pop,música adventista","Men I Trust",0.746,0.496,10,-13.131,0,0.0477,0.111,0.826,0.0785,0.762,116.003,4
spotify:track:7G7zCzvyqz39BFE7TqPM3O,"All Your Love","All Your Love","Jakob",2017-01-27,175241,55,false,2142rwjjwxoffmcaqqrcyw45i,2020-09-17T18:20:50Z,"bedroom pop","Playground Music",0.568,0.587,11,-8.814,0,0.127,0.293,0.329,0.137,0.491,174.682,4
spotify:track:7afpDI6k8fFpRuqEYFMxqR,"Want U Back","Want U Back","Spencer.",2018-08-31,189766,34,false,2142rwjjwxoffmcaqqrcyw45i,2020-09-17T18:20:51Z,"bedroom pop,alternative r&b,indie r&b","Bug's Eye View",0.703,0.625,9,-7.665,1,0.0488,0.621,0.00000132,0.22,0.323,122.952,4
spotify:track:5SiHvFAcqkEhjSiMAJKisr,"+ (PLUS)","VICTOR'S DEBUT","Victor Internet",2019-09-20,178008,0,false,2142rwjjwxoffmcaqqrcyw45i,2020-09-17T18:20:57Z,"bedroom pop","Terrible Records",0.3,0.0461,6,-14.846,1,0.0408,0.758,0.00000667,0.143,0.151,177.791,4
spotify:track:2ENxOXbxhfJ3lfItO0MFDv,"Take Care of You (feat. Syd)","Take Care of You / Summertime","Charlotte Day Wilson;Syd",2020-08-13,214437,42,false,2142rwjjwxoffmcaqqrcyw45i,2020-09-17T18:21:21Z,"alternative r&b","Stone Woman Music",0.666,0.535,4,-9.033,0,0.112,0.827,0.0228,0.202,0.259,127.029,4
spotify:track:1F6IbA7di42uPc3cff8PXV,"Flaming Hot Cheetos","Flaming Hot Cheetos","Clairo",2017-06-14,123884,6,false,2142rwjjwxoffmcaqqrcyw45i,2020-09-17T18:21:28Z,"bedroom pop","FADER Label",0.817,0.551,7,-9.33,0,0.133,0.865,0.000151,0.101,0.142,109.966,4
spotify:track:4EpZ4eYuZOwPSSwyqpdHnJ,"Sunflower","Sunflower","Rex Orange County",2017-03-22,252230,3,true,2142rwjjwxoffmcaqqrcyw45i,2020-09-17T18:21:29Z,"bedroom pop","Rex Orange County",0.384,0.765,6,-4.463,1,0.0579,0.646,0.00352,0.522,0.567,129.903,4
spotify:track:3c0NlyfimtupjK3PlaQDLl,"Pretty Girls","Ugly Boy","Michael Seyer",2016-12-29,226795,41,false,2142rwjjwxoffmcaqqrcyw45i,2020-09-17T18:21:48Z,"bedroom pop","Seyerland",0.578,0.402,9,-13.426,1,0.0403,0.813,0.228,0.113,0.185,136.676,4
spotify:track:54eysgcvVQrqLjioj4NYxj,"To Be You","To Be You","Spencer.",2018-03-21,168414,27,false,2142rwjjwxoffmcaqqrcyw45i,2020-09-18T04:18:37Z,"bedroom pop,alternative r&b,indie r&b","Bug's Eye View",0.603,0.617,11,-6.89,0,0.0709,0.177,0.468,0.188,0.229,136.066,4
spotify:track:2id1xnRQloCopsF5IFRY15,"Only Girl","Only Girl","Kali Uchis;Steve Lacy;Vince Staples",2016-04-11,222162,58,true,2142rwjjwxoffmcaqqrcyw45i,2020-09-18T04:22:43Z,"","EMI",0.806,0.499,9,-7.245,0,0.151,0.198,0.0000371,0.0711,0.402,148.033,4
spotify:track:2x6c8QeSoKG40GGyCjba96,"Bottle Opener","Orca","Gus Dapperton",2020-09-18,124228,0,false,2142rwjjwxoffmcaqqrcyw45i,2020-09-18T07:51:51Z,"bedroom pop","Gus Dapperton",0.619,0.603,9,-5.45,1,0.0291,0.00824,0.00069,0.277,0.697,114.016,4
spotify:track:5MSshyHGM9ajWSEoBcR0jv,"Wurli","What Could Possibly Go Wrong","Dominic Fike",2020-07-31,150620,63,false,2142rwjjwxoffmcaqqrcyw45i,2020-09-20T07:43:19Z,"","Columbia",0.482,0.837,11,-3.696,1,0.0639,0.385,0.0216,0.132,0.0787,91.968,4
spotify:track:3DiRnA7UDlUPrGDOF9Zb4u,"play the part","play the part","ROLE MODEL",2018-11-08,192066,42,false,2142rwjjwxoffmcaqqrcyw45i,2020-09-20T14:36:50Z,"bedroom pop","UMGRI Interscope",0.743,0.486,3,-7.347,1,0.0374,0.44,0.0000428,0.144,0.346,109.015,4
spotify:track:2P4qoMmSqElFcI7GYaPLwf,"My Mind Is a Maze","Dumb Daze","Alann8h",2020-05-14,146677,45,false,2142rwjjwxoffmcaqqrcyw45i,2020-09-20T14:38:34Z,"indie r&b","760973 Records DK2",0.85,0.223,1,-11.46,1,0.0705,0.671,0.0000323,0.0914,0.468,95.008,4
spotify:track:57RA3JGafJm5zRtKJiKPIm,"Are You Bored Yet? (feat. Clairo)","Nothing Happens","Wallows;Clairo",2019-03-22,178000,80,false,2142rwjjwxoffmcaqqrcyw45i,2020-09-20T15:00:12Z,"indie,bedroom pop","Atlantic Records",0.682,0.683,8,-6.444,0,0.0287,0.156,0.0000232,0.273,0.64,120.023,4
spotify:track:64lsIF5pw0sJY0gV5kz0RN,"Can I Call You Tonight?","Fuzzybrain","Dayglow",2019-11-14,278769,3,false,2142rwjjwxoffmcaqqrcyw45i,2020-09-20T15:02:08Z,"indie rock","Very Nice Records",0.641,0.842,9,-7.27,1,0.0292,0.132,0.91,0.419,0.5,129.98,4
spotify:track:1MJ5f5EYBC92ADD6xcz7nb,"Chamber Of Reflection","Salad Days","Mac DeMarco",2014-04-01,231723,2,false,2142rwjjwxoffmcaqqrcyw45i,2020-09-20T15:07:31Z,"indie,lo-fi indie","Captured Tracks",0.537,0.558,11,-8.678,1,0.0929,0.263,0.91,0.102,0.505,131.037,4
spotify:track:6YI5YKiRDgYcYm1yrPCTVO,"Care","Care","TEMPOREX",2017-01-11,121500,0,false,2142rwjjwxoffmcaqqrcyw45i,2020-09-20T15:10:33Z,"bedroom pop","NBI",0.744,0.189,3,-18.448,0,0.0342,0.89,0.00214,0.575,0.49,79.975,4
spotify:track:5C4XCvAKImh0IGPCKbPPo6,"Falling for the Wrong One","Love, Nostalgia","Dreamer Boy",2018-11-13,251642,0,false,2142rwjjwxoffmcaqqrcyw45i,2020-09-20T15:17:17Z,"bedroom pop","Dreamer Boy",0.665,0.673,7,-8.266,1,0.0268,0.0273,0.0207,0.317,0.461,118.968,4
spotify:track:6FQ7tecargtjwGK5L4Atsj,"Lavender","Love, Nostalgia","Dreamer Boy",2018-11-13,218794,0,false,2142rwjjwxoffmcaqqrcyw45i,2020-09-20T15:17:25Z,"bedroom pop","Dreamer Boy",0.662,0.403,8,-10.404,0,0.243,0.55,0,0.179,0.409,78.024,4
spotify:track:13O36COxxWjcvc9r5Zsd1P,"Puppy Dog","Puppy Dog","Dreamer Boy",2019-12-10,210281,45,true,2142rwjjwxoffmcaqqrcyw45i,2020-09-20T15:22:09Z,"bedroom pop","slowplay/Harvest Records",0.689,0.545,7,-8.289,1,0.0377,0.173,0.000049,0.347,0.509,113.997,4
spotify:track:52BluZNdTm4soreUB6inHW,"Daydream","Care","TEMPOREX",2017-01-11,120000,0,false,2142rwjjwxoffmcaqqrcyw45i,2020-09-20T15:27:34Z,"bedroom pop","NBI",0.654,0.338,5,-16.092,1,0.0715,0.356,0,0.277,0.794,95.979,4
spotify:track:4iVMoqS3oOXSiEAx0l2BWj,"Back in Time","Back in Time","Healy;Public Library Commute",2020-09-16,199110,19,false,2142rwjjwxoffmcaqqrcyw45i,2020-09-22T07:35:47Z,"bedroom pop","Braintrust Records/RCA Records",0.8,0.302,9,-10.119,1,0.123,0.679,0.193,0.0906,0.561,144.019,4
spotify:track:0sHFw13WH3LtSB3yP8UMYJ,"Falling for U","Falling for U","Peachy!;mxmtoon",2017-08-14,124000,1,false,2142rwjjwxoffmcaqqrcyw45i,2020-09-24T04:57:19Z,"bedroom pop,indie pop","Peachy!",0.516,0.358,8,-12.018,0,0.424,0.743,0.0000013,0.0813,0.397,79.509,4
spotify:track:1wz7B02oOtrTW6SNLG0cSk,"Edition","Edition","Rex Orange County",2017-09-12,115000,0,true,2142rwjjwxoffmcaqqrcyw45i,2020-09-24T04:57:33Z,"bedroom pop","Rex Orange County",0.86,0.332,1,-10.263,1,0.22,0.807,0,0.106,0.26,140.949,4
spotify:track:6uO9uIQkuLXK62KeAS6hSB,"Starface*","Starface*","Jean Dawson",2020-09-22,176099,19,false,2142rwjjwxoffmcaqqrcyw45i,2020-09-24T04:58:48Z,"","Handwritten Records",0.468,0.934,9,-3.506,1,0.0701,0.000377,0.307,0.304,0.591,87.021,4
spotify:track:5mIOsPuQdXchVY0jB5NO9Q,"4EVER","4EVER","Clairo",2018-04-27,159595,6,false,2142rwjjwxoffmcaqqrcyw45i,2020-09-24T05:01:34Z,"bedroom pop","FADER Label",0.75,0.585,9,-7.576,0,0.0285,0.049,0.00552,0.155,0.584,102.331,4
spotify:track:6CBDWs1KhhEezJ8zPcSx7b,"i know","i know","marco;brakence",2020-09-12,149812,24,true,2142rwjjwxoffmcaqqrcyw45i,2020-09-24T05:05:36Z,"hyperpop,glitch","marco",0.696,0.291,0,-13.005,0,0.449,0.797,0.00102,0.159,0.434,130.074,4
spotify:track:5dl8x4xLEzZC0f927WBTUG,"High Hopes (feat. Omar Apollo)","Nectar","Joji;Omar Apollo",2020-09-25,182400,0,true,2142rwjjwxoffmcaqqrcyw45i,2020-09-24T15:35:10Z,"bedroom pop","88rising Music/Warner Records",0.719,0.369,1,-9.12,0,0.193,0.472,0.0572,0.102,0.364,150.076,4
spotify:track:4OxQ9sBdJCndBzQNuGorr7,"Mr. Hollywood","Nectar","Joji",2020-09-25,202072,0,false,2142rwjjwxoffmcaqqrcyw45i,2020-09-24T15:38:35Z,"","88rising Music/Warner Records",0.717,0.442,6,-8.045,1,0.0415,0.691,0.0000592,0.0811,0.245,115.01,4
spotify:track:2VOJU96SVPjMiy2kHVFGhd,"PsalmSing (with Mereba)","Spilligion","Spillage Village;Mereba",2020-09-25,234261,10,false,2142rwjjwxoffmcaqqrcyw45i,2020-09-24T16:42:38Z,"alternative r&b","Dreamville/SinceThe80s/Interscope Records",0.669,0.484,8,-9.221,1,0.12,0.17,0.0000443,0.315,0.258,161.935,4
spotify:track:7r4toh1ghDDuLB1P2TBE2T,"Forever (feat. Orion Sun)","Forever (feat. Orion Sun)","Nascent;Orion Sun;Loshendrix",2020-09-11,200824,40,false,2142rwjjwxoffmcaqqrcyw45i,2020-09-25T01:54:57Z,"alternative r&b,bedroom pop","Don't Grow Up Too Soon",0.746,0.579,11,-6.667,1,0.0755,0.432,0.000719,0.0948,0.202,86.972,4
spotify:track:1FfQScGXFnfPu309jwGgwg,"Gonna Be Okay","Gonna Be Okay","Tiffany Day",2020-08-21,171990,31,true,2142rwjjwxoffmcaqqrcyw45i,2020-09-27T15:48:10Z,"hyperpop","Tiffany Day",0.851,0.524,9,-7.028,1,0.0772,0.654,0,0.0966,0.887,119.939,4
spotify:track:4A83pTZrdDf37GMuSCEQTk,"When My Life Is Over","When My Life Is Over","Banes World",2020-09-22,140677,0,false,2142rwjjwxoffmcaqqrcyw45i,2020-09-30T00:08:44Z,"bedroom pop,lo-fi indie","Bane's World",0.47,0.154,9,-20.207,1,0.0389,0.814,0.135,0.0967,0.0574,143.397,4
spotify:track:0zePbRMJ9sd7wsZRlbPQua,"Hot Rod","Fuzzybrain","Dayglow",2019-11-14,204014,1,false,2142rwjjwxoffmcaqqrcyw45i,2020-09-30T08:21:37Z,"indie rock","Very Nice Records",0.707,0.767,7,-7.072,1,0.0323,0.0279,0.000295,0.169,0.832,139.985,4
spotify:track:24MWSatP5sTylISvJONhnB,"Falling For You with Justin Bieber","CTV3: Cool Tape Vol. 3","Jaden;Justin Bieber",2020-08-28,222717,50,false,2142rwjjwxoffmcaqqrcyw45i,2020-09-30T08:28:35Z,"","MSFTSMusic / Roc Nation Records, LLC",0.69,0.541,4,-9.259,1,0.042,0.721,0.0000464,0.112,0.787,130.024,4
spotify:track:5WEAjNVFf9Ob79yVfnUrid,"Master P","Dog Candy","Choker",2019-02-01,195000,32,true,2142rwjjwxoffmcaqqrcyw45i,2020-09-30T08:37:33Z,"alternative r&b","Jet Fuzz",0.641,0.629,10,-7.391,0,0.0642,0.101,0.00129,0.143,0.709,96.037,4
spotify:track:0FtuxFKzjbVCQAA3UQZXll,"Crush","B.L.I.S.S.","Souly Had",2019-08-16,159813,49,false,2142rwjjwxoffmcaqqrcyw45i,2020-09-30T08:38:31Z,"","Island Records",0.756,0.517,0,-8.122,1,0.0996,0.341,0.0000268,0.103,0.267,110.064,1
spotify:track:4Ga3ytOmuW0oeTEo7rC4mV,"bbybbybby","Want U Back EP","Spencer.",2018-09-28,64857,22,false,2142rwjjwxoffmcaqqrcyw45i,2020-09-30T08:43:12Z,"bedroom pop,alternative r&b,indie r&b","Bug's Eye View",0.552,0.729,9,-7.107,0,0.0462,0.00315,0,0.479,0.805,105.117,4
spotify:track:5bj2XmbAU0WCGI14P4LsON,"Sunshine Girl - Demo","Sunshine Girl","Jakob",2018-07-13,128984,41,false,2142rwjjwxoffmcaqqrcyw45i,2020-09-30T08:43:30Z,"bedroom pop","Playground Music",0.656,0.594,6,-9.463,1,0.0517,0.203,0.261,0.376,0.697,88.38,4
spotify:track:2s1tc8yYKf0QAO70Xe1VjU,"Stay Away from My Baby","Drowsy","Banes World",2016-06-04,162004,0,false,2142rwjjwxoffmcaqqrcyw45i,2020-09-30T08:43:55Z,"bedroom pop,lo-fi indie","Banes World",0.548,0.371,7,-17.387,0,0.0333,0.569,0.189,0.164,0.315,110.718,4
spotify:track:0ShhMU4mTH4zvBnjmHuMmi,"2much","2much","Spencer.",2020-02-11,238435,0,false,2142rwjjwxoffmcaqqrcyw45i,2020-10-01T03:39:21Z,"bedroom pop,alternative r&b,indie r&b","4AD",0.427,0.383,5,-10.323,0,0.0619,0.332,0.0274,0.0957,0.119,62.013,3
spotify:track:3KkVd7Xg0jCAZSOatzQ6Td,"drunk","drunk","keshi",2020-09-18,226771,0,false,2142rwjjwxoffmcaqqrcyw45i,2020-10-01T11:25:17Z,"","Island Records",0.716,0.388,4,-8.433,1,0.0348,0.744,0,0.0929,0.306,105.086,4
spotify:track:7IbGa7PhnXHvUOvhELtGgL,"Borderline - Blood Orange Remix","Borderline (Blood Orange Remix)","Tame Impala;Blood Orange",2020-09-25,437933,44,false,2142rwjjwxoffmcaqqrcyw45i,2020-10-02T06:18:52Z,"neo-psychedelic,indie,art pop","Universal Music Australia Pty. Ltd.",0.48,0.429,10,-8.848,0,0.0479,0.355,0.0552,0.114,0.315,174.27,4
spotify:track:3dmsgudsfeGdQ9NsZFOm0C,"Lovefool","Amo XO","No Vacation",2015-04-06,130961,0,false,2142rwjjwxoffmcaqqrcyw45i,2020-10-03T19:01:26Z,"bedroom pop,dream pop","No Vacation",0.819,0.688,2,-5.967,0,0.0363,0.0549,0.0568,0.0799,0.961,104.013,4
spotify:track:3UQQ7jPiGZ9sl4uc4uFQfs,"first","dusk","mxmtoon",2020-10-01,146626,0,false,2142rwjjwxoffmcaqqrcyw45i,2020-10-04T13:41:56Z,"bedroom pop,indie pop","mxmtoon",0.37,0.28,11,-10.223,1,0.0497,0.828,0.000974,0.273,0.463,158.64,3
spotify:track:0DWDipIn5NVK4It1XnvkMQ,"The Way Things Were","The Way Things Were","edbl;Isaac Waddington",2019-07-26,227925,49,false,2142rwjjwxoffmcaqqrcyw45i,2020-10-06T06:24:42Z,"uk r&b,lo-fi hip hop,neo soul","edbl recordings (Catalogue)",0.72,0.668,7,-4.463,0,0.183,0.525,0.00000157,0.213,0.646,98.002,4
spotify:track:4D6kLgpTiuAsgqZf1GMcCq,"Always","Wonder","Billy Lemos;Monsune",2020-10-02,125374,0,false,2142rwjjwxoffmcaqqrcyw45i,2020-10-06T06:36:08Z,"bedroom pop","Dial-Up Dreams",0.542,0.553,7,-5.716,1,0.0442,0.0176,0.0084,0.16,0.291,182.152,4
spotify:track:1ohYOrA4qR1hBnqVNdqfuC,"JOY","JOY","rei so la",2017,157090,0,false,2142rwjjwxoffmcaqqrcyw45i,2020-10-06T06:41:07Z,"","Rei so la",0.676,0.501,2,-5.46,1,0.0505,0.871,0.817,0.101,0.565,110.1,4
spotify:track:3kNZcctLQukBQ3cMjaAYV5,"Inside Out","Inside Out","rei so la",2018-06-13,196725,0,false,2142rwjjwxoffmcaqqrcyw45i,2020-10-06T06:41:26Z,"","rei so la",0.605,0.37,6,-10.899,0,0.203,0.867,0.218,0.315,0.109,91.072,4
spotify:track:5GUYJTQap5F3RDQiCOJhrS,"Self Control","Blonde","Frank Ocean",2016-08-20,249667,79,false,2142rwjjwxoffmcaqqrcyw45i,2020-10-07T05:27:39Z,"","Boys Don't Cry",0.581,0.21,8,-10.426,1,0.0321,0.768,0,0.369,0.452,80.099,4
spotify:track:4Kpt4pk9xgOlIgu9qvUrxC,"walk but in a garden (with mxmtoon)","walk but in a garden","LLusion;mxmtoon",2020-06-18,112500,37,false,2142rwjjwxoffmcaqqrcyw45i,2020-10-08T11:00:03Z,"bedroom pop,indie pop","Republic Records",0.747,0.506,6,-5.009,1,0.146,0.774,0.0245,0.162,0.6,79.913,3
spotify:track:4lAfXpZKFDEudiEzLB9uHm,"Lucky Sue","Lucky Sue","Men I Trust",2020-10-02,220480,0,false,2142rwjjwxoffmcaqqrcyw45i,2020-10-08T11:09:09Z,"bedroom pop,indie pop,dream pop","Independent",0.818,0.272,3,-15.304,0,0.0733,0.832,0.152,0.0892,0.503,141.503,4
spotify:track:66SPXY48GHqvedbRT7jBey,"Always Tomorrow","Always Tomorrow","Tokyo Tea Room",2019-07-12,222523,0,false,2142rwjjwxoffmcaqqrcyw45i,2020-10-08T11:12:50Z,"dream pop","Painted Halo Records",0.551,0.581,1,-6.961,0,0.0247,0.441,0.267,0.4,0.638,80.029,4
spotify:track:6gWo5bkadkr0ujUdIWNt4T,"Forever out of Time","Forever out of Time","Tokyo Tea Room",2019-03-27,170000,0,false,2142rwjjwxoffmcaqqrcyw45i,2020-10-08T11:17:34Z,"dream pop","Painted Halo Records/Easter Island Records",0.46,0.698,7,-5.441,1,0.0249,0.239,0.441,0.234,0.492,93.671,4
spotify:track:191GRkq0TLoGpbBSaU1oNb,"Half the Man","Half the Man","Tokyo Tea Room",2020-04-24,192916,0,false,2142rwjjwxoffmcaqqrcyw45i,2020-10-08T11:21:48Z,"dream pop","A Certain Kind Records",0.579,0.616,8,-6.054,0,0.0276,0.221,0.0312,0.148,0.596,94.929,4
spotify:track:4fVRuWru6EQ8fGMeCPP431,"going out","going out","ROLE MODEL",2020-10-07,174493,0,true,2142rwjjwxoffmcaqqrcyw45i,2020-10-09T07:23:40Z,"bedroom pop","Interscope Records",0.754,0.633,5,-5.616,1,0.0709,0.162,0.000578,0.141,0.596,80.016,4
spotify:track:2bXOylRRysIa9H2OBt1TBj,"Crybaby","Crybaby","Dreamer Boy",2020-10-07,205949,20,false,2142rwjjwxoffmcaqqrcyw45i,2020-10-09T08:22:45Z,"bedroom pop","slowplay/Harvest Records",0.626,0.652,5,-6.132,1,0.0351,0.501,0.00000268,0.118,0.475,138.007,4
spotify:track:59S3SiDxj914oyXd25zt3j,"Automatic Driver - Tyler, The Creator Remix","Automatic Driver (Tyler, The Creator Remix)","La Roux;Tyler, The Creator",2020-04-17,210674,46,false,2142rwjjwxoffmcaqqrcyw45i,2020-10-09T09:00:48Z,"","Supercolour Records",0.551,0.417,0,-7.028,1,0.028,0.471,0,0.344,0.53,96.906,4
spotify:track:6WY88gYhRrnqS4wGtO45TH,"Saturn","Saturn","RIZ LA VIE",2019-06-24,207719,0,false,2142rwjjwxoffmcaqqrcyw45i,2020-10-09T09:10:05Z,"stutter house","THANKYOURIZ",0.785,0.44,1,-8.182,0,0.178,0.553,0,0.103,0.568,80.021,4
spotify:track:62kHSw6wBh4c6UemJCb5p6,"Take Me Where Your Heart Is","Take Me Where Your Heart Is","Q",2020-10-09,192647,0,false,2142rwjjwxoffmcaqqrcyw45i,2020-10-09T12:25:39Z,"alternative r&b","Columbia",0.858,0.426,10,-8.879,0,0.0402,0.00586,0.761,0.0986,0.419,89.981,4
spotify:track:2XN7JzQAsgNnqFpDi6B3YS,"Better","Effortless","Forrest.",2020,145034,0,false,2142rwjjwxoffmcaqqrcyw45i,2020-10-09T13:51:46Z,"","Forrest.",0.605,0.445,9,-9.877,1,0.0529,0.546,0.00256,0.0973,0.156,80.053,4
spotify:track:3z1A3cAtFQ6B6Gq6KbeIht,"Never Had","Effortless","Forrest.",2020,153018,0,false,2142rwjjwxoffmcaqqrcyw45i,2020-10-09T13:52:13Z,"","Forrest.",0.735,0.573,7,-9.472,0,0.0423,0.137,0.000812,0.444,0.511,129.961,4
spotify:track:2E01rRrzaz6TuwCdm27m4m,"How Was Your Day?","How Was Your Day?","Mellow Fellow;Clairo",2017-07-19,188786,0,false,2142rwjjwxoffmcaqqrcyw45i,2020-10-10T03:12:03Z,"bedroom pop","Mellow Fellow",0.447,0.442,8,-11.221,0,0.0471,0.0472,0.000559,0.331,0.776,159.967,4
spotify:track:5vprsDWNcHMEMH95sbJkH2,"Want U Around (feat. Ruel)","Want U Around (feat. Ruel)","Omar Apollo;Ruel",2020-10-12,247720,48,false,2142rwjjwxoffmcaqqrcyw45i,2020-10-13T01:29:04Z,"bedroom pop","Warner Records",0.571,0.443,0,-6.76,1,0.0451,0.3,0.00000695,0.101,0.621,143.923,3
spotify:track:4rcBgGdnnplqvHgjKMk1gL,"Garden","Garden","Grady;Cuco;MELVV",2018-11-09,134068,0,false,2142rwjjwxoffmcaqqrcyw45i,2020-10-13T03:57:42Z,"bedroom pop","tmwrk records",0.729,0.576,8,-5.762,1,0.135,0.124,0,0.16,0.327,144.935,4
spotify:track:24i3ftE5sMEGsGtclPQPSc,"The Two of Us","Apolonio","Omar Apollo",2020-10-16,152066,49,false,2142rwjjwxoffmcaqqrcyw45i,2020-10-15T15:21:11Z,"bedroom pop","Warner Records",0.528,0.653,10,-6.965,0,0.0632,0.599,0.0339,0.247,0.592,178.236,4
spotify:track:7twY0ucjaUFUNfjkCHj1Cs,"Hey Boy (feat. Kali Uchis)","Apolonio","Omar Apollo;Kali Uchis",2020-10-16,102160,53,true,2142rwjjwxoffmcaqqrcyw45i,2020-10-15T15:24:23Z,"bedroom pop","Warner Records",0.751,0.511,0,-10.481,0,0.39,0.478,0.00552,0.0802,0.653,151.618,4
spotify:track:7dJN4NWQuqCjWwIT3UwOps,"Useless","Apolonio","Omar Apollo",2020-10-16,183693,62,false,2142rwjjwxoffmcaqqrcyw45i,2020-10-15T15:25:55Z,"bedroom pop","Warner Records",0.612,0.565,5,-7.609,1,0.0414,0.585,0.00174,0.0827,0.545,89.895,4
spotify:track:26SZ1qJihhDqvzjVjOKiQ0,"Bi Fren","Apolonio","Omar Apollo",2020-10-16,171560,37,true,2142rwjjwxoffmcaqqrcyw45i,2020-10-15T15:26:44Z,"bedroom pop","Warner Records",0.7,0.829,7,-7.072,1,0.357,0.279,0,0.112,0.311,83.888,4
spotify:track:0ZkpIZ3PQb1rYrM3ghBXIv,"Back To Mars","Fake It Flowers","beabadoobee",2020-10-16,90928,51,false,2142rwjjwxoffmcaqqrcyw45i,2020-10-15T15:29:34Z,"bedroom pop","Dirty Hit",0.344,0.339,7,-14.94,1,0.0365,0.698,0.0006,0.105,0.215,105.789,4
spotify:track:5hQjB552fc7TQAtdzJTzLo,"Emo Song","Fake It Flowers","beabadoobee",2020-10-16,218684,50,false,2142rwjjwxoffmcaqqrcyw45i,2020-10-15T15:33:07Z,"bedroom pop","Dirty Hit",0.409,0.77,10,-8.344,1,0.0441,0.00188,0.0028,0.103,0.448,155.97,4
spotify:track:6tSXLuWhy6Bjn4BswKyJ24,"Further Away","Fake It Flowers","beabadoobee",2020-10-16,187653,49,true,2142rwjjwxoffmcaqqrcyw45i,2020-10-15T15:39:27Z,"bedroom pop","Dirty Hit",0.497,0.586,0,-7.65,1,0.0284,0.0501,0.101,0.103,0.294,124.037,3
spotify:track:0FJUm7nNKXdRTSzjm8XypG,"Horen Sarrison","Fake It Flowers","beabadoobee",2020-10-16,335144,47,false,2142rwjjwxoffmcaqqrcyw45i,2020-10-15T15:43:22Z,"bedroom pop","Dirty Hit",0.445,0.532,2,-7.889,1,0.0306,0.104,0.00236,0.346,0.162,131.997,3
spotify:track:2T9EwC9mQUjaNlVtKCFDwX,"CAUSEWAY","CAUSEWAY","Zack Villere",2020-10-14,204000,0,false,2142rwjjwxoffmcaqqrcyw45i,2020-10-15T15:56:13Z,"bedroom pop","aritech",0.614,0.577,5,-9.165,1,0.0601,0.285,0.00162,0.953,0.253,145.147,4
spotify:track:50K4cyG16vUvsYunwsdfFo,"Rolled Up feat. Mac DeMarco","Rolled Up feat. Mac DeMarco","Benny Sings;Mac DeMarco",2020-10-14,181853,20,false,2142rwjjwxoffmcaqqrcyw45i,2020-10-15T16:07:19Z,"indie,lo-fi indie","Victor",0.794,0.489,10,-10.791,0,0.217,0.726,0.168,0.121,0.421,174.402,3
spotify:track:6t4yjR0TVOzYN60ia1yzc3,"HOLLOW","HOLLOW","Victor Internet",2020-10-06,223222,0,false,2142rwjjwxoffmcaqqrcyw45i,2020-10-15T16:07:32Z,"bedroom pop","Terrible Records",0.537,0.543,7,-8.085,0,0.0354,0.0286,0.00184,0.122,0.127,149.964,4
spotify:track:2CBtdZVcpSwaxOcLUi1AGo,"Care For You","Care For You","The Marías",2020-10-16,156026,65,false,2142rwjjwxoffmcaqqrcyw45i,2020-10-16T06:21:27Z,"bedroom pop","Superclean Records",0.879,0.413,1,-9.161,0,0.0575,0.816,0.221,0.318,0.869,109.988,4
spotify:track:5uk0hxvazA0d5YXLuyYTWq,"Ssick Girl Online","Bad Sports","Jean Dawson",2019-05-17,211831,31,false,2142rwjjwxoffmcaqqrcyw45i,2020-10-16T08:27:50Z,"","Handwritten Records",0.516,0.56,1,-8.219,0,0.0346,0.853,0.118,0.0828,0.252,155.988,4
spotify:track:5w4LtwuC1WuaObpLafjGZU,"I'm Amazing","Apolonio","Omar Apollo",2020-10-16,143160,41,true,2142rwjjwxoffmcaqqrcyw45i,2020-10-16T08:57:53Z,"bedroom pop","Warner Records",0.838,0.475,6,-6.768,1,0.239,0.752,0,0.115,0.867,142.012,4
spotify:track:72gooyj5bJQNROC5Ptmjn7,"for the people in the back","our little angel - EP","ROLE MODEL",2020-10-21,154400,46,true,2142rwjjwxoffmcaqqrcyw45i,2020-10-22T01:59:07Z,"bedroom pop","Interscope Records",0.781,0.729,3,-4.434,0,0.105,0.101,0.0000076,0.376,0.834,155.974,4
spotify:track:5iZtxnig45xcz5Z8pVnYG5,"Dummy","Pixel Bath","Jean Dawson",2020-10-23,177247,32,false,2142rwjjwxoffmcaqqrcyw45i,2020-10-23T02:58:53Z,"","Handwritten Records",0.593,0.97,7,-3.36,1,0.0731,0.000867,0.319,0.174,0.529,131.015,4
spotify:track:3l51Mu8p6he5ay2yhW3DPa,"Bruiseboy","Pixel Bath","Jean Dawson",2020-10-23,203226,39,true,2142rwjjwxoffmcaqqrcyw45i,2020-10-23T02:59:59Z,"","Handwritten Records",0.512,0.917,4,-3.994,1,0.0755,0.0471,0.427,0.353,0.347,121.99,4
spotify:track:1Kx8rGwhrGtqV2fsxYe3Cr,"making bad decisions","elated!","Bea Miller",2020-10-23,203002,39,false,2142rwjjwxoffmcaqqrcyw45i,2020-10-23T08:21:13Z,"","Hollywood Records",0.647,0.534,4,-6.075,0,0.0833,0.52,0,0.359,0.213,142.058,4
spotify:track:7JDWhC422Gtk1Bq0mL3OTC,"feel something","feel something","Bea Miller",2019-06-21,180161,65,true,2142rwjjwxoffmcaqqrcyw45i,2020-10-23T09:20:06Z,"","Hollywood Records",0.74,0.415,0,-8.914,1,0.0707,0.242,0.000156,0.319,0.156,136.029,4
spotify:track:4Mlo1XIsUQdiOQ1x6z3wK4,"i never wanna die","elated!","Bea Miller",2020-10-23,174848,35,true,2142rwjjwxoffmcaqqrcyw45i,2020-10-23T09:24:38Z,"","Hollywood Records",0.695,0.571,1,-5.03,0,0.0578,0.25,0,0.36,0.195,88.068,4
spotify:track:1ggYjU6zdFHgANcku82boU,"Afterthought","Nectar","Joji;BENEE",2020-09-24,194871,1,false,2142rwjjwxoffmcaqqrcyw45i,2020-10-24T09:11:02Z,"","88rising Music/Warner Records",0.668,0.547,1,-8.024,1,0.0353,0.398,0.0766,0.0931,0.192,83.5,4
spotify:track:7yXkyxotSbVF1mkP2KNjEA,"90's Green Screen","Bad Sports","Jean Dawson",2019-05-17,190403,33,false,2142rwjjwxoffmcaqqrcyw45i,2020-10-25T09:23:57Z,"","Handwritten Records",0.488,0.871,9,-5.172,1,0.0699,0.153,0.0283,0.868,0.437,88.94,4
spotify:track:02wNtFxlr9dLmZXKT5TIF5,"Over the Moon","Superclean, Vol. II","The Marías",2018-09-28,182900,72,false,2142rwjjwxoffmcaqqrcyw45i,2020-10-25T09:29:33Z,"bedroom pop","Superclean Records",0.684,0.232,0,-13.249,1,0.0297,0.86,0.404,0.135,0.387,73.518,4
spotify:track:03LytfsWd7q3awASf2SVv8,"Take Me to the Crib","Eternal Slowdown","Brad stank",2018-12-07,262934,0,false,2142rwjjwxoffmcaqqrcyw45i,2020-10-25T09:35:55Z,"bedroom pop","Untitled Recs Limited",0.783,0.384,7,-12.332,0,0.0316,0.503,0.699,0.0692,0.397,119.964,4
spotify:track:4GfO7RiB4LqK9DkunAijz3,"Three Thirty","Reaper","Reaper",2017-04-10,236619,0,true,2142rwjjwxoffmcaqqrcyw45i,2020-10-25T09:40:18Z,"","Independent",0.68,0.663,8,-6.571,1,0.0327,0.0933,0.00507,0.612,0.594,141.948,4
spotify:track:7mrEpwmQJ7qK1ik7ZjjcdD,"Clueless","Clueless","The Marías",2018-09-06,227234,0,false,2142rwjjwxoffmcaqqrcyw45i,2020-10-25T09:52:18Z,"bedroom pop","Superclean Records",0.829,0.232,2,-16.553,1,0.0415,0.644,0.151,0.257,0.52,94.007,4
spotify:track:4O0QcP66fc33qeeazneQad,"forever is a lie","elated!","Bea Miller",2020-10-23,152289,33,true,2142rwjjwxoffmcaqqrcyw45i,2020-10-25T09:59:00Z,"","Hollywood Records",0.751,0.589,2,-3.55,1,0.0353,0.372,0,0.127,0.421,90.716,4
spotify:track:0zIpJ3cWrdBCgGxAWNIuN5,"Where You Are","An EP by Api & Sarah Hemi","Api & Sarah Hemi",2018-07-20,148583,2,false,2142rwjjwxoffmcaqqrcyw45i,2020-10-25T10:21:54Z,"","Hemi Records",0.903,0.139,8,-14.786,0,0.0521,0.544,0.0247,0.104,0.726,104.944,4
spotify:track:1PPbPeWfeKwiBZUzugIehD,"Flirting in Space","Eternal Slowdown","Brad stank",2018-12-07,257764,0,false,2142rwjjwxoffmcaqqrcyw45i,2020-10-25T10:29:53Z,"bedroom pop","Untitled Recs Limited",0.703,0.246,1,-12.484,1,0.0419,0.726,0.479,0.116,0.0742,139.819,3
spotify:track:2vsQ5SJ75Wtf4zkSV2hiAt,"O.T.D.","Daddy Blue / O.T.D.","Brad stank",2017-06-22,228236,0,false,2142rwjjwxoffmcaqqrcyw45i,2020-10-25T10:32:03Z,"bedroom pop","Untitled Recs Limited",0.793,0.121,3,-14.477,1,0.0345,0.883,0.725,0.131,0.161,121.95,4
spotify:track:746m9RbFWqS1s5UjDElrNj,"Kinky Visitation","Kinky Visitation","Brad stank",2020-02-14,205357,11,false,2142rwjjwxoffmcaqqrcyw45i,2020-10-25T10:32:59Z,"bedroom pop","Heist Or Hit Records",0.636,0.298,10,-9.489,0,0.0323,0.295,0.825,0.291,0.13,108.904,4
spotify:track:46SQTtp3VcgRQAisjAJpBQ,"Lonely","Lonely","Sarah Hemi",2020-10-23,166000,10,false,2142rwjjwxoffmcaqqrcyw45i,2020-10-25T11:51:02Z,"","1090204 Records DK",0.657,0.343,11,-8.763,1,0.0364,0.518,0,0.109,0.163,119.972,3
spotify:track:4yxSvdt8kl6jMdvFaiNtve,"Lucky Love","Bad Bonez","Michael Seyer",2018-03-07,286185,52,false,2142rwjjwxoffmcaqqrcyw45i,2020-10-25T11:55:10Z,"bedroom pop","Seyerland",0.661,0.311,5,-13.288,1,0.0263,0.474,0.00366,0.105,0.234,143.966,3
spotify:track:7vpvMspRgoeBTxOwP44a1Q,"In a Mood","In a Mood","TheSecondSex",2017-10-21,247500,0,false,2142rwjjwxoffmcaqqrcyw45i,2020-10-25T11:59:45Z,"bedroom pop","638541 Records DK2",0.761,0.293,0,-19.087,1,0.0452,0.523,0.721,0.124,0.601,143.976,4
spotify:track:3GahMRXI3rL2JVeSLZBRnF,"Warned You","Shawcross","Good Morning",2014-11-14,136032,59,false,2142rwjjwxoffmcaqqrcyw45i,2020-10-25T11:59:53Z,"lo-fi indie,bedroom pop","Virgin Music Label And Artist Services Australia (P&D)",0.535,0.209,6,-16.402,1,0.0257,0.668,0.14,0.129,0.515,137.889,4
spotify:track:0bxcUgWlOURkU6lZt4zog0,"Locket","Locket","Crumb",2017-06-23,318378,0,false,2142rwjjwxoffmcaqqrcyw45i,2020-10-25T12:00:21Z,"neo-psychedelic,bedroom pop","Crumb Records",0.393,0.481,1,-10.462,1,0.0273,0.758,0.73,0.0869,0.0763,98.462,4
spotify:track:6zvLSWsHV3YDzfR2G5WmlZ,"Heaven Only Knows","Heaven Only Knows","Michael Seyer",2019-10-15,231504,0,false,2142rwjjwxoffmcaqqrcyw45i,2020-10-25T12:02:09Z,"bedroom pop","Michael Seyer",0.697,0.285,0,-13.208,1,0.0274,0.874,0.00252,0.0917,0.627,90.06,4
spotify:track:60TJ4ryWWWaLvQ7ovUb9y0,"An Awful Lonely Summer","Bad Bonez","Michael Seyer",2018-03-07,271394,18,false,2142rwjjwxoffmcaqqrcyw45i,2020-10-25T12:05:12Z,"bedroom pop","Seyerland",0.829,0.224,5,-11.543,1,0.038,0.837,0.044,0.0906,0.625,132.002,4
spotify:track:0SYu7wDS7dJSnuyn5GEDpp,"All I Wanna Do","All I Wanna Do","Jakob",2019-04-26,127922,39,false,2142rwjjwxoffmcaqqrcyw45i,2020-10-26T08:23:44Z,"bedroom pop","Playground Music",0.84,0.438,8,-12.437,1,0.117,0.531,0.207,0.111,0.699,98.056,4
spotify:track:59Bc4RPzSL3nYPANh25a6J,"My Jinji","JINJI KIKKO","落日飛車 Sunset Rollercoaster",2016-03-01,400560,0,false,2142rwjjwxoffmcaqqrcyw45i,2020-10-26T08:26:34Z,"taiwanese indie,chinese indie,bedroom pop","夕陽音樂產業有限公司",0.389,0.598,7,-8.436,1,0.0309,0.531,0.407,0.143,0.517,143.931,4
spotify:track:4UCiDcv0yO9tNLZbkZeBBA,"Sink into the Floor","Feng Suave","Feng Suave",2017-10-04,281054,19,false,2142rwjjwxoffmcaqqrcyw45i,2020-10-26T08:27:17Z,"bedroom pop","Feng Suave",0.566,0.394,10,-11.438,0,0.0445,0.712,0.0000259,0.156,0.6,78.948,4
spotify:track:6c1T4m4RcD1RMF7ROmcbh2,"Baby Please","Joven Pirata","Black Pool",2017-02-23,134743,37,false,2142rwjjwxoffmcaqqrcyw45i,2020-10-26T09:53:55Z,"bedroom pop","BLACK POOL",0.703,0.17,11,-16.569,0,0.0468,0.895,0.00000224,0.124,0.735,144.066,4
spotify:track:26uu6uxVb5ck1vYhXDIrPR,"Night on Earth","Air Con Eden","Jerkcurb",2019-09-13,340768,0,false,2142rwjjwxoffmcaqqrcyw45i,2020-10-28T13:09:37Z,"","Handsome Dad Records",0.268,0.494,4,-7.219,1,0.0321,0.0656,0.0000261,0.123,0.136,102.065,3
spotify:track:1rYz3fJ5EIOSZr0iTZufBb,"Give It To Me","Midnight Snack","HOMESHAKE",2015-09-16,188973,11,false,2142rwjjwxoffmcaqqrcyw45i,2020-10-28T13:13:56Z,"bedroom pop","Tugboat Records",0.509,0.641,5,-7.599,1,0.0762,0.234,0.232,0.51,0.0589,57.53,4
spotify:track:5I0dgZJKt83aEhxtq42rqQ,"Love Is Only A Feeling","Midnight Snack","HOMESHAKE",2015-09-16,168693,9,false,2142rwjjwxoffmcaqqrcyw45i,2020-10-28T13:18:40Z,"bedroom pop","Tugboat Records",0.291,0.413,3,-11.053,1,0.063,0.517,0.0295,0.128,0.0378,80.429,4
spotify:track:5i9XNqv8ay4PXRBNxfwdfZ,"Oscuridad","Oscuridad","Jasper",2017-11-17,209966,0,false,2142rwjjwxoffmcaqqrcyw45i,2020-10-28T13:21:27Z,"latin indie,bedroom pop","Jasper Bones",0.761,0.558,10,-7.949,0,0.0312,0.112,0.00000106,0.0998,0.741,109.981,4
spotify:track:4Anb9aVsaVphBNOcBqbMiL,"Someone Like You","Someone Like You","Jasper",2018-11-16,210731,0,false,2142rwjjwxoffmcaqqrcyw45i,2020-10-28T13:23:26Z,"latin indie,bedroom pop","Jasper Bones",0.716,0.485,4,-7.514,1,0.0546,0.445,0.0312,0.0998,0.449,82.044,4
spotify:track:1GjH8GoNKDNIQmcHEomtLQ,"I Can't Stay","I Can't Stay","Jasper",2018-06-08,194821,0,false,2142rwjjwxoffmcaqqrcyw45i,2020-10-28T13:23:59Z,"latin indie,bedroom pop","Jasper Bones",0.488,0.432,5,-11.986,0,0.0321,0.168,0,0.139,0.499,79.942,4
spotify:track:2neGXJwkJLFzz0sJRh68tA,"Missing You","Missing You","Jasper",2019-10-08,171200,0,false,2142rwjjwxoffmcaqqrcyw45i,2020-10-28T13:24:24Z,"latin indie,bedroom pop","Jasper Bones",0.645,0.486,4,-7.298,1,0.0637,0.418,0.00000865,0.1,0.397,150.002,4
spotify:track:6GhUYUEddpxoxWF2pU2QY9,"The Ocean With My Friends","The Ocean With My Friends","Dre'es;Laica",2018-09-19,172059,0,false,2142rwjjwxoffmcaqqrcyw45i,2020-10-28T13:24:53Z,"","Futile Sounds",0.377,0.277,2,-16.897,1,0.0467,0.894,0.119,0.145,0.0701,164.262,4
spotify:track:2YpMxh4QdWBZeBzVX1FmkQ,"Shy Boy","Shy Boy","Dre'es",2018-12-07,347974,0,true,2142rwjjwxoffmcaqqrcyw45i,2020-10-28T13:25:14Z,"","Futile Sounds",0.539,0.508,2,-7.361,1,0.237,0.367,0.00215,0.165,0.379,148.166,4
spotify:track:0kzlKlBGu9voDTHgpzyyTJ,"Dancing","Jazzie Robinson Deluxe","Mellow Fellow",2018-09-14,282697,15,false,2142rwjjwxoffmcaqqrcyw45i,2020-10-28T13:25:21Z,"bedroom pop","Lirico / Inpartmaint",0.597,0.475,8,-7.856,0,0.028,0.737,0.00011,0.287,0.405,101.932,4
spotify:track:2Xat4Ec6LyVvBM9CfqGn55,"How Was Your Day?","Jazzie Robinson Deluxe","Mellow Fellow;Clairo",2018-09-14,188865,14,false,2142rwjjwxoffmcaqqrcyw45i,2020-10-28T13:25:58Z,"bedroom pop","Lirico / Inpartmaint",0.299,0.496,8,-12.114,0,0.0459,0.019,0.00211,0.302,0.728,76.827,4
spotify:track:1iLBI0xUhGKZQM1DresHuj,"You","On The Street / You","Good Morning",2015-07-08,190696,49,false,2142rwjjwxoffmcaqqrcyw45i,2020-10-28T13:27:13Z,"lo-fi indie,bedroom pop","Virgin Music Label And Artist Services Australia (P&D)",0.338,0.64,8,-8.046,1,0.0297,0.157,0.724,0.129,0.367,149.709,3
spotify:track:4WUAyxkq3x4l5P7QN0vmHr,"Don't Come Home Today","Shawcross","Good Morning",2014-11-14,191500,51,false,2142rwjjwxoffmcaqqrcyw45i,2020-10-28T13:27:39Z,"lo-fi indie,bedroom pop","Virgin Music Label And Artist Services Australia (P&D)",0.382,0.738,6,-7.73,1,0.0334,0.507,0.965,0.136,0.462,155.858,4
spotify:track:26mM36KDga2uHuqc8hRw7W,"It's Okay to Dream","It's Okay to Dream","Mellow Fellow;Ruru",2018-08-23,202721,0,false,2142rwjjwxoffmcaqqrcyw45i,2020-10-28T13:28:49Z,"bedroom pop,pinoy indie","Mellow Fellow & Ruru",0.514,0.526,0,-8.756,0,0.0261,0.753,0.0789,0.115,0.397,148.098,4
spotify:track:3TL1ChfNriHGMYhPi02K5H,"Naive","An EP by Api & Sarah Hemi","Api & Sarah Hemi",2018-07-20,175960,3,false,2142rwjjwxoffmcaqqrcyw45i,2020-10-29T17:12:14Z,"","Hemi Records",0.697,0.163,7,-11.764,0,0.0405,0.617,0.0000164,0.11,0.249,99.794,4
spotify:track:58VNpcJpI5dEKxYByCkbXc,"Miss Summer","Miss Summer","ODIE",2020-10-23,162376,62,true,2142rwjjwxoffmcaqqrcyw45i,2020-10-30T12:03:40Z,"","Unité Recordings / EMPIRE",0.589,0.527,0,-9.962,1,0.0342,0.599,0.000111,0.0853,0.132,133.981,4
spotify:track:0NrucXAEaaZB48N2vIDrjT,"We're the Lucky Ones","We're The Lucky Ones","The Marías",2020-01-01,215933,48,false,2142rwjjwxoffmcaqqrcyw45i,2020-10-30T12:26:42Z,"bedroom pop","Superclean Records",0.37,0.184,4,-12.637,1,0.0302,0.969,0.00119,0.101,0.0581,86.834,3
spotify:track:4udjo5nLK61pKajakfrndc,"1st Time","1st Time","Bakar",2020-10-29,181746,58,false,2142rwjjwxoffmcaqqrcyw45i,2020-10-30T13:18:05Z,"","Black Butter",0.801,0.718,2,-7.357,1,0.0421,0.0932,0.0331,0.186,0.758,122.994,4
spotify:track:5HOqxHVvi2JZfFGviilqmJ,"Kicks","Kicks","Nightshifts",2020-08-19,212073,26,false,2142rwjjwxoffmcaqqrcyw45i,2020-10-30T13:26:07Z,"","Handwritten Records",0.693,0.595,6,-7.004,1,0.0285,0.11,0.0547,0.102,0.704,122.988,4
spotify:track:2KQVIhsbXdAcQpBchSVwBs,"Baby","Coming Clean","Brandon",2020-10-23,111710,0,false,2142rwjjwxoffmcaqqrcyw45i,2020-10-30T13:27:07Z,"indie r&b,alternative r&b","Human Re Sources",0.638,0.245,10,-10.032,1,0.0767,0.875,0,0.401,0.416,76.011,1
spotify:track:65N9abRNej5yT3nuE2jEcE,"Want Me","Want Me","Puma Blue",2017-05-10,266733,0,false,2142rwjjwxoffmcaqqrcyw45i,2020-11-01T07:04:29Z,"bedroom pop","Inner City Float",0.339,0.197,10,-13.937,0,0.0362,0.852,0.015,0.111,0.0385,91.33,1
spotify:track:34LohAliZ2QKydqVJcFpwV,"Sleep Apnea","Clash the Truth","Beach Fossils",2013-02-19,146293,0,false,2142rwjjwxoffmcaqqrcyw45i,2020-11-01T07:04:48Z,"dream pop,surf rock,shoegaze","Bayonet Records",0.553,0.685,2,-10.624,1,0.0266,0.145,0.859,0.138,0.491,79.998,4
spotify:track:0NfKkSlUJWTbECFqrO0bp1,"(She's) Just a Phase","Swum Baby","Puma Blue",2017-06-14,186727,0,false,2142rwjjwxoffmcaqqrcyw45i,2020-11-01T07:07:27Z,"bedroom pop","Inner City Float",0.423,0.378,1,-10.488,0,0.053,0.702,0.000646,0.146,0.0896,143.446,4
spotify:track:3egoenea3zQ21VwqcUzH3A,"Teen Sex","W/ Love","infinite bisous",2017-03-15,237998,36,false,2142rwjjwxoffmcaqqrcyw45i,2020-11-01T07:09:49Z,"","tasty morsels",0.706,0.262,11,-11.891,0,0.0269,0.575,0.235,0.148,0.269,77.601,4
spotify:track:60Or2rv58mK4A02XsSmFHv,"Midnight Blue","Midnight Blue","Puma Blue",2018-09-26,279984,0,false,2142rwjjwxoffmcaqqrcyw45i,2020-11-01T07:15:03Z,"bedroom pop","Blue Flowers Music",0.667,0.257,10,-9.103,0,0.0967,0.819,0.00619,0.394,0.323,74.845,4
spotify:track:1L3FZqeMCMbrV0CGAM6nYW,"You're Not with Me","Intermission","No Vacation",2017-11-17,226560,0,false,2142rwjjwxoffmcaqqrcyw45i,2020-11-01T07:17:11Z,"bedroom pop,dream pop","Topshelf Records",0.495,0.646,6,-8.208,1,0.0308,0.405,0.15,0.333,0.132,119.857,4
spotify:track:7pbxFCIMIYrfKsgpoB3UL6,"Casino","Dreaming of David","Ryan Beatty",2020-01-31,259905,41,false,2142rwjjwxoffmcaqqrcyw45i,2020-11-05T10:07:08Z,"","Boy in Jeans/Mad Love/ Interscope Records",0.6,0.322,0,-6.982,1,0.0315,0.472,0,0.14,0.219,109.877,4
spotify:track:3D9McxgQZlf9OpnMYuSNFq,"Honey","Crush","Ruby Haunt",2016-05-06,246000,35,false,2142rwjjwxoffmcaqqrcyw45i,2020-11-05T16:56:57Z,"dream pop,slowcore","Track and Field Records",0.565,0.49,0,-13.543,1,0.0287,0.16,0.93,0.223,0.511,110.004,4
spotify:track:0nD7DjR7KsnFzQiijXGPWd,"Strange to Hear","Naked All the Time","Sports",2015-07-24,252800,47,false,2142rwjjwxoffmcaqqrcyw45i,2020-11-05T16:57:16Z,"","Sports",0.538,0.345,9,-14.783,0,0.0321,0.849,0.956,0.118,0.242,176.187,4
spotify:track:561NNIDzSTWPVm1HXwUXw5,"Roll the Die","Mellodrama","killkiyoshi",2020-05-05,118880,0,false,2142rwjjwxoffmcaqqrcyw45i,2020-11-05T16:58:21Z,"","killkiyoshi",0.644,0.683,8,-10.865,0,0.0382,0.209,0.00479,0.0901,0.54,153.945,4
spotify:track:2NyB1mSR0rm5zxMwjryLa5,"Speed Dial","Silk","Oscar Lang;beabadoobee",2018-05-31,316606,41,false,2142rwjjwxoffmcaqqrcyw45i,2020-11-05T17:00:34Z,"bedroom pop","Dirty Hit",0.607,0.44,0,-11.935,1,0.0336,0.7,0.428,0.063,0.0861,93.986,4
spotify:track:14NWHFVIYDXGkQDGQOuFHQ,"Tokyo","Tokyo","sam.sts",2018-12-13,176738,0,false,2142rwjjwxoffmcaqqrcyw45i,2020-11-07T08:41:24Z,"bedroom pop","staythesame",0.752,0.38,11,-13.74,0,0.0368,0.0229,0.00000209,0.165,0.964,110.012,4
spotify:track:3B8qrs5xpWYA10GQQVoNw4,"One Last Time","Happy Camper","Summer Salt",2018-09-28,217640,17,false,2142rwjjwxoffmcaqqrcyw45i,2020-11-13T15:57:01Z,"","P-VINE RECORDS",0.709,0.36,1,-10.941,1,0.0285,0.756,0.365,0.0899,0.463,110.017,3
spotify:track:2S6HpHHz1GIhNfiXy3mJDy,"Downtown","Lo-Tide","Triathalon",2014-10-21,188661,0,false,2142rwjjwxoffmcaqqrcyw45i,2020-11-13T15:59:32Z,"bedroom pop","Triathalon",0.289,0.595,7,-6.22,1,0.0321,0.549,0.151,0.11,0.26,134.023,3
spotify:track:2BRmWe9GaktIqP1FLoWWV4,"4 A.M. Breakfast Club","4 A.M. Breakfast Club","fern;Lucy's Mirror",2019-02-22,229602,0,false,2142rwjjwxoffmcaqqrcyw45i,2020-11-13T15:59:59Z,"","fern",0.348,0.358,11,-11.49,1,0.0287,0.492,0.0756,0.12,0.173,164.675,3
spotify:track:0VfB3MikfDjZb97PLjU2al,"Drinking on My Own","Parkview Demos","Sebastian Roca",2018-07-16,268904,41,false,2142rwjjwxoffmcaqqrcyw45i,2020-11-13T16:05:00Z,"bedroom pop","Nice Guys",0.378,0.415,1,-9.996,1,0.0283,0.649,0.0362,0.239,0.226,81.012,4
spotify:track:5PxibFPxW06HBPab6KrcPP,"You Don't Know This Guy","Songs of Her's","Her's",2017-05-12,321140,49,false,2142rwjjwxoffmcaqqrcyw45i,2020-11-13T16:08:48Z,"indie","Heist Or Hit Records",0.311,0.28,3,-10.151,1,0.0271,0.925,0.0362,0.145,0.192,87.254,3
spotify:track:6hswadYDq08p4qG3NfsNfJ,"Midnight","Daydreamer","Maxwell Young;Claire Cottrill",2018-07-24,205511,21,false,2142rwjjwxoffmcaqqrcyw45i,2020-11-13T16:10:57Z,"lo-fi beats","ninetynine records",0.493,0.247,0,-14.114,1,0.0346,0.919,0.0437,0.157,0.0519,126.252,4
spotify:track:1iXho1Srl0akpZSSHfOFvP,"Opiate","Opiate","Puma Blue",2020-11-17,151580,0,false,2142rwjjwxoffmcaqqrcyw45i,2020-11-20T23:35:06Z,"bedroom pop","Blue Flowers Music",0.868,0.334,10,-8.81,0,0.062,0.525,0.00397,0.238,0.356,104.679,4
spotify:track:3PHb2qON0JqgPfejc1vise,"feel good","feel good","Tierra Whack",2020-11-18,85005,28,false,2142rwjjwxoffmcaqqrcyw45i,2020-11-21T00:52:53Z,"alternative r&b","Tierra Whack",0.624,0.303,11,-9.461,0,0.127,0.708,0,0.12,0.228,75.001,4
spotify:track:1XdqrWzRg4gNN4Lz9kgnDt,"SOMETIMES","More Demos","TV Blonde",2020-11-25,264085,2,true,2142rwjjwxoffmcaqqrcyw45i,2020-11-28T02:50:52Z,"lo-fi","Piero Demetrio",0.589,0.499,10,-12.076,1,0.0307,0.463,0.126,0.163,0.569,120.091,4
spotify:track:4KlwuYb6Xs3n07143ugupR,"WHERE IS MY MIND","Ghost Demos","TV Blonde",2020-03-13,183122,0,true,2142rwjjwxoffmcaqqrcyw45i,2020-11-28T03:10:56Z,"lo-fi","Fat Beats Records",0.276,0.588,5,-9.863,0,0.0805,0.375,0.0622,0.318,0.351,151.824,4
spotify:track:5blpjo0tFAlmc7CmnCWa4T,"Don't Be A Fool","Don't Be A Fool","Dreamer Boy",2020-12-02,206486,30,false,2142rwjjwxoffmcaqqrcyw45i,2020-12-03T23:34:31Z,"bedroom pop","slowplay/Harvest Records",0.683,0.594,9,-7.79,0,0.0264,0.209,0.0013,0.11,0.487,115.049,4
spotify:track:3YBfHJTZPHn5DqgMnD6g5g,"Atomic Vomit","The Lo-Fis","Steve Lacy",2020-12-04,90000,64,false,2142rwjjwxoffmcaqqrcyw45i,2020-12-03T23:46:04Z,"","L-M Records",0.667,0.532,2,-11.288,1,0.18,0.456,0.0122,0.12,0.882,86.576,4
spotify:track:4QUsmmXmINYXwh7UsiMX2j,"When I","The Lo-Fis","Steve Lacy",2020-12-04,60952,60,false,2142rwjjwxoffmcaqqrcyw45i,2020-12-03T23:46:51Z,"","L-M Records",0.824,0.68,5,-10.422,1,0.0476,0.0292,0.835,0.0676,0.67,125.961,4
spotify:track:0SkgmGr08TvWQciNRgRtmc,"Thats No Fun","The Lo-Fis","Steve Lacy",2020-12-04,161900,61,true,2142rwjjwxoffmcaqqrcyw45i,2020-12-03T23:47:45Z,"","L-M Records",0.542,0.723,3,-5.18,1,0.0428,0.77,0.00000275,0.625,0.294,83.078,4
spotify:track:6M0EP76qW9TG4SNU0agu94,"Uuuu","The Lo-Fis","Steve Lacy",2020-12-04,90708,72,false,2142rwjjwxoffmcaqqrcyw45i,2020-12-03T23:53:45Z,"","L-M Records",0.947,0.616,9,-3.602,1,0.0415,0.0168,0.259,0.0658,0.968,127.082,4
spotify:track:0QkIWTxOYYK4pHgOKYmPhY,"Cocky Girl","The Lo-Fis","Steve Lacy",2020-12-04,53333,54,false,2142rwjjwxoffmcaqqrcyw45i,2020-12-03T23:54:26Z,"","L-M Records",0.686,0.437,0,-10.04,0,0.0984,0.601,0.0000282,0.153,0.579,71.652,4
spotify:track:0f8eRy9A0n6zXpKSHSCAEp,"Infrunami","The Lo-Fis","Steve Lacy",2020-12-04,178328,84,false,2142rwjjwxoffmcaqqrcyw45i,2020-12-03T23:58:11Z,"","L-M Records",0.826,0.299,9,-7.721,1,0.0446,0.31,0.0952,0.0758,0.215,97.012,4
spotify:track:3G9tyuUoBVNTDXY0icrUVf,"Out of Me Head","The Lo-Fis","Steve Lacy",2020-12-04,141055,66,false,2142rwjjwxoffmcaqqrcyw45i,2020-12-09T04:46:08Z,"","L-M Records",0.799,0.39,8,-14.592,1,0.102,0.397,0.711,0.107,0.978,88.509,4
spotify:track:2mqXKSieDASoq4N5739wCz,"Donchano","The Lo-Fis","Steve Lacy",2020-12-04,98686,66,false,2142rwjjwxoffmcaqqrcyw45i,2020-12-09T04:46:16Z,"","L-M Records",0.674,0.489,11,-7.257,0,0.125,0.624,0.00195,0.236,0.772,207.947,3
spotify:track:6FwuRS7LLtemBSw18PK2fz,"Golden pt. 2 (feat. Mereba)","Golden pt. 2 (feat. Mereba)","Berhana;Mereba",2020-11-11,137647,0,true,2142rwjjwxoffmcaqqrcyw45i,2020-12-09T11:59:49Z,"alternative r&b","EQT Recordings, LLC",0.64,0.459,11,-8.012,0,0.116,0.254,0.000251,0.153,0.493,84.95,4
spotify:track:4ZYsA9WtsL3sY7tqIXsfun,"I Don't Wanna Feel No More","I Don't Wanna Feel No More","reggie",2020-12-02,201627,39,false,2142rwjjwxoffmcaqqrcyw45i,2020-12-09T12:00:31Z,"","stomp down",0.378,0.317,9,-10.553,1,0.0535,0.877,0.0233,0.114,0.426,79.782,1
spotify:track:4gtFLdSM8kwEBt7TP9MIEX,"$even","Sebastian","Yeek;Bakar",2017-04-28,216545,0,true,2142rwjjwxoffmcaqqrcyw45i,2020-12-09T12:12:25Z,"bedroom pop","Yeek, Inc.",0.811,0.503,11,-7.25,1,0.0457,0.0849,0.00122,0.135,0.352,110.026,4
spotify:track:7fhFr1lYnxm3XyprL3Wnv8,"Maybe Not (with Mac Ayres)","Maybe Not (with Mac Ayres)","Souly Had;Mac Ayres",2020-12-11,230043,44,false,2142rwjjwxoffmcaqqrcyw45i,2020-12-11T10:52:49Z,"","Island Records",0.686,0.658,7,-5.405,1,0.117,0.0115,0.000117,0.0758,0.409,142.056,4
spotify:track:0fnmqKRyN4lTswvyOXz0ID,"Cosmic Freeway","Sebastian","Yeek;Max of Homestead",2017-04-28,362666,0,true,2142rwjjwxoffmcaqqrcyw45i,2020-12-28T03:20:33Z,"bedroom pop","Yeek, Inc.",0.449,0.244,5,-12.068,0,0.197,0.593,0.0000608,0.0884,0.262,89.966,4
spotify:track:1lJPG1vKWKiix5rnRQQFAd,"Highways","Love Slacker","Yeek",2015-12-10,234590,0,true,2142rwjjwxoffmcaqqrcyw45i,2020-12-28T03:20:39Z,"bedroom pop","Yeek, Inc.",0.738,0.711,5,-8.414,1,0.0813,0.389,0.199,0.105,0.0777,97.023,4
spotify:track:750XQOqY1NF6IuUhKekKRK,"Take the Wheel","Love Slacker","Yeek",2015-12-10,160333,0,true,2142rwjjwxoffmcaqqrcyw45i,2020-12-28T03:20:44Z,"bedroom pop","Yeek, Inc.",0.569,0.185,3,-5.506,0,0.0946,0.866,0.00022,0.125,0.237,145.53,1
spotify:track:4NSVK8XiFPwuNw17Vggpur,"Hot Minute","Love Slacker","Yeek",2015-12-10,115344,0,false,2142rwjjwxoffmcaqqrcyw45i,2020-12-28T03:20:49Z,"bedroom pop","Yeek, Inc.",0.807,0.419,2,-6.57,1,0.0718,0.206,0.00000157,0.0946,0.681,87.002,4
spotify:track:5EU5T4pvPG6Bedaepnhhxk,"OPEN WIDE","VISCERAL LOVE","Spencer.",2018-03-21,218446,40,false,2142rwjjwxoffmcaqqrcyw45i,2020-12-28T03:20:56Z,"bedroom pop,alternative r&b,indie r&b","Bug's Eye View",0.642,0.549,4,-9.077,0,0.0271,0.335,0.781,0.124,0.338,135.917,4
spotify:track:4NFD9ea0uH0MtoC30yNYE1,"West Coast Love","The Juice: Vol. II","Emotional Oranges",2019-11-08,215386,69,false,2142rwjjwxoffmcaqqrcyw45i,2021-02-01T04:20:48Z,"indie r&b","Avant Garden PS",0.696,0.65,4,-5.712,0,0.0326,0.00666,0.153,0.14,0.587,91.997,4
spotify:track:3Xsmpypmc2DcxQBbmnnrB5,"3000 Miles (Baby Baby)","3000 Miles (Baby Baby)","Yeek",2021-02-04,142626,0,false,2142rwjjwxoffmcaqqrcyw45i,2021-02-06T13:58:21Z,"bedroom pop","Yeek, Inc.",0.643,0.638,10,-7.753,0,0.0424,0.00675,0.0000178,0.132,0.959,77.505,4
spotify:track:3l8MztTEOlCOUIcCQiCyfe,"Lookin","Lookin","Manu Guzman",2020-03-06,181166,3,false,2142rwjjwxoffmcaqqrcyw45i,2021-02-08T14:34:35Z,"","1431357 Records DK2",0.551,0.338,1,-6.775,1,0.029,0.921,0.00000224,0.129,0.546,89.989,4
spotify:track:0EWG8H4UhVAqdF7IC4u3LT,"Hearing Your Voice","Friends","Omar Apollo",2019-04-10,241546,0,true,2142rwjjwxoffmcaqqrcyw45i,2021-02-10T06:27:51Z,"bedroom pop","Omar Apollo",0.566,0.361,4,-10.531,1,0.0417,0.667,0.0000109,0.14,0.369,141.907,4
spotify:track:02SS3PqtrKPZpWnTtyTFaN,"OOZ","OOZ","Peach Tree Rascals",2021-02-12,269000,0,false,2142rwjjwxoffmcaqqrcyw45i,2021-02-12T06:48:24Z,"","Homemade Projects, LLC / 10K Projects",0.793,0.698,11,-7.778,1,0.0319,0.3,0.00034,0.31,0.496,114.01,4
spotify:track:56FPFlRGOe6LIbmqC70gtu,"Dream State","Dream State","Dennis.",2019-12-08,288000,29,true,2142rwjjwxoffmcaqqrcyw45i,2021-02-13T01:21:16Z,"","965616 Records DK",0.776,0.295,5,-12.395,0,0.0327,0.588,0.0000293,0.2,0.264,119.958,4
spotify:track:14sd42xznS0HDlTalM1jBY,"Mind Fields","Mind Fields","No Vacation",2017-03-03,272625,0,false,2142rwjjwxoffmcaqqrcyw45i,2021-03-01T06:20:26Z,"bedroom pop,dream pop","Topshelf Records",0.443,0.706,0,-6.754,1,0.0302,0.0804,0.937,0.106,0.252,128.331,4
spotify:track:5uDohC8URXwbGiHAMuKGoa,"Rocky","Rocky","Still Woozy",2021-02-19,166000,46,false,2142rwjjwxoffmcaqqrcyw45i,2021-03-03T01:44:16Z,"bedroom pop","Still Woozy Productions Inc., under exclusive license to Interscope Records",0.734,0.518,11,-9.514,0,0.0813,0.556,0.00282,0.111,0.555,101.083,4
spotify:track:4ReJJcpW8HtVnqzhf6DwNV,"Close To You","Close To You","Dayglow",2021-01-11,194693,8,false,2142rwjjwxoffmcaqqrcyw45i,2021-03-03T01:44:53Z,"indie rock","Very Nice Records",0.875,0.649,6,-5.754,1,0.0433,0.429,0.00237,0.0704,0.833,140.031,4
spotify:track:59DqOEiZvbyRNHew4U6guS,"Space Jam - An Odyssey","A Collection of Fleeting Moments and Daydreams","Orion Sun",2020-01-06,221596,50,true,2142rwjjwxoffmcaqqrcyw45i,2021-03-07T04:29:15Z,"alternative r&b,bedroom pop","orion sun",0.484,0.801,1,-3.799,0,0.189,0.415,0.000686,0.123,0.321,155.898,4
spotify:track:2yj8xbWxfrW8azD7VDQBER,"Sundays","The Juice: Vol. II","Emotional Oranges",2019-11-08,189093,59,true,2142rwjjwxoffmcaqqrcyw45i,2021-03-07T04:29:40Z,"indie r&b","Avant Garden PS",0.737,0.558,7,-7.596,0,0.0275,0.225,0.106,0.124,0.416,97.992,4
spotify:track:1KFRlrRRuvyrIwgjcSr1Qr,"Built That Way","The Juice: Vol. I","Emotional Oranges",2019-05-10,199040,46,true,2142rwjjwxoffmcaqqrcyw45i,2021-03-07T04:29:44Z,"indie r&b","Avant Garden/Island Records",0.702,0.643,1,-7.237,0,0.0864,0.236,0.0000168,0.0665,0.722,92.026,4
spotify:track:0sYfwwEy0UyNizk6na4zGm,"Just Like You","The Juice: Vol. II","Emotional Oranges",2019-11-08,215840,54,false,2142rwjjwxoffmcaqqrcyw45i,2021-03-07T04:29:49Z,"indie r&b","Avant Garden PS",0.722,0.683,1,-7.187,1,0.0333,0.00439,0.000642,0.125,0.522,101.034,4
spotify:track:3gCYle76USfbHa7VDTDg5V,"The Kiss Of Venus (Dominic Fike)","The Kiss Of Venus (Dominic Fike)","Paul McCartney;Dominic Fike",2021-03-11,143530,51,false,2142rwjjwxoffmcaqqrcyw45i,2021-03-19T01:51:55Z,"","Capitol Records",0.715,0.374,8,-6.665,1,0.0399,0.627,0,0.11,0.633,89.982,4
spotify:track:4nyrnbpzTMyP1kfxydwjRV,"Dirty Pillow","Valencia","Yeek",2021-03-19,156466,0,false,2142rwjjwxoffmcaqqrcyw45i,2021-03-20T00:03:10Z,"bedroom pop","Yeek, Inc.",0.611,0.217,0,-14.072,1,0.076,0.406,0.00389,0.112,0.0636,120.123,4
spotify:track:2Gi5XHbTxLbzwjQQHky749,"Let's Hold Hands (feat. Melanie Faye)","Let's Hold Hands (feat. Melanie Faye)","Dreamer Boy;Melanie Faye",2021-03-18,179680,0,false,2142rwjjwxoffmcaqqrcyw45i,2021-03-20T00:11:17Z,"bedroom pop,neo soul","slowplay/Harvest Records",0.508,0.441,9,-7.838,0,0.0315,0.425,0.00000251,0.114,0.336,147.843,4
spotify:track:1ljQ8uKlwqJeyb007xeH8i,"LEAVE ME","LEAVE ME","Peach Tree Rascals",2021-03-05,134397,0,true,2142rwjjwxoffmcaqqrcyw45i,2021-03-20T03:17:07Z,"","Homemade Projects, LLC / 10K Projects",0.746,0.666,9,-5.16,1,0.035,0.0632,0.00000156,0.0984,0.678,98.013,4
spotify:track:1bCWDoFJofNBwnkqhTlclz,"Nobody Gets Me (Like You)","Remote (Deluxe)","Wallows",2021-02-19,157613,30,false,2142rwjjwxoffmcaqqrcyw45i,2021-03-20T03:19:38Z,"indie","Atlantic Records",0.57,0.887,2,-1.089,1,0.0382,0.0365,0.00000521,0.783,0.818,115.889,4
spotify:track:0uL8QF9rAUtuka99GWPYJ2,"OK - with Remi Wolf & Solomonophonic","Remote (Deluxe)","Wallows;Remi Wolf;Solomonophonic",2021-02-19,162206,28,false,2142rwjjwxoffmcaqqrcyw45i,2021-03-20T03:19:44Z,"indie","Atlantic Records",0.652,0.855,10,-4.401,1,0.0434,0.297,0,0.208,0.8,144.978,4
spotify:track:4MWxcnRp8KVBWbkmqsoQA1,"Sunshine & Lust Are No Longer Enough","Sunshine & Lust Are No Longer Enough","Luna Luna",2018-10-01,192000,27,false,2142rwjjwxoffmcaqqrcyw45i,2021-03-30T01:09:16Z,"latin indie","Luna Luna",0.614,0.551,5,-10.494,1,0.0314,0.378,0,0.0868,0.402,105.06,4
spotify:track:1BYZxKSf0aTxp8ZFoeyM3d,"we fell in love in october","we fell in love in october / forget her","girl in red",2018-11-21,184153,2,false,2142rwjjwxoffmcaqqrcyw45i,2021-03-30T05:10:55Z,"bedroom pop","world in red",0.566,0.366,7,-12.808,1,0.028,0.113,0.181,0.155,0.237,129.959,4
spotify:track:5x9r0HaFznxQ32J2JZFhub,"hey girl","Wachito Rico","boy pablo",2020-10-23,187000,51,false,2142rwjjwxoffmcaqqrcyw45i,2021-03-30T05:14:06Z,"bedroom pop","777 Music",0.585,0.487,6,-10.038,1,0.0395,0.00464,0.0605,0.0868,0.89,99.933,4
spotify:track:62DcOztTbj3C8XCoJx5I5r,"How To Get Your Girl Back","Save for a Rainy Day","RealLiveAnimals",2017-06-30,319223,30,false,2142rwjjwxoffmcaqqrcyw45i,2021-04-11T03:47:28Z,"","2020 RealLiveAnimals, under exclusive license to an Atlanta Music Company, LLC",0.731,0.357,5,-11.676,0,0.0272,0.779,0.0102,0.114,0.229,103.037,4
spotify:track:1OqNc6vf9GVDthPB22LT70,"Stargazer (with EARTHGANG)","Stargazer (with EARTHGANG)","Tommy Newport;EARTHGANG",2021-04-13,180000,33,true,2142rwjjwxoffmcaqqrcyw45i,2021-04-16T03:11:38Z,"","Tommy Newport",0.613,0.721,2,-6.245,1,0.305,0.0922,0,0.261,0.45,179.804,4
spotify:track:6al0NewmlKLrFwL1PKnQgu,"annie","annie","Banes World",2021-03-31,133894,0,false,2142rwjjwxoffmcaqqrcyw45i,2021-04-20T01:25:06Z,"bedroom pop,lo-fi indie","Bane's World",0.498,0.159,0,-18.907,1,0.0313,0.779,0,0.0752,0.219,95.102,4
spotify:track:6Pgmqg15yVexuOgtzuxwoX,"Dancing in My Room","Dancing in My Room","347aidan",2020-10-26,180138,69,true,2142rwjjwxoffmcaqqrcyw45i,2021-04-20T14:08:50Z,"","Columbia",0.98,0.413,8,-11.052,0,0.101,0.671,0.0000795,0.17,0.764,119.993,4
spotify:track:5bRuS5LK9OE8NhHsTipm3v,"things that i miss","peace and quiet","awfultune;Sandosius",2018,216037,0,false,2142rwjjwxoffmcaqqrcyw45i,2021-04-21T14:59:58Z,"","awfultune",0.529,0.176,8,-12.587,1,0.0556,0.938,0,0.318,0.239,78.242,4
spotify:track:6ZzYETKetIfNUsZUb23jgG,"Day 1 ◑","Love Me / Love Me Not","HONNE",2018-08-24,233600,64,false,2142rwjjwxoffmcaqqrcyw45i,2021-04-23T04:48:17Z,"","Atlantic Records UK",0.503,0.581,6,-7.007,1,0.0881,0.21,0.000708,0.257,0.633,94.555,4
spotify:track:5oka498ZuBpOR2WTWq4XoB,"bullet train","bullet train","pizzagirl",2021-04-21,270326,0,false,2142rwjjwxoffmcaqqrcyw45i,2021-04-23T08:31:32Z,"bedroom pop,lo-fi indie","Heist Or Hit Records",0.527,0.928,10,-6.866,1,0.0424,0.00000948,0.798,0.135,0.557,109.993,4
spotify:track:5eD6hEsUNUZuiLIIQPR7Im,"Million Dollar Bed","Losers Weepers","Babygirl",2021-04-16,203906,0,false,2142rwjjwxoffmcaqqrcyw45i,2021-04-23T08:39:26Z,"indie pop","Babygirl",0.478,0.534,9,-8.478,1,0.0387,0.795,0.0179,0.109,0.552,100.027,4
spotify:track:3PFhq8MZq4FPIIR7BBr2No,"On Top","Just To Be Ironic","Tommy Newport",2018-11-16,196129,21,false,2142rwjjwxoffmcaqqrcyw45i,2021-04-25T13:00:34Z,"","Real Dirty Boy LLC / Silk Ivory",0.736,0.6,9,-5.635,1,0.0689,0.0439,0,0.0543,0.534,92.914,4
spotify:track:3SIiKT5S8zhHY9scReMtEZ,"Say My Dear","Chances","Minipop",2014-04-30,304661,7,false,2142rwjjwxoffmcaqqrcyw45i,2021-04-27T09:26:46Z,"dream pop","Self-Released",0.548,0.431,2,-11.763,1,0.0263,0.237,0.0617,0.0573,0.409,139.034,4
spotify:track:4iBBXbtorlcgQv9a3kS2Ln,"Heart on a Shelf","Bedroom","Planttvibes",2020-05-10,208941,30,false,2142rwjjwxoffmcaqqrcyw45i,2021-04-27T09:28:17Z,"","Page 28 Records",0.621,0.409,4,-12.444,1,0.0293,0.858,0.0804,0.188,0.442,169.894,4
spotify:track:6S7o12almFeL57rbRvdY5l,"Vas","Triplbt Theme","jagger finn",2019-08-28,90323,66,false,2142rwjjwxoffmcaqqrcyw45i,2021-04-27T09:31:00Z,"","oakjoi",0.514,0.424,0,-10.645,1,0.0282,0.918,0.849,0.126,0.416,71.114,4
spotify:track:4kI8cbwLAjEuDNMmPgoiGO,"On the Low","Bavarian Fruit Bread","Hope Sandoval & The Warm Inventions",2001-10-23,313000,51,false,2142rwjjwxoffmcaqqrcyw45i,2021-04-27T09:31:40Z,"slowcore,dream pop","Tendril Tales",0.352,0.319,9,-11.256,0,0.0281,0.153,0.518,0.278,0.339,148.931,4
spotify:track:1olXA1jnOZ7kIZqLQxeJkW,"Let Me Go","Don't Look Now","Lou Val",2018-12-21,237757,32,true,2142rwjjwxoffmcaqqrcyw45i,2021-04-27T09:37:58Z,"","Control Room 3",0.738,0.241,6,-12.723,0,0.0432,0.911,0.0000122,0.109,0.219,106.97,4
spotify:track:0U3u0HdRQjD8mAMYBak4Ok,"Saw You In A Dream","Saw You In A Dream","The Japanese House",2017-06-30,208280,58,false,2142rwjjwxoffmcaqqrcyw45i,2021-04-27T09:41:55Z,"","Dirty Hit/The Japanese House PS",0.607,0.451,4,-8.206,1,0.0286,0.0604,0,0.19,0.676,94.054,4
spotify:track:1xQYZWp1aWnIFowRGW8S3T,"Hate Ya 2","Free Company","Taylor Vick",2019-08-30,266246,7,false,2142rwjjwxoffmcaqqrcyw45i,2021-04-27T13:49:18Z,"","Anti/Epitaph",0.696,0.328,5,-9.02,0,0.0294,0.73,0.00136,0.118,0.365,76.799,4
spotify:track:5d9BthpFORCiN5S1lVGCSc,"Lucid","Lucid","Denuo",2019-06-07,235559,8,false,2142rwjjwxoffmcaqqrcyw45i,2021-04-27T14:01:20Z,"dream pop","Denuo",0.592,0.682,7,-7.827,1,0.0251,0.196,0.00152,0.122,0.531,117.018,4
spotify:track:5GbVzc6Ex5LYlLJqzRQhuy,"Mystery of Love","Mystery of Love","Sufjan Stevens",2017-12-01,248960,84,false,2142rwjjwxoffmcaqqrcyw45i,2021-04-27T14:07:38Z,"baroque pop","Masterworks",0.365,0.273,4,-16.526,0,0.038,0.94,0.431,0.109,0.238,132.285,5
spotify:track:6TEiFwaiHERpdfG6WnGed1,"New Flesh","Wild Heart","Current Joys",2013-01-02,167986,0,false,2142rwjjwxoffmcaqqrcyw45i,2021-04-28T02:57:01Z,"lo-fi indie","Current Joys",0.62,0.594,9,-16.066,1,0.0383,0.887,0.5,0.0917,0.698,165.861,4
spotify:track:0UV5zxRMz6AO4ZwUOZNIKI,"Where'd All the Time Go?","Shame, Shame (Deluxe Edition)","Dr. Dog",2010-11-02,234800,84,false,2142rwjjwxoffmcaqqrcyw45i,2021-04-28T02:57:39Z,"","Anti/Epitaph",0.454,0.82,2,-4.193,1,0.0567,0.132,0.000969,0.115,0.575,166.303,4
spotify:track:0nIix5gcrnaapuG2iKq2UB,"outside the party, inside the dream","outside the party, inside the dream","cehryl",2021-03-12,188146,0,false,2142rwjjwxoffmcaqqrcyw45i,2021-04-28T03:01:55Z,"lo-fi indie,bedroom pop","Nettwerk Records",0.659,0.366,4,-10.889,1,0.0281,0.866,0.00121,0.105,0.203,106.191,5
spotify:track:0eBgosFv1hzLhSkjl4zBKl,"Maybe This Is Time","Happiness in Liquid Form","Alfie Templeman",2020-07-17,184125,0,false,2142rwjjwxoffmcaqqrcyw45i,2021-04-28T03:02:26Z,"","Chess Club",0.601,0.785,1,-3.988,1,0.039,0.457,0.000428,0.192,0.623,156.042,4
spotify:track:7vfqGHHY1Obj3ijQPx5Vbb,"Knot - Demo","Hotstuff","TOLEDO",2019-04-05,272973,0,true,2142rwjjwxoffmcaqqrcyw45i,2021-04-29T03:47:55Z,"","Telefono",0.58,0.462,9,-9.518,1,0.0333,0.559,0.00000113,0.83,0.423,94.451,4
spotify:track:6FmnMoph4yx7zjhuBcrHDv,"Kenny","Kenny","Still Woozy",2021-04-30,194133,47,false,2142rwjjwxoffmcaqqrcyw45i,2021-04-30T02:17:58Z,"bedroom pop","Still Woozy Productions Inc., under exclusive license to Interscope Records",0.743,0.49,1,-10.845,1,0.0377,0.307,0.0393,0.108,0.394,120.028,4
spotify:track:7pfLFEMBcCxq6uxxm2jBig,"Bike","All The Ways We Are Together","Dreamer Boy",2021-04-22,163426,8,false,2142rwjjwxoffmcaqqrcyw45i,2021-05-08T05:37:51Z,"bedroom pop","slowplay/Harvest Records",0.457,0.207,1,-12.526,0,0.0275,0.92,0.0000183,0.235,0.261,66.96,4
spotify:track:4r4uSdJJKV8RIcNKH7pX54,"Forevermore","Forevermore","Cuco",2021-05-07,174622,50,false,2142rwjjwxoffmcaqqrcyw45i,2021-05-11T02:19:59Z,"bedroom pop","Cuco LLC, under exclusive license to Interscope Records",0.711,0.604,9,-7.376,1,0.0331,0.719,0.939,0.134,0.44,75.036,4
spotify:track:76tGvMdmFKuiMew33ZNNA9,"Lover Is a Day","wannabewithu","Cuco",2016-07-09,456000,1,true,2142rwjjwxoffmcaqqrcyw45i,2021-05-11T02:22:14Z,"bedroom pop","Cuco",0.406,0.647,3,-10.453,1,0.0413,0.0427,0.193,0.1,0.344,180.044,4
spotify:track:3kEsMLO3qUUwiXeCndsMIb,"Bossa No Sé (feat. Jean Carter)","Para Mi","Cuco;Jean Carter",2019-07-26,201263,64,true,2142rwjjwxoffmcaqqrcyw45i,2021-05-11T02:22:31Z,"bedroom pop","Cuco / Interscope PS",0.825,0.678,4,-5.401,1,0.0461,0.519,0,0.115,0.43,134.12,4
spotify:track:2BnuZwAifUdUsUQX4DJhnv,"The Upper East","The Upper East","Banes World;Dancody",2021-04-23,166161,0,true,2142rwjjwxoffmcaqqrcyw45i,2021-05-24T05:51:42Z,"bedroom pop,lo-fi indie","Dancody, Banes World",0.498,0.508,2,-7.262,0,0.0351,0.439,0,0.501,0.376,77.583,4
spotify:track:6OiRh4kttAs1YWglvTcYkB,"Alrighty Aphrodite","Being So Normal","Peach Pit",2018-06-28,207813,68,false,2142rwjjwxoffmcaqqrcyw45i,2021-06-04T14:05:37Z,"","Columbia",0.534,0.724,6,-4.675,0,0.0495,0.00605,0.0929,0.108,0.503,81.846,4
spotify:track:0ZK8TGOsngrstVPsnrHbK1,"Peach Pit","Sweet FA","Peach Pit",2018-06-27,287080,59,false,2142rwjjwxoffmcaqqrcyw45i,2021-06-04T14:13:27Z,"","Columbia",0.515,0.804,6,-5.345,0,0.0398,0.00322,0.00229,0.149,0.298,123.969,4
spotify:track:45ewhNby8MgyWw6HmT7HKJ,"Bambi","Bambi","Hippo Campus",2018-09-28,194400,42,true,2142rwjjwxoffmcaqqrcyw45i,2021-06-12T00:09:02Z,"","Transgressive",0.739,0.472,8,-8.458,1,0.044,0.0646,0.0001,0.116,0.283,90.003,4
spotify:track:1jVjOcs7QeQZJXScbqvofI,"Time Machine","WILLOW","WILLOW",2019-07-19,143640,62,true,2142rwjjwxoffmcaqqrcyw45i,2021-06-12T02:23:54Z,"","MSFTSMusic / Roc Nation Records",0.606,0.532,3,-6.076,1,0.0416,0.44,0,0.132,0.405,81.332,3
spotify:track:2vWBUC9djv6BtiGlmKiQaH,"YKWIM?","Bipolar","Yot Club",2019-05-31,212750,80,false,2142rwjjwxoffmcaqqrcyw45i,2021-06-18T10:33:27Z,"bedroom pop","Yot Club under exclusive license to Amuseio AB",0.372,0.537,9,-7.623,1,0.0305,0.937,0.873,0.287,0.228,123.735,3
spotify:track:32q9OuCp7wFdLZKuCXm0wl,"That's Life","That's Life","Still Woozy",2021-06-21,147653,44,false,2142rwjjwxoffmcaqqrcyw45i,2021-06-27T12:46:51Z,"bedroom pop","Still Woozy Productions Inc., under exclusive license to Interscope Records",0.756,0.498,6,-8.808,0,0.0866,0.524,0.0342,0.101,0.526,96.104,4
spotify:track:64qmLY9DLw4hoUzIWh7bmS,"Commitment","Carousel","Luna Luna",2019-10-04,247302,0,false,2142rwjjwxoffmcaqqrcyw45i,2021-07-30T09:51:11Z,"latin indie","Luna Luna",0.659,0.627,6,-5.339,1,0.0574,0.531,0.000127,0.225,0.782,79.947,4
spotify:track:7zTTDkkLkJ2iHAqq1daDCr,"OUTTA MY MIND","OUTTA MY MIND","Monsune",2019-08-30,226005,55,false,2142rwjjwxoffmcaqqrcyw45i,2021-07-30T14:16:38Z,"bedroom pop","Monsune",0.689,0.463,2,-8.121,0,0.0365,0.066,0.000152,0.145,0.864,86.998,4
spotify:track:6BXHCHzw706smnLQdCIDUy,"Go Away","Go Away","Omar Apollo",2021-07-08,207346,0,false,2142rwjjwxoffmcaqqrcyw45i,2021-08-18T04:16:41Z,"bedroom pop","Warner Records",0.634,0.568,5,-7.757,0,0.0354,0.0426,0.00000185,0.456,0.369,123.885,4
spotify:track:6fE8tfq0JD69Zixk4mAR6L,"Baby Powder","Baby Powder","Jenevieve",2021-04-21,177093,39,false,2142rwjjwxoffmcaqqrcyw45i,2021-08-21T09:33:27Z,"alternative r&b","Joyface Records PS",0.798,0.475,1,-7.399,0,0.0469,0.193,0.000213,0.0781,0.755,78.455,3
spotify:track:0C3sscH57PNeQ8dmY6xTIR,"SUNRISE","SUNRISE","MICHELLE",2020-07-16,176940,44,false,2142rwjjwxoffmcaqqrcyw45i,2021-08-23T01:00:01Z,"bedroom pop","Canvasback/ATL",0.821,0.444,7,-5.954,1,0.0796,0.16,0.0191,0.301,0.678,87.029,4
spotify:track:07dRjnkeSazozZ16S07Nee,"Shut up My Moms Calling","Shut up My Moms Calling","Hotel Ugly",2020-02-10,164571,0,false,2142rwjjwxoffmcaqqrcyw45i,2021-08-25T01:51:34Z,"","Hotel Ugly",0.484,0.407,9,-10.709,0,0.104,0.317,0,0.103,0.369,139.23,4
spotify:track:7yjum1B7kQ8gFWTP0cqKMu,"Quiet On Set","Quiet On Set / Grumpy Old Man","Remi Wolf",2021-08-18,195038,0,true,2142rwjjwxoffmcaqqrcyw45i,2021-08-26T12:03:23Z,"","Island Records",0.847,0.572,9,-4.796,1,0.259,0.0129,0.00000681,0.0714,0.658,100.043,4
spotify:track:793evHjtSB1fGik1VvdKZb,"Grumpy Old Man","Quiet On Set / Grumpy Old Man","Remi Wolf",2021-08-18,211185,0,false,2142rwjjwxoffmcaqqrcyw45i,2021-08-26T12:03:27Z,"","Island Records",0.736,0.83,5,-5.526,0,0.0657,0.0909,0,0.123,0.759,120.024,4
spotify:track:5qQJrP2rMqMY3aDpHWa15R,"come home","wachito’s self-care tape","boy pablo",2021-06-04,244020,0,false,2142rwjjwxoffmcaqqrcyw45i,2021-08-26T12:32:33Z,"bedroom pop","777 MUSIC",0.574,0.618,7,-10.217,1,0.0255,0.0135,0.206,0.0927,0.737,100.032,4
spotify:track:1jLRqu3kswZQn5SSUt4Zlh,"honey","wachito’s self-care tape","boy pablo",2021-06-04,254885,0,false,2142rwjjwxoffmcaqqrcyw45i,2021-08-26T12:36:10Z,"bedroom pop","777 MUSIC",0.656,0.628,0,-10.161,1,0.0339,0.304,0.074,0.135,0.715,144.036,4
spotify:track:2rCFHBg76XBqxomxRUYl78,"hey girl - acoustic @ 777 studio","wachito’s self-care tape","boy pablo;Chavela",2021-06-04,157419,0,false,2142rwjjwxoffmcaqqrcyw45i,2021-08-26T12:39:09Z,"bedroom pop","777 MUSIC",0.645,0.316,0,-10.527,1,0.0329,0.671,0.00000156,0.1,0.5,92.963,4
spotify:track:5uuWDZStMaeGI6RoaXGct1,"One Last Time","One Last Time","Summer Salt",2018-02-14,217636,0,false,2142rwjjwxoffmcaqqrcyw45i,2021-09-03T07:10:19Z,"","Cherry Lime Records",0.71,0.359,1,-10.925,1,0.0281,0.754,0.228,0.0894,0.434,109.989,3
spotify:track:3dvRD7tnKF9Kxocks07jue,"Beige","Beige","Terrace Martin;Arin Ray;Elena Pinderhughes",2019-12-20,197173,55,true,2142rwjjwxoffmcaqqrcyw45i,2021-09-06T03:59:28Z,"neo soul","Sounds of Crenshaw / EMPIRE",0.773,0.579,8,-10.109,1,0.0862,0.297,0.00954,0.0607,0.555,170.04,4
spotify:track:7MlqMPavSR5rlpcMf9ybfC,"Too much sun in LA","Too much sun in LA","McClenney;CHIKA",2021-07-16,197142,0,true,2142rwjjwxoffmcaqqrcyw45i,2021-09-08T10:36:15Z,"alternative r&b","Independent",0.832,0.388,2,-9.627,1,0.0884,0.525,0.000477,0.122,0.379,138.067,4
spotify:track:5yozbGmaHKYcNW1qE26qMl,"Mask Off (Feelings)","SG8*","Duckwrth",2021-09-03,186506,30,true,2142rwjjwxoffmcaqqrcyw45i,2021-09-08T10:41:57Z,"","SuperGood/The Blind Youth",0.636,0.537,2,-6.235,1,0.193,0.239,0.0121,0.141,0.544,166.022,4
spotify:track:0LtOwyZoSNZKJWHqjzADpW,"Feels Like We Only Go Backwards","Lonerism","Tame Impala",2012-01-01,192960,80,false,2142rwjjwxoffmcaqqrcyw45i,2021-09-13T00:18:56Z,"neo-psychedelic,indie","Modular",0.303,0.9,2,-2.352,0,0.0574,0.0277,0.635,0.11,0.491,149.508,4
spotify:track:2oVt1rpE9MSD9yPPEGx6ue,"byyyte","Are U Down?","Spencer.",2021-09-10,188887,21,false,2142rwjjwxoffmcaqqrcyw45i,2021-09-13T12:22:54Z,"bedroom pop,alternative r&b,indie r&b","4AD",0.514,0.344,5,-7.969,0,0.456,0.734,0,0.362,0.675,178.794,4
spotify:track:3U4SnnuP8xYApZsMByW1pW,"staywmecassette","Are U Down?","Spencer.",2021-09-10,101436,26,false,2142rwjjwxoffmcaqqrcyw45i,2021-09-13T12:33:34Z,"bedroom pop,alternative r&b,indie r&b","4AD",0.618,0.543,7,-8.906,1,0.0315,0.803,0.761,0.103,0.45,74.021,4
spotify:track:4NasktR5Hj5df1iJC6ioJt,"Hard to Say Goodbye","Hard to Say Goodbye","Johnny Stimson",2020-03-20,156827,40,false,2142rwjjwxoffmcaqqrcyw45i,2021-09-14T03:56:57Z,"","Johnny Stimson",0.632,0.476,8,-9.644,1,0.0812,0.349,0,0.164,0.414,77.004,4
spotify:track:4dGuRldChjvboZktprNJFM,"Hush - Still Woozy Remix","Hush (Still Woozy Remix)","The Marías;Still Woozy",2021-09-16,182346,63,false,2142rwjjwxoffmcaqqrcyw45i,2021-09-17T17:10:52Z,"bedroom pop","Nice Life/Atlantic",0.708,0.554,10,-6.83,0,0.0311,0.403,0.0428,0.126,0.564,103.999,4
spotify:track:0I6g0eQInCdoMkaYaFWAD7,"One For You","One For You","R.se;MEI",2021-09-17,229090,1,false,2142rwjjwxoffmcaqqrcyw45i,2021-09-18T01:37:38Z,"","3281978 Records DK2",0.797,0.539,5,-7.727,0,0.0623,0.246,0.00000189,0.323,0.588,88.001,4
spotify:track:3KRiNc9gBfTe15xM1XVGHp,"Under The Sun","Under The Sun","Cuco",2021-09-16,217517,53,false,2142rwjjwxoffmcaqqrcyw45i,2021-09-18T01:46:41Z,"bedroom pop","Cuco LLC, under exclusive license to Interscope Records",0.634,0.687,7,-6.821,0,0.0378,0.0318,0.0332,0.147,0.36,90.006,4
spotify:track:60aWYX41VR8Nd4FgtbJKhA,"Whatever You Want","People Can't Stop Chillin","Sports",2016-10-21,188173,41,false,2142rwjjwxoffmcaqqrcyw45i,2021-09-20T07:38:19Z,"","Sports",0.722,0.378,2,-11.028,1,0.0974,0.378,0.000265,0.365,0.497,168.629,4
spotify:track:4lxtpxAmUcCyJSBUTNk29O,"Skeemin","Platinum Fire (Deluxe)","Arin Ray",2018-12-14,193840,19,true,2142rwjjwxoffmcaqqrcyw45i,2021-09-26T15:26:05Z,"","UMGRI Interscope",0.565,0.777,5,-7.504,0,0.0562,0.0142,0.00292,0.534,0.585,80,4
spotify:track:0eu4C55hL6x29mmeAjytzC,"Life Goes On","Ugly is Beautiful: Shorter, Thicker & Uglier (Deluxe)","Oliver Tree",2021-05-28,161803,92,false,2142rwjjwxoffmcaqqrcyw45i,2021-10-07T02:46:48Z,"","Atlantic Records",0.7,0.49,0,-5.187,1,0.076,0.186,0,0.117,0.569,79.982,4
spotify:track:0fdaw54L9HswP2QVYJjnx6,"concrete","concrete","Orion Sun",2021-10-13,212000,0,true,2142rwjjwxoffmcaqqrcyw45i,2021-10-13T08:51:10Z,"alternative r&b,bedroom pop","Mom+Pop",0.724,0.599,0,-7.032,1,0.101,0.512,0.00291,0.101,0.861,147.987,4
spotify:track:3PJiE71oOxVPzMYYt6MI7G,"Many Times","Many Times","Dijon",2021-09-17,126905,39,false,2142rwjjwxoffmcaqqrcyw45i,2021-10-13T08:56:13Z,"","R&R Digital/Warner Records",0.753,0.868,7,-2.318,1,0.097,0.173,0,0.268,0.709,130.081,4
spotify:track:07MDkzWARZaLEdKxo6yArG,"Meet Me At Our Spot","THE ANXIETY","THE ANXIETY;WILLOW;Tyler Cole",2020-03-13,162680,78,true,2142rwjjwxoffmcaqqrcyw45i,2021-10-15T11:16:18Z,"","MSFTSMusic / Roc Nation Records, LLC",0.773,0.47,2,-7.93,1,0.0299,0.0153,0.000193,0.0851,0.399,94.995,4
spotify:track:1UgaioSUNBZQ5xyCiAhfAU,"4ever","lately I feel EVERYTHING","WILLOW",2021-07-16,161114,44,false,2142rwjjwxoffmcaqqrcyw45i,2021-10-15T11:32:09Z,"","MSFTSMusic / Roc Nation Records, LLC",0.419,0.707,1,-8.675,0,0.0469,0.121,0.03,0.42,0.496,170.037,4
spotify:track:65BDTvyWJKr7TfQhvPEnho,"When I’m gone","When I’m gone","Pity Party (Girls Club)",2021-02-28,170753,0,false,2142rwjjwxoffmcaqqrcyw45i,2021-10-15T12:24:51Z,"","Pity Party (Girls Club)",0.732,0.182,9,-20.648,0,0.0357,0.299,0.0936,0.112,0.52,93.002,4
spotify:track:0WKmVAD4VWk5EdTyCFILi4,"Needs","Needs","Verzache",2018-02-14,177479,1,false,2142rwjjwxoffmcaqqrcyw45i,2021-10-15T12:28:41Z,"","Zach Farache",0.813,0.601,11,-7.552,0,0.116,0.189,0.0002,0.426,0.855,118.981,4
spotify:track:0Lsb9rj8eECyBDzW51H5FX,"Time","My Head is a Moshpit","Verzache",2021-03-05,168862,0,false,2142rwjjwxoffmcaqqrcyw45i,2021-10-15T12:28:46Z,"","Verzache Music, Inc.",0.762,0.611,1,-7.841,1,0.144,0.17,0.0677,0.124,0.674,155.983,4
spotify:track:3xUoFmauSdcqntvnmc39XZ,"Wiggle","Wiggle","binki",2019-08-01,179908,0,false,2142rwjjwxoffmcaqqrcyw45i,2021-10-20T14:30:41Z,"","binki",0.753,0.461,8,-8.857,0,0.0585,0.496,0.000372,0.116,0.897,103.919,4
spotify:track:0gTqEEZKoCn53BZAU1A4DG,"Come Over","Sunset Visionary, Vol. 1","Tom The Mail Man",2020-01-01,135295,41,false,2142rwjjwxoffmcaqqrcyw45i,2021-10-20T15:04:44Z,"","TheDeliveryCrew",0.617,0.309,9,-7.888,1,0.0388,0.574,0,0.162,0.532,179.81,3
spotify:track:6PInkrdWpzFi6c4Ffrzs3q,"Baybee","Everybody Works","Jay Som",2017-03-10,225253,0,false,2142rwjjwxoffmcaqqrcyw45i,2021-10-29T00:33:18Z,"dream pop,indie pop","Polyvinyl Records",0.622,0.6,11,-7.302,0,0.0317,0.00232,0.104,0.218,0.663,79.993,4
spotify:track:25bItrK4yPbnkKuu9beaS2,"Rom-Com Gone Wrong","Rom-Com Gone Wrong","Matt Maltese",2019-10-16,205836,0,true,2142rwjjwxoffmcaqqrcyw45i,2021-10-29T03:52:14Z,"","sevenfoursevensix",0.601,0.422,3,-8.539,1,0.0231,0.839,0.205,0.139,0.357,76.456,4
spotify:track:5jDpJZ4AV0YVV8o9Ez2U9s,"Pick Up Your Phone","Pick Up Your Phone","Hojean",2020-09-16,169412,0,false,2142rwjjwxoffmcaqqrcyw45i,2021-12-09T04:16:05Z,"","Hojean",0.855,0.546,0,-5.192,1,0.0364,0.0513,0.000292,0.0725,0.869,94.989,4
spotify:track:7pcANiSH8mEKLUIPAxiSDr,"CAN YOU HEAR THE MOON","The in Between","Grady",2019-10-25,182534,49,false,2142rwjjwxoffmcaqqrcyw45i,2021-12-09T04:15:56Z,"","TMWRK Records, LLC",0.343,0.503,6,-6.018,0,0.0623,0.0242,0.00184,0.42,0.5,146.11,4
spotify:track:1xVd8iDIAaG4KjMaMXuNib,"can I call sometime?","The Love Umbrella","Grady",2021-10-15,46035,15,false,2142rwjjwxoffmcaqqrcyw45i,2021-12-09T04:24:07Z,"","tmwrk records",0.619,0.66,8,-8.164,0,0.197,0.64,0.914,0.436,0.713,125.039,4
spotify:track:6WqeLLexWFXNqwVVpu8dUy,"The Idea of You","The Love Umbrella","Grady;lovelytheband",2021-10-15,176422,40,false,2142rwjjwxoffmcaqqrcyw45i,2021-12-09T04:28:07Z,"","tmwrk records",0.66,0.738,0,-5.826,1,0.0384,0.688,0.0000135,0.242,0.796,120.016,4
spotify:track:0JV97Cu91Y7BC4B7v99og1,"I Hope You're Doing Ok Too","I Hope You're Doing Ok Too","Pity Party (Girls Club)",2020-10-16,166330,0,false,2142rwjjwxoffmcaqqrcyw45i,2021-12-16T03:49:02Z,"","Pity Party (Girls Club)",0.746,0.207,10,-21.98,1,0.047,0.416,0.35,0.108,0.613,93.061,4
spotify:track:1bRIBXleLR4EPXEAIiYNKv,"Healing Process (New Beginnings)","Healing Process","Pity Party (Girls Club)",2018-06-17,153621,0,false,2142rwjjwxoffmcaqqrcyw45i,2021-12-16T03:51:12Z,"","Pity Party (Girls Club)",0.605,0.443,6,-9.9,0,0.0471,0.363,0.0895,0.12,0.15,137.729,4
spotify:track:4QkK3Ouyfcq8zF3f0RygSc,"I'm Sorry I'm Like This","I'm Sorry I'm Like This","Pity Party (Girls Club)",2019-08-17,145629,0,true,2142rwjjwxoffmcaqqrcyw45i,2021-12-16T03:59:24Z,"","1383433 Records DK",0.671,0.45,0,-8.223,1,0.031,0.677,0.0564,0.454,0.173,115.105,4
spotify:track:4NL2eMRs5NCzzRkCxU6oaW,"Purple Static","Purple Static","Pity Party (Girls Club)",2018-11-04,119055,0,true,2142rwjjwxoffmcaqqrcyw45i,2021-12-16T04:01:14Z,"","Pity Party (Girls Club)",0.676,0.383,5,-10.543,0,0.0435,0.946,0.508,0.177,0.413,126.948,4
spotify:track:4SqWKzw0CbA05TGszDgMlc,"I Love You So","I Love You So","The Walters",2014-11-28,160239,88,false,2142rwjjwxoffmcaqqrcyw45i,2022-01-21T11:40:41Z,"","Warner Records",0.575,0.648,10,-4.891,1,0.0358,0.583,0,0.115,0.466,75.977,4
spotify:track:0oX15d4iZ7tKoAEvbZV5O8,"Me and you","Hard Times / Bad Trips","Pity Party (Girls Club);Lucys",2022-01-02,180069,0,false,2142rwjjwxoffmcaqqrcyw45i,2022-01-25T08:42:36Z,"bedroom pop","PPGC",0.539,0.357,4,-12.812,1,0.0315,0.806,0.000732,0.487,0.385,94.984,4
spotify:track:2Xpjntb8EUBvhQ8k1DJyJT,"Why do i love u still?","Hard Times / Bad Trips","Pity Party (Girls Club)",2022-01-02,127717,0,false,2142rwjjwxoffmcaqqrcyw45i,2022-01-25T08:42:43Z,"","PPGC",0.596,0.305,4,-13.369,1,0.0375,0.531,0.12,0.115,0.108,151.919,4
spotify:track:2vAFFYY2Iwhry8o8ZQgW5D,"I Fell in Love Again","I Fell in Love Again","Kid Bloom",2022-01-21,218013,0,false,2142rwjjwxoffmcaqqrcyw45i,2022-01-25T08:42:53Z,"","Position Music",0.587,0.737,6,-5.071,0,0.0353,0.0131,0.000672,0.361,0.815,179.971,4
spotify:track:0FrZlv2YeaeNoegY6ZwWJ3,"Purple","Purple","Unusual Demont",2021-04-06,250643,0,false,2142rwjjwxoffmcaqqrcyw45i,2022-01-28T11:08:52Z,"alternative r&b","Unusual Productions",0.652,0.449,1,-10.313,0,0.0635,0.0501,0,0.0819,0.454,135.009,4
spotify:track:5qrPtPZ0o6pXIwdJrzASTs,"Skin Tight (feat. Steve Lacy)","Skin Tight (feat. Steve Lacy)","Ravyn Lenae;Steve Lacy",2022-02-01,227001,0,false,2142rwjjwxoffmcaqqrcyw45i,2022-02-04T14:58:40Z,"alternative r&b,indie soul","Atlantic Records",0.456,0.522,3,-7.988,0,0.0332,0.258,0.00281,0.123,0.498,174.149,3
spotify:track:6kblAEj0T0312fv5QWsXzo,"Congratulations","Congratulations","MGMT",2010-04-09,235386,60,false,2142rwjjwxoffmcaqqrcyw45i,2022-04-23T05:14:20Z,"indie","Columbia",0.761,0.637,7,-8.169,1,0.0268,0.439,0.0082,0.102,0.656,125.115,4
spotify:track:3YsZSOjej7nilhPbgblWCs,"Too Late, Colin","Artificial Flavors","Lunar Vacation",2018-07-06,191181,39,false,2142rwjjwxoffmcaqqrcyw45i,2022-04-23T05:14:31Z,"","Lunar Vacation",0.633,0.427,3,-8.625,1,0.0261,0.356,0.0000714,0.367,0.611,82.482,3
spotify:track:5cCA9gRN61gyN8wgO2fPjX,"hoon","gelato","boylife;cehryl",2021-10-08,278373,27,true,2142rwjjwxoffmcaqqrcyw45i,2022-04-23T05:14:44Z,"bedroom pop,lo-fi indie","boylife",0.464,0.315,2,-12.853,1,0.0735,0.591,0.00156,0.0878,0.221,130.625,4
spotify:track:66yroagAzFjOcnIiqRgWPo,"lush","gelato","boylife",2021-10-08,267080,27,false,2142rwjjwxoffmcaqqrcyw45i,2022-04-23T05:14:48Z,"bedroom pop","boylife",0.313,0.26,5,-11.138,1,0.0324,0.769,0.00434,0.111,0.489,77.932,4
spotify:track:4lLBttf0iUA3dQ4gJpRGKN,"baddreams","gelato","boylife",2021-10-08,229733,22,true,2142rwjjwxoffmcaqqrcyw45i,2022-04-23T05:14:53Z,"bedroom pop","boylife",0.511,0.231,9,-8.621,1,0.0315,0.871,0.00000206,0.111,0.164,124.014,4
spotify:track:1Z751eJbWWLUzgp9hpmELA,"Oh It's You","Summertime","babychair",2021-03-25,205552,0,false,2142rwjjwxoffmcaqqrcyw45i,2022-11-03T03:13:09Z,"taiwanese indie","babychair Music",0.523,0.478,6,-10.499,0,0.0587,0.693,0.031,0.151,0.665,199.924,4
spotify:track:7hZtfayYQukFySbj746HJL,"Next Best Thing","Next Best Thing","FLOOR CRY;Vansire",2020-04-17,170405,38,false,2142rwjjwxoffmcaqqrcyw45i,2023-01-15T07:42:18Z,"bedroom pop","Nice To See You Again",0.633,0.476,2,-9.341,0,0.0386,0.481,0.0000776,0.661,0.456,113.97,4
spotify:track:6xuanMNaG2dTziSnRmZdyG,"Grandmother","Grandmother","Hotel Ugly",2021-02-05,153620,53,false,2142rwjjwxoffmcaqqrcyw45i,2023-02-26T08:28:37Z,"","Hotel Ugly, under exclusive license to Amuseio AB",0.742,0.194,11,-13.175,0,0.0299,0.275,0.108,0.0652,0.549,125.007,4
spotify:track:4faTuWPQeMo24zvuTDre3c,"Anyone But You","Anyone But You","Still Woozy",2023-12-22,176000,55,false,2142rwjjwxoffmcaqqrcyw45i,2024-04-08T06:06:26Z,"bedroom pop","Still Woozy Productions Inc., under exclusive license to Interscope Records",0.607,0.427,8,-11.952,1,0.0302,0.821,0.13,0.15,0.243,89.991,4
