Track URI,Track Name,Album Name,Artist Name(s),Release Date,Duration (ms),Popularity,Explicit,Added By,Added At,Genres,Record Label,Danceability,Energy,Key,Loudness,Mode,Speechiness,Acousticness,Instrumentalness,Liveness,Valence,Tempo,Time Signature
spotify:track:5nexAvWNhwg51EavnDgViy,"Toxic","It Was Good Until It Wasn't","Kehlani",2020-05-08,168182,69,true,qo6rqy7mdblflyegpk0z8sxhl,2024-01-11T05:21:03Z,"","TSNMI / Atlantic",0.653,0.453,7,-5.395,0,0.0351,0.307,0.00101,0.113,0.0405,111.737,4
spotify:track:7r1MqPAD09w24mCUUbxiCI,"Make You Mine","Give Or Take","GIVĒON",2022-06-24,200192,67,false,qo6rqy7mdblflyegpk0z8sxhl,2024-01-11T04:52:14Z,"r&b","Epic",0.551,0.37,5,-10.194,0,0.0551,0.87,0,0.122,0.241,137.265,4
spotify:track:4iZ4pt7kvcaH6Yo8UoZ4s2,"Snooze","SOS","SZA",2022-12-09,201800,89,true,qo6rqy7mdblflyegpk0z8sxhl,2024-01-11T04:53:12Z,"r&b","Top Dawg Entertainment/RCA Records",0.559,0.551,5,-7.231,1,0.132,0.141,0,0.11,0.392,143.008,4
spotify:track:1Mza2sr6tPhy6jjI3HB9fW,"Hold Me Down","Freudian","Daniel Caesar",2017-08-25,231267,4,false,qo6rqy7mdblflyegpk0z8sxhl,2024-01-11T04:51:41Z,"","Golden Child Recordings",0.463,0.427,8,-9.799,0,0.0549,0.628,0.000565,0.0911,0.231,116.059,4
spotify:track:2xZ0zfuDTv5LxLhEgD82PG,"Awkward","Ctrl (Deluxe)","SZA",2022-06-09,178000,72,true,qo6rqy7mdblflyegpk0z8sxhl,2024-01-11T04:51:39Z,"r&b","Top Dawg Entertainment/RCA Records",0.618,0.474,5,-12.097,1,0.0789,0.182,0.000122,0.108,0.397,119.999,4
spotify:track:0h1ednFFd4xK5SCO8mXNOe,"Tryna Be","Give Or Take","GIVĒON",2022-06-24,170653,60,false,qo6rqy7mdblflyegpk0z8sxhl,2024-01-11T04:51:35Z,"r&b","Epic",0.637,0.242,1,-12.556,0,0.0513,0.524,0,0.204,0.281,131.993,3
spotify:track:4f62eIiule4nIWnHOcbjA6,"Outside","Outside","Bryson Tiller",2022-09-08,188579,34,false,qo6rqy7mdblflyegpk0z8sxhl,2024-01-11T04:51:37Z,"trap soul,r&b","TrapSoul/RCA Records",0.606,0.523,1,-7.662,1,0.113,0.147,0,0.122,0.725,97.779,4
spotify:track:1cKHdTo9u0ZymJdPGSh6nq,"I Was Never There","My Dear Melancholy,","The Weeknd;Gesaffelstein",2018-03-30,241066,84,false,qo6rqy7mdblflyegpk0z8sxhl,2024-01-11T04:51:33Z,"","The Weeknd/Lyric",0.323,0.737,10,-4.008,1,0.0335,0.14,0.000162,0.163,0.156,112.923,4
spotify:track:62d6YXEYxmMWAuLpw1EysL,"Garden Kisses","Garden Kisses","GIVĒON",2018-08-08,195405,71,false,qo6rqy7mdblflyegpk0z8sxhl,2024-01-11T04:51:38Z,"r&b","Medium, Blossum Entertainment, & Twenty Rules",0.478,0.373,5,-9.505,1,0.0317,0.915,0.00000636,0.128,0.354,120.129,4
spotify:track:4t5Zj9I7WDYFaYlSif13lV,"Insecure","A.M. Paradox","Brent Faiyaz",2016-09-20,245619,62,true,qo6rqy7mdblflyegpk0z8sxhl,2024-01-11T04:51:45Z,"r&b","Lost Kids, LLC",0.534,0.306,11,-11.341,0,0.0659,0.507,0,0.591,0.379,139.823,4
spotify:track:1WMatlc8gIq9bLd6bDeabo,"pray slow","It'll Be Fine","Chase Shakur",2022-06-24,202103,0,true,qo6rqy7mdblflyegpk0z8sxhl,2024-01-11T04:51:46Z,"dark r&b,r&b","Forever N September",0.433,0.341,1,-11.428,1,0.171,0.664,0.0182,0.707,0.312,119.911,4
spotify:track:6qBFSepqLCuh5tehehc1bd,"Like I Want You","TAKE TIME","GIVĒON",2020-03-27,260776,78,false,qo6rqy7mdblflyegpk0z8sxhl,2024-01-11T04:51:48Z,"r&b","Epic/Not So Fast",0.678,0.355,10,-7.757,0,0.0627,0.759,0.0000706,0.114,0.438,119.772,3
spotify:track:2QfznFotJNZmnIEYFdzE5T,"Heartbreak Anniversary","Heartbreak Anniversary","GIVĒON",2020-02-21,196794,74,false,qo6rqy7mdblflyegpk0z8sxhl,2024-01-11T04:51:51Z,"r&b","Epic/Not So Fast",0.624,0.457,0,-8.876,1,0.0494,0.557,0,0.128,0.586,129.758,4
spotify:track:3XgGQ1wjo5khvq2UImjyNF,"ALL MINE","WASTELAND","Brent Faiyaz",2022-07-08,216062,79,true,qo6rqy7mdblflyegpk0z8sxhl,2024-01-11T04:51:56Z,"r&b","Lost Kids LLC., Marketed by Venice / Stem",0.617,0.378,9,-8.54,1,0.0315,0.428,0.0000916,0.11,0.22,141.967,4
spotify:track:3LRbalLzZcuvSR6jVnqclh,"Meet Me in Amsterdam","After the Sun","RINI",2018-10-31,301448,55,false,qo6rqy7mdblflyegpk0z8sxhl,2024-01-11T04:51:58Z,"","Warner Records",0.62,0.265,9,-10.409,0,0.0345,0.281,0.0000102,0.114,0.169,106.022,3
spotify:track:6WzRpISELf3YglGAh7TXcG,"Popular (with Playboi Carti & Madonna) - From The Idol Vol. 1 (Music from the HBO Original Series)","Popular (Music from the HBO Original Series)","The Weeknd;Playboi Carti;Madonna",2023-06-02,215466,84,true,qo6rqy7mdblflyegpk0z8sxhl,2024-01-11T04:52:01Z,"rage rap","XO / Republic Records",0.854,0.674,1,-6.23,1,0.184,0.0517,0.0000853,0.509,0.848,99.022,4
spotify:track:2J6OF7CkpdQGSfm1wdclqn,"Clouded","Fuck The World","Brent Faiyaz",2020-02-07,110128,77,true,qo6rqy7mdblflyegpk0z8sxhl,2024-01-11T04:52:03Z,"r&b","Lost Kids",0.583,0.344,2,-8.765,1,0.0559,0.774,0,0.143,0.581,65.203,3
spotify:track:74fQgHleHZ4V7Gm1XYcGkj,"One Night Only","One Night Only","Sonder",2018-02-09,195909,80,false,qo6rqy7mdblflyegpk0z8sxhl,2024-01-11T04:52:04Z,"dark r&b,r&b","Sonder Global / Human Re Sources",0.874,0.402,4,-5.786,1,0.0691,0.263,0.00094,0.147,0.764,119.99,4
spotify:track:1Ky8xo7X6SeebLT1Co4RXX,"Remind Me","Give Or Take","GIVĒON",2022-06-24,204489,55,false,qo6rqy7mdblflyegpk0z8sxhl,2024-01-11T04:52:05Z,"r&b","Epic",0.473,0.424,6,-11.019,1,0.0418,0.897,0.000135,0.12,0.457,90.034,4
spotify:track:39KG4kom3enSx4GTThuDGt,"Coaster","American Teen","Khalid",2017-04-27,199121,65,false,qo6rqy7mdblflyegpk0z8sxhl,2024-01-11T04:52:06Z,"","Right Hand Music Group, LLC/RCA Records",0.441,0.219,8,-14.586,1,0.0419,0.935,0,0.115,0.244,94.021,4
spotify:track:2Xr1dTzJee307rmrkt8c0g,"love nwantiti (ah ah ah)","CKay The First","CKay",2019-08-30,145800,78,true,qo6rqy7mdblflyegpk0z8sxhl,2024-01-11T04:52:09Z,"afrobeats,afrobeat,afro r&b,afropop","Chocolate City Music",0.727,0.739,8,-3.805,1,0.0411,0.365,0.00137,0.161,0.533,93.005,4
spotify:track:7CyPwkp0oE8Ro9Dd5CUDjW,"One Of The Girls (with JENNIE, Lily Rose Depp)","The Idol Episode 4 (Music from the HBO Original Series)","The Weeknd;JENNIE;Lily-Rose Depp",2023-06-23,244684,93,false,qo6rqy7mdblflyegpk0z8sxhl,2024-01-11T04:52:11Z,"k-pop","XO / Republic Records",0.264,0.64,8,-6.221,1,0.0442,0.0393,0.00000231,0.151,0.19,84.828,4
spotify:track:3GZD6HmiNUhxXYf8Gch723,"Lost","channel ORANGE","Frank Ocean",2012-07-10,234093,86,true,qo6rqy7mdblflyegpk0z8sxhl,2024-01-11T04:52:15Z,"","Red Zone Entertainment / IDJ",0.913,0.603,8,-4.892,1,0.226,0.0272,0.000503,0.167,0.497,123.061,4
spotify:track:5CM4UuQ9Gnd6K2YyKGPMoK,"Bad Habit","Bad Habit","Steve Lacy",2022-06-29,232114,74,true,qo6rqy7mdblflyegpk0z8sxhl,2024-01-11T04:52:15Z,"","L-M Records/RCA Records",0.686,0.507,1,-7.097,1,0.0357,0.626,0.0000751,0.383,0.69,168.955,4
spotify:track:6fRgjqJptZry7fipP2Beyh,"Montreal","Trilogy","The Weeknd",2012-11-13,250520,55,false,qo6rqy7mdblflyegpk0z8sxhl,2024-01-11T04:52:16Z,"","CP Records",0.517,0.803,5,-4.459,0,0.124,0.0441,0.0000174,0.424,0.155,183.917,4
spotify:track:4sMmYKC0ot3GTbl2RzHw7T,"And This is Just The Intro","PLAYBOY","Tory Lanez",2021-03-05,326813,71,true,qo6rqy7mdblflyegpk0z8sxhl,2024-01-11T04:52:17Z,"","One Umbrella Records",0.53,0.517,5,-9.253,0,0.399,0.387,0,0.176,0.381,137.554,4
spotify:track:6ydWxkzjDktHsTzvWcaZ1i,"In For It","In For It","Tory Lanez;RL Grime",2015-01-15,293306,76,true,qo6rqy7mdblflyegpk0z8sxhl,2024-01-11T04:52:23Z,"edm trap,future bass,edm","Benny Blanco Major",0.383,0.531,5,-7.814,0,0.0741,0.0753,0.000102,0.108,0.0375,105.971,4
spotify:track:2E6S3NgbSG9NYwbdi6rWYB,"Morning","Morning","Teyana Taylor;Kehlani",2019-11-01,253946,50,true,qo6rqy7mdblflyegpk0z8sxhl,2024-01-11T04:52:54Z,"","Getting Out Our Dreams, Inc./Def Jam Recordings",0.579,0.632,3,-7.732,0,0.0918,0.677,0,0.0892,0.76,120.262,3
spotify:track:4AIiCP2scA6jt6jAKfkvTX,"fue mejor (feat. SZA)","Sin Miedo (del Amor y Otros Demonios) ∞ [Deluxe Version]","Kali Uchis;SZA",2020-12-04,230964,66,true,qo6rqy7mdblflyegpk0z8sxhl,2024-01-11T04:52:59Z,"r&b","EMI / Interscope",0.769,0.384,5,-7.414,0,0.0353,0.239,0.000227,0.0762,0.23,106.002,4
spotify:track:6TSO4hwz9WGrEUY7ABGVim,"Lost Me","Give Or Take","GIVĒON",2022-06-24,180953,74,false,qo6rqy7mdblflyegpk0z8sxhl,2024-01-11T04:53:00Z,"r&b","Epic",0.428,0.443,2,-8.955,0,0.101,0.525,0.0000176,0.219,0.2,87.934,4
spotify:track:4wVOKKEHUJxHCFFNUWDn0B,"Chicago Freestyle (feat. Giveon)","Dark Lane Demo Tapes","Drake;GIVĒON",2020-05-01,220487,80,true,qo6rqy7mdblflyegpk0z8sxhl,2024-01-11T04:53:01Z,"rap,r&b","OVO",0.735,0.449,10,-7.507,1,0.347,0.629,0,0.113,0.0397,122.947,4
spotify:track:2bBaAOsFVQfKwMAe4wVQb6,"On and On","TYLA","Tyla",2023-12-01,167746,55,false,qo6rqy7mdblflyegpk0z8sxhl,2024-01-11T04:53:03Z,"afrobeats","FAX Records/Epic",0.803,0.6,9,-6.533,1,0.0485,0.243,0.00542,0.0507,0.524,103.039,4
spotify:track:4fnNBPN9W6AoOYSQS3FJxT,"Notice Me","SOS","SZA",2022-12-09,160920,62,true,qo6rqy7mdblflyegpk0z8sxhl,2024-01-11T04:53:12Z,"r&b","Top Dawg Entertainment/RCA Records",0.724,0.68,5,-6.822,1,0.117,0.275,0.0000991,0.11,0.777,159.919,4
spotify:track:7Jayh7T1793wFTGOWD4BNw,"Skyline","Fuck The World","Brent Faiyaz",2020-02-07,128801,54,true,qo6rqy7mdblflyegpk0z8sxhl,2024-01-11T04:53:13Z,"r&b","Lost Kids",0.339,0.328,10,-11.32,1,0.122,0.802,0.00037,0.382,0.0629,87.362,3
spotify:track:1CrPPsibP3uTc3DSI5vQC5,"fue mejor (feat. SZA)","fue mejor (feat. SZA)","Kali Uchis;SZA",2021-09-29,230964,58,true,qo6rqy7mdblflyegpk0z8sxhl,2024-01-11T04:53:15Z,"r&b","EMI / Interscope",0.769,0.384,5,-7.414,0,0.0353,0.239,0.000227,0.0762,0.23,106.002,4
spotify:track:2ZWlPOoWh0626oTaHrnl2a,"Ivy","Blonde","Frank Ocean",2016-08-20,249191,85,true,qo6rqy7mdblflyegpk0z8sxhl,2024-01-11T04:53:31Z,"","Boys Don't Cry",0.575,0.386,9,-9.584,0,0.037,0.785,0.000289,0.229,0.466,116.408,4
spotify:track:3xKsf9qdS1CyvXSMEid6g8,"Pink + White","Blonde","Frank Ocean",2016-08-20,184516,89,false,qo6rqy7mdblflyegpk0z8sxhl,2024-01-11T04:53:36Z,"","Boys Don't Cry",0.545,0.545,9,-7.362,1,0.107,0.667,0.0000548,0.417,0.549,159.94,3
spotify:track:6eT2V7nKXyMf47TwPbtgAD,"Seek & Destroy","SOS","SZA",2022-12-09,203733,67,true,qo6rqy7mdblflyegpk0z8sxhl,2024-01-11T04:53:43Z,"r&b","Top Dawg Entertainment/RCA Records",0.651,0.647,1,-5.415,1,0.0654,0.437,0.175,0.205,0.345,152.069,4
spotify:track:2CSRrnOEELmhpq8iaAi9cd,"Blind","SOS","SZA",2022-12-09,150720,71,true,qo6rqy7mdblflyegpk0z8sxhl,2024-01-11T04:53:43Z,"r&b","Top Dawg Entertainment/RCA Records",0.461,0.279,9,-11.776,0,0.0373,0.911,0,0.205,0.599,114.225,4
spotify:track:2aJnyNu4PQxQ2lyj5boiMG,"I Hate U","SOS","SZA",2022-12-09,174000,70,true,qo6rqy7mdblflyegpk0z8sxhl,2024-01-11T04:53:44Z,"r&b","Top Dawg Entertainment/RCA Records",0.533,0.417,7,-8.665,0,0.148,0.514,0,0.114,0.376,106.534,5
spotify:track:1De7cOMrdUnVpjWBaowMg4,"Ex For A Reason (with JT from City Girls)","Still Over It","Summer Walker;JT;City Girls",2021-11-05,225502,65,true,qo6rqy7mdblflyegpk0z8sxhl,2024-01-11T04:53:44Z,"r&b","LVRN/Interscope Records",0.726,0.728,11,-5.775,0,0.0408,0.239,0,0.177,0.566,115.047,4
spotify:track:08SB2OtZkaliju77WYEKxk,"No Love (with SZA)","Still Over It","Summer Walker;SZA",2021-11-05,231497,73,true,qo6rqy7mdblflyegpk0z8sxhl,2024-01-11T04:53:45Z,"r&b","LVRN/Interscope Records",0.707,0.618,1,-5.825,0,0.19,0.17,0,0.293,0.517,133.876,4
spotify:track:6RQ5IwG7uADz9LDWliJGjU,"Special","SOS","SZA",2022-12-09,158840,69,true,qo6rqy7mdblflyegpk0z8sxhl,2024-01-11T04:53:46Z,"r&b","Top Dawg Entertainment/RCA Records",0.604,0.199,0,-11.831,1,0.05,0.777,0,0.109,0.191,76.134,4
spotify:track:2GAhgAjOhEmItWLfgisyOn,"Low","SOS","SZA",2022-12-09,181080,76,true,qo6rqy7mdblflyegpk0z8sxhl,2024-01-11T04:53:47Z,"r&b","Top Dawg Entertainment/RCA Records",0.698,0.546,0,-7.234,0,0.0559,0.425,0.00314,0.16,0.335,145.044,4
spotify:track:4PMqSO5qyjpvzhlLI5GnID,"Good Days","SOS","SZA",2022-12-09,279203,83,true,qo6rqy7mdblflyegpk0z8sxhl,2024-01-11T04:53:48Z,"r&b","Top Dawg Entertainment/RCA Records",0.461,0.651,1,-8.81,0,0.0568,0.418,0.0000126,0.782,0.383,121.07,4
spotify:track:2e2AXpIiJpet5b4qg85Gh6,"F2F","SOS","SZA",2022-12-09,185040,69,true,qo6rqy7mdblflyegpk0z8sxhl,2024-01-11T04:53:48Z,"r&b","Top Dawg Entertainment/RCA Records",0.533,0.74,2,-5.767,1,0.0359,0.089,0.00000295,0.337,0.465,89.934,4
spotify:track:2wSTnntOPRi7aQneobFtU4,"Shirt","SOS","SZA",2022-12-09,181840,70,true,qo6rqy7mdblflyegpk0z8sxhl,2024-01-11T04:53:49Z,"r&b","Top Dawg Entertainment/RCA Records",0.848,0.512,3,-7.72,0,0.102,0.228,0.00232,0.0879,0.572,120.009,4
spotify:track:0xaFw2zDYf1rIJWl2dXiSF,"Open Arms (feat. Travis Scott)","SOS","SZA;Travis Scott",2022-12-09,239613,76,false,qo6rqy7mdblflyegpk0z8sxhl,2024-01-11T04:53:50Z,"r&b,rap","Top Dawg Entertainment/RCA Records",0.665,0.59,9,-7.608,1,0.161,0.763,0.0132,0.147,0.216,77.559,4
spotify:track:1eIXYZWEfJO3Na2LCCnIJE,"Love Language","SOS","SZA",2022-12-09,183893,69,true,qo6rqy7mdblflyegpk0z8sxhl,2024-01-11T04:53:57Z,"r&b","Top Dawg Entertainment/RCA Records",0.707,0.261,9,-10.139,0,0.0784,0.853,0,0.127,0.545,65.038,4
spotify:track:75DmTnEYOy5At1DjnY9O6a,"Coupé (feat. Kehlani)","Flu Game","AJ Tracey;Kehlani",2021-04-16,159000,43,true,qo6rqy7mdblflyegpk0z8sxhl,2024-01-11T04:54:01Z,"grime,uk grime,uk drill,drill","Revenge Records",0.564,0.578,0,-6.709,1,0.41,0.135,0,0.119,0.91,97.851,4
spotify:track:6UbfuPifNmblRiaE8vQ08U,"Love & War - Yellow Claw G-Funk Remix","Los Amsterdam (Remixes, Pt. 1)","Yellow Claw;Yade Lauren",2017-09-06,115546,66,false,qo6rqy7mdblflyegpk0z8sxhl,2024-01-11T04:54:06Z,"edm,edm trap","Mad Decent",0.725,0.74,8,-5.08,1,0.0323,0.00156,0.000464,0.338,0.827,92.978,4
spotify:track:5QO79kh1waicV47BqGRL3g,"Save Your Tears","After Hours","The Weeknd",2020-03-20,215626,89,true,qo6rqy7mdblflyegpk0z8sxhl,2024-01-11T04:54:25Z,"","Republic Records",0.679,0.825,0,-5.487,1,0.0309,0.0212,0.0000121,0.543,0.644,118.049,4
spotify:track:4PhsKqMdgMEUSstTDAmMpg,"Often","Beauty Behind The Madness","The Weeknd",2015-08-28,249040,82,true,qo6rqy7mdblflyegpk0z8sxhl,2024-01-11T04:54:26Z,"","The Weeknd/Lyric",0.572,0.631,7,-9.836,0,0.0476,0.222,0,0.135,0.0713,134.078,4
spotify:track:7t2bFihaDvhIrd2gn2CWJO,"Or Nah (feat. The Weeknd, Wiz Khalifa & DJ Mustard) - Remix","Or Nah (feat. The Weeknd, Wiz Khalifa & DJ Mustard) [Remix]","Ty Dolla $ign;The Weeknd;Wiz Khalifa;Mustard",2014-06-10,242983,83,true,qo6rqy7mdblflyegpk0z8sxhl,2024-01-11T04:54:26Z,"trap soul","Atlantic Records",0.805,0.33,1,-8.712,0,0.1,0.22,0,0.105,0.211,121.97,4
spotify:track:5IgjP7X4th6nMNDh4akUHb,"Under The Influence","Indigo (Extended)","Chris Brown",2019-10-04,184203,84,true,qo6rqy7mdblflyegpk0z8sxhl,2024-01-11T04:54:28Z,"r&b","Chris Brown Entertainment/RCA Records",0.755,0.562,9,-8.947,0,0.0355,0.0186,0.000231,0.18,0.368,116.931,4
spotify:track:0JXXNGljqupsJaZsgSbMZV,"Sure Thing","All I Want Is You","Miguel",2010-11-30,195373,89,false,qo6rqy7mdblflyegpk0z8sxhl,2024-01-11T05:19:34Z,"r&b","Jive",0.684,0.607,11,-8.127,0,0.1,0.0267,0.000307,0.191,0.498,81.001,4
spotify:track:2fXwCWkh6YG5zU1IyvQrbs,"Broken Clocks","Ctrl","SZA",2017-06-09,231257,81,true,qo6rqy7mdblflyegpk0z8sxhl,2024-01-11T05:19:34Z,"r&b","Top Dawg Entertainment/RCA Records",0.692,0.684,6,-7.364,1,0.155,0.131,0,0.156,0.406,112.912,4
spotify:track:0UHB9METy4VCXNgkcGqHqS,"Kiss It Better","ANTI (Deluxe)","Rihanna",2016-01-28,253080,89,true,qo6rqy7mdblflyegpk0z8sxhl,2024-01-11T05:19:37Z,"","Roc Nation / Rihanna",0.616,0.806,3,-4.8,0,0.0488,0.272,0,0.0672,0.876,95.028,4
spotify:track:5kY2DRIom6dcVZbQb1SAX8,"Collide (feat. Tyga)","Dark Side","Justine Skye;Tyga",2023-01-31,260169,76,true,qo6rqy7mdblflyegpk0z8sxhl,2024-01-11T05:19:38Z,"","Nynetineth LLC",0.418,0.31,11,-9.869,0,0.0625,0.095,0,0.216,0.131,139.614,4
spotify:track:7BiELrM90hRxpozaIXbsLw,"Sex With Me","ANTI (Deluxe)","Rihanna",2016-01-28,206400,81,true,qo6rqy7mdblflyegpk0z8sxhl,2024-01-11T05:19:43Z,"","Roc Nation / Rihanna",0.58,0.532,1,-5.668,0,0.0424,0.294,0,0.0949,0.391,112.051,4
spotify:track:4pAl7FkDMNBsjykPXo91B3,"Needed Me","ANTI (Deluxe)","Rihanna",2016-01-28,191600,84,true,qo6rqy7mdblflyegpk0z8sxhl,2024-01-11T05:19:46Z,"","Roc Nation / Rihanna",0.697,0.315,5,-8.091,0,0.234,0.11,0,0.0825,0.298,110.872,4
spotify:track:01JPQ87UHeGysPVwTqMJHK,"She Don't (feat. Ty Dolla $Ign)","Time","Ella Mai;Ty Dolla $ign",2016-02-15,264097,71,true,qo6rqy7mdblflyegpk0z8sxhl,2024-01-11T05:19:46Z,"r&b,trap soul","10 Summers Records",0.649,0.478,7,-7.503,0,0.0481,0.274,0,0.176,0.151,99.967,4
spotify:track:5fQBa4wkmq28xpSLOQ202K,"Normal Girl","Ctrl","SZA",2017-06-09,253590,78,true,qo6rqy7mdblflyegpk0z8sxhl,2024-01-11T05:19:53Z,"r&b","Top Dawg Entertainment/RCA Records",0.624,0.532,0,-7.146,1,0.124,0.269,0.0000517,0.158,0.362,76.453,4
spotify:track:6CTWathupIiDs7U4InHnDA,"Trip","Ella Mai","Ella Mai",2018-10-12,213993,77,false,qo6rqy7mdblflyegpk0z8sxhl,2024-01-11T05:19:56Z,"r&b","10 Summers / Interscope PS",0.477,0.609,11,-5.628,0,0.144,0.222,0,0.107,0.357,79.884,4
spotify:track:2GlATHCDbLW7xq5BE0Bz5g,"Shot Clock","Ella Mai","Ella Mai",2018-10-12,201609,67,true,qo6rqy7mdblflyegpk0z8sxhl,2024-01-11T05:19:56Z,"r&b","10 Summers / Interscope PS",0.661,0.512,4,-6.008,0,0.134,0.655,0,0.148,0.442,104.238,4
spotify:track:4Wjhj0WjkyECccfHVIgaTq,"Trust Issues","Care Package","Drake",2019-08-02,281518,82,true,qo6rqy7mdblflyegpk0z8sxhl,2024-01-11T05:20:01Z,"rap","OVO",0.421,0.539,11,-5.456,0,0.274,0.779,0,0.111,0.523,89.177,3
spotify:track:2LBqCSwhJGcFQeTHMVGwy3,"Die For You","Starboy","The Weeknd",2016-11-24,260253,88,false,qo6rqy7mdblflyegpk0z8sxhl,2024-01-11T05:20:03Z,"","The Weeknd/Lyric",0.586,0.525,1,-7.163,0,0.0615,0.111,0,0.134,0.508,133.629,4
spotify:track:6qL5UWxRSQYml9O99ozoLv,"Love Songs - Bonus","Parked Car Convos","Kaash Paige",2019-11-15,148640,81,false,qo6rqy7mdblflyegpk0z8sxhl,2024-01-11T05:20:05Z,"","Se Lavi Productions(Kaasha Paige)/Def Jam",0.64,0.355,5,-10.599,1,0.0906,0.83,0.000938,0.11,0.451,120.063,4
spotify:track:6koKhrBBcExADvWuOgceNZ,"Open Arms (feat. Travis Scott)","SOS","SZA;Travis Scott",2022-12-08,239613,80,false,qo6rqy7mdblflyegpk0z8sxhl,2024-01-11T05:20:09Z,"r&b,rap","Top Dawg Entertainment/RCA Records",0.434,0.586,9,-7.612,1,0.138,0.753,0.0144,0.146,0.239,78.259,4
spotify:track:5Y35SjAfXjjG0sFQ3KOxmm,"Nobody Gets Me","SOS","SZA",2022-12-09,180853,85,true,qo6rqy7mdblflyegpk0z8sxhl,2024-01-11T05:20:11Z,"r&b","Top Dawg Entertainment/RCA Records",0.358,0.284,7,-8.285,1,0.0285,0.805,0,0.183,0.276,99.796,3
spotify:track:1Qrg8KqiBpW07V7PNxwwwL,"Kill Bill","SOS","SZA",2022-12-08,153946,84,false,qo6rqy7mdblflyegpk0z8sxhl,2024-01-11T05:20:13Z,"r&b","Top Dawg Entertainment/RCA Records",0.644,0.735,8,-5.747,1,0.0391,0.0521,0.144,0.161,0.418,88.98,4
spotify:track:0uDdI4fAXCuNhQbmxENdsO,"Can I","It Was Good Until It Wasn't","Kehlani",2020-05-08,167810,66,true,qo6rqy7mdblflyegpk0z8sxhl,2024-01-11T05:20:33Z,"","TSNMI / Atlantic",0.574,0.791,1,-3.752,1,0.11,0.419,0,0.0982,0.612,119.537,4
spotify:track:1lsBTdE6MGsKeZCD6llNu7,"Done for Me (feat. Kehlani)","Voicenotes","Charlie Puth;Kehlani",2018-05-11,180493,73,false,qo6rqy7mdblflyegpk0z8sxhl,2024-01-11T05:20:37Z,"soft pop","Artist Partner",0.856,0.632,6,-3.692,0,0.074,0.193,0,0.0688,0.697,112.009,4
spotify:track:63wx9vdskaXbYxyDx4oJCZ,"B.S. (feat. H.E.R.)","Chilombo","Jhené Aiko;H.E.R.",2020-03-06,212866,70,true,qo6rqy7mdblflyegpk0z8sxhl,2024-01-11T05:22:05Z,"r&b","Def Jam Recordings",0.62,0.525,8,-10.425,0,0.122,0.554,0.00000102,0.135,0.388,135.84,4
spotify:track:12xVuIohhHSklxvi1ItKGA,"Can You Blame Me (feat. Lucky Daye)","It Was Good Until It Wasn't","Kehlani;Lucky Daye",2020-05-08,183019,67,true,qo6rqy7mdblflyegpk0z8sxhl,2024-01-11T05:22:09Z,"","TSNMI / Atlantic",0.724,0.564,1,-4.627,0,0.0591,0.498,0,0.107,0.541,113.943,4
spotify:track:7EkiMl81fUHVwpItgtzI4r,"I'll Kill You (feat. Jhené Aiko)","Over It","Summer Walker;Jhené Aiko",2019-10-04,179973,67,true,qo6rqy7mdblflyegpk0z8sxhl,2024-01-11T05:22:14Z,"r&b","LVRN/Interscope Records",0.679,0.443,10,-8.528,0,0.153,0.427,0,0.106,0.363,104.049,4
spotify:track:24QjawKdGJmsAIVe3EhzGH,"F&MU","It Was Good Until It Wasn't","Kehlani",2020-05-08,134853,53,true,qo6rqy7mdblflyegpk0z8sxhl,2024-01-11T05:22:18Z,"","TSNMI / Atlantic",0.717,0.597,10,-4.465,1,0.0838,0.383,0,0.14,0.44,77.048,4
spotify:track:0QUbiLQySWPq5Lh3f7A9bN,"Hate the Club (feat. Masego)","It Was Good Until It Wasn't","Kehlani;Masego",2020-05-08,278715,62,true,qo6rqy7mdblflyegpk0z8sxhl,2024-01-11T05:22:20Z,"","TSNMI / Atlantic",0.663,0.626,1,-4.756,1,0.0567,0.456,0.00000725,0.0984,0.494,105.026,4
spotify:track:4ot7u8Ij91aHKohSV2QYZi,"Water","It Was Good Until It Wasn't","Kehlani",2020-05-08,122813,60,true,qo6rqy7mdblflyegpk0z8sxhl,2024-01-11T05:22:23Z,"","TSNMI / Atlantic",0.771,0.513,8,-7.156,0,0.0778,0.434,0.0000121,0.0985,0.51,142.049,4
spotify:track:0csmcZqM3uTKfjxehw0Lw2,"Over It","Over It","Summer Walker",2019-10-04,131106,57,true,qo6rqy7mdblflyegpk0z8sxhl,2024-01-11T05:22:23Z,"r&b","LVRN/Interscope Records",0.63,0.437,4,-8.113,0,0.125,0.231,0,0.0885,0.455,131.996,4
spotify:track:423NhOTzoqgeaIJbrUzSoo,"On The Way (feat. Mila J)","Chilombo (Deluxe)","Jhené Aiko;Mila J",2020-07-17,222600,65,true,qo6rqy7mdblflyegpk0z8sxhl,2024-01-11T05:22:28Z,"r&b","Def Jam Recordings",0.575,0.443,7,-11.626,0,0.28,0.756,0,0.109,0.658,113.862,4
spotify:track:7Bar1kLTmsRmH6FCKKMEyU,"Hit Different","Hit Different","SZA;The Neptunes;Pharrell Williams;Ty Dolla $ign",2020-09-04,202007,70,true,qo6rqy7mdblflyegpk0z8sxhl,2024-01-11T05:22:31Z,"r&b,trap soul","Top Dawg Entertainment/RCA Records",0.679,0.516,0,-6.371,0,0.0452,0.199,0,0.0965,0.716,120.074,4
spotify:track:2B7UWqNqKgPVGQQ6FXn2PP,"What You Did (feat. Ella Mai)","LOVE AND COMPROMISE","Mahalia;Ella Mai",2019-09-06,206946,64,false,qo6rqy7mdblflyegpk0z8sxhl,2024-01-11T05:22:35Z,"uk r&b,alternative r&b,r&b","Atlantic Records UK",0.734,0.511,0,-4.905,0,0.0592,0.148,0,0.29,0.727,124.995,4
spotify:track:5ftR963YlX88OeCAPnXG2Z,"Serial Lover","It Was Good Until It Wasn't","Kehlani",2020-05-08,145806,56,true,qo6rqy7mdblflyegpk0z8sxhl,2024-01-11T05:22:37Z,"","TSNMI / Atlantic",0.486,0.602,3,-8.65,0,0.356,0.371,0.0000226,0.115,0.44,174.676,4
spotify:track:4t5JiO53qENJi0KqnaBtfU,"RPG (feat. 6lack)","While We Wait","Kehlani;6LACK",2019-02-21,236218,48,false,qo6rqy7mdblflyegpk0z8sxhl,2024-01-11T05:22:39Z,"","TSNMI / Atlantic",0.758,0.534,7,-7.368,0,0.287,0.402,0,0.0917,0.719,132.94,4
spotify:track:4CNzuSQoL5jgCxzYmuMvcz,"Like It (with 6LACK)","Over It","Summer Walker;6LACK",2019-10-04,171840,56,true,qo6rqy7mdblflyegpk0z8sxhl,2024-01-11T05:22:42Z,"r&b","LVRN/Interscope Records",0.707,0.608,5,-3.841,1,0.213,0.201,0,0.121,0.607,129.872,4
spotify:track:428JUvntvW20r9hOOpFAao,"Slide","Back of My Mind","H.E.R.;YG",2021-06-18,236322,62,true,qo6rqy7mdblflyegpk0z8sxhl,2024-01-11T05:22:52Z,"r&b,hyphy","MBK Entertainment/RCA Records",0.823,0.487,10,-8.416,0,0.347,0.086,0.0000285,0.172,0.172,96.997,4
spotify:track:3ucRKbRlikYHyoI17gfR0c,"All Me (feat. Keyshia Cole)","All Me (feat. Keyshia Cole)","Kehlani;Keyshia Cole",2019-12-23,178347,59,false,qo6rqy7mdblflyegpk0z8sxhl,2024-01-11T05:22:53Z,"r&b","TSNMI / Atlantic",0.42,0.731,3,-2.657,0,0.0548,0.233,0,0.196,0.588,95.575,4
spotify:track:3Rs9jOQ2FlVgS6vYXPoAVm,"P*$$Y Fairy (OTW)","Chilombo","Jhené Aiko",2020-03-06,221040,50,true,qo6rqy7mdblflyegpk0z8sxhl,2024-01-11T05:23:00Z,"r&b","Def Jam Recordings",0.506,0.46,7,-9.015,0,0.208,0.635,0,0.102,0.338,129.034,4
spotify:track:4BOikd4oZjOYMde9AXfrTo,"Feels","While We Wait","Kehlani",2019-02-22,181140,62,true,qo6rqy7mdblflyegpk0z8sxhl,2024-01-11T05:23:01Z,"","TSNMI / Atlantic",0.369,0.609,9,-4.477,0,0.184,0.259,0.000041,0.133,0.381,80.362,1
spotify:track:6oEVnWKgPqIEPc53OYDNqG,"Could've Been (feat. Bryson Tiller)","I Used To Know Her","H.E.R.;Bryson Tiller",2019-08-30,252750,76,false,qo6rqy7mdblflyegpk0z8sxhl,2024-01-11T05:23:15Z,"r&b,trap soul","MBK Entertainment/RCA Records",0.45,0.352,1,-11.733,0,0.267,0.649,0.0000038,0.249,0.408,102.679,4
spotify:track:6gU9OKjOE7ghfEd55oRO57,"The Weekend","Ctrl","SZA",2017-06-09,272193,79,true,qo6rqy7mdblflyegpk0z8sxhl,2024-01-11T05:23:17Z,"r&b","Top Dawg Entertainment/RCA Records",0.4,0.366,8,-9.405,0,0.0597,0.242,0,0.126,0.161,73.313,3
spotify:track:3pXF1nA74528Edde4of9CC,"Don't","T R A P S O U L","Bryson Tiller",2015-10-02,198294,85,true,qo6rqy7mdblflyegpk0z8sxhl,2024-01-11T05:23:19Z,"trap soul,r&b","TrapSoul/RCA Records",0.765,0.356,11,-5.556,0,0.195,0.223,0,0.0963,0.189,96.991,4
spotify:track:2Gyc6e2cLxA5hoX1NOvYnU,"Say It","I Told You","Tory Lanez",2016-08-19,237786,81,true,qo6rqy7mdblflyegpk0z8sxhl,2024-01-11T05:23:25Z,"","Benny Blanco Major",0.546,0.529,11,-10.511,0,0.0583,0.0869,0.00000637,0.124,0.248,107.333,4
spotify:track:7zFXmv6vqI4qOt4yGf3jYZ,"Get You (feat. Kali Uchis)","Freudian","Daniel Caesar;Kali Uchis",2017-08-25,278179,8,false,qo6rqy7mdblflyegpk0z8sxhl,2024-01-11T05:23:26Z,"","Golden Child Recordings",0.658,0.294,4,-8.533,0,0.0321,0.422,0.000052,0.0749,0.358,74.038,4
spotify:track:644rGY6maSElnKVsAg1gJj,"Girls Need Love","Last Day Of Summer","Summer Walker",2018-10-19,140760,70,true,qo6rqy7mdblflyegpk0z8sxhl,2024-01-11T05:23:27Z,"r&b","LVRN/Interscope Records",0.645,0.418,6,-10.065,0,0.29,0.558,0.0003,0.562,0.123,96.963,4
spotify:track:7vxLj7MREliG5i5vSnqSVr,"Body","Over It","Summer Walker",2019-10-04,193840,73,true,qo6rqy7mdblflyegpk0z8sxhl,2024-01-11T05:23:31Z,"r&b","LVRN/Interscope Records",0.555,0.507,11,-6.099,0,0.167,0.25,0,0.283,0.339,137.875,4
spotify:track:71AaGUlQ7I5dRgDEQpdnI4,"Every Kind Of Way","H.E.R. Volume 2","H.E.R.",2017-06-16,160172,58,false,qo6rqy7mdblflyegpk0z8sxhl,2024-01-11T05:23:37Z,"r&b","MBK Entertainment/RCA Records",0.45,0.3,7,-9.53,1,0.0477,0.634,0.0000031,0.142,0.207,96.394,4
spotify:track:1qC6px1TOZgQFoTSOFUaBr,"Tonight","Over It","Summer Walker",2019-10-04,176506,69,false,qo6rqy7mdblflyegpk0z8sxhl,2024-01-11T05:23:41Z,"r&b","LVRN/Interscope Records",0.715,0.534,1,-6.536,1,0.0428,0.169,0.00000618,0.0931,0.215,105.97,4
spotify:track:4h6ViRoztTBpWcJ1zFT9Zg,"20 Something","Ctrl","SZA",2017-06-09,198160,73,true,qo6rqy7mdblflyegpk0z8sxhl,2024-01-11T05:23:43Z,"r&b","Top Dawg Entertainment/RCA Records",0.569,0.299,11,-8.603,1,0.275,0.739,0,0.054,0.505,81.049,4
spotify:track:3LfHBTYZBTqmz43tvVXJBd,"Deep","Last Day Of Summer","Summer Walker",2018-10-19,92093,69,true,qo6rqy7mdblflyegpk0z8sxhl,2024-01-11T05:23:49Z,"r&b","LVRN/Interscope Records",0.646,0.335,3,-9.915,0,0.247,0.626,0.000013,0.107,0.419,167.927,4
spotify:track:23CKxEwKWsLs6LD5poGOLM,"Over","Candydrip","Lucky Daye",2022-03-10,207420,68,true,qo6rqy7mdblflyegpk0z8sxhl,2024-01-11T05:23:50Z,"","Keep Cool/RCA Records",0.65,0.555,6,-5.971,0,0.0719,0.502,0,0.104,0.352,103.081,4
spotify:track:0q75NwOoFiARAVp4EXU4Bs,"Love Galore (feat. Travis Scott)","Ctrl","SZA;Travis Scott",2017-06-09,275085,78,true,qo6rqy7mdblflyegpk0z8sxhl,2024-01-11T05:23:55Z,"r&b,rap","Top Dawg Entertainment/RCA Records",0.795,0.594,0,-6.2,1,0.0748,0.112,0,0.162,0.409,135.002,4
spotify:track:3YJJjQPAbDT7mGpX3WtQ9A,"Good Days","Good Days","SZA",2020-12-25,279203,74,true,qo6rqy7mdblflyegpk0z8sxhl,2024-01-11T06:18:15Z,"r&b","Top Dawg Entertainment/RCA Records",0.436,0.655,1,-8.37,0,0.0583,0.499,0.0000081,0.688,0.412,121.002,4
spotify:track:1ko2lVN0vKGUl9zrU0qSlT,"Just the Two of Us (feat. Bill Withers)","Anthology","Grover Washington, Jr.;Bill Withers",2008-05-27,438493,76,false,qo6rqy7mdblflyegpk0z8sxhl,2024-01-11T06:18:17Z,"soul jazz,smooth jazz,soul","Rhino/Elektra",0.749,0.497,10,-12.609,0,0.105,0.41,0.0499,0.0504,0.585,95.818,4
spotify:track:0VjIjW4GlUZAMYd2vXMi3b,"Blinding Lights","After Hours","The Weeknd",2020-03-20,200040,92,false,qo6rqy7mdblflyegpk0z8sxhl,2024-01-11T06:18:21Z,"","Republic Records",0.513,0.73,1,-5.94,1,0.0598,0.00143,0.0000954,0.0897,0.334,171.001,4
spotify:track:4gKCKkQbtejYebL9Km5cu1,"Stars In The Sky (feat. Jhené Aiko)","Stars In The Sky (feat. Jhené Aiko)","Phora;Jhené Aiko",2020-10-09,253202,43,false,qo6rqy7mdblflyegpk0z8sxhl,2024-01-11T06:18:30Z,"r&b","Phora LLC",0.636,0.418,4,-10.536,1,0.0316,0.503,0,0.113,0.347,96.132,3
spotify:track:39stgJx17gXBtxvPGlVJfl,"I Think I Love You","With Love","Phora",2016-10-11,210452,0,true,qo6rqy7mdblflyegpk0z8sxhl,2024-01-11T06:18:36Z,"","Phora LLC",0.544,0.446,6,-11.735,1,0.536,0.607,0,0.0923,0.469,115.192,5
spotify:track:4nDQOT3jiF5aWz4pNYFno2,"F.ck Me Eyes","F.ck Me Eyes","Dounia",2020-12-17,226285,32,true,qo6rqy7mdblflyegpk0z8sxhl,2024-01-11T06:18:36Z,"alternative r&b","DOUNIAWORLD",0.702,0.798,0,-5.255,1,0.0681,0.0118,0.000361,0.0895,0.785,140.029,4
spotify:track:2rTnVB1bvwxHtaIl4uVu7f,"Slide","Slide","H.E.R.;YG",2019-09-27,238321,60,true,qo6rqy7mdblflyegpk0z8sxhl,2024-01-11T06:18:47Z,"r&b,hyphy","MBK Entertainment/RCA Records",0.832,0.469,10,-9.141,0,0.339,0.0807,0.00000826,0.207,0.197,97.023,4
spotify:track:09mEdoA6zrmBPgTEN5qXmN,"Call Out My Name","My Dear Melancholy,","The Weeknd",2018-03-30,228373,86,false,qo6rqy7mdblflyegpk0z8sxhl,2024-01-11T06:18:48Z,"","The Weeknd/Lyric",0.461,0.593,1,-4.954,1,0.0356,0.165,0,0.307,0.174,134.165,3
spotify:track:2Ch7LmS7r2Gy2kc64wv3Bz,"Die For You","Starboy","The Weeknd",2016-11-25,260252,82,false,qo6rqy7mdblflyegpk0z8sxhl,2024-01-11T06:18:54Z,"","The Weeknd/Lyric",0.586,0.525,1,-7.163,0,0.0616,0.111,0,0.134,0.507,133.63,4
spotify:track:3dhjNA0jGA8vHBQ1VdD6vV,"I Feel It Coming","Starboy","The Weeknd;Daft Punk",2016-11-25,269186,81,false,qo6rqy7mdblflyegpk0z8sxhl,2024-01-11T06:18:55Z,"french house,electronic,electro","The Weeknd/Lyric",0.773,0.819,0,-5.946,0,0.118,0.428,0,0.0679,0.585,92.987,4
spotify:track:57qiTKh8bVX0VtfUNTQqhw,"Nothing Without You","Starboy","The Weeknd",2016-11-25,198653,60,false,qo6rqy7mdblflyegpk0z8sxhl,2024-01-11T06:18:56Z,"","The Weeknd/Lyric",0.575,0.634,1,-8.1,1,0.0681,0.0646,0,0.0878,0.191,109.833,4
spotify:track:7MXVkk9YMctZqd1Srtv4MB,"Starboy","Starboy","The Weeknd;Daft Punk",2016-11-25,230453,93,true,qo6rqy7mdblflyegpk0z8sxhl,2024-01-11T06:18:58Z,"french house,electronic,electro","The Weeknd/Lyric",0.679,0.587,7,-7.015,1,0.276,0.141,0.00000635,0.137,0.486,186.003,4
spotify:track:7fBv7CLKzipRk6EC6TWHOB,"The Hills","Beauty Behind The Madness","The Weeknd",2015-08-28,242253,89,true,qo6rqy7mdblflyegpk0z8sxhl,2024-01-11T06:18:59Z,"","The Weeknd/Lyric",0.585,0.564,0,-7.063,0,0.0515,0.0671,0,0.135,0.137,113.003,4
spotify:track:48KXAIruJ07kJVCWOGohMV,"P*$$Y Fairy (OTW)","P*$$Y Fairy (OTW)","Jhené Aiko",2020-01-17,181860,67,true,qo6rqy7mdblflyegpk0z8sxhl,2024-01-11T06:19:02Z,"r&b","Def Jam Recordings",0.572,0.519,2,-7.092,0,0.212,0.536,0,0.102,0.35,128.331,4
spotify:track:3ByN6jnCdKhxWURtbkRqu0,"Best Bad Influence","Best Bad Influence","Dounia",2020-06-11,185185,20,false,qo6rqy7mdblflyegpk0z8sxhl,2024-01-11T06:19:27Z,"alternative r&b","DOUNIAWORLD",0.789,0.544,6,-7.571,1,0.147,0.423,0.000189,0.0902,0.849,161.999,4
spotify:track:0JUmJVDRfEcTF9AJHLLud6,"Catching Feelings","Catching Feelings","Dounia",2020-03-22,214488,12,true,qo6rqy7mdblflyegpk0z8sxhl,2024-01-11T06:19:28Z,"alternative r&b","DOUNIAWORLD",0.498,0.627,10,-8.224,1,0.183,0.0458,0,0.122,0.462,89.336,4
spotify:track:5GrLB0HHGydLPJZtbWoaSd,"What It All Meant","What It All Meant","Dounia",2020-01-10,179300,21,false,qo6rqy7mdblflyegpk0z8sxhl,2024-01-11T06:19:28Z,"alternative r&b","DOUNIAWORLD",0.628,0.552,7,-7.807,0,0.0703,0.584,0,0.096,0.447,87.042,4
spotify:track:3TzKYzJKjw9MxiHi6MfJ33,"Disrespectful","Disrespectful","Dounia",2020-04-21,267865,16,true,qo6rqy7mdblflyegpk0z8sxhl,2024-01-11T06:19:29Z,"alternative r&b","DOUNIAWORLD",0.574,0.402,2,-13.051,1,0.19,0.747,0.0000014,0.131,0.399,140.145,4
spotify:track:17hvIYU1u3Bhu0wZuARkVg,"How I See It","How I See It","Dounia",2018-08-22,189295,21,true,qo6rqy7mdblflyegpk0z8sxhl,2024-01-11T06:19:30Z,"alternative r&b","DOUNIA / EMPIRE",0.788,0.477,4,-9.976,0,0.234,0.39,0,0.0719,0.815,141.97,4
spotify:track:6464bMSfD7yFD2BFDsavFL,"Rich Girl Mood","The Avant-Garden","Dounia;Kehlani",2018-11-28,191750,39,true,qo6rqy7mdblflyegpk0z8sxhl,2024-01-11T06:19:30Z,"alternative r&b","DOUNIA / EMPIRE",0.808,0.605,8,-7.425,1,0.215,0.254,0,0.155,0.582,121.993,4
spotify:track:6aNdjlgzu6bJeRBFFXiVNu,"What You Did (feat. Ella Mai)","What You Did (feat. Ella Mai)","Mahalia;Ella Mai",2019-09-04,206946,37,false,qo6rqy7mdblflyegpk0z8sxhl,2024-01-11T06:19:31Z,"uk r&b,alternative r&b,r&b","Atlantic Records UK",0.734,0.511,0,-4.905,0,0.0592,0.148,0,0.29,0.727,124.995,4
spotify:track:4bzd4evyqXabRtesx4emPn,"Grieving (feat. James Blake)","It Was Good Until It Wasn't","Kehlani;James Blake",2020-05-08,230573,48,true,qo6rqy7mdblflyegpk0z8sxhl,2024-01-11T06:19:48Z,"","TSNMI / Atlantic",0.687,0.527,1,-4.344,1,0.106,0.373,0.00000107,0.216,0.651,126.087,4
spotify:track:6TrdeNEgbKuBqIToRfdWMY,"Everybody Business","It Was Good Until It Wasn't","Kehlani",2020-05-08,165009,52,true,qo6rqy7mdblflyegpk0z8sxhl,2024-01-11T06:19:53Z,"","TSNMI / Atlantic",0.43,0.703,2,-3.684,1,0.229,0.521,0,0.132,0.435,45.78,3
spotify:track:1Fraz3CzCuOULnToogIwWW,"Bad News","It Was Good Until It Wasn't","Kehlani",2020-05-08,185883,54,true,qo6rqy7mdblflyegpk0z8sxhl,2024-01-11T06:19:56Z,"","TSNMI / Atlantic",0.426,0.408,10,-4.751,1,0.0441,0.121,0,0.159,0.0493,132.203,4
spotify:track:1YqXXJDSlDHrp66g9as4uo,"Change Your Life (feat. Jhené Aiko)","It Was Good Until It Wasn't","Kehlani;Jhené Aiko",2020-05-08,191128,57,true,qo6rqy7mdblflyegpk0z8sxhl,2024-01-11T06:19:58Z,"r&b","TSNMI / Atlantic",0.665,0.749,5,-6.526,0,0.0834,0.0375,0.00000195,0.0837,0.701,146.886,4
spotify:track:1LbKAXTKaLX9rWXrR9C0af,"Ride (feat. Kehlani)","Ride","YK Osiris;Kehlani",2019-10-04,205893,17,false,qo6rqy7mdblflyegpk0z8sxhl,2024-01-11T06:20:02Z,"","Def Jam Recordings",0.709,0.601,7,-4.117,0,0.0485,0.3,0,0.145,0.378,133.013,4
spotify:track:59PYPDxTbqJpiGfyogPb5h,"Die For Me (feat. Future & Halsey)","Hollywood's Bleeding","Post Malone;Future;Halsey",2019-09-06,245266,0,true,qo6rqy7mdblflyegpk0z8sxhl,2024-01-11T06:20:15Z,"rap","Republic Records",0.614,0.66,0,-2.848,1,0.0441,0.19,0,0.211,0.452,145.01,4
spotify:track:6TqXcAFInzjp0bODyvrWEq,"Talk (feat. Disclosure)","Free Spirit","Khalid;Disclosure",2019-04-05,197573,73,false,qo6rqy7mdblflyegpk0z8sxhl,2024-01-11T06:20:15Z,"house","Right Hand Music Group, LLC/RCA Records",0.9,0.4,0,-8.575,1,0.127,0.0516,0,0.0599,0.346,135.984,4
spotify:track:5kUMB8d7Xa6X7VNe8qTY9k,"Love Me Like That (Champion Love)","Creed II: The Album","Ella Mai",2018-11-16,210563,47,false,qo6rqy7mdblflyegpk0z8sxhl,2024-01-11T06:20:16Z,"r&b","Creed 2 Soundtrack",0.522,0.592,8,-2.982,0,0.0344,0.0348,0,0.365,0.256,135.88,3
spotify:track:5T03itPFOPGGkvVPvPiyla,"Put It All on Me (feat. Ella Mai)","No.6 Collaborations Project","Ed Sheeran;Ella Mai",2019-07-12,197093,60,false,qo6rqy7mdblflyegpk0z8sxhl,2024-01-11T06:20:22Z,"soft pop,r&b","Atlantic Records UK",0.627,0.594,7,-8.306,1,0.0479,0.256,0,0.373,0.388,101.007,4
spotify:track:3FHXUqaUer9o231Je1zxIN,"I Don't Want Your Money (feat. H.E.R.)","No.6 Collaborations Project","Ed Sheeran;H.E.R.",2019-07-12,204506,50,false,qo6rqy7mdblflyegpk0z8sxhl,2024-01-11T06:20:22Z,"soft pop,r&b","Atlantic Records UK",0.468,0.63,8,-6.536,0,0.0843,0.31,0,0.137,0.762,91.419,4
spotify:track:7sg9ToL94GAiksETi5GZGz,"Ur","Z","SZA",2014-04-08,235769,51,false,qo6rqy7mdblflyegpk0z8sxhl,2024-01-11T06:20:23Z,"r&b","Top Dawg Entertainment",0.754,0.56,0,-8.01,1,0.0608,0.318,0.131,0.0863,0.355,114.034,4
spotify:track:6p5abLu89ZSSpRQnbK9Wqs,"Post to Be (feat. Chris Brown & Jhene Aiko)","Post to Be (feat. Chris Brown & Jhene Aiko)","Omarion;Chris Brown;Jhené Aiko",2014-11-11,226580,57,true,qo6rqy7mdblflyegpk0z8sxhl,2024-01-11T06:20:24Z,"r&b","MMG/Atlantic",0.733,0.676,10,-5.655,0,0.0432,0.0697,0,0.208,0.701,97.448,4
spotify:track:4cbdPT6uaBOgOQe3fLMofl,"Power is Power (feat. The Weeknd & Travis Scott)","For The Throne (Music Inspired by the HBO Series Game of Thrones)","SZA;The Weeknd;Travis Scott;Game of Thrones",2019-04-26,211266,62,false,qo6rqy7mdblflyegpk0z8sxhl,2024-01-11T06:20:26Z,"r&b,rap","Columbia",0.507,0.644,4,-7.485,1,0.0641,0.00413,0,0.217,0.172,179.913,4
spotify:track:66kQ7wr4d2LwwSjr7HXcyr,"All The Stars (with SZA) - From ""Black Panther: The Album""","All The Stars (with SZA)","Kendrick Lamar;SZA",2018-01-04,235540,63,true,qo6rqy7mdblflyegpk0z8sxhl,2024-01-11T06:20:27Z,"hip hop,west coast hip hop,r&b","Black Panther (TDE/DMG) PS",0.705,0.628,5,-5.362,0,0.0489,0.0287,0.0193,0.0863,0.465,96.799,4
spotify:track:2EToRpTwkuy7B0Hi74g7jF,"Omega","Z","SZA",2014-04-08,263313,44,false,qo6rqy7mdblflyegpk0z8sxhl,2024-01-11T06:20:28Z,"r&b","Top Dawg Entertainment",0.581,0.576,4,-11.748,0,0.0671,0.0753,0.00819,0.0684,0.142,124.445,4
spotify:track:0FclB23LoCgzu0jm9VOPuq,"Green Mile","Z","SZA",2014-04-08,214385,49,true,qo6rqy7mdblflyegpk0z8sxhl,2024-01-11T06:20:29Z,"r&b","Top Dawg Entertainment",0.366,0.63,9,-7.716,0,0.138,0.595,0.571,0.127,0.134,149.595,4
spotify:track:0P6AWOA4LG1XOctzaVu5tt,"The Weekend - Funk Wav Remix","The Weekend (Funk Wav Remix)","SZA;Calvin Harris;Funk Wav",2017-12-15,171805,72,false,qo6rqy7mdblflyegpk0z8sxhl,2024-01-11T06:20:29Z,"r&b,edm","Top Dawg Entertainment/RCA Records",0.775,0.573,11,-4.933,1,0.0585,0.495,0,0.126,0.667,101.925,4
spotify:track:1IgePMOW0qEe1AViWgkal9,"Pretty Little Birds (feat. Isaiah Rashad)","Ctrl","SZA;Isaiah Rashad",2017-06-09,245929,69,true,qo6rqy7mdblflyegpk0z8sxhl,2024-01-11T06:20:30Z,"r&b","Top Dawg Entertainment/RCA Records",0.362,0.518,1,-7.687,1,0.306,0.223,0.00314,0.316,0.348,89.667,4
spotify:track:3LcoHjgdNl4xtWVaJGSA1p,"Wavy (Interlude) (feat. James Fauntleroy)","Ctrl","SZA;James Fauntleroy",2017-06-09,75810,61,true,qo6rqy7mdblflyegpk0z8sxhl,2024-01-11T06:20:31Z,"r&b","Top Dawg Entertainment/RCA Records",0.629,0.509,0,-8.1,0,0.0809,0.475,0,0.0727,0.389,78.99,1
spotify:track:06u5LrUpbosQlQ1QJFhPpG,"Drew Barrymore","Ctrl","SZA",2017-06-09,231412,74,true,qo6rqy7mdblflyegpk0z8sxhl,2024-01-11T06:20:33Z,"r&b","Top Dawg Entertainment/RCA Records",0.577,0.523,0,-5.538,0,0.0429,0.491,0,0.147,0.29,134.93,4
spotify:track:6Vmow8PuUaU7W1T2WWLZk2,"Go Gina","Ctrl","SZA",2017-06-09,161615,65,true,qo6rqy7mdblflyegpk0z8sxhl,2024-01-11T06:20:34Z,"r&b","Top Dawg Entertainment/RCA Records",0.603,0.606,9,-6.634,1,0.114,0.799,0,0.391,0.462,80.176,4
spotify:track:19woxaSpjOefa2JnAOoqW5,"Garden (Say It Like Dat)","Ctrl","SZA",2017-06-09,208397,73,true,qo6rqy7mdblflyegpk0z8sxhl,2024-01-11T06:20:34Z,"r&b","Top Dawg Entertainment/RCA Records",0.73,0.457,9,-7.26,1,0.283,0.0705,0,0.124,0.549,111.352,4
spotify:track:0336UwEBwBBao8uWCuugYr,"Anything","Ctrl","SZA",2017-06-09,149314,62,true,qo6rqy7mdblflyegpk0z8sxhl,2024-01-11T06:20:35Z,"r&b","Top Dawg Entertainment/RCA Records",0.669,0.488,0,-4.711,0,0.326,0.394,0.000649,0.0952,0.548,151.798,4
spotify:track:593W4qZOwwdqF6YnimJjL6,"Doves In The Wind (feat. Kendrick Lamar)","Ctrl","SZA;Kendrick Lamar",2017-06-09,266072,69,true,qo6rqy7mdblflyegpk0z8sxhl,2024-01-11T06:20:37Z,"r&b,hip hop,west coast hip hop","Top Dawg Entertainment/RCA Records",0.693,0.713,10,-4.489,0,0.351,0.343,0,0.102,0.615,137.335,4
spotify:track:5wTVNpi5WDByxBgKgUE6MU,"Supermodel","Ctrl","SZA",2017-06-09,181109,72,true,qo6rqy7mdblflyegpk0z8sxhl,2024-01-11T06:20:39Z,"r&b","Top Dawg Entertainment/RCA Records",0.613,0.442,6,-8.874,1,0.288,0.651,0,0.26,0.252,119.737,5
spotify:track:5yvhdo8FXbBsIllxv2Rr94,"Prom","Ctrl","SZA",2017-06-09,196120,71,true,qo6rqy7mdblflyegpk0z8sxhl,2024-01-11T06:20:39Z,"r&b","Top Dawg Entertainment/RCA Records",0.805,0.702,1,-4.877,1,0.0887,0.0639,0,0.123,0.225,120.048,4
spotify:track:2rTjKV5wbfROo0nOzO1wHq,"Racks (feat. YBN Cordae)","Racks (feat. YBN Cordae)","H.E.R.;Cordae",2019-06-25,222249,37,false,qo6rqy7mdblflyegpk0z8sxhl,2024-01-11T06:20:42Z,"r&b","MBK Entertainment/RCA Records",0.72,0.585,8,-6.099,0,0.0512,0.11,0,0.223,0.61,114.977,4
spotify:track:2QjOHCTQ1Jl3zawyYOpxh6,"Sweater Weather","I Love You.","The Neighbourhood",2013-04-22,240400,94,false,qo6rqy7mdblflyegpk0z8sxhl,2024-01-11T06:21:04Z,"","Columbia",0.612,0.807,10,-2.81,1,0.0336,0.0495,0.0177,0.101,0.398,124.053,4
spotify:track:7zxRMhXxJMQCeDDg0rKAVo,"Some Way","NAV","NAV;The Weeknd",2017-02-24,179773,67,true,qo6rqy7mdblflyegpk0z8sxhl,2024-01-11T06:21:05Z,"melodic rap","XO Records",0.745,0.715,0,-6.103,1,0.351,0.101,0,0.0919,0.34,154.963,4
spotify:track:37y7iDayfwm3WXn5BiAoRk,"Dark Red","Dark Red","Steve Lacy",2017-02-20,173104,4,false,qo6rqy7mdblflyegpk0z8sxhl,2024-01-11T06:22:02Z,"","Three Quarter",0.603,0.783,6,-4.023,1,0.062,0.449,0.00000796,0.119,0.775,172.041,4
spotify:track:7uDTc1eJwsD7iMZLhdp8LH,"Who Needs Love","The New Toronto 3","Tory Lanez",2020-04-10,173870,57,true,qo6rqy7mdblflyegpk0z8sxhl,2024-01-11T06:22:08Z,"","Interscope Records",0.762,0.674,7,-7.043,1,0.126,0.0462,0,0.22,0.432,101.988,4
spotify:track:3yhlH8lhTpS03d91kuwjpf,"Wasteland","Wasteland","Tierra Whack",2019-03-12,183282,46,true,qo6rqy7mdblflyegpk0z8sxhl,2024-01-11T06:22:24Z,"alternative r&b","Tierra Whack",0.511,0.441,4,-10.264,0,0.0563,0.749,0,0.123,0.382,125.117,4
spotify:track:5nzX0GtmuW03QGb2l9Hw0C,"Syrup","Syrup","Tkay Maidza",2021-04-07,145964,31,true,qo6rqy7mdblflyegpk0z8sxhl,2024-01-11T06:22:39Z,"alternative r&b","4AD",0.854,0.498,1,-9.105,1,0.266,0.0442,0.0000145,0.0758,0.275,106.011,4
spotify:track:1ZqvVE8uiqOxtJ2E8FLl8x,"Lady of Neptune","PLAYBOY","Tory Lanez",2021-03-05,268946,62,true,qo6rqy7mdblflyegpk0z8sxhl,2024-01-11T06:22:51Z,"","One Umbrella Records",0.571,0.691,5,-8.137,0,0.216,0.271,0,0.297,0.5,81.091,4
spotify:track:2vXKRlJBXyOcvZYTdNeckS,"Lost in the Fire (feat. The Weeknd)","Hyperion","Gesaffelstein;The Weeknd",2019-03-08,202093,82,true,qo6rqy7mdblflyegpk0z8sxhl,2024-01-11T06:23:15Z,"","Columbia",0.658,0.671,2,-12.21,1,0.0364,0.0928,0.000919,0.115,0.165,100.967,4
spotify:track:2zJXJeWnYbOUVTVdRF5EKR,"Don't Matter","Don't Matter","August Alsina",2017-06-01,172506,42,false,qo6rqy7mdblflyegpk0z8sxhl,2024-01-11T06:23:55Z,"","Def Jam Recordings",0.668,0.526,9,-7.72,1,0.165,0.166,0,0.0408,0.509,127.97,4
spotify:track:0ZHLqpysyyJil6TlEJAZY9,"Y.D.L.R.","PLAYBOY","Tory Lanez",2021-03-05,146000,68,true,qo6rqy7mdblflyegpk0z8sxhl,2024-01-11T06:24:02Z,"","One Umbrella Records",0.509,0.435,4,-10.231,0,0.0812,0.324,0.00000228,0.0989,0.222,75.2,4
spotify:track:3azJifCSqg9fRij2yKIbWz,"The Color Violet","Alone At Prom","Tory Lanez",2021-12-10,226466,88,false,qo6rqy7mdblflyegpk0z8sxhl,2024-01-11T06:24:03Z,"","One Umbrella Records",0.645,0.534,6,-10.8,0,0.0479,0.157,0,0.0863,0.463,105.02,4
spotify:track:1eW4XynQ3uk7Xi01hAzedv,"Distance","PLAYBOY","Tory Lanez",2021-03-05,178546,63,true,qo6rqy7mdblflyegpk0z8sxhl,2024-01-11T06:24:05Z,"","One Umbrella Records",0.521,0.368,6,-9.533,1,0.177,0.468,0,0.138,0.607,123.423,4
spotify:track:26b3oVLrRUaaybJulow9kz,"People","People","Libianca",2022-12-06,184791,79,false,qo6rqy7mdblflyegpk0z8sxhl,2024-01-11T06:24:12Z,"afrobeats,afrobeat","5K Records Limited",0.573,0.422,10,-7.621,0,0.0678,0.551,0.0000131,0.102,0.693,124.357,5
spotify:track:25tXNghelZKdGZZVoSL9Yg,"Law Of Attraction (feat. Snoh Aalegra)","We're All Alone In This Together","Dave;Snoh Aalegra",2021-07-22,181676,7,true,qo6rqy7mdblflyegpk0z8sxhl,2024-01-11T06:24:22Z,"grime,uk grime,uk drill,drill,alternative r&b","Neighbourhood [GB] / Dave",0.774,0.513,0,-8.159,1,0.342,0.32,0.000105,0.0866,0.51,102.78,4
spotify:track:5tDyUiXPUZDIx8nnZvRTMl,"little story","blue water road","Kehlani",2022-04-29,198920,41,false,qo6rqy7mdblflyegpk0z8sxhl,2024-01-11T06:25:03Z,"","TSNMI / Atlantic",0.24,0.376,1,-9.309,0,0.0413,0.626,0.0000133,0.114,0.187,81.737,4
spotify:track:2OqS1qDeZpXDL7VsTq4Fci,"any given sunday (feat. blxst)","blue water road","Kehlani;Blxst",2022-04-29,165810,44,false,qo6rqy7mdblflyegpk0z8sxhl,2024-01-11T06:25:03Z,"","TSNMI / Atlantic",0.723,0.497,7,-8.479,0,0.153,0.12,0,0.104,0.302,98.931,4
spotify:track:5v8oHydXFHM1je05EFyIdw,"wish i never","blue water road","Kehlani",2022-04-29,183677,56,true,qo6rqy7mdblflyegpk0z8sxhl,2024-01-11T06:25:04Z,"","TSNMI / Atlantic",0.673,0.844,11,-3.084,0,0.0392,0.0543,0,0.211,0.479,98.021,4
spotify:track:5NZMLV6AWI3O32RMu4dUg7,"shooter interlude","blue water road","Kehlani",2022-04-29,119480,39,true,qo6rqy7mdblflyegpk0z8sxhl,2024-01-11T06:25:05Z,"","TSNMI / Atlantic",0.415,0.569,10,-6.273,1,0.043,0.752,0.00000173,0.613,0.529,86.749,3
spotify:track:0B3hRuQLvogv6InPAtI31H,"up at night (feat. justin bieber)","blue water road","Kehlani;Justin Bieber",2022-04-29,182226,44,false,qo6rqy7mdblflyegpk0z8sxhl,2024-01-11T06:25:05Z,"","TSNMI / Atlantic",0.563,0.756,0,-3.852,0,0.0579,0.196,0,0.245,0.234,100.012,4
spotify:track:0jeCoIGrGhw8lnkd5YF0qB,"get me started (feat. syd)","blue water road","Kehlani;Syd",2022-04-29,169378,42,false,qo6rqy7mdblflyegpk0z8sxhl,2024-01-11T06:25:05Z,"alternative r&b","TSNMI / Atlantic",0.533,0.442,0,-6.003,0,0.0537,0.54,0.00000646,0.104,0.379,108.511,4
spotify:track:3WnGLAKOeutk6CPmWQ0G2i,"everything interlude","blue water road","Kehlani",2022-04-29,35209,40,false,qo6rqy7mdblflyegpk0z8sxhl,2024-01-11T06:25:05Z,"","TSNMI / Atlantic",0.243,0.433,11,-19.136,1,0.0936,0.976,0.859,0.122,0.226,65.501,3
spotify:track:20jLHaXVhMFjwHs1JPjL4S,"more than i should (feat. jessie reyez)","blue water road","Kehlani;Jessie Reyez",2022-04-29,200639,50,true,qo6rqy7mdblflyegpk0z8sxhl,2024-01-11T06:25:07Z,"","TSNMI / Atlantic",0.591,0.597,0,-6.769,0,0.141,0.186,0,0.1,0.552,143.948,4
spotify:track:1GaMFbWeBZeSwgyAEr1s4m,"altar","blue water road","Kehlani",2022-04-29,244635,46,false,qo6rqy7mdblflyegpk0z8sxhl,2024-01-11T06:25:07Z,"","TSNMI / Atlantic",0.555,0.851,9,-3.352,1,0.148,0.0706,0.00495,0.129,0.779,83.909,4
spotify:track:4J4yA7A68PmgSbjAn425eY,"Open (Passionate)","It Was Good Until It Wasn't","Kehlani",2020-05-08,245674,62,true,qo6rqy7mdblflyegpk0z8sxhl,2024-01-11T06:25:08Z,"","TSNMI / Atlantic",0.491,0.464,5,-7.188,0,0.0872,0.145,0.00000157,0.107,0.183,124.352,4
spotify:track:5zos9NBwExnPAjddNpmkdu,"Mind Your Business (Bosses in Love) [feat. Kehlani and Ty Dolla $ign]","Mind Your Business (Bosses in Love) [feat. Kehlani and Ty Dolla $ign]","Diddy;Ty Dolla $ign;Kehlani",2023-09-15,291114,25,true,qo6rqy7mdblflyegpk0z8sxhl,2024-01-11T06:25:11Z,"hip hop,east coast hip hop,trap soul","Love Records",0.284,0.682,8,-6.006,0,0.058,0.0519,0,0.061,0.407,151.444,4
spotify:track:5HpMZmGVA7YJiRg8SNVFH4,"melt","blue water road","Kehlani",2022-04-29,211375,53,false,qo6rqy7mdblflyegpk0z8sxhl,2024-01-11T06:25:12Z,"","TSNMI / Atlantic",0.354,0.825,6,-5.592,0,0.228,0.402,0,0.104,0.349,154.562,4
spotify:track:4Js74DCY9nFlGR9JWqfNVg,"tangerine","blue water road","Kehlani",2022-04-29,179355,40,false,qo6rqy7mdblflyegpk0z8sxhl,2024-01-11T06:25:12Z,"","TSNMI / Atlantic",0.676,0.622,8,-5.992,0,0.0541,0.186,0.00000502,0.37,0.827,139.901,4
spotify:track:6pyM30WDpG70VTfwoQg4m2,"everything","blue water road","Kehlani",2022-04-29,207551,65,true,qo6rqy7mdblflyegpk0z8sxhl,2024-01-11T06:25:12Z,"","TSNMI / Atlantic",0.388,0.448,8,-5.221,0,0.0341,0.851,0,0.302,0.397,142.342,5
spotify:track:4dIVFjnAzAYjJEdWiUGFwu,"wondering/wandering (feat. thundercat & ambré)","blue water road","Kehlani;Thundercat;Ambré",2022-04-29,175378,39,false,qo6rqy7mdblflyegpk0z8sxhl,2024-01-11T06:25:12Z,"alternative r&b","TSNMI / Atlantic",0.289,0.537,11,-7.513,1,0.103,0.536,0.00000419,0.153,0.458,179.904,4
spotify:track:50CXGLOqdsztp42DuJmJ8k,"Take You Back (feat. Kehlani)","Take You Back (feat. Kehlani)","Russ;Kehlani",2020-08-28,169012,48,true,qo6rqy7mdblflyegpk0z8sxhl,2024-01-11T06:25:14Z,"","Russ My Way Inc",0.917,0.444,10,-9.939,1,0.265,0.0828,0,0.116,0.185,125.054,4
spotify:track:58w68w4s8h9gw3xrDaXyuj,"At My Worst (feat. Kehlani)","At My Worst (feat. Kehlani)","Pink Sweat$;Kehlani",2021-01-27,169127,58,false,qo6rqy7mdblflyegpk0z8sxhl,2024-01-11T06:25:14Z,"","Atlantic Records",0.731,0.484,0,-5.579,1,0.0354,0.73,0.00000301,0.326,0.35,92.043,4
spotify:track:3gfkgMT6zAWOPvniFhYL3p,"At My Worst","At My Worst (feat. Kehlani)","Pink Sweat$",2021-01-27,170344,31,false,qo6rqy7mdblflyegpk0z8sxhl,2024-01-11T06:25:14Z,"","Atlantic Records",0.813,0.415,0,-5.926,1,0.0349,0.777,0,0.131,0.667,91.921,4
spotify:track:7KrlNS2VqiNNJ82RMQdxBn,"I Like Dat","I Like Dat","T-Pain;Kehlani",2021-05-14,242085,62,true,qo6rqy7mdblflyegpk0z8sxhl,2024-01-11T06:25:16Z,"","Nappy Boy Entertainment / EMPIRE",0.565,0.491,1,-6.902,1,0.221,0.0049,0,0.137,0.337,175.694,4
spotify:track:1KoXAHzunI8OY34GwmnIQV,"Back Together","Back Together","Amorphous;Kehlani",2021-05-18,249044,43,true,qo6rqy7mdblflyegpk0z8sxhl,2024-01-11T06:25:16Z,"","Amorphous / EMPIRE",0.676,0.75,0,-6.343,1,0.0391,0.00328,0.0000206,0.395,0.485,106.999,4
spotify:track:1gsYCXkisSnnjBb3qwYZoc,"Ur Best Friend (with Kehlani)","Ur Best Friend","Kiana Ledé;Kehlani",2021-07-23,182858,53,false,qo6rqy7mdblflyegpk0z8sxhl,2024-01-11T06:25:16Z,"","The Heavy Group / Republic Records",0.565,0.531,2,-6.09,1,0.197,0.497,0.00000194,0.102,0.237,129.424,4
spotify:track:2jCSd2lOtWQKtwb7FdfvPQ,"Birthday","Birthday","Disclosure;Kehlani;Syd",2020-08-26,219520,38,false,qo6rqy7mdblflyegpk0z8sxhl,2024-01-11T06:25:19Z,"house,alternative r&b","Universal-Island Records Ltd.",0.692,0.728,5,-8.686,0,0.0822,0.0926,0.00000458,0.125,0.668,136.205,4
spotify:track:4czXQMcajwLwcnqQhtVVek,"Everybody Business","Everybody Business","Kehlani",2020-04-15,165009,21,false,qo6rqy7mdblflyegpk0z8sxhl,2024-01-11T06:25:20Z,"","TSNMI / Atlantic",0.449,0.698,2,-3.698,1,0.158,0.517,0,0.136,0.443,81.381,3
spotify:track:6HUO25AttZZCoKAY0vUVtc,"You Know Wassup","You Know Wassup","Kehlani",2019-11-22,201142,61,true,qo6rqy7mdblflyegpk0z8sxhl,2024-01-11T06:25:20Z,"","TSNMI / Atlantic",0.475,0.404,0,-8.899,1,0.0946,0.65,0,0.1,0.463,104.513,4
spotify:track:2c2tlXfEmLgUNvxngIi1qL,"DEAD MAN WALKING","WASTELAND","Brent Faiyaz",2022-07-08,247079,76,true,qo6rqy7mdblflyegpk0z8sxhl,2024-01-13T07:47:46Z,"r&b","Lost Kids LLC., Marketed by Venice / Stem",0.51,0.272,9,-13.763,0,0.0557,0.303,0,0.0958,0.435,143.984,4
spotify:track:1wGpEisE7VmhhSazD8hZ5l,"ROLE MODEL","WASTELAND","Brent Faiyaz",2022-07-08,194009,73,true,qo6rqy7mdblflyegpk0z8sxhl,2024-01-13T07:56:42Z,"r&b","Lost Kids LLC., Marketed by Venice / Stem",0.606,0.544,10,-7.968,0,0.0421,0.0285,0.00000488,0.152,0.335,90.104,4
spotify:track:01VzuxoBYMAJLObfU0w6dI,"ADDICTIONS (FEAT. Tre' Amani)","WASTELAND","Brent Faiyaz;Tre' Amani",2022-07-08,192010,64,true,qo6rqy7mdblflyegpk0z8sxhl,2024-01-13T07:56:51Z,"r&b","Lost Kids LLC., Marketed by Venice / Stem",0.889,0.489,10,-8.587,0,0.108,0.0209,0.0000178,0.0814,0.843,93.039,4
spotify:track:2IlT65thKQQw248mhk2PjQ,"JACKIE BROWN","WASTELAND","Brent Faiyaz",2022-07-08,169013,71,true,qo6rqy7mdblflyegpk0z8sxhl,2024-01-13T07:57:14Z,"r&b","Lost Kids LLC., Marketed by Venice / Stem",0.726,0.353,10,-10.273,1,0.105,0.65,0.002,0.224,0.503,137.66,4
spotify:track:2GUJWmiDlSwey0GrLCX1gK,"Target On My Chest","Lost","Brent Faiyaz",2018-10-19,188274,54,true,qo6rqy7mdblflyegpk0z8sxhl,2024-01-13T08:01:14Z,"r&b","Lost Kids / Human Re Sources",0.589,0.458,4,-9.391,0,0.118,0.015,0.00287,0.0935,0.0481,83.121,4
spotify:track:3GmdPNBnVUtiTnU3i1idfq,"Found","CHANGE","Ella Mai",2016-11-18,186120,50,false,qo6rqy7mdblflyegpk0z8sxhl,2024-01-16T12:45:45Z,"r&b","10 Summers / Interscope PS",0.447,0.453,2,-5.487,0,0.156,0.02,0.00000114,0.217,0.111,156.508,5
spotify:track:2HP5Dm340OwFB0eTpEjusY,"Lay Up","CHANGE","Ella Mai",2016-11-18,162880,41,true,qo6rqy7mdblflyegpk0z8sxhl,2024-01-16T12:45:57Z,"r&b","10 Summers / Interscope PS",0.521,0.468,5,-9.499,0,0.419,0.194,0,0.239,0.415,180.845,4
spotify:track:2xRYnHQdLD9ketvC01UYYT,"It Won't Stop (feat. Chris Brown) - EP Version","Call Me Crazy, But...","Sevyn Streeter;Chris Brown",2013-12-03,281080,75,false,qo6rqy7mdblflyegpk0z8sxhl,2024-01-18T02:22:59Z,"r&b","Atlantic Records",0.657,0.574,1,-9.484,0,0.0407,0.016,0.000081,0.172,0.211,119.992,4
spotify:track:0PJIbOdMs3bd5AT8liULMQ,"oui","Late Nights: The Album","Jeremih",2015-12-04,238320,80,false,qo6rqy7mdblflyegpk0z8sxhl,2024-01-18T07:29:29Z,"","Def Jam",0.418,0.724,5,-3.724,1,0.0964,0.213,0,0.112,0.604,78.521,5
spotify:track:3JEJwjqLkg2Jbau5922CAb,"Her Way","PARTYNEXTDOOR TWO","PARTYNEXTDOOR",2014-07-29,216630,79,true,qo6rqy7mdblflyegpk0z8sxhl,2024-01-18T07:29:32Z,"dark r&b,r&b,trap soul","OVO Sound",0.542,0.487,1,-9.53,1,0.0286,0.0544,0.000885,0.0872,0.119,111.307,4
spotify:track:1B6TmCvKjC4dopBohVW51x,"B.E.D.","4275 (Bonus Version)","Jacquees",2018-09-07,236146,78,true,qo6rqy7mdblflyegpk0z8sxhl,2024-01-18T07:29:37Z,"r&b,trap soul","Republic Records",0.739,0.536,1,-6.501,1,0.0587,0.00374,0,0.0968,0.193,122.023,4
spotify:track:7lxWzjZCSkXndL8eYKfFWU,"Don't","Don't","Bryson Tiller",2015-05-20,200213,56,true,qo6rqy7mdblflyegpk0z8sxhl,2024-01-18T17:38:06Z,"trap soul,r&b","TrapSoul/RCA Records",0.743,0.331,4,-6.027,0,0.262,0.242,0,0.0938,0.218,97.066,4
spotify:track:2pg2TiYo9Rb8KeB5JjP7jS,"Sativa","Trip","Jhené Aiko;Swae Lee",2017-09-22,276960,81,true,qo6rqy7mdblflyegpk0z8sxhl,2024-01-18T17:54:23Z,"r&b","Def Jam Recordings",0.741,0.61,6,-7.34,0,0.0511,0.316,0,0.534,0.72,125.99,4
spotify:track:4NpDZPwSXmL0cCTaJuVrCw,"Birthday Sex","Jeremih","Jeremih",2009-01-01,226506,79,false,qo6rqy7mdblflyegpk0z8sxhl,2024-01-18T18:14:18Z,"","Bu Vision LLC / IDJ",0.679,0.522,7,-5.603,0,0.0427,0.297,0,0.151,0.445,60.014,4
spotify:track:14SaZBTjxlorHJQxXh01Hu,"Girls Need Love (with Drake) - Remix","Last Day Of Summer","Summer Walker;Drake",2018-10-19,222374,80,true,qo6rqy7mdblflyegpk0z8sxhl,2024-02-12T16:42:35Z,"r&b,rap","LVRN/Interscope Records",0.656,0.432,6,-9.481,0,0.217,0.443,0,0.132,0.0897,97.022,4
spotify:track:39mPRdfh5ipE7AZrlicnNp,"Make Up Sex","My Life II","SoMo",2015-09-11,222853,58,false,qo6rqy7mdblflyegpk0z8sxhl,2024-02-21T10:47:17Z,"","Universal Records",0.716,0.573,4,-5.277,0,0.0343,0.146,0,0.205,0.472,110.009,4
spotify:track:3LBM25IgxI9y549SiYxtSi,"Stuck On You","When It's All Said And Done... Take Time","GIVĒON",2021-03-12,205205,74,false,qo6rqy7mdblflyegpk0z8sxhl,2024-03-15T13:22:04Z,"r&b","Epic/Not So Fast",0.599,0.463,7,-7.449,1,0.0472,0.162,0.0000664,0.141,0.141,158.053,3
spotify:track:5JycxhApZmzbA4xSwvqh6k,"All To Me","When It's All Said And Done... Take Time","GIVĒON",2021-03-12,127807,67,false,qo6rqy7mdblflyegpk0z8sxhl,2024-03-15T13:22:04Z,"r&b","Epic/Not So Fast",0.523,0.543,5,-8.39,0,0.156,0.65,0,0.257,0.318,116.161,3
spotify:track:4mL59LVbKgOpEACxraGYdr,"While We're Young","Trip","Jhené Aiko",2017-09-22,236160,75,true,qo6rqy7mdblflyegpk0z8sxhl,2024-03-15T13:22:31Z,"r&b","Def Jam Recordings",0.649,0.791,2,-6.013,1,0.193,0.104,0.00000197,0.108,0.811,128.023,4
spotify:track:6qvtoU0gbkaOcTx6mnVDgV,"Still Your Best","When It's All Said And Done... Take Time","GIVĒON",2021-03-12,177445,67,false,qo6rqy7mdblflyegpk0z8sxhl,2024-03-15T13:22:32Z,"r&b","Epic/Not So Fast",0.535,0.406,3,-7.681,0,0.0654,0.481,0,0.144,0.217,113.467,4
spotify:track:0zWbYGQq5O1KQd0iqzgjP6,"Rehab (Winter In Paris)","Fuck The World","Brent Faiyaz",2020-02-07,180303,74,true,qo6rqy7mdblflyegpk0z8sxhl,2024-03-15T13:22:34Z,"r&b","Lost Kids",0.549,0.242,5,-11.692,1,0.038,0.809,0.000081,0.127,0.286,144.211,4
spotify:track:2Hd7uGbl8PX0IxyX59VFOg,"The Beach","TAKE TIME","GIVĒON",2020-03-27,205663,73,false,qo6rqy7mdblflyegpk0z8sxhl,2024-03-15T13:22:37Z,"r&b","Epic/Not So Fast",0.649,0.509,3,-9.502,0,0.0659,0.181,0.000655,0.932,0.223,99.813,4
spotify:track:5TXQCMKN6TgemTL3c4wRTn,"Sorrows","A N N I V E R S A R Y","Bryson Tiller",2020-10-02,193702,78,false,qo6rqy7mdblflyegpk0z8sxhl,2024-03-15T13:22:38Z,"trap soul,r&b","TrapSoul/RCA Records",0.633,0.793,5,-6.847,0,0.182,0.148,0,0.867,0.761,109.093,4
spotify:track:23c9gmiiv7RCu7twft0Mym,"Who Hurt You?","Who Hurt You?","Daniel Caesar",2018-10-16,231964,2,true,qo6rqy7mdblflyegpk0z8sxhl,2024-03-15T13:25:29Z,"","Golden Child Recordings",0.649,0.493,11,-7.645,0,0.11,0.586,0.000167,0.0667,0.277,104.542,4
spotify:track:2xyx0o4xNOLLjBSbOOdcbA,"Playing Games (with Bryson Tiller) - Extended Version","Over It","Summer Walker;Bryson Tiller",2019-10-04,143226,75,true,qo6rqy7mdblflyegpk0z8sxhl,2024-03-28T03:57:36Z,"r&b,trap soul","LVRN/Interscope Records",0.726,0.408,11,-6.606,0,0.0614,0.603,0,0.225,0.459,115.918,4
spotify:track:5rgrBsAFYMun6yhtnLKRPz,"Right My Wrongs","T R A P S O U L","Bryson Tiller",2015-10-02,249318,82,false,qo6rqy7mdblflyegpk0z8sxhl,2024-03-28T04:00:17Z,"trap soul,r&b","TrapSoul/RCA Records",0.543,0.449,1,-8.065,1,0.0463,0.345,0,0.157,0.29,132.609,4
spotify:track:1eUGmzzvahJjOSWgDHuRlv,"Girl With The Tattoo Enter.lewd","All I Want Is You","Miguel",2010-11-30,102813,82,false,qo6rqy7mdblflyegpk0z8sxhl,2024-03-28T04:01:55Z,"r&b","Jive",0.372,0.239,6,-11.314,0,0.0296,0.856,0.000175,0.168,0.127,113.451,4
spotify:track:6ZRuF2n1CQxyxxAAWsKJOy,"Nights Like This (feat. Ty Dolla $ign)","While We Wait","Kehlani;Ty Dolla $ign",2019-02-22,201787,78,true,qo6rqy7mdblflyegpk0z8sxhl,2024-03-28T04:02:05Z,"trap soul","TSNMI / Atlantic",0.61,0.725,8,-5.131,1,0.15,0.367,0,0.154,0.291,146.163,4
spotify:track:2Fyjjpg03fn7n5cj0Qm380,"Karma","Last Day Of Summer","Summer Walker",2018-10-19,188906,71,false,qo6rqy7mdblflyegpk0z8sxhl,2024-03-28T04:04:02Z,"r&b","LVRN/Interscope Records",0.593,0.294,1,-10.072,0,0.0499,0.345,0.0000203,0.287,0.152,113.847,4
spotify:track:5NijSs5dAwaIybq1GaRTIe,"Poison","Poison","Brent Faiyaz",2016-08-03,212992,78,false,qo6rqy7mdblflyegpk0z8sxhl,2024-03-28T04:16:13Z,"r&b","Lost Kids",0.689,0.394,2,-10.102,0,0.065,0.711,0.000905,0.0859,0.382,117.489,3
spotify:track:5nkUIVKqOqdpB6ApKgEMkv,"Stay Ready (What A Life)","Sail Out","Jhené Aiko;Kendrick Lamar",2013-01-01,382760,79,true,qo6rqy7mdblflyegpk0z8sxhl,2024-03-28T04:20:13Z,"r&b,hip hop,west coast hip hop","Def Jam Recordings",0.347,0.493,8,-11.548,0,0.29,0.455,0.00366,0.127,0.308,82.887,4
spotify:track:4rHIfYRQw6ittRQXAlurk0,"Favorite Mistake","TAKE TIME","GIVĒON",2020-03-27,172907,64,false,qo6rqy7mdblflyegpk0z8sxhl,2024-03-28T04:23:38Z,"r&b","Epic/Not So Fast",0.535,0.409,7,-9.517,0,0.0855,0.777,0,0.129,0.138,170.123,4
spotify:track:4hWgC5BV5M7EtTleKVXNxw,"Playing Games","Over It","Summer Walker",2019-10-04,143666,64,true,qo6rqy7mdblflyegpk0z8sxhl,2024-03-28T04:23:54Z,"r&b","LVRN/Interscope Records",0.759,0.413,11,-7.282,0,0.0494,0.7,0,0.14,0.403,115.893,4
spotify:track:1Xm9CQRcJbOgTCpKCpS9s5,"Talk 2 U","Sonder Son","Brent Faiyaz",2017-10-13,159485,68,false,qo6rqy7mdblflyegpk0z8sxhl,2024-03-28T04:25:45Z,"r&b","Lost Kids",0.688,0.634,5,-10.443,0,0.0929,0.14,0.000263,0.253,0.561,88.018,4
spotify:track:6S5dMjMifQYmyTu1mX4f8P,"Blame","Blame","Bryson Tiller",2019-07-26,127028,64,true,qo6rqy7mdblflyegpk0z8sxhl,2024-03-28T04:32:06Z,"trap soul,r&b","TrapSoul/RCA Records",0.729,0.38,11,-8.558,0,0.099,0.0319,0.0000501,0.119,0.323,114.975,4
spotify:track:0WXct4PcELq8Jh1R4Yhw4W,"Never Call Me","Trip","Jhené Aiko;Kurupt",2017-09-22,270546,63,true,qo6rqy7mdblflyegpk0z8sxhl,2024-03-28T04:40:36Z,"r&b,g-funk,west coast hip hop,gangster rap,old school hip hop","Def Jam Recordings",0.48,0.309,2,-10.238,0,0.225,0.874,0.00000128,0.101,0.131,99.136,3
spotify:track:2CzUlaKN1mvb0szagSR3ux,"Fuck The World (Summer in London)","Fuck The World","Brent Faiyaz",2020-02-07,236703,65,true,qo6rqy7mdblflyegpk0z8sxhl,2024-03-28T04:40:43Z,"r&b","Lost Kids",0.679,0.281,3,-15.506,0,0.184,0.873,0.00335,0.215,0.234,74.996,4
spotify:track:6z6OFc8qYsqUBSOWta3nLV,"WFM","Dreams 2 Reality","RealestK",2022-10-28,136000,60,false,qo6rqy7mdblflyegpk0z8sxhl,2024-03-29T00:49:15Z,"","Columbia",0.437,0.184,1,-17.667,1,0.0313,0.72,0.00253,0.113,0.247,80.088,4
spotify:track:0GGfGINoVYiSFXPOjg3RHj,"Found (feat. Brent Faiyaz)","Found (feat. Brent Faiyaz)","Tems;Brent Faiyaz",2021-09-09,209454,68,false,qo6rqy7mdblflyegpk0z8sxhl,2024-03-29T00:51:49Z,"afrobeats,afro r&b,alté,afrobeat,r&b","RCA Records/Since 93'",0.821,0.412,7,-7.795,1,0.0341,0.625,0.0000164,0.0985,0.333,109.977,4
spotify:track:6n3HGiq4v35D6eFOSwqYuo,"Teenage Fever","More Life","Drake",2017-03-18,219692,84,true,qo6rqy7mdblflyegpk0z8sxhl,2024-04-04T15:37:36Z,"rap","Cash Money Records/Young Money Ent./Universal Rec.",0.766,0.283,8,-10.33,0,0.0846,0.111,0.0172,0.115,0.144,97.04,4
spotify:track:3a3dQOO19moXPeTt2PomoT,"What You Heard","What You Heard","Sonder",2019-02-22,238242,80,true,qo6rqy7mdblflyegpk0z8sxhl,2024-04-04T15:38:05Z,"dark r&b,r&b","Sonder Global",0.429,0.371,2,-9.017,0,0.0327,0.546,0.00000571,0.104,0.135,137.134,4
spotify:track:5fEB6ZmVkg63GZg9qO86jh,"Break from Toronto","PARTYNEXTDOOR","PARTYNEXTDOOR",2013-07-01,99213,84,true,qo6rqy7mdblflyegpk0z8sxhl,2024-04-04T15:55:50Z,"dark r&b,r&b,trap soul","OVO Sound",0.595,0.678,9,-5.18,1,0.0335,0.0199,0.00389,0.418,0.259,117.067,4
spotify:track:6KluBT5Zthyzk6sBwqAcso,"Focus","H.E.R. Volume 1","H.E.R.",2016-09-09,200194,54,false,qo6rqy7mdblflyegpk0z8sxhl,2024-04-05T17:36:35Z,"r&b","MBK Entertainment/RCA Records",0.597,0.291,1,-13.483,0,0.0576,0.255,0.000019,0.108,0.09,87.082,4
spotify:track:43IMaycr34ZR5kS8mlL5hH,"Just Might (with PARTYNEXTDOOR)","Over It","Summer Walker;PARTYNEXTDOOR",2019-10-04,205733,70,true,qo6rqy7mdblflyegpk0z8sxhl,2024-04-05T17:43:09Z,"r&b,dark r&b,trap soul","LVRN/Interscope Records",0.69,0.377,7,-7.907,1,0.0793,0.672,0.00000106,0.106,0.18,104.924,4
spotify:track:232jKM7OzWMfuwHyf9r3dX,"Drama (feat. Drake)","Drama (feat. Drake) [Sped Up]","Roy Woods;Drake",2015-07-31,251859,60,true,qo6rqy7mdblflyegpk0z8sxhl,2024-04-05T17:46:21Z,"rap","OVO Sound",0.708,0.358,11,-9.815,1,0.0563,0.157,0,0.109,0.118,122.021,4
spotify:track:5xjTqz4aYQeBnFhwMPmfx9,"Kickin’ Back","213","Mila J",2016-06-16,202434,67,true,qo6rqy7mdblflyegpk0z8sxhl,2024-04-05T17:55:07Z,"","Silent Partner / Motown",0.703,0.669,11,-7.002,0,0.0648,0.31,0,0.115,0.546,115.139,4
spotify:track:4CMrdHWqic0usIZfTrKoI3,"Easy - Remix","Easy (Remix)","DaniLeigh;Chris Brown",2019-05-31,186586,71,false,qo6rqy7mdblflyegpk0z8sxhl,2024-04-05T18:06:26Z,"r&b","Def Jam Recordings",0.799,0.301,7,-11.361,1,0.185,0.195,0,0.0816,0.511,100.026,4
spotify:track:2x03XLsTZ0o86h0cfHrkKF,"After Hours","After Hours","Kehlani",2024-04-04,202414,68,false,qo6rqy7mdblflyegpk0z8sxhl,2024-04-05T18:20:30Z,"","Atlantic Records",0.729,0.777,1,-3.991,1,0.0431,0.069,0.00162,0.112,0.744,121.016,4
spotify:track:3ncmoWTwJgx63LwMTyBCXf,"Hrs & Hrs","Public Displays Of Affection: The Album","Muni Long",2022-09-23,204316,73,true,qo6rqy7mdblflyegpk0z8sxhl,2024-04-05T18:38:41Z,"","Supergiant Records, LLC / Def Jam Recordings",0.523,0.521,6,-4.746,1,0.159,0.607,0,0.107,0.661,133.953,3
spotify:track:3TTMUI5dFcbeNSDTTDY9M8,"Come Thru (with Usher)","Over It","Summer Walker;USHER",2019-10-04,181013,69,true,qo6rqy7mdblflyegpk0z8sxhl,2024-04-07T00:27:35Z,"r&b","LVRN/Interscope Records",0.679,0.728,5,-3.092,0,0.154,0.159,0,0.107,0.46,152.001,4
spotify:track:4SINLKyKC7s6RAWKGB7mMt,"THE NEWS","PARTYMOBILE","PARTYNEXTDOOR",2020-03-26,267384,64,false,qo6rqy7mdblflyegpk0z8sxhl,2024-04-07T00:33:38Z,"dark r&b,r&b,trap soul","OVO Sound",0.74,0.465,7,-8.27,0,0.0412,0.306,0.00371,0.101,0.275,116.741,4
spotify:track:2ktg2oZDyFAX3iY1QNkXl5,"Session 32","Session 32","Summer Walker",2018-04-05,98026,71,false,qo6rqy7mdblflyegpk0z8sxhl,2024-04-07T00:38:08Z,"r&b","LVRN Records",0.574,0.123,1,-13.959,1,0.196,0.894,0.00111,0.118,0.117,115.431,3
spotify:track:75MSZRbAbQuzfUV3Pefvut,"None Of Your Concern (feat. Big Sean)","Chilombo","Jhené Aiko;Big Sean",2020-03-06,259385,64,true,qo6rqy7mdblflyegpk0z8sxhl,2024-04-07T00:39:13Z,"r&b","Def Jam Recordings",0.456,0.517,9,-9.33,0,0.223,0.856,0,0.109,0.378,80.115,4
spotify:track:3vZGtceCbJVh5aDT4XhE0p,"2AM","Ctrl (Deluxe)","SZA",2022-06-09,242823,71,true,qo6rqy7mdblflyegpk0z8sxhl,2024-04-07T00:42:46Z,"r&b","Top Dawg Entertainment/RCA Records",0.504,0.267,9,-13.678,0,0.406,0.438,0,0.141,0.392,83.966,4
spotify:track:2SWbnWSe1onmbllRAU46uo,"PERSIAN RUGS","PARTYPACK","PARTYNEXTDOOR",2020-10-16,174306,71,true,qo6rqy7mdblflyegpk0z8sxhl,2024-04-07T00:48:08Z,"dark r&b,r&b,trap soul","OVO Sound",0.768,0.428,1,-8.156,0,0.0459,0.0489,0.000491,0.105,0.147,110.478,4
spotify:track:1bjeWoagtHmUKputLVyDxQ,"Saturn","Saturn","SZA",2024-02-22,186191,78,false,qo6rqy7mdblflyegpk0z8sxhl,2024-04-07T02:30:17Z,"r&b","Top Dawg Entertainment/RCA Records",0.411,0.619,1,-6.834,1,0.0368,0.62,0,0.11,0.337,177.937,4
spotify:track:68Dni7IE4VyPkTOH9mRWHr,"No Role Modelz","2014 Forest Hills Drive","J. Cole",2014-12-09,292799,89,true,qo6rqy7mdblflyegpk0z8sxhl,2024-04-07T03:29:32Z,"rap","Roc Nation Records LLC",0.69,0.521,10,-8.492,0,0.339,0.324,0,0.0534,0.494,100.028,4
spotify:track:1xK59OXxi2TAAAbmZK0kBL,"Romantic Homicide","Romantic Homicide","d4vd",2022-07-20,132630,84,false,qo6rqy7mdblflyegpk0z8sxhl,2024-04-07T03:40:37Z,"","D4VD ENT, LLC",0.571,0.544,6,-10.613,1,0.0299,0.453,0.00805,0.322,0.216,132.052,4
spotify:track:3sNVsP50132BTNlImLx70i,"Bound 2","Yeezus","Kanye West",2013-06-18,229146,85,true,qo6rqy7mdblflyegpk0z8sxhl,2024-04-07T03:47:57Z,"rap","Rock The World/IDJ/Kanye/LP6",0.367,0.665,1,-2.821,1,0.0465,0.145,0,0.113,0.31,148.913,4
spotify:track:5LrN7yUQAzvthd4QujgPFr,"Here With Me","Petals to Thorns","d4vd",2023-05-26,242484,15,false,qo6rqy7mdblflyegpk0z8sxhl,2024-04-07T04:51:24Z,"","Darkroom/Interscope Records",0.575,0.45,4,-9.306,1,0.0259,0.531,0.0000659,0.124,0.263,132.039,4
spotify:track:40ds3xedbMkWhszkGnZwxi,"ART","TYLA","Tyla",2024-03-22,148377,70,false,qo6rqy7mdblflyegpk0z8sxhl,2024-04-07T06:31:00Z,"afrobeats","FAX Records/Epic",0.716,0.587,1,-5.52,1,0.0554,0.0853,0.000018,0.108,0.714,116.228,4
spotify:track:1boXOL0ua7N2iCOUVI1p9F,"Japanese Denim","Get You - Single","Daniel Caesar",2016-10-21,270846,5,true,qo6rqy7mdblflyegpk0z8sxhl,2024-04-07T06:32:46Z,"","Daniel Caesar",0.707,0.238,3,-8.818,1,0.0379,0.0905,0.00000242,0.0842,0.345,124.156,3
spotify:track:6rY5FAWxCdAGllYEOZMbjW,"SLOW DANCING IN THE DARK","BALLADS 1","Joji",2018-10-26,209273,88,true,qo6rqy7mdblflyegpk0z8sxhl,2024-04-07T07:37:02Z,"","88rising Music",0.517,0.479,3,-7.458,1,0.0261,0.544,0.00598,0.191,0.284,88.968,4
spotify:track:4jTiyLlOJVJj3mCr7yfPQD,"This Could Be Us","SremmLife","Rae Sremmurd",2015-01-06,206306,81,true,qo6rqy7mdblflyegpk0z8sxhl,2024-04-07T14:08:28Z,"","Mike WiLL Made-It",0.732,0.69,0,-4.992,0,0.134,0.291,0,0.116,0.758,143.072,4
spotify:track:3vkCueOmm7xQDoJ17W1Pm3,"My Love Mine All Mine","The Land Is Inhospitable and So Are We","Mitski",2023-09-15,137773,88,false,qo6rqy7mdblflyegpk0z8sxhl,2024-04-13T06:31:46Z,"","Dead Oceans",0.504,0.308,9,-14.958,1,0.0321,0.868,0.135,0.158,0.121,113.95,4
spotify:track:5Mk1tgVrSuoWWwPVFNS0jB,"Loveeeeeee Song","Unapologetic (Deluxe)","Rihanna;Future",2012-12-11,256320,81,true,qo6rqy7mdblflyegpk0z8sxhl,2024-04-13T06:39:10Z,"rap","Def Jam Recordings",0.711,0.599,5,-7.597,0,0.0317,0.507,0,0.0971,0.502,119.983,4
spotify:track:6VFKuuqSbA1GpMEosUgTwQ,"Nobody But You","Nobody But You","Sonder;Jorja Smith",2021-04-09,213214,73,true,qo6rqy7mdblflyegpk0z8sxhl,2024-04-13T06:51:11Z,"dark r&b,r&b,uk r&b","Sonder Global",0.637,0.299,7,-11.314,1,0.0366,0.742,0,0.359,0.364,83.872,4
spotify:track:5gDWsRxpJ2lZAffh5p7K0w,"Stargirl Interlude","Starboy","The Weeknd;Lana Del Rey",2016-11-24,111626,79,false,qo6rqy7mdblflyegpk0z8sxhl,2024-04-14T08:57:47Z,"","The Weeknd/Lyric",0.715,0.47,5,-12.638,0,0.0772,0.353,0.0923,0.104,0.426,89.965,4
spotify:track:6dBUzqjtbnIa1TwYbyw5CM,"Lovers Rock","French Exit","TV Girl",2014-06-05,213920,89,false,qo6rqy7mdblflyegpk0z8sxhl,2024-04-14T08:59:25Z,"","TV Girl",0.559,0.871,5,-5.338,0,0.0397,0.00000753,0.00545,0.096,0.572,104.97,4
spotify:track:6huNf4dutXRjJyGn7f5BPS,"Pray For Me","The Highlights","The Weeknd;Kendrick Lamar",2021-02-05,211420,79,true,qo6rqy7mdblflyegpk0z8sxhl,2024-04-14T18:30:07Z,"hip hop,west coast hip hop","The Weeknd/Lyric",0.732,0.678,2,-4.977,1,0.0886,0.0867,0.0000241,0.112,0.196,100.626,4
spotify:track:15EPc80XuFrb2LmOzGjuRg,"Crew (feat. Brent Faiyaz & Shy Glizzy)","At What Cost","GoldLink;Brent Faiyaz;Shy Glizzy",2017-03-24,176390,77,true,qo6rqy7mdblflyegpk0z8sxhl,2024-04-14T18:46:01Z,"r&b","Squaaash Club/RCA Records",0.728,0.607,1,-8.417,0,0.132,0.133,0,0.0864,0.445,129.938,4
spotify:track:77geRNo8p4BaEtYPpkeFSD,"Feel It","19","Jacquees;Lloyd;Rich Homie Quan",2014-03-25,259918,69,true,qo6rqy7mdblflyegpk0z8sxhl,2024-04-14T21:01:59Z,"r&b,trap soul,southern hip hop","Jacquees",0.543,0.554,4,-9.858,0,0.0697,0.053,0,0.413,0.152,127.081,4
spotify:track:0ve0CavjqrUqVmZ605RhTV,"Jump","Jump","Tyla;Gunna;Skillibeng",2024-03-20,147071,63,false,qo6rqy7mdblflyegpk0z8sxhl,2024-04-15T14:25:51Z,"afrobeats,melodic rap,dancehall","FAX Records/Epic",0.79,0.716,10,-3.446,0,0.0929,0.0297,0.0000187,0.213,0.627,100.104,4
spotify:track:5aIVCx5tnk0ntmdiinnYvw,"Water","Water","Tyla",2023-07-28,200255,86,false,qo6rqy7mdblflyegpk0z8sxhl,2024-04-15T14:26:22Z,"afrobeats","FAX Records/Epic",0.673,0.722,3,-3.495,0,0.0755,0.0856,0,0.137,0.519,117.187,4
spotify:track:7axl6v0Yv4ksLVMt6XItpc,"Truth or Dare","TYLA","Tyla",2024-03-22,190392,78,false,qo6rqy7mdblflyegpk0z8sxhl,2024-04-15T14:26:51Z,"afrobeats","FAX Records/Epic",0.61,0.599,1,-5.752,1,0.337,0.182,0.000124,0.0852,0.809,154.463,5
spotify:track:5Z3GHaZ6ec9bsiI5BenrbY,"Young Dumb & Broke","American Teen","Khalid",2017-04-27,202534,88,false,qo6rqy7mdblflyegpk0z8sxhl,2024-04-15T14:35:12Z,"","Right Hand Music Group, LLC/RCA Records",0.799,0.539,1,-6.351,1,0.0421,0.199,0.0000166,0.165,0.394,136.948,4
spotify:track:43tgC5pTYJpc5D3C9HRwEg,"Slow Down (with Calvin Harris)","Normani x Calvin Harris","Normani;Calvin Harris",2018-10-22,205986,40,true,qo6rqy7mdblflyegpk0z8sxhl,2024-04-19T15:37:01Z,"edm","Keep Cool/RCA Records",0.853,0.691,0,-4.342,1,0.0526,0.0877,0.0000754,0.11,0.561,124.043,4
spotify:track:2qHk6Nz5glNQrjW8Rhd5kv,"Waves (feat. 6LACK)","Waves (feat. 6LACK)","Normani;6LACK",2018-11-15,215670,51,true,qo6rqy7mdblflyegpk0z8sxhl,2024-04-19T15:37:19Z,"","Keep Cool/RCA Records",0.578,0.588,0,-4.92,0,0.255,0.415,0,0.114,0.3,79.174,5
spotify:track:4o7WXic8yAQWOV7iJXZ4jD,"Body Count (feat. Normani & Kehlani) - Remix","Being Human In Public","Jessie Reyez;Normani;Kehlani",2018-10-19,158946,47,true,qo6rqy7mdblflyegpk0z8sxhl,2024-04-19T15:37:28Z,"","FMLY",0.703,0.586,11,-4.587,0,0.212,0.458,0,0.154,0.264,149.736,4
spotify:track:65UGfLSTxHAw8CwgkwqeL1,"Switch Sider","Time","Ella Mai",2016-02-15,230582,44,true,qo6rqy7mdblflyegpk0z8sxhl,2024-04-19T15:38:12Z,"r&b","10 Summers Records",0.687,0.513,1,-10.456,1,0.117,0.248,0,0.275,0.409,99.984,4
spotify:track:0SZwTcyp6qcICqdRVOpbPy,"One Day","Time","Ella Mai",2016-02-15,191503,49,true,qo6rqy7mdblflyegpk0z8sxhl,2024-04-19T15:38:20Z,"r&b","10 Summers Records",0.597,0.545,3,-7.499,0,0.0421,0.145,0,0.348,0.728,93.952,4
spotify:track:2TktkzfozZifbQhXjT6I33,"Evergreen (You Didn’t Deserve Me At All)","Ivory","Omar Apollo",2022-04-08,216680,86,false,qo6rqy7mdblflyegpk0z8sxhl,2024-04-19T15:39:15Z,"bedroom pop","Warner Records",0.697,0.336,9,-10.395,1,0.0424,0.598,0.00528,0.107,0.31,82.029,3
spotify:track:2LlOeW5rVcvl3QcPNPcDus,"Always","NEVER ENOUGH","Daniel Caesar",2023-04-07,225312,85,true,qo6rqy7mdblflyegpk0z8sxhl,2024-04-19T15:42:35Z,"","Republic Records",0.578,0.436,2,-8.202,1,0.0461,0.666,0.0000019,0.106,0.199,135.86,4
spotify:track:0QzuaeCEEOV40Pn7IvKEny,"double take","rapunzel","Dhruv",2022-01-21,171743,78,false,qo6rqy7mdblflyegpk0z8sxhl,2024-04-19T15:45:38Z,"","Little Worry/RCA Records",0.656,0.436,8,-11.141,1,0.0744,0.845,0,0.221,0.196,109.239,4
spotify:track:3W4U7TEgILGpq0EmquurtH,"Old Love","Old Love","yuji;putri dahlia",2022-08-19,249382,73,false,qo6rqy7mdblflyegpk0z8sxhl,2024-04-19T15:47:25Z,"","yuji",0.478,0.367,11,-10.513,1,0.0283,0.716,0,0.124,0.359,141.95,3
spotify:track:3tkxfORwPo2zydAf25YFOc,"Care","Into","Sonder",2017-01-27,164488,71,false,qo6rqy7mdblflyegpk0z8sxhl,2024-04-19T15:47:50Z,"dark r&b,r&b","Sonder",0.36,0.182,10,-16.803,0,0.0388,0.889,0.00000753,0.117,0.098,126.721,3
spotify:track:0W4NhJhcqKCqEP2GIpDCDq,"Love","The Way It Is","Keyshia Cole",2005-01-01,255333,86,false,qo6rqy7mdblflyegpk0z8sxhl,2024-04-21T15:52:30Z,"r&b","A&M (UC)",0.688,0.518,5,-4.285,1,0.0283,0.0642,0,0.1,0.314,116.714,4
spotify:track:2uwnP6tZVVmTovzX5ELooy,"Power Trip (feat. Miguel)","Born Sinner (Deluxe Version)","J. Cole;Miguel",2013-06-18,241160,83,true,qo6rqy7mdblflyegpk0z8sxhl,2024-04-25T22:28:09Z,"rap,r&b","Roc Nation LLC",0.667,0.608,1,-7.054,1,0.216,0.324,0.000198,0.426,0.475,99.992,4
spotify:track:37F0uwRSrdzkBiuj0D5UHI,"Reminder","Starboy","The Weeknd",2016-11-25,218880,84,true,qo6rqy7mdblflyegpk0z8sxhl,2024-05-01T10:21:36Z,"","The Weeknd/Lyric",0.705,0.505,8,-6.923,1,0.193,0.142,0,0.164,0.388,160.053,4
spotify:track:7EiZI6JVHllARrX9PUvAdX,"Low Life (feat. The Weeknd)","EVOL","Future;The Weeknd",2016-04-13,313546,84,true,qo6rqy7mdblflyegpk0z8sxhl,2024-05-01T10:21:53Z,"rap","Epic/Freebandz/A1",0.722,0.331,8,-7.789,1,0.0726,0.337,0.282,0.146,0.102,143.961,4
spotify:track:68vgtRHr7iZHpzGpon6Jlo,"My Boo","Confessions (Expanded Edition)","USHER;Alicia Keys",2004-03-23,223440,83,false,qo6rqy7mdblflyegpk0z8sxhl,2024-05-01T10:30:55Z,"r&b,neo soul","LaFace Records",0.662,0.507,5,-8.238,1,0.118,0.257,0,0.0465,0.676,86.412,4
spotify:track:0rFZaQ4crlGAzuCjWCQ2xu,"Body Party","Ciara","Ciara",2013-07-08,234294,67,false,qo6rqy7mdblflyegpk0z8sxhl,2024-05-01T10:34:23Z,"","Epic",0.577,0.576,2,-6.299,1,0.0563,0.0143,0,0.602,0.12,133.973,4
spotify:track:2zbjlcLi1VQWqDNYdhyx1l,"So Anxious","100% Ginuwine","Ginuwine",1999-03-15,276066,74,false,qo6rqy7mdblflyegpk0z8sxhl,2024-05-01T10:38:47Z,"r&b","550 Music",0.733,0.395,6,-11.959,0,0.0366,0.279,0.00000237,0.468,0.661,96.085,4
spotify:track:1AajFWbXbqpomHwLb3vYC3,"Me & U - US Version","Me & U","Cassie",2006-08-14,191519,48,false,qo6rqy7mdblflyegpk0z8sxhl,2024-05-01T10:39:30Z,"","Bad Boy Records",0.806,0.455,11,-4.494,1,0.0319,0.362,0,0.0961,0.739,100.015,4
spotify:track:5hJFhO9dvhJoDvUZZ9iWSw,"Adorn","Kaleidoscope Dream (Deluxe Version)","Miguel",2012,193149,69,false,qo6rqy7mdblflyegpk0z8sxhl,2024-05-01T10:41:37Z,"r&b","ByStorm Entertainment/RCA Records",0.625,0.576,11,-5.693,0,0.175,0.0543,0.0000407,0.187,0.235,179.063,4
spotify:track:2I88NEWpKrAPZuapXNV5G6,"Belong to You (feat. 6LACK)","About Time","Sabrina Claudio;6LACK",2017-10-05,185617,56,false,qo6rqy7mdblflyegpk0z8sxhl,2024-05-01T10:43:09Z,"","SC Entertainment",0.605,0.553,10,-10.845,0,0.101,0.274,0.0152,0.184,0.62,152.076,4
spotify:track:1lL7Sj9AitQT7YWXs6obEq,"Dangerous (feat. Jeremih and PnB Rock)","Legends of the Summer","Meek Mill;Jeremih;PnB Rock",2018-07-06,234589,48,true,qo6rqy7mdblflyegpk0z8sxhl,2024-05-01T10:53:27Z,"rap,melodic rap","MMG/Atlantic",0.763,0.441,0,-8.211,1,0.256,0.0581,0,0.0458,0.538,86.093,4
spotify:track:7wYhcfgPUyML3FKfLwvBwk,"Calling On You","Pleasures U Like","Jon B.",2001-03-13,280000,64,false,qo6rqy7mdblflyegpk0z8sxhl,2024-05-01T10:55:05Z,"r&b,quiet storm","Epic/Edmonds Records Group",0.681,0.375,4,-10.855,0,0.0332,0.159,0,0.0464,0.475,101.113,4
spotify:track:1AUxZY6hgoyrHTOSttSP2x,"Too Deep","SEPT 5TH","dvsn",2016-03-27,200223,59,false,qo6rqy7mdblflyegpk0z8sxhl,2024-05-01T12:11:01Z,"trap soul","OVO Sound",0.616,0.243,9,-13.975,1,0.106,0.286,0.143,0.264,0.562,183.948,4
spotify:track:6rbhWExtuchhpLC5fHnB8n,"Motivation","Here I Am (Deluxe Version)","Kelly Rowland;Lil Wayne",2011-01-01,230560,72,false,qo6rqy7mdblflyegpk0z8sxhl,2024-05-01T12:13:24Z,"rap,hip hop","Motown",0.744,0.672,9,-5.589,0,0.0417,0.187,0.000123,0.105,0.266,140.891,4
spotify:track:0MbTorBGV6tW2ePPVJ9Chu,"Lights On","H.E.R. Volume 2","H.E.R.",2017-06-16,219677,40,false,qo6rqy7mdblflyegpk0z8sxhl,2024-05-01T12:16:59Z,"r&b","MBK Entertainment/RCA Records",0.71,0.407,10,-9.418,0,0.0925,0.63,0.000157,0.0948,0.339,118.091,4
spotify:track:66H06L8hktjhduwRDWntDT,"Stand Still","About Time","Sabrina Claudio",2017-10-05,283236,60,false,qo6rqy7mdblflyegpk0z8sxhl,2024-05-01T12:19:32Z,"","SC Entertainment",0.476,0.44,9,-8.198,0,0.0371,0.732,0.023,0.0773,0.161,149.389,3
spotify:track:6BQrmjAgPfPTwILoFEK3Hd,"I Wish you Roses","I Wish you Roses","Kali Uchis",2023-01-19,225947,58,false,qo6rqy7mdblflyegpk0z8sxhl,2024-05-01T12:23:31Z,"","Geffen Records",0.478,0.629,10,-8.402,0,0.0491,0.176,0.000423,0.0965,0.315,141.945,4
spotify:track:2OTRqsDes7OYRRwbF2JXsa,"Lie Again","Give Or Take","GIVĒON",2022-06-24,182439,61,false,qo6rqy7mdblflyegpk0z8sxhl,2024-05-05T11:23:53Z,"r&b","Epic",0.576,0.36,7,-9.321,1,0.0352,0.406,0.000103,0.161,0.166,126.836,3
spotify:track:0RJD0uJykyJH6vFzz6ufaE,"Last Time (feat. Snoh Aalegra)","When It's All Said And Done... Take Time","GIVĒON;Snoh Aalegra",2021-03-12,193760,60,false,qo6rqy7mdblflyegpk0z8sxhl,2024-05-05T11:23:58Z,"r&b,alternative r&b","Epic/Not So Fast",0.634,0.424,1,-8.609,0,0.0493,0.344,0.0000111,0.442,0.376,81.449,3
spotify:track:6zMUIb4uce1CzpbjR3vMdN,"Foolish","Ashanti","Ashanti",2002-01-01,227386,78,true,qo6rqy7mdblflyegpk0z8sxhl,2024-05-05T11:26:27Z,"r&b","I.G. Records, Inc./Universal Records",0.665,0.695,0,-5.763,1,0.0532,0.347,0,0.106,0.707,90.119,4
spotify:track:7GaFYUqP2WdR4KTPk7cXoP,"Let Me Love You","Turning Point","Mario",2004-03-15,249120,80,false,qo6rqy7mdblflyegpk0z8sxhl,2024-05-05T11:28:26Z,"r&b","J Records",0.686,0.588,7,-8.343,0,0.0554,0.178,0,0.0954,0.617,94.519,4
spotify:track:7H6ev70Weq6DdpZyyTmUXk,"Say My Name","The Writing's On The Wall","Destiny's Child",1999-07-27,271333,84,false,qo6rqy7mdblflyegpk0z8sxhl,2024-05-05T11:30:24Z,"","Columbia",0.713,0.678,5,-3.525,0,0.102,0.273,0,0.149,0.734,138.009,4
spotify:track:5QDGKcQLqOJvoiu8eScEaM,"Let Em' Know","T R A P S O U L","Bryson Tiller",2015-10-02,261878,79,true,qo6rqy7mdblflyegpk0z8sxhl,2024-05-06T15:23:31Z,"trap soul,r&b","TrapSoul/RCA Records",0.489,0.406,9,-11.44,1,0.232,0.0336,0,0.344,0.178,110.551,4
spotify:track:43PuMrRfbyyuz4QpZ3oAwN,"Exchange","T R A P S O U L","Bryson Tiller",2015-10-02,194613,80,true,qo6rqy7mdblflyegpk0z8sxhl,2024-05-06T15:24:07Z,"trap soul,r&b","TrapSoul/RCA Records",0.525,0.433,6,-10.598,1,0.185,0.107,0,0.135,0.276,160.108,4
spotify:track:4osgfFTICMkcGbbigdsa53,"Novacane","Novacane","Frank Ocean",2011-01-01,302346,85,true,qo6rqy7mdblflyegpk0z8sxhl,2024-05-06T15:28:03Z,"","Red Zone Entertainment / IDJ",0.762,0.508,3,-9.112,1,0.0919,0.0584,0.00126,0.16,0.37,93.51,4
spotify:track:5VA4Ispp52EA1sOqzMz3Av,"All I Want Is You (feat. J. Cole)","All I Want Is You","Miguel;J. Cole",2010-11-30,295920,81,false,qo6rqy7mdblflyegpk0z8sxhl,2024-05-06T15:29:02Z,"r&b,rap","Jive",0.776,0.603,5,-5.696,1,0.0343,0.0728,0.0000625,0.111,0.921,96.888,4
spotify:track:6rje9f1wRFJDO2iTORw0lH,"I Know","Dark Sky Paradise","Big Sean;Jhené Aiko",2015-02-23,319973,75,true,qo6rqy7mdblflyegpk0z8sxhl,2024-05-06T15:34:20Z,"r&b","Getting Out Our Dreams Inc. (G.O.O.D.) Music / IDJ",0.733,0.334,1,-11.314,1,0.0811,0.327,0,0.116,0.267,119.935,4
spotify:track:4cxMGhkinTocPSVVKWIw0d,"Losin Control","There's Really A Wolf","Russ",2017-05-05,237506,75,true,qo6rqy7mdblflyegpk0z8sxhl,2024-05-06T15:39:51Z,"","Columbia",0.759,0.245,6,-6.545,1,0.138,0.515,0.000154,0.102,0.209,96.992,4
spotify:track:3nXrCAE44KlevAkQB2XWcN,"Gonna Love Me","K.T.S.E.","Teyana Taylor",2018-06-23,166997,71,false,qo6rqy7mdblflyegpk0z8sxhl,2024-05-06T16:00:08Z,"","Getting Out Our Dreams Inc. (G.O.O.D.) Music / IDJ",0.514,0.503,10,-7.094,0,0.278,0.4,0.0000248,0.191,0.311,88.039,4
spotify:track:3W2nknW1nTuuxUSyFCUCS8,"John Redcorn","Chasing Summer","SiR",2019-08-30,187893,70,true,qo6rqy7mdblflyegpk0z8sxhl,2024-05-06T16:01:38Z,"alternative r&b,neo soul","Top Dawg Entertainment",0.734,0.435,6,-6.126,0,0.0869,0.226,0.00277,0.216,0.651,143.967,4
spotify:track:2xbI8Vmyv3TkpTdywpPyNw,"Selfish","GTTM: Goin Thru the Motions","PnB Rock",2017-01-13,245604,79,true,qo6rqy7mdblflyegpk0z8sxhl,2024-05-06T16:03:56Z,"melodic rap","EMPIRE / Atlantic Recording Corporation",0.638,0.6,1,-5.84,0,0.0438,0.114,0,0.187,0.0399,101.981,4
spotify:track:26hOm7dTtBi0TdpDGl141t,"Die For You","SMITHEREENS","Joji",2022-11-04,211666,4,false,qo6rqy7mdblflyegpk0z8sxhl,2024-05-06T16:34:36Z,"","88rising Music/Warner Records",0.472,0.518,8,-7.379,1,0.051,0.383,0.127,0.289,0.154,147.805,4
spotify:track:0baNzeUcPQnQSagpe8T0mD,"worldstar money (interlude)","In Tongues (Deluxe)","Joji",2018-02-14,126312,41,true,qo6rqy7mdblflyegpk0z8sxhl,2024-05-06T16:45:03Z,"","88rising Music / EMPIRE",0.577,0.387,7,-8.607,1,0.274,0.964,0.705,0.208,0.459,146.565,1
spotify:track:52ooD6LHuXFubM6d1CDD93,"YEAH RIGHT","BALLADS 1","Joji",2018-10-26,174357,75,true,qo6rqy7mdblflyegpk0z8sxhl,2024-05-06T16:52:23Z,"","88rising Music",0.671,0.589,1,-9.573,1,0.128,0.62,0.234,0.0992,0.201,169.031,4
spotify:track:4vgU9MGJwhgBEtlO8mMN49,"Like You Do","Nectar","Joji",2020-09-24,240294,72,false,qo6rqy7mdblflyegpk0z8sxhl,2024-05-06T16:55:57Z,"","88rising Music",0.563,0.198,10,-10.034,1,0.0315,0.954,0.00892,0.135,0.0777,132.691,4
spotify:track:0eF8TYM3rYzdS26URcs4U6,"Gimme Love","Nectar","Joji",2020-09-24,214557,72,false,qo6rqy7mdblflyegpk0z8sxhl,2024-05-06T16:58:18Z,"","88rising Music",0.486,0.632,5,-6.923,1,0.0922,0.689,0.025,0.206,0.0703,126.348,3
spotify:track:4ewazQLXFTDC8XvCbhvtXs,"Glimpse of Us","SMITHEREENS","Joji",2022-11-04,233456,4,false,qo6rqy7mdblflyegpk0z8sxhl,2024-05-06T16:58:45Z,"","88rising Music/Warner Records",0.44,0.317,8,-9.258,1,0.0531,0.891,0.00000478,0.141,0.268,169.914,3
spotify:track:0B9D5rzkRgtuAVy4hQ84bD,"BLAHBLAHBLAH DEMO","SMITHEREENS","Joji",2022-11-04,142506,0,false,qo6rqy7mdblflyegpk0z8sxhl,2024-05-06T20:02:42Z,"","88rising Music/Warner Records",0.558,0.553,0,-7.868,1,0.0573,0.264,0.0079,0.0927,0.323,93.976,4
spotify:track:3u9RHP8IpKPZh7bKHw83Ci,"TEST DRIVE","BALLADS 1","Joji",2018-10-26,179423,66,true,qo6rqy7mdblflyegpk0z8sxhl,2024-05-07T15:15:08Z,"","88rising Music",0.646,0.648,0,-8.602,0,0.0372,0.71,0.00314,0.108,0.464,75.001,4
spotify:track:4rf7Mjit1TCiNaDgdn6peQ,"WANTED U","BALLADS 1","Joji",2018-10-26,251015,66,true,qo6rqy7mdblflyegpk0z8sxhl,2024-05-07T15:19:52Z,"","88rising Music",0.305,0.715,7,-7.54,1,0.0554,0.105,0.0521,0.0906,0.29,82.974,4
spotify:track:1c4qQG0WFrhSZxWGHjN1qA,"CAN'T GET OVER YOU (feat. Clams Casino)","BALLADS 1","Joji;Clams Casino",2018-10-26,107076,54,false,qo6rqy7mdblflyegpk0z8sxhl,2024-05-07T15:22:12Z,"cloud rap","88rising Music",0.902,0.316,9,-8.797,1,0.331,0.684,0.0771,0.0853,0.844,129.93,4
spotify:track:6t90Z9XkdsHD8xMxro6KRP,"Consideration","ANTI (Deluxe)","Rihanna;SZA",2016-01-28,161066,72,true,qo6rqy7mdblflyegpk0z8sxhl,2024-05-10T19:17:00Z,"r&b","Roc Nation / Rihanna",0.885,0.584,7,-2.102,0,0.046,0.0392,0.00000439,0.0869,0.785,145.002,4
spotify:track:3nNjA76lO6zbLKugA0tdOw,"NO FUN","BALLADS 1","Joji",2018-10-26,168417,59,true,qo6rqy7mdblflyegpk0z8sxhl,2024-05-10T19:19:27Z,"","88rising Music",0.809,0.483,5,-6.886,1,0.0487,0.802,0,0.221,0.716,96.972,4
spotify:track:4pLoPxNTIwOoKj6s8BIoHR,"COME THRU","BALLADS 1","Joji",2018-10-26,153168,58,true,qo6rqy7mdblflyegpk0z8sxhl,2024-05-10T19:22:48Z,"","88rising Music",0.66,0.596,0,-8.207,1,0.0358,0.163,0.86,0.109,0.0757,77.019,4
spotify:track:4HKWrGhNxub4PTLg5CM5fW,"R.I.P. (feat. Trippie Redd)","BALLADS 1","Joji;Trippie Redd",2018-10-26,158726,60,true,qo6rqy7mdblflyegpk0z8sxhl,2024-05-10T19:24:30Z,"melodic rap","88rising Music",0.716,0.517,11,-9.651,0,0.0304,0.616,0.26,0.136,0.382,99.284,4
spotify:track:2YTNma2z5qiOWYPMBGBFES,"I'LL SEE YOU IN 40","BALLADS 1","Joji",2018-10-26,253780,58,true,qo6rqy7mdblflyegpk0z8sxhl,2024-05-10T19:28:05Z,"","88rising Music",0.406,0.375,3,-9.561,1,0.0286,0.355,0.766,0.222,0.0323,139.877,4
spotify:track:4ZFx96qgd3um86QFdEslYv,"XNXX","BALLADS 1","Joji",2018-10-26,127318,58,true,qo6rqy7mdblflyegpk0z8sxhl,2024-05-10T19:28:14Z,"","88rising Music",0.351,0.509,2,-8.183,1,0.0707,0.29,0.242,0.113,0.184,85.205,4
spotify:track:0BnTBAGmr9FtYwkZrwKhwS,"Just Us (feat. SZA)","Father Of Asahd","DJ Khaled;SZA",2019-05-17,221378,70,true,qo6rqy7mdblflyegpk0z8sxhl,2024-05-10T19:37:37Z,"r&b","Epic/We The Best",0.639,0.859,9,-2.758,0,0.147,0.135,0,0.129,0.566,93.132,4
spotify:track:3jVtllWS5CFFWLQng8sKsr,"2 On (feat. ScHoolboy Q)","Aquarius","Tinashe;ScHoolboy Q",2014-10-01,227000,84,true,qo6rqy7mdblflyegpk0z8sxhl,2024-05-11T11:19:16Z,"alternative r&b","RCA Records Label",0.742,0.595,9,-7.51,1,0.107,0.15,0,0.111,0.431,101.013,4
spotify:track:0jcw8cJf3TNMZN0BXlueML,"Hell N Back (feat. Summer Walker)","Halo","Bakar;Summer Walker",2023-09-21,195147,76,true,qo6rqy7mdblflyegpk0z8sxhl,2024-05-11T12:34:16Z,"r&b","Black Butter",0.64,0.673,5,-4.519,0,0.563,0.288,0.00000215,0.113,0.736,209.942,4
spotify:track:4h5x3XHLVYFJaItKuO2rhy,"Ghost in the Machine (feat. Phoebe Bridgers)","SOS","SZA;Phoebe Bridgers",2022-12-09,218586,69,true,qo6rqy7mdblflyegpk0z8sxhl,2024-05-11T13:28:12Z,"r&b","Top Dawg Entertainment/RCA Records",0.624,0.433,6,-9.572,1,0.0467,0.837,0.0294,0.113,0.589,124.979,4
spotify:track:4K5d58UkmjqNsA7kY43jgt,"Honesty","Volume 1","Pink Sweat$",2018-11-02,191000,8,true,qo6rqy7mdblflyegpk0z8sxhl,2024-05-11T14:01:14Z,"","Pink Sweat$",0.616,0.203,6,-11.421,0,0.0331,0.921,0,0.106,0.416,79.824,4
spotify:track:7DfFc7a6Rwfi3YQMRbDMau,"Thinkin Bout You","channel ORANGE","Frank Ocean",2012-07-10,200746,87,false,qo6rqy7mdblflyegpk0z8sxhl,2024-05-11T14:22:06Z,"","Red Zone Entertainment / IDJ",0.721,0.339,0,-11.195,1,0.0532,0.409,0.00153,0.0973,0.2,129.83,4
spotify:track:7eqoqGkKwgOaWNNHx90uEZ,"Nights","Blonde","Frank Ocean",2016-08-20,307151,87,true,qo6rqy7mdblflyegpk0z8sxhl,2024-05-11T14:32:35Z,"","Boys Don't Cry",0.457,0.551,5,-9.36,0,0.167,0.427,0.00000115,0.113,0.428,89.87,4
spotify:track:0hUepWE4GoMwtKgU8vE617,"G.O.A.T.","Eric B for President: Term 1","Eric Bellinger;Aroc!",2016-09-09,184905,71,true,qo6rqy7mdblflyegpk0z8sxhl,2024-05-11T14:44:14Z,"","YFS (Your Favorite Song)",0.467,0.636,7,-6.96,1,0.201,0.0232,0,0.138,0.419,135.014,4
spotify:track:0725YWm6Z0TpZ6wrNk64Eb,"Super Rich Kids","channel ORANGE","Frank Ocean;Earl Sweatshirt",2012-07-10,304760,79,true,qo6rqy7mdblflyegpk0z8sxhl,2024-05-19T11:30:18Z,"experimental hip hop,alternative hip hop","Red Zone Entertainment / IDJ",0.739,0.419,3,-8.241,0,0.0854,0.219,0,0.196,0.58,60.493,4
spotify:track:5Tp4UJvnsF4Zd05k0zXUte,"CPR","Last Day Of Summer","Summer Walker",2018-10-19,203240,65,false,qo6rqy7mdblflyegpk0z8sxhl,2024-05-19T11:49:13Z,"r&b","LVRN/Interscope Records",0.693,0.369,7,-12.683,0,0.175,0.637,0.00335,0.0951,0.141,140.148,4
spotify:track:1i9lZvlaDdWDPyXEE95aiq,"TELEKINESIS (feat. SZA & Future)","UTOPIA","Travis Scott;SZA;Future",2023-07-28,353754,77,true,qo6rqy7mdblflyegpk0z8sxhl,2024-05-19T11:58:47Z,"rap,r&b","Cactus Jack/Epic",0.458,0.535,5,-4.854,0,0.0281,0.575,0,0.168,0.216,82.826,4
spotify:track:7urCpstCEncypWMreEwJCh,"Cigarettes & Cush (feat. Kehlani & Lily Allen)","Gang Signs & Prayer","Stormzy;Kehlani;Lily Allen",2017-02-24,349583,50,true,qo6rqy7mdblflyegpk0z8sxhl,2024-05-24T17:10:31Z,"grime,uk grime,uk drill","0207 Def Jam",0.643,0.64,8,-6.105,0,0.133,0.468,0,0.265,0.761,135.899,4
spotify:track:1RMJOxR6GRPsBHL8qeC2ux,"Best Part (feat. H.E.R.)","Freudian","Daniel Caesar;H.E.R.",2017-08-25,209831,11,false,qo6rqy7mdblflyegpk0z8sxhl,2024-05-24T17:10:42Z,"r&b","Golden Child Recordings",0.524,0.364,7,-10.209,1,0.0367,0.808,0,0.1,0.436,75.24,4
spotify:track:0cciBj4236w1xByzZvn92D,"Beauty & Essex (feat. Daniel Caesar & Unknown Mortal Orchestra)","Free Nationals","Free Nationals;Daniel Caesar;Unknown Mortal Orchestra",2019-12-13,277046,67,true,qo6rqy7mdblflyegpk0z8sxhl,2024-05-24T17:45:16Z,"neo-psychedelic","OBE, LLC / EMPIRE",0.552,0.741,11,-5.419,0,0.0542,0.284,0.000082,0.334,0.718,69.709,4
spotify:track:2e0Zxf8VntbuwfosHQbIT1,"Renegade","The Arrival","Aaryan Shah",2020-01-03,222576,1,true,qo6rqy7mdblflyegpk0z8sxhl,2024-05-25T13:04:26Z,"dark r&b","Aaryan Shah Productions Inc.",0.368,0.532,9,-11.465,0,0.0803,0.496,0.252,0.376,0.196,101.797,4
spotify:track:5XDNLG1uf1GuxVvLfGRhqO,"Pretty Boy (feat. Lil Yachty)","Nectar","Joji;Lil Yachty",2020-09-25,156759,63,true,qo6rqy7mdblflyegpk0z8sxhl,2024-05-28T21:37:09Z,"","88rising Music",0.657,0.775,6,-6.184,1,0.0679,0.161,0.316,0.372,0.644,156.044,4
spotify:track:2gjidmxtA1pyj2HYrdOTG1,"I Want You Around","- Ugh, those feels again","Snoh Aalegra",2019-08-16,212787,67,true,qo6rqy7mdblflyegpk0z8sxhl,2024-05-29T13:26:54Z,"alternative r&b","Artium Recordings, LLC",0.705,0.432,4,-9.7,1,0.205,0.381,0.133,0.0841,0.599,168.005,4
spotify:track:3SAga35lAPYdjj3qyfEsCF,"Feel It (From “Invincible”)","Feel It (From “Invincible”)","d4vd",2024-03-28,157974,80,false,qo6rqy7mdblflyegpk0z8sxhl,2024-05-31T19:53:14Z,"","D4VD ENT, LLC",0.565,0.593,8,-5.864,1,0.0883,0.0288,0,0.215,0.429,120.509,4
spotify:track:0QyJXG36Q3Kta662XS8GhY,"Too Fast","Into","Sonder",2017-01-27,295800,77,false,qo6rqy7mdblflyegpk0z8sxhl,2024-05-31T20:26:32Z,"dark r&b,r&b","Sonder",0.407,0.323,4,-11.076,0,0.041,0.281,0.0000242,0.487,0.136,99.209,3
spotify:track:7LaI3mRTJu66r9HKdv7iBx,"Gang Over Luv","Sonder Son","Brent Faiyaz",2017-10-13,204841,71,false,qo6rqy7mdblflyegpk0z8sxhl,2024-06-01T17:02:29Z,"r&b","Lost Kids",0.781,0.277,8,-9.35,1,0.326,0.0408,0.000339,0.0754,0.302,163.987,4
spotify:track:2MJlhN2OockKCadeGS4AEP,"Shameless","Shameless","Avenoir",2022-08-19,175386,71,true,qo6rqy7mdblflyegpk0z8sxhl,2024-06-01T17:37:00Z,"dark r&b,alternative r&b,r&b","Avenoir",0.686,0.415,4,-11.502,0,0.0425,0.743,0.000162,0.228,0.236,130.015,4
spotify:track:19Dhj2zNpcTX2mBYrxlkax,"TMW","TMW","Avenoir",2022-02-14,128919,63,false,qo6rqy7mdblflyegpk0z8sxhl,2024-06-01T18:07:21Z,"dark r&b,alternative r&b,r&b","3212281 Records DK2",0.664,0.307,4,-13.546,0,0.0461,0.875,0.0000027,0.0894,0.379,116.924,3
spotify:track:4nwSwALkSaxA26bEANsi20,"Eve","Eve","Avenoir",2022-06-10,163728,60,false,qo6rqy7mdblflyegpk0z8sxhl,2024-06-01T18:09:37Z,"dark r&b,alternative r&b,r&b","Avenoir",0.506,0.117,9,-25.735,0,0.0372,0.762,0.000285,0.0838,0.254,118.065,4
spotify:track:2ss03wfWSV9g3DdvDklHH2,"AFTER HOURS","AFTER HOURS","Avenoir",2023-10-27,173026,62,true,qo6rqy7mdblflyegpk0z8sxhl,2024-06-01T18:14:40Z,"dark r&b,alternative r&b,r&b","Avenoir, under exclusive license to LISTEN TO THE KIDS",0.285,0.16,1,-14.875,0,0.0363,0.949,0.000346,0.376,0.306,168.512,4
spotify:track:04GLL6JKODDRtfmK4uEVlk,"LINK UP","NOIRE","Avenoir",2023-12-08,125346,67,true,qo6rqy7mdblflyegpk0z8sxhl,2024-06-01T18:16:40Z,"dark r&b,alternative r&b,r&b","Avenoir, under exclusive license to LISTEN TO THE KIDS",0.687,0.383,7,-11.369,0,0.032,0.644,0.000273,0.189,0.534,124.002,4
spotify:track:4ATldz2t0zMGWtFK3uqDL4,"D4U - Spotify Singles","D4U - Spotify Singles","Avenoir",2022-10-19,160487,58,false,qo6rqy7mdblflyegpk0z8sxhl,2024-06-01T18:18:01Z,"dark r&b,alternative r&b,r&b","Avenoir",0.799,0.442,1,-11.894,0,0.036,0.342,0.00000375,0.206,0.788,123.009,4
spotify:track:74KASQI7XvyWdsNyQcJuv9,"WHO DO U LUV","WHO DO U LUV","Avenoir",2023-07-07,248760,58,false,qo6rqy7mdblflyegpk0z8sxhl,2024-06-01T18:21:39Z,"dark r&b,alternative r&b,r&b","Avenoir, under exclusive license to LISTEN TO THE KIDS",0.488,0.328,2,-10.422,0,0.0398,0.494,0.000953,0.165,0.295,122.754,3
spotify:track:0gf3IZ1k7teUROj3lmUOZM,"DIFFERENT","NOIRE","Avenoir",2023-12-08,155586,59,false,qo6rqy7mdblflyegpk0z8sxhl,2024-06-01T18:26:28Z,"dark r&b,alternative r&b,r&b","Avenoir, under exclusive license to LISTEN TO THE KIDS",0.375,0.24,10,-15.11,0,0.037,0.939,0.0112,0.125,0.109,126.003,4
spotify:track:1HdFadOCF0WbACkn6VCLCB,"AFTER HOURS","NOIRE","Avenoir",2023-12-08,173520,39,true,qo6rqy7mdblflyegpk0z8sxhl,2024-06-01T18:26:42Z,"dark r&b,alternative r&b,r&b","Avenoir, under exclusive license to LISTEN TO THE KIDS",0.346,0.162,1,-14.396,0,0.0363,0.944,0.000128,0.371,0.31,98.701,4
spotify:track:1inzz3waRDnnVF9p8eXisd,"Superficial","Superficial","Avenoir",2024-03-29,164000,40,false,qo6rqy7mdblflyegpk0z8sxhl,2024-06-01T18:28:22Z,"dark r&b,alternative r&b,r&b","Avenoir, under exclusive license to LISTEN TO THE KIDS",0.698,0.154,5,-12.11,1,0.0436,0.91,0.00111,0.105,0.308,119.914,4
spotify:track:6eVEzodyXPkq0qd91cCBYb,"Love","Medea","Avenoir",2024-05-10,156000,34,true,qo6rqy7mdblflyegpk0z8sxhl,2024-06-01T18:30:40Z,"dark r&b,alternative r&b,r&b","Avenoir, under exclusive license to LISTEN TO THE KIDS",0.387,0.223,1,-12.021,0,0.0272,0.859,0.00169,0.105,0.202,89.728,4
spotify:track:53fzAHD09qNmkveSms0NhI,"Superficial / Love","Medea","Avenoir;Strings From Paris",2024-05-10,219311,49,true,qo6rqy7mdblflyegpk0z8sxhl,2024-06-01T18:31:13Z,"dark r&b,alternative r&b,r&b","Avenoir, under exclusive license to LISTEN TO THE KIDS",0.345,0.166,5,-14.986,1,0.037,0.897,0.0000548,0.0934,0.231,119.873,4
spotify:track:4QhWbupniDd44EDtnh2bFJ,"Pyramids","channel ORANGE","Frank Ocean",2012-07-10,592920,82,true,qo6rqy7mdblflyegpk0z8sxhl,2024-06-01T20:43:23Z,"","Red Zone Entertainment / IDJ",0.4,0.65,5,-6.104,0,0.0466,0.0118,0.0000762,0.791,0.15,107.989,4
spotify:track:1Qu24vc8msUVLcMZWa4k1x,"Want U Around (feat. Ruel)","Apolonio","Omar Apollo;Ruel",2020-10-16,247720,63,false,qo6rqy7mdblflyegpk0z8sxhl,2024-06-01T21:08:20Z,"bedroom pop","Warner Records",0.571,0.443,0,-6.76,1,0.0451,0.3,0.00000695,0.101,0.621,143.923,3
spotify:track:1RJl5cZ8kFpoVFOS2x6scI,"Take Me Where Your Heart Is","The Shave Experiment (Director's Cut)","Q",2021-06-04,192896,65,false,qo6rqy7mdblflyegpk0z8sxhl,2024-06-02T00:50:55Z,"alternative r&b","Columbia",0.858,0.426,10,-8.879,0,0.0402,0.00586,0.761,0.0977,0.419,89.981,4
spotify:track:4SMs3sIBooSs3v6ael1zXW,"Treat Me Like Somebody","Winter's Diary 2","Tink",2014-01-10,238354,0,true,qo6rqy7mdblflyegpk0z8sxhl,2024-06-02T00:53:26Z,"","Machine Entertainment Group",0.432,0.36,4,-10.84,1,0.2,0.471,0,0.0447,0.552,76.027,5
spotify:track:5iwUwADk4uQUvgMF6PlTRl,"Upset (feat. Tommy Richman & FELIX!)","Larger Than Life","Brent Faiyaz;FELIX!;Tommy Richman",2023-10-27,177899,73,true,qo6rqy7mdblflyegpk0z8sxhl,2024-06-02T11:32:25Z,"r&b","ISO Supremacy under exclusive license to UnitedMasters LLC",0.856,0.5,11,-9.393,1,0.18,0.487,0,0.104,0.886,135.03,4
spotify:track:0f8eRy9A0n6zXpKSHSCAEp,"Infrunami","The Lo-Fis","Steve Lacy",2020-12-04,178328,84,false,qo6rqy7mdblflyegpk0z8sxhl,2024-06-02T11:37:15Z,"","L-M Records",0.826,0.299,9,-7.721,1,0.0446,0.31,0.0952,0.0758,0.215,97.012,4
spotify:track:0Sy5NQqvb7Qy9OS0xcWh6f,"Universe (feat. Kehlani)","Featuring Ty Dolla $ign","Ty Dolla $ign;Kehlani",2020-10-22,220138,43,false,qo6rqy7mdblflyegpk0z8sxhl,2024-06-02T12:20:13Z,"trap soul","Atlantic Records",0.596,0.473,9,-9.381,0,0.218,0.0273,0,0.203,0.365,157,4
spotify:track:19Dhj2zNpcTX2mBYrxlkax,"TMW","TMW","Avenoir",2022-02-14,128919,63,false,qo6rqy7mdblflyegpk0z8sxhl,2024-06-02T12:24:41Z,"dark r&b,alternative r&b,r&b","3212281 Records DK2",0.664,0.307,4,-13.546,0,0.0461,0.875,0.0000027,0.0894,0.379,116.924,3
spotify:track:3Q4gttWQ6hxqWOa3tHoTNi,"Not You Too (feat. Chris Brown)","Dark Lane Demo Tapes","Drake;Chris Brown",2020-05-01,269680,85,true,qo6rqy7mdblflyegpk0z8sxhl,2024-06-04T10:41:43Z,"rap,r&b","OVO",0.458,0.452,9,-9.299,0,0.047,0.342,0.0000194,0.0703,0.316,86.318,4
spotify:track:12ILYlOEfWL8ei0BEgFJn0,"N Side","Apollo XXI","Steve Lacy",2019-05-24,224444,74,false,qo6rqy7mdblflyegpk0z8sxhl,2024-06-06T23:15:59Z,"","3qtr",0.838,0.535,11,-6.303,0,0.0432,0.0714,0.000302,0.208,0.894,119.946,4
spotify:track:5VBjyOQzqlPNgdRPMM6prF,"seasons","summer flows 0.02","wave to earth",2020-08-04,255998,11,false,qo6rqy7mdblflyegpk0z8sxhl,2024-06-09T13:58:12Z,"","ADA Korea",0.372,0.273,7,-10.629,1,0.0268,0.782,0.0463,0.219,0.165,60.038,4
spotify:track:72sfmdpuO5r8cBDgs7MqZZ,"UNDERSTAND","GABRIEL","keshi",2022-03-25,150519,76,false,qo6rqy7mdblflyegpk0z8sxhl,2024-06-09T14:10:32Z,"","Island Records",0.379,0.208,5,-13.858,1,0.0426,0.94,0.00000105,0.114,0.163,82.085,3
spotify:track:1F6IbA7di42uPc3cff8PXV,"Flaming Hot Cheetos","Flaming Hot Cheetos","Clairo",2017-06-14,123884,6,false,qo6rqy7mdblflyegpk0z8sxhl,2024-06-10T13:24:34Z,"bedroom pop","FADER Label",0.817,0.551,7,-9.33,0,0.133,0.865,0.000151,0.101,0.142,109.966,4
spotify:track:2KvbRojbZGMsWr1Nuj5n2f,"You Might Be Sleeping","Bedroom Tapes","Jakob;Clairo",2017-06-16,147093,63,false,qo6rqy7mdblflyegpk0z8sxhl,2024-06-10T13:26:58Z,"bedroom pop","Playground Music",0.587,0.565,7,-9.249,1,0.0265,0.731,0.341,0.169,0.508,92.604,4
spotify:track:3zakx7RAwdkUQlOoQ7SJRt,"GRAVITY (FEAT. TYLER, THE CREATOR)","WASTELAND","Brent Faiyaz;Dahi;Tyler, The Creator",2022-07-08,214692,68,true,qo6rqy7mdblflyegpk0z8sxhl,2024-06-10T13:27:15Z,"r&b","Lost Kids LLC., Marketed by Venice / Stem",0.541,0.619,1,-8.746,0,0.254,0.167,0.00633,0.144,0.491,163.908,4
spotify:track:3J8EOeKLTLXORtWPpOU5bE,"Calling My Phone","Destined 2 Win","Lil Tjay;6LACK",2021-04-02,205458,77,true,qo6rqy7mdblflyegpk0z8sxhl,2024-06-10T14:59:35Z,"brooklyn drill,melodic rap","Columbia",0.907,0.393,4,-7.636,0,0.0539,0.451,0.00000135,0.135,0.202,104.949,4
spotify:track:0s7Z1RtnsmiYOfSIbB3btD,"Valentina","Valentina","Daniel Caesar",2023-03-31,154531,55,false,qo6rqy7mdblflyegpk0z8sxhl,2024-06-11T17:15:46Z,"","Republic Records",0.754,0.311,0,-5.385,0,0.0388,0.622,0.336,0.116,0.37,92.01,4
spotify:track:0RnxpSzxzwZgFQ0NahQr9K,"Easily","A Song For Every Moon","Bruno Major",2017-08-31,210240,68,false,qo6rqy7mdblflyegpk0z8sxhl,2024-06-12T13:07:09Z,"","Bruno Major",0.773,0.256,7,-8.545,0,0.0481,0.491,0.00612,0.144,0.357,118.893,3
spotify:track:0izPpjfwsu2DuzWGqsABkT,"KEHLANI","KEHLANI","Jordan Adetunji",2024-05-19,122360,1,false,qo6rqy7mdblflyegpk0z8sxhl,2024-06-15T13:51:53Z,"sexy drill","Indigo Kid Records",0.644,0.634,10,-3.769,0,0.0341,0.163,0.00000315,0.0903,0.353,160.024,4
spotify:track:34xTFwjPQ1dC6uJmleno7x,"Godspeed","Blonde","Frank Ocean",2016-08-20,177922,80,false,qo6rqy7mdblflyegpk0z8sxhl,2024-06-18T01:43:49Z,"","Boys Don't Cry",0.399,0.0969,6,-12.578,1,0.0509,0.929,0.000168,0.121,0.0758,109.54,4
spotify:track:152lZdxL1OR0ZMW6KquMif,"Location","American Teen","Khalid",2017-04-27,219080,81,false,qo6rqy7mdblflyegpk0z8sxhl,2024-06-18T01:54:12Z,"","Right Hand Music Group, LLC/RCA Records",0.736,0.449,1,-11.462,0,0.425,0.33,0.000162,0.0898,0.326,80.126,4
spotify:track:6jgkEbmQ2F2onEqsEhiliL,"My Kind of Woman","2","Mac DeMarco",2012-10-16,190845,84,false,qo6rqy7mdblflyegpk0z8sxhl,2024-06-18T20:32:45Z,"indie,lo-fi indie","Captured Tracks",0.501,0.765,6,-7.063,0,0.0281,0.00294,0.49,0.184,0.46,91.771,4
spotify:track:0BxE4FqsDD1Ot4YuBXwAPp,"505","Favourite Worst Nightmare","Arctic Monkeys",2007-04-22,253586,89,false,qo6rqy7mdblflyegpk0z8sxhl,2024-06-18T23:21:28Z,"indie,garage rock","Domino Recording Co",0.526,0.866,0,-5.822,1,0.0568,0.00287,0.0000778,0.0945,0.248,140.266,4
spotify:track:1otG6j1WHNvl9WgXLWkHTo,"After The Storm (feat. Tyler, The Creator & Bootsy Collins)","Isolation","Kali Uchis;Tyler, The Creator;Bootsy Collins",2018-04-06,207454,82,false,qo6rqy7mdblflyegpk0z8sxhl,2024-06-19T00:54:20Z,"funk","EMI",0.702,0.659,4,-6.766,0,0.13,0.301,0.00201,0.218,0.843,79.64,4
spotify:track:1x075F39Q0zOhjPzPKgG8E,"Baby By Me","Before I Self-Destruct","50 Cent;Ne-Yo",2009-01-01,213360,80,true,qo6rqy7mdblflyegpk0z8sxhl,2024-06-19T13:05:01Z,"old school hip hop,east coast hip hop","Aftermath/Shady",0.611,0.827,0,-4.665,0,0.0876,0.0045,0.0132,0.0283,0.355,190.058,4
spotify:track:4UJuFZ4btsiGqMyFHBRPbo,"Percolator","Ctrl (Deluxe)","SZA",2022-06-09,84000,64,true,qo6rqy7mdblflyegpk0z8sxhl,2024-06-20T05:42:21Z,"r&b","Top Dawg Entertainment/RCA Records",0.946,0.47,0,-9.913,1,0.129,0.0102,0.413,0.0865,0.423,120.034,4
spotify:track:1TPLsNVlofwX1txcE9gZZF,"We Find Love","Freudian","Daniel Caesar",2017-08-25,254919,2,false,qo6rqy7mdblflyegpk0z8sxhl,2024-06-20T05:51:47Z,"","Golden Child Recordings",0.51,0.363,5,-8.635,1,0.0304,0.853,0,0.109,0.426,78,4
spotify:track:4IYmJKwEsFTwQUdzsWSiv1,"Neither Do I","Neither Do I","Stwo;Jeremih",2017-10-20,220000,56,true,qo6rqy7mdblflyegpk0z8sxhl,2024-06-20T06:00:47Z,"","Ultra Records, LLC",0.814,0.397,9,-9.833,0,0.104,0.451,0.0000064,0.12,0.186,119.95,4
spotify:track:45Egmo7icyopuzJN0oMEdk,"Love Lies","Love Lies","Khalid;Normani",2018-02-14,201707,78,true,qo6rqy7mdblflyegpk0z8sxhl,2024-06-20T06:04:59Z,"","RCA Records Label",0.708,0.648,6,-5.626,1,0.0449,0.0956,0,0.134,0.338,143.955,4
spotify:track:18O00Y7yrkJ0pRXm1n21Og,"Eleven (feat. Summer Walker)","Eleven (feat. Summer Walker)","Khalid;Summer Walker",2020-05-01,206080,62,false,qo6rqy7mdblflyegpk0z8sxhl,2024-06-20T06:13:24Z,"r&b","Right Hand Music Group, LLC/RCA Records",0.679,0.408,4,-9.754,0,0.0882,0.133,0.00455,0.23,0.151,129.079,4
spotify:track:24mo8K6ZzBTB4YBS3OtZ0k,"Into Orbit","Love / Art Memoirs","Alex Isley",2012-05-12,315101,55,false,qo6rqy7mdblflyegpk0z8sxhl,2024-06-20T06:20:31Z,"neo soul,alternative r&b","Independent",0.34,0.18,6,-17.466,1,0.0404,0.829,0,0.108,0.256,88.816,4
spotify:track:6YoIklDN0qyJA1NuXwKrEw,"TRACK 02 (Dangerous Lover)","NOIRE","Avenoir",2023-12-08,178280,56,false,qo6rqy7mdblflyegpk0z8sxhl,2024-06-22T22:00:47Z,"dark r&b,alternative r&b,r&b","Avenoir, under exclusive license to LISTEN TO THE KIDS",0.445,0.271,6,-13.933,0,0.0288,0.811,0.000555,0.248,0.11,97.98,4
spotify:track:5FG7Tl93LdH117jEKYl3Cm,"Essence (feat. Tems)","Made In Lagos","Wizkid;Tems",2020-10-29,249033,79,false,qo6rqy7mdblflyegpk0z8sxhl,2024-06-23T18:13:49Z,"afrobeats,afrobeat,afropop,azonto,afroswing,afro r&b,afropiano,alté","Starboy/RCA Records",0.849,0.707,0,-6.002,1,0.113,0.0266,0.00000858,0.618,0.602,104.027,4
spotify:track:6w93UfN5MeXXQTrVIf5V6x,"How (feat. Roddy Ricch)","Heart On My Sleeve","Ella Mai;Roddy Ricch",2022-05-06,218320,64,true,qo6rqy7mdblflyegpk0z8sxhl,2024-06-26T10:52:14Z,"r&b,melodic rap","10 Summers/Interscope Records",0.464,0.445,4,-8.507,0,0.238,0.215,0,0.495,0.181,94.14,4
spotify:track:2Sjx8DWZO5zaTyTAmgo2gY,"Gone Girl","SOS","SZA",2022-12-09,244026,64,true,qo6rqy7mdblflyegpk0z8sxhl,2024-06-26T17:05:14Z,"r&b","Top Dawg Entertainment/RCA Records",0.429,0.438,5,-7.719,1,0.0626,0.561,0,0.139,0.417,150.093,4
spotify:track:4mwiRPRAUSSFD6lJ86m98B,"Stay Down","Sonder Son","Brent Faiyaz",2017-10-13,207325,69,false,qo6rqy7mdblflyegpk0z8sxhl,2024-06-26T17:11:25Z,"r&b","Lost Kids",0.551,0.301,11,-13.065,1,0.111,0.617,0.000011,0.136,0.488,84.695,4
spotify:track:7wvwXi9Z66dcH5t202vVkN,"Will He","In Tongues (Deluxe)","Joji",2018-02-14,202102,41,true,qo6rqy7mdblflyegpk0z8sxhl,2024-06-28T09:10:27Z,"","88rising Music / EMPIRE",0.618,0.217,10,-15.372,1,0.0515,0.836,0.000163,0.538,0.0872,116.014,4
spotify:track:6M0EP76qW9TG4SNU0agu94,"Uuuu","The Lo-Fis","Steve Lacy",2020-12-04,90708,72,false,qo6rqy7mdblflyegpk0z8sxhl,2024-06-29T06:42:34Z,"","L-M Records",0.947,0.616,9,-3.602,1,0.0415,0.0168,0.259,0.0658,0.968,127.082,4
spotify:track:4t9R5rbtovdvya28uMODDz,"Toronto 2014 (with Mustafa)","NEVER ENOUGH","Daniel Caesar;Mustafa",2023-04-07,277518,77,false,qo6rqy7mdblflyegpk0z8sxhl,2024-06-29T07:42:22Z,"","Republic Records",0.679,0.335,0,-10.837,1,0.0574,0.891,0.0071,0.149,0.374,135.002,4
spotify:track:1TlTzdsEpgfsmbuNfYmWfG,"For Tonight","Give Or Take","GIVĒON",2022-06-24,192257,66,false,qo6rqy7mdblflyegpk0z8sxhl,2024-06-29T08:03:50Z,"r&b","Epic",0.606,0.513,9,-8.756,1,0.0524,0.102,0,0.156,0.177,79.9,4
spotify:track:4c2xt1trwYZpMqPWY35Xi9,"Jaded","Scorpion","Drake",2018-06-29,262453,75,true,qo6rqy7mdblflyegpk0z8sxhl,2024-06-29T10:01:08Z,"rap","Cash Money/Drake LP6",0.764,0.271,0,-5.697,1,0.0414,0.037,0,0.175,0.0371,116.019,4
spotify:track:51Ful1v7b81FchIFFTAQ05,"World We Created","TAKE TIME","GIVĒON",2020-03-27,193466,60,false,qo6rqy7mdblflyegpk0z8sxhl,2024-07-01T05:06:15Z,"r&b","Epic/Not So Fast",0.589,0.507,0,-7.085,1,0.0661,0.271,0,0.335,0.33,144.137,4
spotify:track:7fSZkkgU1i71pCO2zapzhd,"Get Away","Cloud 19","Kehlani",2014-08-26,200366,53,true,qo6rqy7mdblflyegpk0z8sxhl,2024-07-01T06:16:30Z,"","TSNMI / Atlantic",0.669,0.565,8,-6.7,0,0.0365,0.00481,0.00000147,0.426,0.318,109.073,4
spotify:track:0YsGMHid6sFq5PcToe3JZE,"Les","Camp","Childish Gambino",2011-11-15,317293,7,true,qo6rqy7mdblflyegpk0z8sxhl,2024-07-03T22:07:36Z,"","Glassnote Entertainment Group LLC",0.541,0.674,1,-7.04,0,0.0841,0.00649,0.0000976,0.235,0.123,103.139,4
spotify:track:7uwpgQQufpSsFIhhGJDHQF,"Deeper","Life On Earth - EP","Summer Walker",2020-07-10,178026,55,true,qo6rqy7mdblflyegpk0z8sxhl,2024-07-03T22:07:51Z,"r&b","LVRN/Interscope Records",0.667,0.448,1,-8.96,1,0.0365,0.0241,0,0.125,0.166,108.023,4
spotify:track:4s3RSUwPDxCeWaLEiNOPq3,"Homiesexual (with Ty Dolla $ign)","NEVER ENOUGH","Daniel Caesar;Ty Dolla $ign",2023-04-07,230379,65,true,qo6rqy7mdblflyegpk0z8sxhl,2024-07-03T22:25:34Z,"trap soul","Republic Records",0.633,0.472,8,-10.783,0,0.0406,0.0907,0.00000217,0.1,0.298,99.9,4
spotify:track:3ria9Axw5mheRAOoP9bnof,"WY@","Larger Than Life","Brent Faiyaz",2023-10-27,207998,69,true,qo6rqy7mdblflyegpk0z8sxhl,2024-07-06T06:31:26Z,"r&b","ISO Supremacy under exclusive license to UnitedMasters LLC",0.814,0.312,8,-8.215,1,0.166,0.477,0.000129,0.121,0.298,119.967,4
spotify:track:6Nle9hKrkL1wQpwNfEkxjh,"Chanel","Chanel","Frank Ocean",2017-03-10,210285,80,true,qo6rqy7mdblflyegpk0z8sxhl,2024-07-10T09:13:48Z,"","Blonded",0.776,0.503,0,-5.732,0,0.237,0.874,0,0.112,0.473,110.134,4
spotify:track:7uJH0YdSZL6psjxI6Xy08b,"Acquainted","Beauty Behind The Madness","The Weeknd",2015-08-28,348853,76,true,qo6rqy7mdblflyegpk0z8sxhl,2024-07-10T09:23:58Z,"","The Weeknd/Lyric",0.372,0.478,7,-9.835,0,0.0503,0.482,0,0.0844,0.254,101.102,4
spotify:track:3ijLtvQmoX17q1wTgU7SiI,"Break You Off","Too Late To Die Young","Sonder",2022-10-21,127142,70,true,qo6rqy7mdblflyegpk0z8sxhl,2024-07-10T09:28:23Z,"dark r&b,r&b","Sonder Global LLC",0.788,0.394,11,-9.519,1,0.0929,0.797,0,0.535,0.471,105.002,4
spotify:track:7Cu2COdH93MnuireuKNiS3,"Streetcar","Pilgrim's Paradise","Daniel Caesar",2015-11-12,246972,2,false,qo6rqy7mdblflyegpk0z8sxhl,2024-07-10T09:34:24Z,"","Daniel Caesar",0.41,0.298,3,-11.796,1,0.0473,0.721,0,0.158,0.142,109.651,3
spotify:track:0tkgmjBMU6qSxolAKB3f2H,"MERCEDES","MERCEDES","Brent Faiyaz",2021-12-03,233069,64,true,qo6rqy7mdblflyegpk0z8sxhl,2024-07-10T10:24:10Z,"r&b","Lost Kids",0.547,0.619,3,-6.485,0,0.132,0.0951,0.00000262,0.0716,0.519,76.285,4
spotify:track:0KyzXQhY2yzcb1FYCHkZc2,"Blessed","Freudian","Daniel Caesar",2017-08-25,241370,1,false,qo6rqy7mdblflyegpk0z8sxhl,2024-07-10T10:33:33Z,"","Golden Child Recordings",0.448,0.263,11,-11.98,1,0.0373,0.824,0.00000191,0.106,0.451,109.889,1
spotify:track:6eipQrmTw1N3nUfgLlEa2R,"Nobody Else","Over It","Summer Walker",2019-10-04,233493,59,true,qo6rqy7mdblflyegpk0z8sxhl,2024-07-10T10:43:45Z,"r&b","LVRN/Interscope Records",0.599,0.431,2,-8.039,0,0.0413,0.416,0,0.104,0.387,83.684,4
spotify:track:5Y7dUgG3vyx3541JagbWvv,"This Ain't Love","TAKE TIME","GIVĒON",2020-03-27,164967,56,true,qo6rqy7mdblflyegpk0z8sxhl,2024-07-10T17:42:50Z,"r&b","Epic/Not So Fast",0.416,0.455,7,-9.911,1,0.0923,0.464,0.0000205,0.619,0.408,81.735,4
spotify:track:1au2UduxcvHfa0fZS3Szci,"Lavender Sunflower","Alone At Prom","Tory Lanez",2021-12-10,151966,76,false,qo6rqy7mdblflyegpk0z8sxhl,2024-07-10T17:51:22Z,"","One Umbrella Records",0.607,0.735,4,-6.065,0,0.095,0.253,0,0.11,0.964,88.894,4
spotify:track:4VQH4VluDUOsOuDxccTeyN,"Sanctuary","Nectar","Joji",2020-09-24,180018,79,false,qo6rqy7mdblflyegpk0z8sxhl,2024-07-12T23:18:20Z,"","88rising Music",0.551,0.639,1,-7.475,1,0.123,0.394,0.000141,0.373,0.326,167.809,4
spotify:track:736PP5LTtREkDgktNmX3Gu,"Superpowers","NEVER ENOUGH","Daniel Caesar",2023-04-07,174512,87,false,qo6rqy7mdblflyegpk0z8sxhl,2024-07-13T00:34:19Z,"","Republic Records",0.459,0.433,7,-8.983,1,0.0367,0.614,0.0285,0.19,0.0482,106.626,5
spotify:track:0dJhXJKZTpiaxTUc7uItIN,"Let Me Know","Fuck The World","Brent Faiyaz",2020-02-07,215057,63,false,qo6rqy7mdblflyegpk0z8sxhl,2024-07-13T00:59:12Z,"r&b","Lost Kids",0.743,0.548,6,-6.545,0,0.0947,0.175,0.00018,0.088,0.558,85.017,4
spotify:track:4RnvS1tmh1ERhjXX6dxv95,"Language","Language","Paperboy Fabe;Brent Faiyaz",2017-05-12,150360,76,true,qo6rqy7mdblflyegpk0z8sxhl,2024-07-13T01:03:15Z,"r&b","True Purpose",0.62,0.721,4,-5.538,0,0.0887,0.0422,0.0075,0.563,0.77,169.904,4
spotify:track:02rdXe0KhMe8p6ZHzYtuw0,"lost souls (with Brent Faiyaz)","The Melodic Blue","Baby Keem;Brent Faiyaz",2021-09-22,269727,2,true,qo6rqy7mdblflyegpk0z8sxhl,2024-07-13T01:06:04Z,"r&b","Columbia",0.649,0.347,1,-7.67,0,0.404,0.485,0.0000324,0.154,0.176,169.994,4
spotify:track:5PvVkf1Yuq3XyMqqjPiKPd,"Been Away","Fuck The World","Brent Faiyaz",2020-02-07,223629,78,true,qo6rqy7mdblflyegpk0z8sxhl,2024-08-05T18:37:12Z,"r&b","Lost Kids",0.602,0.5,8,-9.377,1,0.298,0.477,0.0000569,0.295,0.395,132.798,4
spotify:track:4mYSL3RDHto3rcl7I57ndv,"Moment Of Your Life (feat. Coco Jones)","Larger Than Life","Brent Faiyaz;Coco Jones",2023-10-27,194159,67,true,qo6rqy7mdblflyegpk0z8sxhl,2024-08-06T14:28:05Z,"r&b","ISO Supremacy under exclusive license to UnitedMasters LLC",0.77,0.463,10,-5.856,0,0.0488,0.684,0,0.0928,0.562,128.017,4
spotify:track:3uouaAVXpQR3X8RYkJyitQ,"CYANIDE","CASE STUDY 01","Daniel Caesar",2019-06-28,194959,3,true,qo6rqy7mdblflyegpk0z8sxhl,2024-08-06T17:27:04Z,"","Golden Child Recordings",0.589,0.652,10,-7.498,1,0.373,0.704,0.00055,0.125,0.486,158.49,4
spotify:track:5svK1ysz8yk6sLC3bhxUGt,"dec 11th","Give Or Take","GIVĒON",2022-06-24,73209,60,false,qo6rqy7mdblflyegpk0z8sxhl,2024-08-06T18:43:11Z,"r&b","Epic",0.571,0.37,5,-11.797,1,0.116,0.624,0,0.662,0.918,59.886,4
spotify:track:1jQfgl9WRle7D8a3GXLwaD,"Transform (feat. Charlotte Day Wilson)","Freudian","Daniel Caesar;Charlotte Day Wilson",2017-08-25,280586,3,false,qo6rqy7mdblflyegpk0z8sxhl,2024-08-06T18:49:35Z,"","Golden Child Recordings",0.498,0.292,5,-10.656,1,0.031,0.511,0.000019,0.256,0.348,68.963,4
spotify:track:0kbxSimSvdyFqynrNjsBMr,"Bad Habit","Bad Habit","Steve Lacy",2022-06-29,241216,50,true,qo6rqy7mdblflyegpk0z8sxhl,2024-08-08T23:07:10Z,"","L-M Records/RCA Records",0.673,0.533,1,-7.69,1,0.0468,0.608,0.0000814,0.354,0.59,168.988,4
spotify:track:4riDfclV7kPDT9D58FpmHd,"Some","Some","Steve Lacy",2016-10-31,118393,78,true,qo6rqy7mdblflyegpk0z8sxhl,2024-08-08T23:25:44Z,"","L-M Records",0.784,0.554,7,-6.417,1,0.03,0.00548,0.254,0.0995,0.634,104.01,4
spotify:track:2dHHgzDwk4BJdRwy9uXhTO,"Creepin' (with The Weeknd & 21 Savage)","HEROES & VILLAINS","Metro Boomin;The Weeknd;21 Savage",2022-12-02,221520,84,true,qo6rqy7mdblflyegpk0z8sxhl,2024-08-09T13:52:51Z,"","Republic Records",0.716,0.613,1,-6.018,0,0.0522,0.391,0,0.0813,0.157,97.914,4
spotify:track:15YcOL6ddhowfTU165l46C,"blind side","kame 'n left","Tyde",2024-06-21,176691,53,true,qo6rqy7mdblflyegpk0z8sxhl,2024-08-18T22:53:57Z,"dark r&b","ASG STUDIOS",0.507,0.391,2,-12.89,1,0.233,0.792,0.00000417,0.105,0.389,109.029,4
spotify:track:312KmDa6tW7UpZBQqe9sIZ,"better under me","better under me","Tyde",2024-01-26,195512,43,true,qo6rqy7mdblflyegpk0z8sxhl,2024-08-18T22:54:04Z,"dark r&b","ASG STUDIOS",0.696,0.497,0,-9.528,1,0.268,0.382,0,0.112,0.681,178.106,4
spotify:track:6Khr46hLHRgAWvnShNLhu7,"friends?","friends?","Tyde",2024-03-01,119161,39,true,qo6rqy7mdblflyegpk0z8sxhl,2024-08-18T22:54:10Z,"dark r&b","ASG STUDIOS",0.793,0.472,5,-11.334,0,0.228,0.766,0.000172,0.0936,0.67,128.958,4
spotify:track:0uxSUdBrJy9Un0EYoBowng,"20 Min","Luv Is Rage 2 (Deluxe)","Lil Uzi Vert",2017-08-25,220586,87,true,qo6rqy7mdblflyegpk0z8sxhl,2024-08-20T20:44:50Z,"melodic rap,rage rap","Generation Now/Atlantic",0.773,0.75,8,-4.009,0,0.117,0.109,0,0.174,0.783,123.426,4
spotify:track:7AgcqeRnfXaniwk5gJoqO4,"Who's","Who's","Jacquees",2019-05-24,185893,64,false,qo6rqy7mdblflyegpk0z8sxhl,2024-08-20T20:47:46Z,"r&b,trap soul","Cash Money Records Inc.",0.693,0.573,10,-7.652,0,0.22,0.0142,0,0.0372,0.457,129.931,3
spotify:track:1zgHn1EqUyA0HqNYMdJ5ia,"Best Time","Larger Than Life","Brent Faiyaz",2023-10-27,82508,78,true,qo6rqy7mdblflyegpk0z8sxhl,2024-08-29T22:48:41Z,"r&b","ISO Supremacy under exclusive license to UnitedMasters LLC",0.81,0.307,9,-7.215,1,0.12,0.16,0.00298,0.0779,0.697,92.995,4
spotify:track:52wlhIULOeaxZpzuTYrVlt,"Let Me Go","Give Or Take","GIVĒON",2022-06-24,176692,60,false,qo6rqy7mdblflyegpk0z8sxhl,2024-08-29T23:01:32Z,"r&b","Epic",0.622,0.304,0,-8.741,0,0.0407,0.425,0.0000266,0.133,0.224,92.542,4
spotify:track:0ECWkqtSIryUYVjyJMr0yA,"Vanish","TAKE TIME","GIVĒON",2020-03-27,209406,61,false,qo6rqy7mdblflyegpk0z8sxhl,2024-08-31T21:02:25Z,"r&b","Epic/Not So Fast",0.541,0.216,10,-11.292,0,0.0311,0.301,0.0325,0.726,0.346,128.609,3
spotify:track:7q1rfAWSkb8AQpZCgEX3jq,"Running on E","Running on E","Brent Faiyaz",2015-11-15,282040,68,true,qo6rqy7mdblflyegpk0z8sxhl,2024-09-03T00:15:56Z,"r&b","Lost Kids",0.724,0.343,9,-11.791,1,0.0478,0.191,0.559,0.104,0.176,134.017,4
spotify:track:5PSYn0XVImstXPFFDtajEK,"Scarred","Give Or Take","GIVĒON",2022-06-24,178264,59,false,qo6rqy7mdblflyegpk0z8sxhl,2024-09-05T00:53:47Z,"r&b","Epic",0.667,0.591,4,-8.456,0,0.033,0.414,0,0.157,0.434,97.565,3
spotify:track:00selpxxljfn9n5Pf4K3VR,"Show U Off","Show U Off","Brent Faiyaz",2021-03-12,251132,53,true,qo6rqy7mdblflyegpk0z8sxhl,2024-09-10T13:28:39Z,"r&b","Lost Kids",0.583,0.405,0,-11.295,1,0.0534,0.643,0.00391,0.108,0.549,84.997,4
spotify:track:7B1c8GzIeRVfuU7pqgmBaR,"BP","Last Day Of Summer","Summer Walker",2018-10-19,109413,59,false,qo6rqy7mdblflyegpk0z8sxhl,2024-09-12T14:34:24Z,"r&b","LVRN/Interscope Records",0.355,0.311,8,-11.543,1,0.104,0.729,0.0000511,0.206,0.227,75.849,1
spotify:track:1nzbFLItWk2ZXrx8jvTmdZ,"Invite Me","Invite Me","Brent Faiyaz",2016-06-01,194552,57,false,qo6rqy7mdblflyegpk0z8sxhl,2024-09-15T16:47:58Z,"r&b","Lost Kids",0.498,0.449,9,-7.492,0,0.038,0.579,0,0.191,0.256,127.827,4
spotify:track:4w9dTbEcJx8uBTxGvUYC0h,"Self Righteous","T R A P S O U L (Deluxe)","Bryson Tiller",2020-09-25,241406,67,true,qo6rqy7mdblflyegpk0z8sxhl,2024-09-15T17:07:30Z,"trap soul,r&b","TrapSoul/RCA Records",0.521,0.576,7,-7.019,1,0.272,0.204,0,0.223,0.234,100.02,3
spotify:track:2Lwe7PQk7mROzGezTrRVap,"Missin Out","Sonder Son","Brent Faiyaz",2017-10-13,233340,63,true,qo6rqy7mdblflyegpk0z8sxhl,2024-09-15T17:11:44Z,"r&b","Lost Kids",0.324,0.172,7,-14.314,1,0.0553,0.97,0.000464,0.108,0.374,78.011,4
spotify:track:0mL82sxCRjrs3br407IdJh,"Is There Someone Else?","Dawn FM","The Weeknd",2022-01-06,199111,83,false,qo6rqy7mdblflyegpk0z8sxhl,2024-09-17T20:26:11Z,"","XO / Republic Records",0.702,0.586,9,-7.83,0,0.0313,0.0388,0.0000727,0.156,0.608,134.951,4
spotify:track:1fOkmYW3ZFkkjIdOZSf596,"Pink Matter","channel ORANGE","Frank Ocean;André 3000",2012-07-10,268813,82,true,qo6rqy7mdblflyegpk0z8sxhl,2024-09-19T19:36:57Z,"ambient jazz","Red Zone Entertainment / IDJ",0.392,0.233,11,-11.012,0,0.0587,0.951,0.000322,0.106,0.494,176.569,3
spotify:track:236P5yLtfnHgTMxevc0q6F,"TBH","PARTYNEXTDOOR","PARTYNEXTDOOR",2013-07-01,123080,85,false,qo6rqy7mdblflyegpk0z8sxhl,2024-09-21T11:53:09Z,"dark r&b,r&b,trap soul","OVO Sound",0.543,0.681,1,-7.876,0,0.0477,0.159,0.00000149,0.298,0.154,124.926,4
spotify:track:1dnECPoSYg3ni8dr8HhulX,"2 seconds - Bonus","Sailing Soul(s)","Jhené Aiko",2021-03-19,152400,70,true,qo6rqy7mdblflyegpk0z8sxhl,2024-09-21T12:02:57Z,"r&b","Def Jam Recordings",0.657,0.633,7,-9.538,1,0.0555,0.575,0,0.21,0.493,125.898,4
spotify:track:1rKdNSA119ByMxI9chV5J6,"too far close","It'll Be Fine","Chase Shakur",2022-06-24,180266,3,true,qo6rqy7mdblflyegpk0z8sxhl,2024-09-21T12:20:07Z,"dark r&b,r&b","Forever N September",0.795,0.334,4,-10.074,0,0.0479,0.559,0.0148,0.112,0.403,129.99,4
spotify:track:1826XXl1rbdbhFk5xdnXNA,"That's Why I Love You","Chasing Summer","SiR;Sabrina Claudio",2019-08-30,241746,62,true,qo6rqy7mdblflyegpk0z8sxhl,2024-09-21T17:11:00Z,"alternative r&b,neo soul","Top Dawg Entertainment",0.529,0.494,3,-6.081,0,0.438,0.324,0,0.13,0.531,120.073,4
spotify:track:2qhId6ko1ug9A0mw8BQJs8,"Change (with Kehlani)","Phases II - EP","Arin Ray;Kehlani",2019-12-13,192546,52,true,qo6rqy7mdblflyegpk0z8sxhl,2024-09-22T12:27:25Z,"","Interscope Records",0.713,0.475,6,-4.436,0,0.0659,0.0608,0.00000755,0.156,0.33,87.022,4
spotify:track:6LOZws7T3jqZz78unPgFF9,"Dead To Me","Isolation","Kali Uchis",2018-04-06,199505,77,false,qo6rqy7mdblflyegpk0z8sxhl,2024-09-22T20:56:39Z,"","EMI",0.675,0.761,4,-4.469,0,0.0466,0.432,0,0.102,0.428,119.001,4
spotify:track:1sNYvKAc4xMIb7FURYo04r,"Clothes Off (feat. kwn)","While We Wait 2","Kehlani;kwn",2024-08-28,229736,62,true,qo6rqy7mdblflyegpk0z8sxhl,2024-09-23T08:04:55Z,"uk r&b","TSNMI / Atlantic",0.774,0.66,2,-4.294,0,0.0499,0.0997,0.000356,0.121,0.633,117.009,4
spotify:track:6ALoVRxwV5KxaSWyejnmvi,"Untitled (How Does It Feel)","Spotify Singles","GIVĒON",2020-08-28,221969,51,false,qo6rqy7mdblflyegpk0z8sxhl,2024-09-23T19:41:04Z,"r&b","Epic/Not So Fast",0.347,0.331,7,-8.052,1,0.031,0.378,0,0.304,0.305,147.741,4
spotify:track:0e0JshRej2NwT7jahEmv52,"ROLLING STONE","WASTELAND","Brent Faiyaz",2022-07-08,162006,71,true,qo6rqy7mdblflyegpk0z8sxhl,2024-09-30T14:31:00Z,"r&b","Lost Kids LLC., Marketed by Venice / Stem",0.462,0.273,11,-11.768,0,0.0622,0.903,0.0000371,0.101,0.334,141.33,3
spotify:track:7pQAGG3OhXuYZrEh8nUCbi,"Me","Over It","Summer Walker",2019-10-04,128306,53,true,qo6rqy7mdblflyegpk0z8sxhl,2024-09-30T15:09:33Z,"r&b","LVRN/Interscope Records",0.611,0.251,7,-8.286,0,0.0843,0.703,0,0.106,0.056,89.696,4
spotify:track:5xGqh5mjKgOhp9TOlFeCcJ,"Reciprocate","Still Over It","Summer Walker",2021-11-05,182037,56,true,qo6rqy7mdblflyegpk0z8sxhl,2024-09-30T15:37:09Z,"r&b","LVRN/Interscope Records",0.676,0.417,2,-7.551,1,0.113,0.0479,0,0.109,0.487,147.895,4
spotify:track:7DKS0rX27cCEPsK0R6tFWS,"Wasted Times","My Dear Melancholy,","The Weeknd",2018-03-30,220293,69,true,qo6rqy7mdblflyegpk0z8sxhl,2024-09-30T15:43:57Z,"","The Weeknd/Lyric",0.547,0.679,10,-6.167,0,0.0595,0.61,0.0000142,0.111,0.288,122.696,4
spotify:track:4rzfXpou7FRHP1kIAerMCH,"Too Much","Too Much","Avenoir",2024-06-21,230560,58,true,qo6rqy7mdblflyegpk0z8sxhl,2024-09-30T15:52:15Z,"dark r&b,alternative r&b,r&b","Avenoir, under exclusive license to LISTEN TO THE KIDS",0.452,0.373,9,-11.593,0,0.0384,0.795,0.0147,0.105,0.145,130.039,4
spotify:track:1y9kw88x5zwG9Pyxu3veQ2,"Ew","Nectar","Joji",2020-09-24,207710,69,false,qo6rqy7mdblflyegpk0z8sxhl,2024-09-30T16:46:03Z,"","88rising Music",0.494,0.374,7,-9.322,0,0.0275,0.799,0.0785,0.12,0.038,114.06,4
spotify:track:0JwfrZk5keNp3SYhZn6Wi1,"No One Knows","A.M. Paradox","Brent Faiyaz",2016-09-20,271246,75,true,qo6rqy7mdblflyegpk0z8sxhl,2024-10-03T11:49:40Z,"r&b","Lost Kids, LLC",0.547,0.618,4,-9.709,0,0.207,0.357,0.0000431,0.106,0.307,103.919,4
spotify:track:4FVeq46pcFppDtiMd8GReE,"MORAL","MORAL","Avenoir",2023-03-03,165360,51,true,qo6rqy7mdblflyegpk0z8sxhl,2024-10-03T11:55:05Z,"dark r&b,alternative r&b,r&b","Avenoir, under exclusive license to LISTEN TO THE KIDS",0.352,0.21,7,-14.672,0,0.0387,0.904,0.00000432,0.106,0.0499,111.048,1
spotify:track:2jGjNCH6Op0BqBHPc4Rd8d,"Lovely","A.M. Paradox","Brent Faiyaz",2016-09-20,291098,62,false,qo6rqy7mdblflyegpk0z8sxhl,2024-10-03T12:06:19Z,"r&b","Lost Kids, LLC",0.319,0.472,8,-8.659,0,0.0574,0.573,0.0000292,0.13,0.0574,143.684,3
spotify:track:5wzPDiNVgJ5Rvhjne9Uj3F,"act ii: date @ 8","u made me a st4r","4batz",2024-05-03,113684,61,true,qo6rqy7mdblflyegpk0z8sxhl,2024-10-03T12:21:20Z,"","4batz/gamma.",0.741,0.451,0,-13.117,1,0.101,0.51,0.0000201,0.403,0.558,136.48,4
spotify:track:0KWqQGdduJDz8OSFuML6Eo,"Just Like Me","Last Day Of Summer","Summer Walker",2018-10-19,250146,49,false,qo6rqy7mdblflyegpk0z8sxhl,2024-10-03T12:51:39Z,"r&b","LVRN/Interscope Records",0.433,0.265,0,-10.121,0,0.0433,0.971,0.0000284,0.102,0.246,129.38,3
spotify:track:5tFDgH6do20IXdSoNBAmXK,"I Should Have Cheated","The Way It Is","Keyshia Cole",2005-01-01,327693,66,false,qo6rqy7mdblflyegpk0z8sxhl,2024-10-03T13:12:14Z,"r&b","A&M (UC)",0.562,0.533,2,-4.266,0,0.0362,0.267,0,0.332,0.388,86.599,3
spotify:track:4OPcKAVpIquCyW94TEaD3A,"i don't wanna fall in love, it's too late now","It'll Be Fine","Chase Shakur",2022-06-24,55048,1,true,qo6rqy7mdblflyegpk0z8sxhl,2024-10-05T12:18:06Z,"dark r&b,r&b","Forever N September",0.352,0.344,9,-7.467,0,0.0355,0.773,0,0.377,0.341,107.722,3
spotify:track:3MAgQuClHcAV8E9CbeBS6f,"Lotus Flower Bomb (feat. Miguel)","Ambition","Wale;Miguel",2011-10-28,213253,73,true,qo6rqy7mdblflyegpk0z8sxhl,2024-10-05T14:09:25Z,"r&b","MMG/Warner Records",0.512,0.598,9,-4.959,0,0.115,0.611,0,0.0881,0.345,70.189,4
spotify:track:4xKQtLZn8m2d2KJy13ZujE,"PRICE OF FAME","WASTELAND","Brent Faiyaz",2022-07-08,379004,59,true,qo6rqy7mdblflyegpk0z8sxhl,2024-10-07T12:44:50Z,"r&b","Lost Kids LLC., Marketed by Venice / Stem",0.428,0.367,9,-9.905,1,0.0914,0.132,0,0.149,0.174,71.184,4
spotify:track:7qe6LCoKxL9JnA3S9j7q5c,"Unforgettable (feat. Swae Lee)","R&B Summer Vibes","French Montana;Swae Lee",2021-05-14,233901,57,true,qo6rqy7mdblflyegpk0z8sxhl,2024-10-08T09:14:24Z,"","Legacy Recordings",0.726,0.769,6,-5.043,1,0.123,0.0293,0.01,0.104,0.733,97.985,4
spotify:track:1I08zQMc1sHy2xwd8itedV,"Soh-Soh","Sunday At Zuri's","Odeal",2024-07-05,184552,1,false,qo6rqy7mdblflyegpk0z8sxhl,2024-10-08T15:47:34Z,"afroswing,afro r&b,alté,uk r&b,afrobeats,afrobeat","OVMBR",0.776,0.549,9,-14.509,0,0.0574,0.0578,0.0149,0.0868,0.679,95.021,4
spotify:track:7tr8SXmP9j0uVqUU0qoapb,"Attention","Bryson Tiller","Bryson Tiller",2024-04-05,216043,67,true,qo6rqy7mdblflyegpk0z8sxhl,2024-10-08T15:47:57Z,"trap soul,r&b","TrapSoul/RCA Records",0.568,0.731,3,-5.482,0,0.0576,0.0735,0.0000228,0.0967,0.496,130.497,4
spotify:track:5tqZJUHEuqdN12RZVq2l9p,"Hold On","Hive Mind","The Internet",2018-07-20,406432,69,false,qo6rqy7mdblflyegpk0z8sxhl,2024-10-12T10:16:12Z,"alternative r&b,neo soul","Columbia",0.7,0.414,0,-10.864,1,0.0373,0.849,0.0606,0.107,0.444,60.479,4
spotify:track:4lsHZ92XCFOQfzJFBTluk8,"You Got It","For You","Vedo",2020-03-27,203144,72,true,qo6rqy7mdblflyegpk0z8sxhl,2024-10-12T12:46:10Z,"","New Wav Music Group / Island Prolific / EMPIRE",0.762,0.433,5,-8.937,1,0.187,0.143,0,0.118,0.394,122.074,4
spotify:track:2f86Ae3R4OKAu1lEIqouih,"To Summer, From Cole - Audio Hug","CLEAR 2: SOFT LIFE EP","Summer Walker;J. Cole",2023-05-19,147666,67,true,qo6rqy7mdblflyegpk0z8sxhl,2024-10-19T09:26:44Z,"r&b,rap","LVRN/Interscope Records",0.73,0.468,6,-9.911,0,0.314,0.711,0.000005,0.101,0.6,74.044,4
spotify:track:1MpQyTgfVMpUOnwKMTSMzu,"Keep Doing What You're Doing","A N N I V E R S A R Y","Bryson Tiller",2020-10-02,178088,65,false,qo6rqy7mdblflyegpk0z8sxhl,2024-10-19T09:33:26Z,"trap soul,r&b","TrapSoul/RCA Records",0.363,0.359,10,-12.19,0,0.101,0.84,0.0000911,0.353,0.142,74.526,1
spotify:track:2D5syPC60v8voqHqo9kUtn,"Get To You","Give Or Take","GIVĒON",2022-06-24,205772,57,false,qo6rqy7mdblflyegpk0z8sxhl,2024-10-19T09:40:06Z,"r&b","Epic",0.356,0.44,8,-10.895,0,0.0552,0.554,0.00000352,0.551,0.125,95.547,4
spotify:track:3mHO1J6kfiArjBo1zhLFGP,"Coming Down","House Of Balloons (Original)","The Weeknd",2011-03-21,295435,80,false,qo6rqy7mdblflyegpk0z8sxhl,2024-10-19T10:00:46Z,"","The Weeknd/Lyric",0.694,0.649,2,-5.262,0,0.0353,0.303,0.0000241,0.206,0.344,120.973,4
spotify:track:6DxQb1QXBymgaMBZJujxV2,"Hit My Phone (feat. Kehlani)","Suga","Megan Thee Stallion;Kehlani",2020-03-06,150767,45,true,qo6rqy7mdblflyegpk0z8sxhl,2024-10-19T10:22:32Z,"","300 Entertainment",0.831,0.627,11,-6.614,0,0.176,0.276,0,0.199,0.76,108.042,4
spotify:track:0wqgbpLaOTjnxoxL1WV5Fr,"Jealous (feat. Lexii Alijai)","You Should Be Here","Kehlani;Lexii Alijai",2015-04-28,218592,45,true,qo6rqy7mdblflyegpk0z8sxhl,2024-10-19T10:28:37Z,"","P2015",0.597,0.44,9,-9.819,1,0.163,0.236,0,0.0984,0.665,116.305,4
spotify:track:5YbHnEYZFkOxLsp5syLMLy,"BAD LUCK","WASTELAND","Brent Faiyaz",2022-07-08,162009,60,true,qo6rqy7mdblflyegpk0z8sxhl,2024-10-19T10:36:06Z,"r&b","Lost Kids LLC., Marketed by Venice / Stem",0.604,0.473,5,-8.866,0,0.0907,0.356,0.00000198,0.163,0.349,90.97,4
spotify:track:1nTNZgKeqm4ODmIVL07nxe,"Unholy Matrimony","Give Or Take","GIVĒON",2022-06-24,200476,62,false,qo6rqy7mdblflyegpk0z8sxhl,2024-10-22T13:11:48Z,"r&b","Epic",0.514,0.406,1,-10.157,1,0.0856,0.54,0.00077,0.0953,0.46,118.337,4
spotify:track:7aVKQJZwdqyEPkvKSyEuxj,"Baby","Last Day Of Summer","Summer Walker",2018-10-19,88186,59,false,qo6rqy7mdblflyegpk0z8sxhl,2024-10-22T16:00:42Z,"r&b","LVRN/Interscope Records",0.548,0.461,9,-10.17,0,0.0397,0.754,0.0522,0.11,0.64,84.723,4
spotify:track:4YNrBVo8fv6qiTNwHLVDai,"Potential","Over It","Summer Walker",2019-10-04,173120,59,true,qo6rqy7mdblflyegpk0z8sxhl,2024-10-22T16:12:58Z,"r&b","LVRN/Interscope Records",0.53,0.37,1,-7.416,1,0.041,0.572,0,0.0765,0.291,72.732,4
spotify:track:1dbar1XukTbn7FQzQTqDQK,"Outside All Night (feat. A$AP Rocky & N3WYRKLA)","Larger Than Life","Brent Faiyaz;N3WYRKLA;A$AP Rocky",2023-10-27,202841,68,true,qo6rqy7mdblflyegpk0z8sxhl,2024-10-29T16:53:16Z,"r&b,rap","ISO Supremacy under exclusive license to UnitedMasters LLC",0.646,0.648,1,-7.408,0,0.15,0.0741,0,0.215,0.833,141.966,4
spotify:track:6VZLsH7QWE4ZXuhWyVaEmB,"1st Position","Cloud 19","Kehlani",2014-08-26,190610,44,true,qo6rqy7mdblflyegpk0z8sxhl,2024-10-30T17:13:50Z,"","TSNMI / Atlantic",0.58,0.59,0,-6.594,1,0.0439,0.00474,0.00000234,0.0589,0.172,116.862,4
spotify:track:0BYuy4jQEMJzyo6rySSQpC,"Please Do Not Lean (feat. BADBADNOTGOOD) - Bonus","NEVER ENOUGH (Bonus Version)","Daniel Caesar;BADBADNOTGOOD",2023-04-10,240937,71,false,qo6rqy7mdblflyegpk0z8sxhl,2024-11-02T11:35:01Z,"","Republic Records",0.686,0.402,1,-13.643,1,0.0381,0.252,0.0000087,0.165,0.496,128.005,4
spotify:track:0Odu228D0yGcFySGuxU4rY,"The Take (feat. Chris Brown)","Chixtape 5","Tory Lanez;Chris Brown",2019-11-15,221492,70,true,qo6rqy7mdblflyegpk0z8sxhl,2024-11-02T20:31:52Z,"r&b","Mad Love/Interscope Records",0.464,0.547,7,-8.137,0,0.339,0.0511,0,0.155,0.423,67.003,4
spotify:track:6uYf05g0HXNsjB1JEhaaVl,"Someone New","Too Late To Die Young","Sonder",2022-10-21,175617,66,true,qo6rqy7mdblflyegpk0z8sxhl,2024-11-03T16:25:48Z,"dark r&b,r&b","Sonder Global LLC",0.41,0.303,11,-11.315,1,0.0367,0.122,0.00201,0.123,0.114,178.141,4
spotify:track:1QoyuMHNBe7lg3YW4Qtll4,"St. Chroma (feat. Daniel Caesar)","CHROMAKOPIA","Tyler, The Creator;Daniel Caesar",2024-10-28,197019,77,true,qo6rqy7mdblflyegpk0z8sxhl,2024-11-03T23:38:52Z,"","Columbia",0.576,0.884,0,-5.058,1,0.555,0.357,0,0.368,0.373,150.45,4
spotify:track:2JqkpMe2eJToJNHEqkJeCu,"Forever Yours","Larger Than Life","Brent Faiyaz",2023-10-27,96368,76,true,qo6rqy7mdblflyegpk0z8sxhl,2024-11-03T23:41:06Z,"r&b","ISO Supremacy under exclusive license to UnitedMasters LLC",0.646,0.503,2,-7.472,1,0.0312,0.00426,0.000279,0.652,0.789,137.007,4
spotify:track:6R55Qoa7SRZ744U85UdMVp,"Random Access Memory [RAM] (feat. Clara La San)","Bryson Tiller","Bryson Tiller;Clara La San",2024-04-05,144112,55,true,qo6rqy7mdblflyegpk0z8sxhl,2024-11-03T23:57:15Z,"trap soul,r&b","TrapSoul/RCA Records",0.449,0.469,10,-11.188,0,0.206,0.485,0.0000022,0.639,0.354,150.178,4
spotify:track:12VH4g5pTMZmrUVzfJq7F7,"M a k e I t T o T h e M o r n i n g","PARTYNEXTDOOR 4 (P4)","PARTYNEXTDOOR",2024-04-26,168453,83,true,qo6rqy7mdblflyegpk0z8sxhl,2024-11-05T15:40:39Z,"dark r&b,r&b,trap soul","OVO Sound",0.677,0.622,4,-5.901,0,0.0287,0.0831,0.00749,0.154,0.0903,122.738,4
spotify:track:2r7BPog74oaTG5shNYiUnV,"House Of Balloons / Glass Table Girls","House Of Balloons (Original)","The Weeknd",2011-03-21,407315,81,true,qo6rqy7mdblflyegpk0z8sxhl,2024-11-07T18:53:38Z,"","The Weeknd/Lyric",0.662,0.511,0,-8.419,1,0.0342,0.00237,0.0036,0.275,0.228,88.989,4
spotify:track:4Mteyd60tfstDuzfkGqXx1,"Too Late","SOS","SZA",2022-12-08,164426,54,false,qo6rqy7mdblflyegpk0z8sxhl,2024-11-08T15:27:06Z,"r&b","Top Dawg Entertainment/RCA Records",0.415,0.692,11,-7.52,1,0.0763,0.773,0.000624,0.341,0.355,101.867,4
spotify:track:00imgaPlYRrMGn9o83hfmk,"LOOSE CHANGE","WASTELAND","Brent Faiyaz",2022-07-08,226011,63,true,qo6rqy7mdblflyegpk0z8sxhl,2024-11-08T15:36:11Z,"r&b","Lost Kids LLC., Marketed by Venice / Stem",0.574,0.369,1,-8.931,0,0.0814,0.753,0,0.147,0.44,84.975,4
spotify:track:6KOc6ViZB8NtfCVABmTe66,"Let It Burn","Reality Show","Jazmine Sullivan",2015-01-12,223100,59,true,qo6rqy7mdblflyegpk0z8sxhl,2024-11-10T19:03:59Z,"r&b","RCA Records Label",0.559,0.56,8,-7.508,0,0.0375,0.264,0,0.112,0.425,79.016,4
spotify:track:6cEguiQecbXrFlsnMi2ysr,"Come and See Me (feat. Drake)","PARTYNEXTDOOR 3 (P3)","PARTYNEXTDOOR;Drake",2016-08-12,235477,79,true,qo6rqy7mdblflyegpk0z8sxhl,2024-11-10T19:47:20Z,"dark r&b,r&b,trap soul,rap","OVO Sound",0.77,0.347,2,-10.265,1,0.0623,0.0511,0.00000257,0.087,0.0583,84.957,4
spotify:track:1SsUx7lHTfuiSSB1KfRMdE,"Distance","Dawn","Yebba",2021-09-10,255794,60,false,qo6rqy7mdblflyegpk0z8sxhl,2024-11-10T19:56:05Z,"","RCA Records Label",0.601,0.511,0,-7.297,1,0.038,0.68,0.252,0.0732,0.469,139.955,4
spotify:track:5BhK8Mho223YLPQOLfzWNP,"Killing Me","Ivory","Omar Apollo",2022-04-08,165320,59,true,qo6rqy7mdblflyegpk0z8sxhl,2024-11-12T19:06:07Z,"bedroom pop","Warner Records",0.861,0.27,6,-9.515,0,0.0616,0.301,0.00288,0.124,0.608,84.004,4
spotify:track:5ye1TParxcolbnNsOXO8qE,"Sleep Well","Petals to Thorns","d4vd",2023-05-26,175875,5,false,qo6rqy7mdblflyegpk0z8sxhl,2024-11-13T14:20:49Z,"","Darkroom/Interscope Records",0.37,0.358,8,-10.633,1,0.0317,0.799,0.00000708,0.142,0.186,147.581,3
spotify:track:7dQeS4ErW1iWvnKdrtKwKr,"Around Me","Lost","Brent Faiyaz",2018-10-19,183022,56,true,qo6rqy7mdblflyegpk0z8sxhl,2024-11-13T14:30:57Z,"r&b","Lost Kids / Human Re Sources",0.595,0.18,1,-12.516,1,0.0659,0.576,0.0000456,0.097,0.119,75.067,4
spotify:track:4OmfWzukSVD140NiAIEjem,"Static","Gemini Rights","Steve Lacy",2022-07-15,156538,73,true,qo6rqy7mdblflyegpk0z8sxhl,2024-11-14T10:21:26Z,"","L-M Records/RCA Records",0.335,0.305,1,-12.661,1,0.0741,0.434,0.631,0.101,0.215,79.001,5
spotify:track:5Ck3e6z1bcSCes5gdo0Ddt,"Bed Peace","Sail Out","Jhené Aiko;Childish Gambino",2013-01-01,256079,74,true,qo6rqy7mdblflyegpk0z8sxhl,2024-11-14T10:46:49Z,"r&b","Def Jam Recordings",0.628,0.566,6,-7.811,1,0.0575,0.269,0.0000367,0.135,0.299,119.859,4
spotify:track:6WHZvtFnceMMv08gUCHR0y,"BELIEVE IT","PARTYMOBILE","PARTYNEXTDOOR;Rihanna",2020-03-27,183219,65,true,qo6rqy7mdblflyegpk0z8sxhl,2024-11-14T11:32:51Z,"dark r&b,r&b,trap soul","OVO Sound",0.431,0.7,6,-5.35,1,0.265,0.0901,0,0.216,0.73,157.871,4
spotify:track:3pcxxaUxAMSfz2zgetHydD,"Insane","Still Over It","Summer Walker",2021-11-05,189905,59,true,qo6rqy7mdblflyegpk0z8sxhl,2024-11-14T11:55:19Z,"r&b","LVRN/Interscope Records",0.39,0.607,3,-8.056,1,0.303,0.632,0.000162,0.138,0.347,161.625,4
spotify:track:6Aj2H0Z0v0JgnSfPEwCgW0,"Babylon (feat. Kendrick Lamar)","Z","SZA;Kendrick Lamar",2014-04-08,234284,57,true,qo6rqy7mdblflyegpk0z8sxhl,2024-11-14T12:34:25Z,"r&b,hip hop,west coast hip hop","Top Dawg Entertainment",0.51,0.71,5,-6.891,0,0.113,0.629,0,0.0607,0.367,131.891,4
spotify:track:2FbGlEPAjNhWvrVvlentVq,"Cameras / Good Ones Go Interlude - Medley","Take Care (Deluxe)","Drake",2011-11-15,434960,77,true,qo6rqy7mdblflyegpk0z8sxhl,2024-11-14T14:41:25Z,"rap","Cash Money Records/Young Money Ent./Universal Rec.",0.441,0.403,2,-11.18,0,0.147,0.255,0.0000127,0.13,0.158,139.92,4
spotify:track:72TFWvU3wUYdUuxejTTIzt,"Work","ANTI (Deluxe)","Rihanna;Drake",2016-01-28,219320,83,true,qo6rqy7mdblflyegpk0z8sxhl,2024-11-14T18:51:44Z,"rap","Roc Nation / Rihanna",0.723,0.534,11,-6.238,1,0.0891,0.0747,0,0.0919,0.551,91.974,4
spotify:track:4LiQ8uAynrXFWY0vimnAa1,"How Many Drinks?","Kaleidoscope Dream (Deluxe Version)","Miguel",2012,273111,69,true,qo6rqy7mdblflyegpk0z8sxhl,2024-11-15T05:41:41Z,"r&b","ByStorm Entertainment/RCA Records",0.379,0.608,0,-7.011,0,0.134,0.00311,0.000614,0.251,0.241,81.734,4
spotify:track:3ym8ajVmKm6Fybgov3WBI5,"Let Me Go","NEVER ENOUGH","Daniel Caesar",2023-04-07,216524,76,false,qo6rqy7mdblflyegpk0z8sxhl,2024-11-15T05:50:28Z,"","Republic Records",0.591,0.473,7,-8.122,0,0.0708,0.694,0.00334,0.108,0.451,152.88,4
spotify:track:6WgkOAIOPoumdilSCdYFPB,"Burn One (Interlude)","Sonder Son","Brent Faiyaz",2017-10-13,108562,58,false,qo6rqy7mdblflyegpk0z8sxhl,2024-11-15T06:13:17Z,"r&b","Lost Kids",0.693,0.278,3,-11.715,0,0.114,0.79,0,0.366,0.862,85.076,3
spotify:track:3WSBP6JEf4Y2aKD2swQ8AG,"4th Baby Mama","Still Over It","Summer Walker",2021-11-05,225000,52,true,qo6rqy7mdblflyegpk0z8sxhl,2024-11-15T13:53:33Z,"r&b","LVRN/Interscope Records",0.874,0.348,9,-9.643,1,0.0767,0.339,0.0000086,0.116,0.151,111.98,4
spotify:track:3F1gjSkTX9kvxOo6BnlRNd,"Losing","H.E.R. Volume 1","H.E.R.",2016-09-09,225780,44,false,qo6rqy7mdblflyegpk0z8sxhl,2024-11-15T17:38:51Z,"r&b","MBK Entertainment/RCA Records",0.422,0.349,4,-12.424,0,0.315,0.339,0.00024,0.108,0.134,57,4
spotify:track:4SCnCPOUOUXUmCX2uHb3r7,"Outta Time (feat. Drake)","A N N I V E R S A R Y","Bryson Tiller;Drake",2020-10-02,198821,69,false,qo6rqy7mdblflyegpk0z8sxhl,2024-11-16T04:08:49Z,"trap soul,r&b,rap","TrapSoul/RCA Records",0.714,0.582,5,-7.272,0,0.0808,0.0129,0,0.0774,0.338,92.819,4
spotify:track:2WUGnxLyK24CbGCcTIjEBY,"Think About Me","Morning After","dvsn",2017-10-13,246240,52,true,qo6rqy7mdblflyegpk0z8sxhl,2024-11-16T16:51:03Z,"trap soul","OVO Sound",0.549,0.294,7,-10.2,1,0.048,0.0606,0.792,0.0933,0.11,105.03,4
spotify:track:3GVb5ng1DzHowIbeDNkNVv,"Smartwater","Last Day Of Summer","Summer Walker",2018-10-19,144320,53,false,qo6rqy7mdblflyegpk0z8sxhl,2024-11-16T17:02:37Z,"r&b","LVRN/Interscope Records",0.651,0.29,8,-11.972,0,0.254,0.761,0.00000622,0.102,0.139,100.253,4
spotify:track:7JWmo14H5J8aUZ5b18kbev,"All The Time (feat. Lil Wayne & Natasha Mosley)","Late Nights With Jeremih","Jeremih;Lil Wayne;Natasha Mosley",2022-03-11,263785,68,true,qo6rqy7mdblflyegpk0z8sxhl,2024-11-16T17:32:52Z,"rap,hip hop","Def Jam Recordings",0.795,0.452,9,-9.369,0,0.331,0.58,0.00000556,0.12,0.0357,109.953,4
spotify:track:6537jhwnXegjdXhLqorbjE,"Always (feat. Summer Walker) - Bonus","NEVER ENOUGH (Bonus Version)","Daniel Caesar;Summer Walker",2023-04-10,222402,66,true,qo6rqy7mdblflyegpk0z8sxhl,2024-11-16T17:43:12Z,"r&b","Republic Records",0.568,0.452,9,-8.003,1,0.0526,0.678,0,0.112,0.169,136.159,4
spotify:track:5mCPDVBb16L4XQwDdbRUpz,"Passionfruit","More Life","Drake",2017-03-18,298940,90,true,qo6rqy7mdblflyegpk0z8sxhl,2024-11-18T09:33:56Z,"rap","Cash Money Records/Young Money Ent./Universal Rec.",0.809,0.463,11,-11.377,1,0.0396,0.256,0.085,0.109,0.364,111.98,4
spotify:track:49FYlytm3dAAraYgpoJZux,"Umbrella","Good Girl Gone Bad: Reloaded","Rihanna;JAŸ-Z",2008-06-02,275986,87,false,qo6rqy7mdblflyegpk0z8sxhl,2024-11-18T10:31:23Z,"hip hop,east coast hip hop,rap","Def Jam Recordings",0.585,0.828,1,-4.603,1,0.124,0.00906,0,0.0426,0.584,174.034,4
spotify:track:6PmjWl0phNxc0R5OwkDdiZ,"Love Don't Change","All About You","Jeremih",2010-01-01,256866,2,false,qo6rqy7mdblflyegpk0z8sxhl,2024-11-18T10:59:30Z,"","Def Jam",0.539,0.424,11,-9.361,1,0.0406,0.317,0,0.108,0.17,118.071,4
spotify:track:0g0Rxk2v2gtdun5gu4Sx8X,"With Me","SEPT 5TH","dvsn",2016-03-27,419500,52,true,qo6rqy7mdblflyegpk0z8sxhl,2024-11-18T11:47:24Z,"trap soul","OVO Sound",0.771,0.467,0,-8.642,1,0.0308,0.0312,0.000696,0.31,0.241,110.009,4
spotify:track:05vvPTidbjvDySLc9o65YS,"Don't Forget About Me","Petals to Thorns","d4vd",2023-05-26,149324,0,false,qo6rqy7mdblflyegpk0z8sxhl,2024-11-19T04:27:09Z,"","Darkroom/Interscope Records",0.657,0.452,8,-10.239,1,0.0378,0.0767,0.00739,0.139,0.295,117.641,4
spotify:track:0NHvTrD8Igke3fawcp3njY,"Wus Good / Curious","PARTYNEXTDOOR","PARTYNEXTDOOR",2013-07-01,212880,75,true,qo6rqy7mdblflyegpk0z8sxhl,2024-11-19T05:41:55Z,"dark r&b,r&b,trap soul","OVO Sound",0.343,0.536,11,-8.215,1,0.0805,0.0737,0.000129,0.225,0.456,82.836,5
spotify:track:40ux5ovsNq0r4sJ6lNC1Uk,"Footsteps (feat. Musiq Soulchild)","While We Wait","Kehlani;Musiq Soulchild",2019-02-21,273349,46,false,qo6rqy7mdblflyegpk0z8sxhl,2024-11-19T05:45:38Z,"neo soul,r&b,quiet storm","TSNMI / Atlantic",0.42,0.638,2,-4.212,1,0.209,0.817,0,0.371,0.478,88.546,4
spotify:track:74NI58MQexwZjNu1Gu6GjT,"Far","SOS","SZA",2022-12-09,180680,66,true,qo6rqy7mdblflyegpk0z8sxhl,2024-11-19T06:18:28Z,"r&b","Top Dawg Entertainment/RCA Records",0.612,0.549,2,-7.401,1,0.0833,0.672,0.000203,0.163,0.477,115.915,4
spotify:track:3BtuIIrQlkujKPuWF2B85z,"Too Good","Views","Drake;Rihanna",2016-05-06,263373,77,true,qo6rqy7mdblflyegpk0z8sxhl,2024-11-19T07:16:09Z,"rap","Cash Money Records/Young Money Ent./Universal Rec.",0.794,0.653,7,-7.839,1,0.104,0.0489,0.0000488,0.1,0.397,117.996,4
spotify:track:4deAN7JXhdHHifxOp0TTjU,"Do You Like Me?","NEVER ENOUGH","Daniel Caesar",2023-04-07,227520,71,true,qo6rqy7mdblflyegpk0z8sxhl,2024-11-19T07:46:40Z,"","Republic Records",0.718,0.398,11,-6.774,1,0.0396,0.498,0.0352,0.129,0.373,76.976,4
spotify:track:7newfXclX39UwWTw2gDswM,"Tread Carefully","Ctrl (Deluxe)","SZA",2022-06-09,182068,58,true,qo6rqy7mdblflyegpk0z8sxhl,2024-11-19T07:49:21Z,"r&b","Top Dawg Entertainment/RCA Records",0.505,0.249,1,-14.879,0,0.139,0.115,0,0.155,0.207,115.815,4
spotify:track:081Shn2hU3YxvQmGaCPegr,"Unloyal (with Ari Lennox)","Still Over It","Summer Walker;Ari Lennox",2021-11-05,207294,61,true,qo6rqy7mdblflyegpk0z8sxhl,2024-11-19T09:50:11Z,"r&b,alternative r&b,neo soul","LVRN/Interscope Records",0.805,0.51,4,-6.179,0,0.0569,0.0357,0.000469,0.108,0.36,127.983,4
spotify:track:5c3luoCub1Z1Gg74NdNtuq,"Belong to the City","PARTYNEXTDOOR TWO","PARTYNEXTDOOR",2014-07-29,98023,80,true,qo6rqy7mdblflyegpk0z8sxhl,2024-11-19T11:06:02Z,"dark r&b,r&b,trap soul","OVO Sound",0.582,0.482,5,-9.813,0,0.0479,0.709,0.00138,0.129,0.193,88.198,4
spotify:track:59acp1OhcvxwVBwQJBYKuX,"Loose","Freudian","Daniel Caesar",2017-08-25,185522,5,false,qo6rqy7mdblflyegpk0z8sxhl,2024-11-19T12:58:39Z,"","Golden Child Recordings",0.198,0.162,1,-15.815,1,0.0343,0.926,0.00896,0.135,0.0527,70.453,1
spotify:track:6ieWL5CLN9WdC875guWtMe,"Lady Of Namek","Alone At Prom","Tory Lanez",2021-12-10,193993,76,true,qo6rqy7mdblflyegpk0z8sxhl,2024-11-20T00:30:22Z,"","One Umbrella Records",0.676,0.659,11,-5.123,0,0.0476,0.194,0,0.283,0.595,134.985,4
spotify:track:0ReoK9isNvJmI7nV2iJcNR,"Paper Soldier (feat. Joony)","Paper Soldier (feat. Joony)","Brent Faiyaz;Joony;ISO Supremacy",2021-02-08,202106,73,true,qo6rqy7mdblflyegpk0z8sxhl,2024-11-21T06:29:58Z,"r&b,dark r&b","ISO Supremacy under exclusive license to UnitedMasters LLC",0.687,0.598,5,-9.184,0,0.056,0.163,0.00952,0.248,0.489,151.027,4
spotify:track:1Es7AUAhQvapIcoh3qMKDL,"Timeless (feat. Playboi Carti)","Timeless","The Weeknd;Playboi Carti",2024-09-27,256000,15,true,qo6rqy7mdblflyegpk0z8sxhl,2024-11-21T07:10:30Z,"rage rap","XO / Republic Records",0.769,0.722,11,-5.485,0,0.0507,0.0584,0.00000256,0.111,0.57,119.973,4
spotify:track:1luvsaicSpNDRLgOtRZxWO,"Constant Bullshit","Still Over It","Summer Walker",2021-11-05,197094,60,true,qo6rqy7mdblflyegpk0z8sxhl,2024-11-21T07:36:50Z,"r&b","LVRN/Interscope Records",0.438,0.54,4,-9.456,0,0.0519,0.223,0,0.141,0.389,118.581,4
spotify:track:4jTs7ny5eSRnKTzxdrFv5I,"Smoking on my Ex Pack","SOS","SZA",2022-12-09,83826,61,true,qo6rqy7mdblflyegpk0z8sxhl,2024-11-21T08:01:14Z,"r&b","Top Dawg Entertainment/RCA Records",0.466,0.676,8,-8.097,1,0.38,0.241,0.00318,0.224,0.333,81.227,4
spotify:track:1k7Sn04nBNcLKbSwORsFgJ,"Session 33","Still Over It","Summer Walker",2021-11-05,127085,55,true,qo6rqy7mdblflyegpk0z8sxhl,2024-11-21T08:01:21Z,"r&b","LVRN/Interscope Records",0.618,0.137,8,-12.774,1,0.0609,0.871,0,0.152,0.377,83.188,5
spotify:track:3phwC9mMlIwLuTuhReiYia,"L.A.","Sonder Son","Brent Faiyaz",2017-10-13,316045,64,true,qo6rqy7mdblflyegpk0z8sxhl,2024-11-21T08:08:02Z,"r&b","Lost Kids",0.517,0.598,8,-10.251,0,0.1,0.275,0.000542,0.276,0.528,140.131,4
spotify:track:14Q7Qja4PJwjMsKdBZcnww,"Sunshine (feat. Fousheé)","Gemini Rights","Steve Lacy;Fousheé",2022-07-14,293428,72,false,qo6rqy7mdblflyegpk0z8sxhl,2024-11-21T08:31:53Z,"indie r&b","L-M Records/RCA Records",0.692,0.683,1,-5.892,0,0.0241,0.0341,0.72,0.113,0.722,93.037,4
spotify:track:41CJn3Q0pJwcNHbF8RM2QE,"july 16th","Give Or Take","GIVĒON",2022-06-24,110716,55,false,qo6rqy7mdblflyegpk0z8sxhl,2024-11-21T08:39:09Z,"r&b","Epic",0.373,0.213,7,-13.034,1,0.0356,0.931,0.00000202,0.524,0.403,79.44,4
spotify:track:3NktF1rRdORH8FH3p8wKp3,"Indonesian Fantasies","Too Late To Die Young","Sonder",2022-10-21,119505,68,true,qo6rqy7mdblflyegpk0z8sxhl,2024-11-21T14:33:52Z,"dark r&b,r&b","Sonder Global LLC",0.789,0.521,1,-7.923,0,0.115,0.0657,0.000155,0.0918,0.529,91.018,4
spotify:track:6GGmABM6AMwMzEhK7szqJT,"Pink Dolphin Sunset (feat. Tee)","Alone At Prom","Tory Lanez;Tee",2021-12-10,212450,69,false,qo6rqy7mdblflyegpk0z8sxhl,2024-11-21T15:13:30Z,"","One Umbrella Records",0.772,0.457,7,-8.359,1,0.0365,0.00193,0.00000171,0.0739,0.527,111.997,4
spotify:track:4Li8dc3ucCesQJMKErU5zM,"living room flow - Bonus","Sailing Soul(s)","Jhené Aiko",2021-03-19,262480,71,true,qo6rqy7mdblflyegpk0z8sxhl,2024-11-21T16:03:42Z,"r&b","Def Jam Recordings",0.698,0.423,7,-9.598,1,0.0731,0.607,0.000296,0.0968,0.311,125.011,4
spotify:track:1TuSfYnKU5uKbYK1esQDLj,"Another Heartbreak","Give Or Take","GIVĒON",2022-06-24,249315,56,false,qo6rqy7mdblflyegpk0z8sxhl,2024-11-21T16:03:51Z,"r&b","Epic",0.587,0.251,1,-9.017,1,0.0289,0.862,0,0.105,0.272,75.163,4
spotify:track:1cQ3LIkZE68pMSnPhZWXLu,"Earned It (Fifty Shades Of Grey)","The Highlights","The Weeknd",2021-02-05,277724,80,true,qo6rqy7mdblflyegpk0z8sxhl,2024-11-21T16:04:04Z,"","The Weeknd/Lyric",0.658,0.282,2,-8.282,0,0.0353,0.433,0,0.0741,0.39,119.757,3
spotify:track:5ScbulRnixQ2XAdvrPMFjz,"Get Along Better","Certified Lover Boy","Drake;Ty Dolla $ign",2021-09-03,229303,72,true,qo6rqy7mdblflyegpk0z8sxhl,2024-11-21T16:53:20Z,"rap,trap soul","OVO",0.32,0.466,8,-6.77,1,0.0374,0.00645,0,0.133,0.338,177.693,3
spotify:track:4W4fNrZYkobj539TOWsLO2,"Die For You (with Ariana Grande) - Remix","Starboy (Deluxe)","The Weeknd;Ariana Grande",2023-03-14,232857,79,false,qo6rqy7mdblflyegpk0z8sxhl,2024-11-21T19:57:17Z,"pop","XO / Republic Records",0.568,0.485,1,-7.635,0,0.0582,0.276,0,0.323,0.517,66.961,4
spotify:track:4G9hlKVIwuWE8qpW2UQpV3,"Afterthought","Nectar","Joji;BENEE",2020-09-24,194871,71,false,qo6rqy7mdblflyegpk0z8sxhl,2024-11-21T21:43:07Z,"","88rising Music",0.609,0.546,1,-8.025,1,0.0352,0.398,0.0841,0.093,0.19,83.5,4
spotify:track:1LV5cAo02H8h5YlZNcjULM,"Always Forever","A N N I V E R S A R Y","Bryson Tiller",2020-10-02,170053,60,false,qo6rqy7mdblflyegpk0z8sxhl,2024-11-22T08:07:21Z,"trap soul,r&b","TrapSoul/RCA Records",0.605,0.489,10,-7.234,0,0.174,0.168,0.00000236,0.187,0.326,147.341,4
spotify:track:1A8RGlqkdjAfwkXtEgJ7wR,"Sex on the Beach","PARTYNEXTDOOR TWO","PARTYNEXTDOOR",2014-07-29,229776,76,true,qo6rqy7mdblflyegpk0z8sxhl,2024-11-22T08:14:13Z,"dark r&b,r&b,trap soul","OVO Sound",0.265,0.709,10,-7.308,0,0.118,0.0641,0.000215,0.116,0.305,93.626,3
spotify:track:2L3nFptzwy0jlVKSzXHjnL,"Wasted","CLEAR","Summer Walker",2019-01-25,154983,50,false,qo6rqy7mdblflyegpk0z8sxhl,2024-11-22T10:18:39Z,"r&b","LVRN Records",0.714,0.348,7,-11.319,1,0.147,0.449,0,0.323,0.205,117.312,4
spotify:track:6znSOkY2r4whPuwfbfOYYI,"Honey","Down Bad","Kehlani",2022-04-08,199209,21,true,qo6rqy7mdblflyegpk0z8sxhl,2024-11-22T10:57:57Z,"","Warner Music Group - X5 Music Group",0.606,0.24,3,-7.102,1,0.0369,0.774,0,0.0819,0.528,96.792,4
spotify:track:35sZOqVnTQNIGWGURrFdLh,"Dreamin","Dreamin","PARTYNEXTDOOR",2015-03-08,147146,81,true,qo6rqy7mdblflyegpk0z8sxhl,2024-11-22T11:04:00Z,"dark r&b,r&b,trap soul","OVO Sound",0.746,0.629,9,-6.463,1,0.0454,0.218,0.000293,0.112,0.163,114.727,4
spotify:track:5rqfg8Hz5D1aCcn2XUxzNA,"Traphouse","Traphouse","Tory Lanez;Nyce",2015-01-15,256133,70,true,qo6rqy7mdblflyegpk0z8sxhl,2024-11-22T11:46:19Z,"","Benny Blanco Major",0.685,0.272,0,-14.903,0,0.0499,0.346,0.0000408,0.0706,0.524,112.022,4
spotify:track:4aIWo7ekOi6qyRiWsFUD9I,"I Won't","H.E.R. Volume 2","H.E.R.",2017-06-16,212846,36,false,qo6rqy7mdblflyegpk0z8sxhl,2024-11-22T11:56:58Z,"r&b","MBK Entertainment/RCA Records",0.489,0.412,1,-10.588,0,0.168,0.537,0.000213,0.118,0.267,173.755,4
spotify:track:6pWgbMjnWk0kaOW6VK7qVQ,"H.E.R.//Are You Dumb","PLAYBOY","Tory Lanez",2021-03-05,195040,65,true,qo6rqy7mdblflyegpk0z8sxhl,2024-11-22T12:17:59Z,"","One Umbrella Records",0.585,0.593,9,-9,1,0.552,0.512,0,0.237,0.45,120.209,4
spotify:track:0WRBJ8YRdbS6rwZkCk1Odh,"ATTENTION","BALLADS 1","Joji",2018-10-26,128888,65,true,qo6rqy7mdblflyegpk0z8sxhl,2024-11-23T08:13:37Z,"","88rising Music",0.787,0.312,7,-12.401,1,0.0382,0.893,0.0224,0.115,0.425,119.898,4
spotify:track:0AYt6NMyyLd0rLuvr0UkMH,"Slime You Out (feat. SZA)","For All The Dogs","Drake;SZA",2023-10-06,310490,70,true,qo6rqy7mdblflyegpk0z8sxhl,2024-11-23T09:07:29Z,"rap,r&b","OVO/Republic",0.483,0.408,5,-9.243,0,0.0502,0.508,0,0.259,0.105,88.88,3
spotify:track:4nESnAOALHmxg8UFCCtXhO,"Freudian","Freudian","Daniel Caesar",2017-08-25,602296,0,true,qo6rqy7mdblflyegpk0z8sxhl,2024-11-23T09:10:22Z,"","Golden Child Recordings",0.355,0.298,8,-12.277,1,0.0581,0.31,0.00266,0.185,0.0714,115.823,3
spotify:track:1ztPf79mbGpktO7TjB7tWW,"honda civic '98","It'll Be Fine","Chase Shakur",2022-06-24,187723,2,true,qo6rqy7mdblflyegpk0z8sxhl,2024-11-23T11:16:46Z,"dark r&b,r&b","Forever N September",0.461,0.426,0,-10.213,0,0.0355,0.696,0.111,0.186,0.387,110.418,4
spotify:track:3EaJDYHA0KnX88JvDhL9oa,"Dark Red","Dark Red","Steve Lacy",2017-02-20,173104,87,false,qo6rqy7mdblflyegpk0z8sxhl,2024-11-23T11:17:16Z,"","Three Quarter",0.603,0.784,6,-4.023,1,0.062,0.446,0.00000832,0.119,0.769,172.041,4
spotify:track:4k6Uh1HXdhtusDW5y8Gbvy,"Bad Habit","Gemini Rights","Steve Lacy",2022-07-15,232114,88,true,qo6rqy7mdblflyegpk0z8sxhl,2024-11-23T11:17:22Z,"","L-M Records/RCA Records",0.686,0.494,1,-7.093,1,0.0355,0.613,0.000058,0.402,0.7,168.946,4
spotify:track:00aqkszH1FdUiJJWvX6iEl,"Wicked Games","House Of Balloons (Original)","The Weeknd",2011-03-21,325305,76,true,qo6rqy7mdblflyegpk0z8sxhl,2024-11-24T15:08:19Z,"","The Weeknd/Lyric",0.606,0.57,9,-6.684,1,0.032,0.0217,0.00000847,0.301,0.258,114.033,4
spotify:track:7qvlr9ncoswvOoaFv4CKSw,"The Recipe","Chasing Summer","SiR",2019-08-30,178400,64,true,qo6rqy7mdblflyegpk0z8sxhl,2024-11-24T15:35:47Z,"alternative r&b,neo soul","Top Dawg Entertainment",0.528,0.493,0,-6.607,1,0.0854,0.0556,0.00000263,0.0912,0.371,129.555,4
spotify:track:4Dg81Gxw4a1sBI6J6rtCEL,"On Us (feat. Brent Faiyaz)","Thanks For Nothing","Tre' Amani;Brent Faiyaz",2020-06-26,196204,46,true,qo6rqy7mdblflyegpk0z8sxhl,2024-11-24T15:47:10Z,"r&b","Civilized Human Beings",0.779,0.458,3,-9.15,0,0.579,0.0908,0,0.0852,0.559,137.299,4
spotify:track:16bHRxM89ue0TiCKARYbRp,"Sorry Not Sorry","T R A P S O U L","Bryson Tiller",2015-10-02,200756,73,true,qo6rqy7mdblflyegpk0z8sxhl,2024-11-24T16:10:27Z,"trap soul,r&b","TrapSoul/RCA Records",0.681,0.608,1,-6.093,1,0.207,0.0477,0,0.225,0.262,97.934,4
spotify:track:6hDgNvgXstF65ymjGlxpky,"Dat Right There (with Pharrell Williams & The Neptunes)","Still Over It","Summer Walker;Pharrell Williams;The Neptunes",2021-11-05,190000,49,true,qo6rqy7mdblflyegpk0z8sxhl,2024-11-24T16:58:01Z,"r&b","LVRN/Interscope Records",0.861,0.634,9,-6.634,1,0.0393,0.532,0.000951,0.0779,0.868,106.996,4
spotify:track:0Dc7J9VPV4eOInoxUiZrsL,"Don't Tell 'Em","Late Nights: The Album","Jeremih;YG",2015-12-04,266840,80,true,qo6rqy7mdblflyegpk0z8sxhl,2024-11-24T17:13:15Z,"hyphy","Def Jam",0.856,0.527,2,-5.225,1,0.0997,0.392,0,0.11,0.386,98.052,4
spotify:track:0JjV3X14sEcYJoZ6MDtL73,"Personal","Tens R&B","Kehlani",2024-01-27,227186,6,true,qo6rqy7mdblflyegpk0z8sxhl,2024-11-24T18:19:24Z,"","Warner Music Group - X5 Music Group",0.765,0.638,11,-4.548,0,0.129,0.199,0,0.669,0.626,113.983,4
spotify:track:7l09cNteUmR1IHXZRLWaAE,"...The Make Up","PLAYBOY","Tory Lanez",2021-03-05,96840,61,true,qo6rqy7mdblflyegpk0z8sxhl,2024-11-24T18:36:16Z,"","One Umbrella Records",0.575,0.494,8,-9.184,1,0.232,0.513,0,0.117,0.329,62.508,4
spotify:track:78mXeWyY9ZEqOCkTl3nGfI,"Fun Girl","Over It","Summer Walker",2019-10-04,109906,51,true,qo6rqy7mdblflyegpk0z8sxhl,2024-11-25T17:18:51Z,"r&b","LVRN/Interscope Records",0.452,0.359,2,-5.943,1,0.0341,0.732,0,0.168,0.274,98.695,3
spotify:track:3zs0eWdQ9zpWUX8ZbFLJZz,"Allure","Allure","Brent Faiyaz",2015-01-20,264826,60,true,qo6rqy7mdblflyegpk0z8sxhl,2024-11-25T17:29:52Z,"r&b","Lost Kids",0.437,0.176,11,-15.466,0,0.0626,0.57,0.0138,0.108,0.46,171.94,4
spotify:track:1kWAhf2TJPkpiSgTnp8Ure,"Thoughts (feat. Lloyd & Lil Wayne)","Chixtape 5","Tory Lanez;Lloyd;Lil Wayne",2019-11-15,333546,55,true,qo6rqy7mdblflyegpk0z8sxhl,2024-11-26T04:15:51Z,"r&b,rap,hip hop","Mad Love/Interscope Records",0.415,0.595,0,-7.682,0,0.135,0.224,0,0.0939,0.595,116.267,4
spotify:track:3X2pGJtD8KCwvVPe1vbKCy,"sink or swim (bonus)","it's not you, it's me","Chase Shakur",2023-06-16,192373,44,true,qo6rqy7mdblflyegpk0z8sxhl,2024-11-26T05:53:21Z,"dark r&b,r&b","Def Jam Recordings",0.881,0.547,5,-7.789,0,0.0597,0.454,0.000781,0.173,0.648,115.04,4
spotify:track:6m3T4RHAMaSIKUDsxko43y,"Placebo Effect","Placebo Effect","d4vd",2023-02-08,191493,58,false,qo6rqy7mdblflyegpk0z8sxhl,2024-11-26T11:54:55Z,"","D4VD ENT, LLC",0.448,0.246,4,-11.279,1,0.0291,0.841,0,0.11,0.0996,122.534,4
spotify:track:3TSi3kAdU1PLg3bEQbMKes,"Better Version","Based On A Feeling","Sabrina Claudio",2022-05-06,215117,50,false,qo6rqy7mdblflyegpk0z8sxhl,2024-11-26T12:04:58Z,"","SC Entertainment/Atlantic Records",0.563,0.356,0,-7.522,1,0.051,0.418,0.0000337,0.111,0.441,64.511,3
spotify:track:6DkXLzBQT7cwXmTyzAB1DJ,"What's My Name?","Loud","Rihanna;Drake",2010-01-01,263173,82,true,qo6rqy7mdblflyegpk0z8sxhl,2024-11-26T14:44:10Z,"rap","Def Jam Recordings",0.688,0.784,2,-2.972,1,0.0747,0.182,0,0.0843,0.563,100.003,4
spotify:track:1FWsomP9StpCcXNWmJk8Cl,"K.","Cigarettes After Sex","Cigarettes After Sex",2017-06-09,320030,7,false,qo6rqy7mdblflyegpk0z8sxhl,2024-11-27T06:27:22Z,"dream pop","Partisan Records",0.454,0.401,3,-10.251,1,0.0264,0.14,0.837,0.136,0.319,93.703,4
spotify:track:1zhMHgotgZXkLCXpqNRnPK,"N o C h i l l","PARTYNEXTDOOR 4 (P4)","PARTYNEXTDOOR",2024-04-26,265373,78,true,qo6rqy7mdblflyegpk0z8sxhl,2024-11-27T06:51:13Z,"dark r&b,r&b,trap soul","OVO Sound",0.575,0.411,2,-9.022,1,0.0619,0.509,0.00321,0.0884,0.062,81.755,4
spotify:track:5XztHXAVuubYi0GgqGGgF5,"Backstreet Girl","Petals to Thorns","d4vd",2023-05-26,250492,1,false,qo6rqy7mdblflyegpk0z8sxhl,2024-11-27T10:12:52Z,"","Darkroom/Interscope Records",0.509,0.489,5,-10.22,0,0.0274,0.0222,0.000118,0.109,0.132,140.794,3
spotify:track:4Hv8QuMQfG7e6GWOWcXYKk,"THINGS & SUCH","PARTYPACK","PARTYNEXTDOOR",2020-10-16,237539,66,true,qo6rqy7mdblflyegpk0z8sxhl,2024-11-27T10:45:13Z,"dark r&b,r&b,trap soul","OVO Sound",0.655,0.551,11,-5.071,0,0.0509,0.757,0.00000453,0.102,0.659,90.992,4
spotify:track:0IMUFRaM2W3wKNM1CSQ4Zm,"No Love (with SZA & Cardi B) - Extended Version","No Love (with SZA & Cardi B) [Extended Version]","Summer Walker;SZA;Cardi B",2022-03-25,276214,50,true,qo6rqy7mdblflyegpk0z8sxhl,2024-11-27T10:53:20Z,"r&b","LVRN/Interscope Records",0.722,0.613,1,-4.996,0,0.116,0.192,0,0.192,0.607,133.937,4
spotify:track:6bnF93Rx87YqUBLSgjiMU8,"Heartless","After Hours","The Weeknd",2020-03-20,198266,80,true,qo6rqy7mdblflyegpk0z8sxhl,2024-12-04T20:56:59Z,"","Republic Records",0.537,0.746,10,-5.507,0,0.15,0.0236,0.000001,0.156,0.252,170.083,4
spotify:track:7Ijsqi4y74qZB04PaxnYBq,"Piece of My Heart (feat. Brent Faiyaz)","Morayo","Wizkid;Brent Faiyaz",2024-11-22,259359,66,false,qo6rqy7mdblflyegpk0z8sxhl,2024-12-05T08:15:33Z,"afrobeats,afrobeat,afropop,azonto,afroswing,afro r&b,afropiano,r&b","Starboy/RCA Records",0.736,0.652,1,-5.443,1,0.147,0.298,0.00000108,0.113,0.767,93.248,4
spotify:track:7qzQfE2se3Ai5reZcxs920,"Tim's Intro","Larger Than Life","Brent Faiyaz",2023-10-27,124552,54,true,qo6rqy7mdblflyegpk0z8sxhl,2024-12-05T08:20:29Z,"r&b","ISO Supremacy under exclusive license to UnitedMasters LLC",0.602,0.554,8,-8.97,0,0.0753,0.0196,0.0000421,0.332,0.427,138.091,4
spotify:track:0cZ9HBGWLZJS7UHCgWXOTZ,"Last One Left (feat. Missy Elliott & Lil Gray)","Larger Than Life","Brent Faiyaz;Lil Gray;Missy Elliott",2023-10-27,224598,57,true,qo6rqy7mdblflyegpk0z8sxhl,2024-12-05T08:24:02Z,"r&b,hip hop","ISO Supremacy under exclusive license to UnitedMasters LLC",0.763,0.409,6,-7.901,0,0.275,0.632,0.00000376,0.0907,0.571,138.819,4
spotify:track:3e90JC8EKLsSDUHmPpxkfp,"9","3","WILLOW;SZA",2014-11-11,253800,62,false,qo6rqy7mdblflyegpk0z8sxhl,2024-12-09T09:14:05Z,"r&b","Roc Nation/Roc Nation Artists/Willow",0.597,0.495,8,-8.674,1,0.201,0.215,0.000163,0.104,0.171,76.991,4
spotify:track:3QR92iEfcnqgVFsOr2pCGz,"Screwin (with Omarion)","Still Over It","Summer Walker;Omarion",2021-11-05,333582,46,true,qo6rqy7mdblflyegpk0z8sxhl,2024-12-10T11:41:55Z,"r&b","LVRN/Interscope Records",0.491,0.412,6,-9.378,1,0.122,0.802,0,0.137,0.487,105.076,4
spotify:track:6IPX1GkCDeX3oQr8ryB1Mq,"Wild Side (feat. Cardi B)","DOPAMINE","Normani;Cardi B",2024-06-14,210316,59,true,qo6rqy7mdblflyegpk0z8sxhl,2024-12-10T13:22:16Z,"","RCA Records Label",0.743,0.571,6,-7.19,0,0.138,0.0242,0,0.113,0.33,110.012,4
spotify:track:3fcX3E9l1gVnfKeWaEzHHv,"Love Galore (Alt Version)","Ctrl (Deluxe)","SZA",2022-06-09,273777,66,true,qo6rqy7mdblflyegpk0z8sxhl,2024-12-10T21:05:04Z,"r&b","Top Dawg Entertainment/RCA Records",0.827,0.439,9,-10.278,0,0.0784,0.0743,0,0.106,0.463,134.961,4
spotify:track:4NqkE7kRUvMDEdcqD96EDO,"Used (feat. Don Toliver)","SOS","SZA;Don Toliver",2022-12-08,146946,66,false,qo6rqy7mdblflyegpk0z8sxhl,2024-12-10T21:22:39Z,"r&b","Top Dawg Entertainment/RCA Records",0.733,0.685,10,-6.228,0,0.0533,0.363,0.000238,0.333,0.837,150.073,4
spotify:track:22jnEneSABg4vRCR1vow7F,"Violet","Violet","Daniel Caesar",2015-07-01,144000,1,false,qo6rqy7mdblflyegpk0z8sxhl,2024-12-10T21:46:03Z,"","Independent",0.688,0.425,4,-8.134,0,0.027,0.748,0.00548,0.101,0.179,129.975,4
spotify:track:5TosDksjYICHKwyWDVKtwE,"Love Language","While We Wait","Kehlani",2019-02-21,213364,43,false,qo6rqy7mdblflyegpk0z8sxhl,2024-12-11T09:31:27Z,"","TSNMI / Atlantic",0.582,0.586,1,-4.369,0,0.0838,0.124,0,0.0866,0.698,89.599,4
spotify:track:0tkmYNfaEaH9HpR59ApRtE,"Nunya (feat. Dom Kennedy)","While We Wait","Kehlani;Dom Kennedy",2019-02-22,244688,56,true,qo6rqy7mdblflyegpk0z8sxhl,2024-12-11T09:31:31Z,"","TSNMI / Atlantic",0.675,0.71,1,-4.027,1,0.21,0.39,0,0.381,0.574,97.98,4
spotify:track:57mKcbEq7nMqtJ4gqJvWcp,"Talk That Talk","Talk That Talk","Rihanna;JAŸ-Z",2011-11-19,209600,76,true,qo6rqy7mdblflyegpk0z8sxhl,2024-12-11T19:58:55Z,"hip hop,east coast hip hop,rap","Def Jam Recordings",0.699,0.671,6,-4.088,0,0.0372,0.0371,0.0000274,0.236,0.472,84.021,4
spotify:track:7FzUJj4UzBlswK4EmF6BDK,"R e a l W o m a n","PARTYNEXTDOOR 4 (P4)","PARTYNEXTDOOR",2024-04-26,194733,62,true,qo6rqy7mdblflyegpk0z8sxhl,2024-12-12T09:19:54Z,"dark r&b,r&b,trap soul","OVO Sound",0.68,0.613,6,-7.506,1,0.0544,0.554,0.0000129,0.085,0.14,89.942,4
spotify:track:3LdGRWewvpcaZrkOpc70fP,"Shame","Last Day Of Summer","Summer Walker",2018-10-19,166106,59,false,qo6rqy7mdblflyegpk0z8sxhl,2024-12-12T09:26:14Z,"r&b","LVRN/Interscope Records",0.506,0.156,2,-14.455,0,0.0574,0.899,0.0000156,0.0948,0.161,94.024,4
spotify:track:3detfCDz7x2G34sKD1XzA6,"Bluffin","Fuck The World","Brent Faiyaz",2020-02-07,195802,59,false,qo6rqy7mdblflyegpk0z8sxhl,2024-12-12T09:31:21Z,"r&b","Lost Kids",0.584,0.37,0,-9.493,0,0.0553,0.678,0,0.108,0.281,148.981,4
spotify:track:4lakkLbCQEspx5Po9JWBkw,"SLOW DANCING IN THE DARK - Acoustic Remix","SLOW DANCING IN THE DARK (Acoustic Remix)","Joji",2018-10-19,207548,49,false,qo6rqy7mdblflyegpk0z8sxhl,2024-12-12T17:57:44Z,"","88rising Music",0.357,0.16,1,-12.581,1,0.0388,0.98,0.0000675,0.0922,0.0738,131.17,1
spotify:track:3N2R4nohR76f3adk0CicEU,"Morning Glory","While We Wait","Kehlani",2019-02-21,179336,29,false,qo6rqy7mdblflyegpk0z8sxhl,2024-12-12T18:34:44Z,"","TSNMI / Atlantic",0.589,0.833,0,-4.494,0,0.118,0.0158,0,0.122,0.653,172.037,4
spotify:track:34ceTg8ChN5HjrqiIYCn9Q,"Miss Independent","Year Of The Gentleman (Bonus Track Edition)","Ne-Yo",2008-01-01,232000,83,false,qo6rqy7mdblflyegpk0z8sxhl,2024-12-14T08:47:16Z,"","Def Soul",0.673,0.681,1,-5.693,1,0.118,0.52,0,0.235,0.707,171.864,4
spotify:track:0ARK753YaiJbpLUk7z5yIM,"Dilemma","Nellyville","Nelly;Kelly Rowland",2002-06-25,289160,84,true,qo6rqy7mdblflyegpk0z8sxhl,2024-12-14T08:53:49Z,"","Motown",0.727,0.552,2,-8.074,0,0.14,0.226,0.00016,0.198,0.607,168.19,4
spotify:track:1KGi9sZVMeszgZOWivFpxs,"No Scrubs","Fanmail","TLC",1999-02-23,214400,88,false,qo6rqy7mdblflyegpk0z8sxhl,2024-12-14T08:58:55Z,"","Arista/LaFace Records",0.743,0.675,8,-4.267,0,0.0953,0.0251,0.000717,0.0685,0.59,92.909,4
spotify:track:6CFPFnS9EcLs2I0nWqtWci,"Because Of You","Because Of You","Ne-Yo",2007-01-01,266840,82,false,qo6rqy7mdblflyegpk0z8sxhl,2024-12-14T09:03:44Z,"","Def Soul",0.81,0.538,0,-5.783,0,0.0357,0.53,0,0.0951,0.832,109.97,4
spotify:track:10aWGOqSDBqvNzJ9NeKDbK,"Sexy Love","In My Own Words","Ne-Yo",2006-01-01,220853,71,false,qo6rqy7mdblflyegpk0z8sxhl,2024-12-14T09:07:36Z,"","Def Soul",0.693,0.513,8,-6.447,1,0.0415,0.296,0.00013,0.0604,0.49,94.021,4
spotify:track:5Lgcn7u07bHuqbOtXkN62u,"With You","Exclusive (Expanded Edition)","Chris Brown",2007-11-06,252120,82,false,qo6rqy7mdblflyegpk0z8sxhl,2024-12-14T09:13:33Z,"r&b","Jive",0.662,0.693,3,-4.298,1,0.0698,0.134,0,0.145,0.655,86.009,4
spotify:track:1gZADNt16Oh23jWyMYRk4p,"Prisoner","Beauty Behind The Madness","The Weeknd;Lana Del Rey",2015-08-28,274960,67,true,qo6rqy7mdblflyegpk0z8sxhl,2024-12-18T11:43:39Z,"","The Weeknd/Lyric",0.551,0.405,0,-12.756,0,0.0398,0.443,0.000217,0.11,0.341,135.017,4
spotify:track:2CInzVilMduj9L8dDXwyUA,"Make Luv","Make Luv","Brent Faiyaz",2018-02-09,193309,61,false,qo6rqy7mdblflyegpk0z8sxhl,2024-12-18T17:53:20Z,"r&b","Lost Kids / Human Re Sources",0.661,0.413,8,-9.069,0,0.218,0.441,0.0000419,0.114,0.276,143.974,4
spotify:track:2oVVaVY0LkzwAYYcyzon6Z,"Heart Of A Woman","Heart Of A Woman","Summer Walker",2024-10-25,171000,64,true,qo6rqy7mdblflyegpk0z8sxhl,2024-12-19T13:03:13Z,"r&b","LVRN/Interscope Records",0.716,0.43,9,-8.28,0,0.112,0.482,0,0.146,0.472,129.93,4
spotify:track:4ii5S0UcGpdAANl098llgB,"SWV (with NO1-NOAH)","Life On Earth - EP","Summer Walker;NO1-NOAH",2020-07-10,182373,52,true,qo6rqy7mdblflyegpk0z8sxhl,2024-12-19T13:23:39Z,"r&b,trap soul","LVRN/Interscope Records",0.691,0.314,10,-9.715,0,0.0653,0.38,0.00118,0.115,0.365,117.015,4
spotify:track:3fHwrZ7pLD4cykAj3n9Lc1,"Buyer's Remorse (feat. Omar Apollo)","NEVER ENOUGH","Daniel Caesar;Omar Apollo",2023-04-07,152170,66,false,qo6rqy7mdblflyegpk0z8sxhl,2024-12-19T13:45:33Z,"bedroom pop","Republic Records",0.559,0.22,5,-11.006,0,0.0527,0.938,0.0000965,0.177,0.164,113.621,4
spotify:track:1zi7xx7UVEFkmKfv06H8x0,"One Dance","Views","Drake;Wizkid;Kyla",2016-05-06,173986,94,false,qo6rqy7mdblflyegpk0z8sxhl,2024-12-19T14:24:42Z,"rap,afrobeats,afrobeat,afropop,azonto,afroswing,afro r&b,afropiano","Cash Money Records/Young Money Ent./Universal Rec.",0.792,0.625,1,-5.609,1,0.0536,0.00776,0.0018,0.329,0.37,103.967,4
spotify:track:4ChomJf8z16E6Zw4EoioYY,"After Hours","CRASH","Kehlani",2024-06-20,202414,76,false,qo6rqy7mdblflyegpk0z8sxhl,2024-12-19T14:25:30Z,"","TSNMI / Atlantic",0.729,0.777,1,-3.991,1,0.0431,0.069,0.00162,0.112,0.744,121.016,4
spotify:track:2wSQyp6VzUopSFBinRo1iD,"Distraction","SweetSexySavage (Deluxe)","Kehlani",2017-01-27,235693,70,true,qo6rqy7mdblflyegpk0z8sxhl,2024-12-19T14:25:45Z,"","TSNMI / Atlantic",0.66,0.698,5,-6.266,0,0.0467,0.0266,0,0.296,0.396,120.959,4
spotify:track:0uYBQGchK3LIkNpxnrA6k7,"When He's Not There (feat. Lucky Daye)","While We Wait 2","Kehlani;Lucky Daye",2024-08-28,268401,48,false,qo6rqy7mdblflyegpk0z8sxhl,2024-12-19T14:25:50Z,"","TSNMI / Atlantic",0.724,0.606,6,-5.544,0,0.0846,0.0952,0.00109,0.186,0.605,72.502,4
spotify:track:7iCeaYJSEdGWeFNTAEqUzJ,"wRoNg (feat. Kehlani)","Mind Of Mine (Deluxe Edition)","ZAYN;Kehlani",2016-03-25,212747,61,true,qo6rqy7mdblflyegpk0z8sxhl,2024-12-19T14:25:57Z,"","RCA Records Label",0.614,0.475,7,-8.642,0,0.0362,0.395,0.00000106,0.265,0.422,99.968,4
spotify:track:5Nt2FMqnKI2mlp7lztURNo,"KEHLANI (REMIX) [feat. Kehlani]","KEHLANI (REMIX) [feat. Kehlani]","Jordan Adetunji;Kehlani",2024-06-20,179974,65,true,qo6rqy7mdblflyegpk0z8sxhl,2024-12-19T14:29:44Z,"sexy drill","300 Entertainment",0.408,0.699,6,-3.607,1,0.0559,0.0759,0,0.298,0.219,159.687,4
spotify:track:5aUSEPNd3m5xliFK4pn5mU,"Good Thing (with Kehlani)","Good Thing (with Kehlani)","Zedd;Kehlani",2019-09-27,210901,65,true,qo6rqy7mdblflyegpk0z8sxhl,2024-12-19T14:37:36Z,"edm","Interscope Records",0.693,0.564,1,-3.857,0,0.0378,0.399,0,0.0409,0.574,185.913,3
spotify:track:0Kz9XqLxIeMQveGISrWvz3,"The Way (feat. Chance the Rapper)","You Should Be Here","Kehlani;Chance the Rapper",2015-04-28,262520,56,true,qo6rqy7mdblflyegpk0z8sxhl,2024-12-19T14:40:55Z,"","P2015",0.748,0.496,5,-7.497,0,0.337,0.394,0,0.135,0.515,100.95,4
spotify:track:4WghJOMjDpGdlk3b8aJIgy,"up at night (feat. justin bieber)","up at night (feat. justin bieber)","Kehlani;Justin Bieber",2022-03-30,182226,52,false,qo6rqy7mdblflyegpk0z8sxhl,2024-12-19T15:25:42Z,"","TSNMI / Atlantic",0.563,0.756,0,-3.852,0,0.0579,0.196,0,0.245,0.234,100.012,4
spotify:track:4Qxn47gWPSucovKrMyRf1z,"Stretch You Out (feat. A Boogie wit da Hoodie)","Over It","Summer Walker;A Boogie Wit da Hoodie",2019-10-04,143493,59,true,qo6rqy7mdblflyegpk0z8sxhl,2024-12-19T17:08:45Z,"r&b,melodic rap","LVRN/Interscope Records",0.64,0.519,1,-6.757,0,0.188,0.25,0,0.0883,0.252,103.359,4
spotify:track:3Gf5nttwcX9aaSQXRWidEZ,"Ride Wit Me","Country Grammar","Nelly;City Spud",2000-06-27,291781,83,true,qo6rqy7mdblflyegpk0z8sxhl,2024-12-19T17:33:39Z,"country hip hop","Motown",0.85,0.7,7,-6.49,1,0.0478,0.0607,0.00000166,0.244,0.724,101.875,4
spotify:track:3XVBdLihbNbxUwZosxcGuJ,"If I Ain't Got You","The Diary Of Alicia Keys","Alicia Keys",2003-12-02,228706,86,false,qo6rqy7mdblflyegpk0z8sxhl,2024-12-19T18:42:43Z,"r&b,neo soul","J Records",0.609,0.444,7,-9.129,1,0.106,0.603,0.00000686,0.104,0.166,118.402,3
spotify:track:4hT5mhLsU88gfHLp4NNLiP,"Feel A Way.","KIKI","Kiana Ledé",2020-04-03,167560,42,true,qo6rqy7mdblflyegpk0z8sxhl,2024-12-19T19:18:06Z,"","Republic Records",0.819,0.446,0,-8.095,1,0.122,0.72,0,0.102,0.433,127.81,4
spotify:track:2krESug6AyfOL07tlaGwts,"GHETTO GATSBY (FEAT. ALICIA KEYS)","WASTELAND","Brent Faiyaz;Alicia Keys",2022-07-08,198005,58,true,qo6rqy7mdblflyegpk0z8sxhl,2024-12-20T09:35:15Z,"r&b,neo soul","Lost Kids LLC., Marketed by Venice / Stem",0.524,0.233,3,-12.991,0,0.104,0.869,0.00000459,0.369,0.585,175.805,4
spotify:track:2DsKEr398bpEAOJvZjem6L,"MORTAL","NOIRE","Avenoir",2023-12-08,141720,45,false,qo6rqy7mdblflyegpk0z8sxhl,2024-12-20T09:57:21Z,"dark r&b,alternative r&b,r&b","Avenoir, under exclusive license to LISTEN TO THE KIDS",0.487,0.309,6,-13.156,0,0.0335,0.844,0.0119,0.174,0.118,123.988,3
spotify:track:4jBfUB4kQJCWOrjGLQqhO0,"The Morning","House Of Balloons (Original)","The Weeknd",2011-03-21,314109,80,true,qo6rqy7mdblflyegpk0z8sxhl,2024-12-20T09:59:24Z,"","The Weeknd/Lyric",0.682,0.51,6,-9.987,0,0.0441,0.143,0.00000446,0.0797,0.191,120.097,4
spotify:track:1DMYEiuAgz1OKvANXiNFrN,"Recognize (feat. Drake)","PARTYNEXTDOOR TWO","PARTYNEXTDOOR;Drake",2014-07-29,311197,77,true,qo6rqy7mdblflyegpk0z8sxhl,2024-12-20T14:58:41Z,"dark r&b,r&b,trap soul,rap","OVO Sound",0.644,0.541,2,-5.801,1,0.0426,0.0102,0,0.102,0.165,119.513,4
spotify:track:1uzVgNkXqQC7hsJhFZ749o,"Sonder Son (Interlude)","Sonder Son","Brent Faiyaz",2017-10-13,100303,62,false,qo6rqy7mdblflyegpk0z8sxhl,2024-12-20T15:56:06Z,"r&b","Lost Kids",0.461,0.303,2,-11.137,1,0.0543,0.746,0.00000898,0.223,0.099,152.862,4
spotify:track:4Yw8TyBm9J8cpy2guHUYog,"What You Need","House Of Balloons (Original)","The Weeknd",2011-03-21,206421,73,false,qo6rqy7mdblflyegpk0z8sxhl,2024-12-20T16:15:45Z,"","The Weeknd/Lyric",0.638,0.335,7,-10.522,0,0.0854,0.505,0.0139,0.116,0.0608,133.853,4
spotify:track:0LZttiSd4PMr2WZTrQrKwD,"What Is Love","Tears in the Club","Kingdom;SZA",2017-02-24,188726,0,false,qo6rqy7mdblflyegpk0z8sxhl,2024-12-20T17:20:36Z,"ballroom vogue,r&b","Fade to Mind",0.662,0.386,0,-8.39,1,0.0601,0.573,0.00000511,0.187,0.534,93.753,3
spotify:track:29he0Joo5sz2607A6ZBT6H,"Come Through (feat. Chris Brown)","Back of My Mind","H.E.R.;Chris Brown",2021-06-18,214093,61,true,qo6rqy7mdblflyegpk0z8sxhl,2024-12-21T06:54:34Z,"r&b","MBK Entertainment/RCA Records",0.612,0.423,5,-8.062,0,0.0508,0.588,0,0.117,0.18,135.841,5
spotify:track:09OeD94T28n7ku4RqPa6wZ,"Anna Mae","Over It","Summer Walker",2019-10-04,137773,58,true,qo6rqy7mdblflyegpk0z8sxhl,2024-12-21T07:05:57Z,"r&b","LVRN/Interscope Records",0.582,0.491,5,-7.975,0,0.0452,0.136,0,0.176,0.695,88.938,4
spotify:track:1OKvqRUG3QbaqLWGn7bhzF,"I Wanna Love You","Konvicted (Complete Edition)","Akon;Snoop Dogg",2022-03-04,246764,72,true,qo6rqy7mdblflyegpk0z8sxhl,2024-12-21T07:06:47Z,"g-funk,west coast hip hop,gangster rap,old school hip hop,hip hop,rap","Konvict/Upfront/SRC/Universal Records",0.863,0.501,9,-8.753,0,0.0433,0.0164,0,0.272,0.357,99.994,4
spotify:track:3Lj4DA8yaVF17X2buYZGJC,"So Far Gone / Fast Life Bluez","Sonder Son","Brent Faiyaz",2017-10-13,331018,59,true,qo6rqy7mdblflyegpk0z8sxhl,2024-12-30T08:22:37Z,"r&b","Lost Kids",0.511,0.439,9,-11.79,0,0.218,0.841,0.0000312,0.225,0.124,159.815,4
spotify:track:7lTUaX0Bs1uE9ALFsmLF8G,"Favour","Favour","Avenoir",2024-08-16,156000,68,false,qo6rqy7mdblflyegpk0z8sxhl,2024-12-30T08:30:41Z,"dark r&b,alternative r&b,r&b","Avenoir, under exclusive license to LISTEN TO THE KIDS",0.62,0.521,9,-8.028,0,0.0449,0.384,0.0467,0.3,0.42,100.025,4
spotify:track:4YsnwsPURRSvprBHBY1BCd,"Disillusioned (with serpentwithfeet)","NEVER ENOUGH","Daniel Caesar;serpentwithfeet",2023-04-07,241232,82,true,qo6rqy7mdblflyegpk0z8sxhl,2024-12-30T09:00:16Z,"","Republic Records",0.792,0.548,9,-3.899,1,0.0366,0.0754,0.0000102,0.0581,0.619,97,4
spotify:track:3j64qSBGg8zPn4zRa9Wok1,"One In A Million","One In A Million","Aaliyah",1996-08-13,270760,70,false,qo6rqy7mdblflyegpk0z8sxhl,2024-12-31T17:46:36Z,"r&b,contemporary r&b","Blackground / Seeker Music",0.741,0.508,11,-5.099,0,0.0507,0.0347,0.0000645,0.0602,0.354,121.965,4
spotify:track:2wP1SEiYQk9s1hFdyZIgEr,"When It's All Said And Done","When It's All Said And Done... Take Time","GIVĒON",2021-03-12,55062,53,true,qo6rqy7mdblflyegpk0z8sxhl,2025-01-01T12:12:54Z,"r&b","Epic/Not So Fast",0.434,0.358,4,-14.857,0,0.266,0.937,0,0.739,0.897,109.921,1
spotify:track:5KIkmsIbfteheIR0vCwGK1,"expensive taste","expensive taste","Tyde",2024-11-15,151030,47,true,qo6rqy7mdblflyegpk0z8sxhl,2025-01-01T12:19:53Z,"dark r&b","ASG STUDIOS",0.895,0.35,10,-7.333,0,0.102,0.229,0.0000338,0.107,0.868,128.005,4
spotify:track:7JXZq0JgG2zTrSOAgY8VMC,"Jungle","If You're Reading This It's Too Late","Drake",2015-02-12,320400,77,true,qo6rqy7mdblflyegpk0z8sxhl,2025-01-01T16:51:39Z,"rap","Cash Money Records/Young Money Ent./Universal Rec.",0.697,0.235,7,-8.651,1,0.0534,0.62,0.000144,0.107,0.378,99.947,4
spotify:track:1uverlfbbG8InEPioAwB8y,"Feel","Into","Sonder",2017-01-27,232502,67,false,qo6rqy7mdblflyegpk0z8sxhl,2025-01-02T13:05:39Z,"dark r&b,r&b","Sonder",0.455,0.255,6,-14.512,0,0.0377,0.525,0.00176,0.382,0.195,131.959,4
spotify:track:0quwQM9YgpwBsNnCyZ8aaA,"BUTTERFLIES","LUCKY ME","Isaiah Falls;Joyce Wrice",2024-10-11,163561,1,false,qo6rqy7mdblflyegpk0z8sxhl,2025-01-02T22:46:06Z,"dark r&b,alternative r&b","LVRS ONLY",0.544,0.483,7,-10.495,1,0.0841,0.701,0.0177,0.148,0.453,72.981,4
spotify:track:6MLsahMK3VvH9NUwXOktdS,"I'm Real (feat. Ja Rule) - Murder Remix","J.Lo","Jennifer Lopez;Ja Rule",2001-01-16,262133,70,true,qo6rqy7mdblflyegpk0z8sxhl,2025-01-03T03:46:26Z,"east coast hip hop","Epic",0.708,0.587,11,-7.93,0,0.151,0.273,0,0.0718,0.554,83.46,4
spotify:track:174rZBKJAqD10VBnOjlQQ3,"How Do I Breathe","Go","Mario",2007-12-11,216893,72,false,qo6rqy7mdblflyegpk0z8sxhl,2025-01-03T03:47:18Z,"r&b","J Records/Legacy",0.684,0.455,5,-8.216,1,0.0307,0.215,0.00000108,0.263,0.487,97.956,4
spotify:track:2mKouqwAIdQnMP43zxR89r,"What's Luv? (feat. Ja-Rule & Ashanti)","Jealous Ones Still Envy (J.O.S.E)","Fat Joe;Ja Rule;Ashanti",2001-12-04,267093,79,true,qo6rqy7mdblflyegpk0z8sxhl,2025-01-03T03:50:40Z,"east coast hip hop,r&b","RT Industries",0.835,0.707,8,-5.074,1,0.0598,0.0219,0.0000219,0.108,0.919,93.955,4
spotify:track:2iclfHORMqpR3TxuhwVRhD,"Mesmerize","The Last Temptation","Ja Rule;Ashanti",2002-01-01,278720,70,true,qo6rqy7mdblflyegpk0z8sxhl,2025-01-03T03:57:28Z,"east coast hip hop,r&b","I.G. Records, Inc./Universal Records",0.764,0.648,1,-6.639,1,0.206,0.0562,0,0.414,0.39,90.1,4
spotify:track:1q51MejmtLKEv8mABG8XRE,"Sexy Can I","All I Feel","Ray J;Yung Berg",2008-04-08,204040,1,true,qo6rqy7mdblflyegpk0z8sxhl,2025-01-03T03:59:00Z,"","eOne Music",0.575,0.686,1,-6.008,1,0.319,0.296,0,0.617,0.926,172.167,4
spotify:track:0pzWCDSuVRX7m95EFOxVa0,"Drunk Dialing...LODT","Over It","Summer Walker",2019-10-04,134440,58,true,qo6rqy7mdblflyegpk0z8sxhl,2025-01-03T04:28:46Z,"r&b","LVRN/Interscope Records",0.556,0.437,9,-7.194,1,0.178,0.604,0,0.201,0.112,125.662,3
spotify:track:0b6l1obmzq1YrqiKBVLtIo,"FRONTAL LOBE MUZIK","CASE STUDY 01","Daniel Caesar;Pharrell Williams",2019-06-28,229401,0,true,qo6rqy7mdblflyegpk0z8sxhl,2025-01-09T02:30:14Z,"","Golden Child Recordings",0.681,0.568,11,-6.264,0,0.136,0.439,0.000173,0.446,0.301,140.004,4
spotify:track:5wttBUDyaHAR5q9fYnN3YF,"prove it","american dream","21 Savage;Summer Walker",2024-01-12,207585,77,true,qo6rqy7mdblflyegpk0z8sxhl,2025-01-10T08:11:53Z,"r&b","Slaughter Gang, LLC/Epic Records",0.565,0.743,6,-5.425,0,0.172,0.377,0,0.23,0.266,133.924,4
spotify:track:1REVvAphiSTJyKQ1fDpHa4,"Purple Hearts","Mr. Morale & The Big Steppers","Kendrick Lamar;Summer Walker;Ghostface Killah",2022-05-13,329295,63,true,qo6rqy7mdblflyegpk0z8sxhl,2025-01-15T18:48:20Z,"hip hop,west coast hip hop,r&b,east coast hip hop,hardcore hip hop,old school hip hop","pgLang/Top Dawg Entertainment/Aftermath/Interscope Records",0.567,0.824,3,-6.973,0,0.296,0.167,0.00000265,0.149,0.737,138.202,4
spotify:track:0oufSLnKQDoBFX5mgkDCgR,"Trust","Lost","Brent Faiyaz",2018-10-19,158420,76,true,qo6rqy7mdblflyegpk0z8sxhl,2025-01-15T18:48:55Z,"r&b","Lost Kids / Human Re Sources",0.764,0.394,8,-8.559,1,0.152,0.231,0.0000937,0.117,0.465,92.009,4
spotify:track:1Cbl3Yq8rHo7hhDQmLQagU,"PUSH 2 START","TYLA +","Tyla",2024-10-11,156825,80,false,qo6rqy7mdblflyegpk0z8sxhl,2025-01-17T06:27:34Z,"afrobeats","FAX Records/Epic",0.683,0.814,2,-3.505,1,0.0466,0.277,0.00826,0.0858,0.758,93.482,4
spotify:track:5xMw6qCcpd2gBXPGTegC4W,"SOS","SOS","SZA",2022-12-09,117773,62,true,qo6rqy7mdblflyegpk0z8sxhl,2025-01-22T10:29:11Z,"r&b","Top Dawg Entertainment/RCA Records",0.507,0.657,7,-7.356,0,0.233,0.669,0.00000697,0.0947,0.506,119.159,1
spotify:track:3SaF6WLUiyfcOM5sTvUEOb,"Soweto - Sped Up","Soweto - Sped Up","Victony;Rema;Tempoe;Don Toliver",2023-03-21,183938,0,true,qo6rqy7mdblflyegpk0z8sxhl,2025-01-28T09:31:52Z,"afrobeats,afrobeat,afropop,afropiano,afro r&b,afro soul,alté","Encore Recordings",0.7,0.837,4,-5.468,1,0.084,0.12,0.0000077,0.0966,0.763,125.38,4
spotify:track:6PGoSes0D9eUDeeAafB2As,"LOVE. FEAT. ZACARI.","DAMN.","Kendrick Lamar;Zacari",2017-04-14,213400,85,false,qo6rqy7mdblflyegpk0z8sxhl,2025-02-17T19:59:33Z,"hip hop,west coast hip hop","Aftermath",0.8,0.585,10,-7.343,1,0.0924,0.264,0,0.153,0.779,126.058,4
spotify:track:7KXjTSCq5nL1LoYtL7XAwS,"HUMBLE.","DAMN.","Kendrick Lamar",2017-04-14,177000,86,true,qo6rqy7mdblflyegpk0z8sxhl,2025-02-17T19:59:37Z,"hip hop,west coast hip hop","Aftermath",0.908,0.621,1,-6.638,0,0.102,0.000282,0.0000539,0.0958,0.421,150.011,4
spotify:track:7xHWNBFm6ObGEQPaUxHuKO,"The Greatest (feat. Kendrick Lamar)","This Is Acting (Deluxe Version)","Sia;Kendrick Lamar",2016-10-21,210226,68,false,qo6rqy7mdblflyegpk0z8sxhl,2025-02-17T19:59:48Z,"hip hop,west coast hip hop","Monkey Puzzle Records/RCA Records",0.668,0.725,1,-6.127,1,0.266,0.0102,0.000479,0.0561,0.729,191.944,4
spotify:track:6qwLieyhZ2vhn3xuIOrw32,"Let It Go","Life On Earth - EP","Summer Walker",2020-07-10,191586,49,true,qo6rqy7mdblflyegpk0z8sxhl,2025-03-12T01:18:10Z,"r&b","LVRN/Interscope Records",0.651,0.477,2,-6.775,1,0.0443,0.0796,0,0.1,0.217,112.667,4
spotify:track:4qQVKOnZEYWZIHUMRapsVO,"Riot","CLEAR","Summer Walker",2019-01-25,104438,54,true,qo6rqy7mdblflyegpk0z8sxhl,2025-03-12T01:21:18Z,"r&b","LVRN Records",0.58,0.0978,1,-13.519,0,0.332,0.624,0,0.112,0.389,170.803,3
spotify:track:2CGNAOSuO1MEFCbBRgUzjd,"luther (with sza)","GNX","Kendrick Lamar;SZA",2024-11-21,177598,86,false,qo6rqy7mdblflyegpk0z8sxhl,2025-03-12T20:07:08Z,"hip hop,west coast hip hop,r&b","pgLang, under exclusive license to Interscope Records",0.707,0.575,2,-7.546,1,0.125,0.251,0,0.248,0.576,138.008,4
spotify:track:0wgOhYnqZKjOHr6bmdz0aN,"gloria (with sza)","GNX","Kendrick Lamar;SZA",2024-11-22,287522,69,true,qo6rqy7mdblflyegpk0z8sxhl,2025-03-12T20:13:24Z,"hip hop,west coast hip hop,r&b","pgLang, under exclusive license to Interscope Records",0.719,0.555,2,-9.785,0,0.27,0.22,0,0.127,0.413,140.07,4
spotify:track:0NUqi0ps17YpLUC3kgsZq0,"DIE TRYING","$ome $exy $ongs 4 U","PARTYNEXTDOOR;Drake;Yebba",2025-02-14,195431,84,true,qo6rqy7mdblflyegpk0z8sxhl,2025-03-12T23:45:37Z,"dark r&b,r&b,trap soul,rap","OVO Sound",0.763,0.531,11,-6.154,1,0.0328,0.146,0,0.175,0.665,110.497,4
spotify:track:1P5l3fAjZ7Z9XTmFHzSck5,"Needed","Sonder Son","Brent Faiyaz",2017-10-13,248293,62,false,qo6rqy7mdblflyegpk0z8sxhl,2025-03-12T23:54:34Z,"r&b","Lost Kids",0.807,0.37,4,-10.783,0,0.0462,0.308,0,0.191,0.792,123.948,4
spotify:track:2LMkwUfqC6S6s6qDVlEuzV,"White Ferrari","Blonde","Frank Ocean",2016-08-20,248807,87,false,qo6rqy7mdblflyegpk0z8sxhl,2025-03-13T00:34:00Z,"","Boys Don't Cry",0.501,0.0958,0,-15.605,1,0.0433,0.77,0,0.298,0.204,108.741,4
spotify:track:577z4YosBrUYhZXUPMdzwX,"DSN","DSN - Single","Brent Faiyaz",2015-07-21,338700,52,false,qo6rqy7mdblflyegpk0z8sxhl,2025-03-13T00:44:09Z,"r&b","Lost Kids",0.331,0.289,2,-16.035,1,0.0917,0.81,0.00014,0.121,0.296,129.662,4
spotify:track:7FdS8jLabsc3ym9VY8kGjK,"Art of War","Art of War","Avenoir",2025-02-28,126973,63,false,qo6rqy7mdblflyegpk0z8sxhl,2025-03-16T04:19:34Z,"dark r&b,alternative r&b,r&b","Avenoir, under exclusive license to LISTEN TO THE KIDS",0.343,0.374,2,-9.608,0,0.0288,0.531,0.00215,0.447,0.277,53.096,3
spotify:track:1w52s8ZgbSHjwjoZ1zQMET,"Jodie","Ctrl (Deluxe)","SZA",2022-06-09,165867,56,true,qo6rqy7mdblflyegpk0z8sxhl,2025-03-16T04:27:08Z,"r&b","Top Dawg Entertainment/RCA Records",0.81,0.402,1,-10.878,1,0.0537,0.804,0.00000214,0.107,0.54,90.433,3
spotify:track:0zh4UsKtESn0jq9nstzx0u,"Fields","Fields","GIVĒON",2018-10-17,220267,58,false,qo6rqy7mdblflyegpk0z8sxhl,2025-03-18T00:30:01Z,"r&b","Medium, Blossum Entertainment, & Twenty Rules",0.864,0.498,11,-9.495,1,0.0594,0.126,0.0000459,0.115,0.225,106.979,4
spotify:track:4F7A0DXBrmUAkp32uenhZt,"Party Monster","Starboy","The Weeknd",2016-11-25,249213,80,true,qo6rqy7mdblflyegpk0z8sxhl,2025-03-18T18:09:18Z,"","The Weeknd/Lyric",0.573,0.63,1,-8.389,1,0.105,0.189,0.0000231,0.259,0.218,77.525,4
spotify:track:6i759FCuKx713ZnYjtpQGU,"True Colors","Starboy","The Weeknd",2016-11-24,206026,59,false,qo6rqy7mdblflyegpk0z8sxhl,2025-03-18T23:13:08Z,"","The Weeknd/Lyric",0.616,0.424,1,-8.237,1,0.251,0.284,0,0.173,0.582,76.676,4
spotify:track:7nNnJFyjTQbdVxPT3kPS3U,"Collection","Sorry 4 What","Tory Lanez;Yoko Gold",2022-09-30,225333,52,true,qo6rqy7mdblflyegpk0z8sxhl,2025-03-18T23:22:28Z,"","One Umbrella Records",0.722,0.305,8,-11.283,0,0.165,0.164,0,0.101,0.217,93.074,4
spotify:track:1g7pFO1WtclKCuIQiS8sNM,"Crybaby","SOS Deluxe: LANA","SZA",2024-12-20,241948,72,true,qo6rqy7mdblflyegpk0z8sxhl,2025-03-20T20:48:12Z,"r&b","Top Dawg Entertainment/RCA Records",0.252,0.482,1,-9.817,1,0.0395,0.658,0.188,0.113,0.426,179.603,3
spotify:track:3FA8JpHhWwDXkroqRFLLFe,"PEACE OF MIND","COLOURS","PARTYNEXTDOOR",2017-06-02,303030,60,true,qo6rqy7mdblflyegpk0z8sxhl,2025-03-20T22:52:10Z,"dark r&b,r&b,trap soul","OVO Sound",0.782,0.367,1,-5.28,0,0.0548,0.283,0,0.0899,0.425,99.005,4
spotify:track:0JmnkIqdlnUzPaf8sqBRs3,"Moonlight","Red Moon In Venus","Kali Uchis",2023-03-03,187723,82,false,qo6rqy7mdblflyegpk0z8sxhl,2025-03-21T19:26:54Z,"","Geffen Records",0.642,0.706,7,-6.832,0,0.0507,0.518,0,0.243,0.86,136.854,4
spotify:track:5tVSyeNzQtII2z51pQa9WJ,"Paradise (feat. BADBADNOTGOOD & Sean Leon)","Pilgrim's Paradise","Daniel Caesar;BADBADNOTGOOD;Sean Leon",2015-11-12,266470,56,true,qo6rqy7mdblflyegpk0z8sxhl,2025-03-21T20:03:36Z,"","HV Recordings",0.429,0.791,8,-6.819,1,0.0356,0.0579,0.00000143,0.22,0.422,83.917,4
spotify:track:4qulzmZFfKLVcfpGXXCP9H,"Belong To You (feat. Babyface Ray)","Larger Than Life","Brent Faiyaz;Babyface Ray",2023-10-27,177593,56,true,qo6rqy7mdblflyegpk0z8sxhl,2025-03-22T01:38:50Z,"r&b","ISO Supremacy under exclusive license to UnitedMasters LLC",0.611,0.357,0,-11.873,0,0.0655,0.127,0.000115,0.109,0.325,128.006,4
spotify:track:21oJ1K99GBJrE2GVQGVjA0,"Frozen","About Time","Sabrina Claudio",2017-10-05,244909,61,false,qo6rqy7mdblflyegpk0z8sxhl,2025-03-26T03:41:48Z,"","SC Entertainment",0.486,0.419,5,-6.415,1,0.0563,0.741,0.0000659,0.096,0.227,119.065,3
spotify:track:0GROiXm03OrMC5ltXLhGIu,"The Party & The After Party","House Of Balloons (Original)","The Weeknd",2011-03-21,459659,80,true,qo6rqy7mdblflyegpk0z8sxhl,2025-03-26T03:47:59Z,"","The Weeknd/Lyric",0.645,0.58,5,-9.527,0,0.0406,0.22,0,0.0878,0.163,101.733,4
spotify:track:3DBFOXJKitLKUjlyOCX7ow,"Chapter Six","Section.80","Kendrick Lamar",2011-07-02,161137,65,true,qo6rqy7mdblflyegpk0z8sxhl,2025-03-26T04:07:32Z,"hip hop,west coast hip hop","Top Dawg Entertainment / Section.80",0.51,0.537,4,-11.297,0,0.0823,0.533,0,0.185,0.67,67.9,4
spotify:track:79ld9rq0iOwvgnaDkN0iGP,"RESTORE THE FEELING (feat. Sean Leon & Jacob Collier)","CASE STUDY 01","Daniel Caesar;Jacob Collier;Sean Leon",2019-06-28,214011,56,true,qo6rqy7mdblflyegpk0z8sxhl,2025-04-04T02:53:52Z,"","HV Recordings",0.541,0.393,10,-13.19,1,0.262,0.615,0.0000364,0.192,0.564,58.387,4
spotify:track:7AzVV4CtTbzLVMc5GDVWZj,"LOVE AGAIN","CASE STUDY 01","Daniel Caesar;Brandy",2019-06-28,214277,68,false,qo6rqy7mdblflyegpk0z8sxhl,2025-04-04T03:04:18Z,"r&b,contemporary r&b","HV Recordings",0.552,0.441,5,-6.412,1,0.0917,0.41,0.00000257,0.107,0.524,76.988,4
spotify:track:16Ah4QqH4mgYVXqfC4mdSd,"LUV","I Told You","Tory Lanez",2016-08-19,228640,76,true,qo6rqy7mdblflyegpk0z8sxhl,2025-04-07T04:09:12Z,"","Benny Blanco Major",0.542,0.528,11,-8.113,0,0.243,0.0108,0,0.117,0.253,190.42,4
spotify:track:2WcPWXOjoDKDVouyyWV8Eq,"Searchin","Into","Sonder",2017-01-27,264242,69,false,qo6rqy7mdblflyegpk0z8sxhl,2025-04-08T00:36:48Z,"dark r&b,r&b","Sonder",0.718,0.396,10,-12.539,0,0.0357,0.148,0.0000108,0.176,0.338,103.994,4
spotify:track:6MF5JoJYj5uK07Si6fRAPM,"HEAL YOUR HEART (INTERLUDE)","WASTELAND","Brent Faiyaz",2022-07-08,75043,59,true,qo6rqy7mdblflyegpk0z8sxhl,2025-04-08T02:58:35Z,"r&b","Lost Kids LLC., Marketed by Venice / Stem",0.287,0.332,1,-10.15,0,0.0433,0.678,0.00375,0.11,0.204,177.804,4
spotify:track:1NaSrCqTnZdlusQ82SJhGN,"TWENTIES","TWENTIES","GIVĒON",2025-02-07,171955,67,false,qo6rqy7mdblflyegpk0z8sxhl,2025-04-08T16:02:20Z,"r&b","Epic",0.547,0.583,7,-7.69,1,0.0475,0.0512,0,0.302,0.401,78.972,3
spotify:track:0bHer4P44xn8jcyMH0EMs8,"Neu Roses (Transgressor's Song)","Freudian","Daniel Caesar",2017-08-25,181908,71,true,qo6rqy7mdblflyegpk0z8sxhl,2025-04-08T23:56:25Z,"","HV Recordings",0.538,0.328,9,-12.788,0,0.0639,0.932,0.00000138,0.685,0.29,68.755,4
spotify:track:5md3aeM1WaEjDec9gH21yW,"Trillions (feat. Brent Faiyaz)","KEYS II","Alicia Keys;Brent Faiyaz",2022-08-12,173062,61,false,qo6rqy7mdblflyegpk0z8sxhl,2025-04-10T18:00:50Z,"r&b,neo soul","RCA Records Label",0.691,0.499,1,-8.059,1,0.0351,0.437,0,0.114,0.105,104.023,4
spotify:track:4hTej08FutmriOs7S1hWWy,"Conceited","SOS","SZA",2022-12-09,151413,63,true,qo6rqy7mdblflyegpk0z8sxhl,2025-04-11T03:57:23Z,"r&b","Top Dawg Entertainment/RCA Records",0.791,0.458,1,-8.236,1,0.0673,0.0486,0.0000408,0.106,0.772,150.046,4
spotify:track:6hRrzZJ90DNQdEF1Wu2Mrf,"As I Am","I Used To Know Her","H.E.R.",2019-08-30,240125,55,false,qo6rqy7mdblflyegpk0z8sxhl,2025-04-11T18:57:46Z,"r&b","MBK Entertainment/RCA Records",0.445,0.567,2,-8.19,0,0.245,0.0822,0.00000129,0.225,0.176,83.661,4
spotify:track:7s8uqVo8PbFO63eqBoxrsT,"You Should Be Here","You Should Be Here","Kehlani",2015-04-28,157859,50,true,qo6rqy7mdblflyegpk0z8sxhl,2025-04-11T19:06:56Z,"","P2015",0.41,0.563,9,-7.08,0,0.0616,0.458,0,0.122,0.264,141.183,4
spotify:track:0Kz9aGVgFvndWkcaiylIt5,"Warm Winds (feat. Isaiah Rashad)","Z","SZA;Isaiah Rashad",2014-04-08,350911,58,false,qo6rqy7mdblflyegpk0z8sxhl,2025-04-11T19:27:59Z,"r&b","Top Dawg Entertainment",0.387,0.505,7,-8.579,1,0.247,0.259,0.000133,0.564,0.158,84.942,4
spotify:track:61OqwQ7gNNg5hdoN0yhGBG,"Finding Peace","CLEAR 2: SOFT LIFE EP","Summer Walker",2023-05-19,183160,40,true,qo6rqy7mdblflyegpk0z8sxhl,2025-04-11T19:36:39Z,"r&b","LVRN/Interscope Records",0.724,0.461,7,-11.328,1,0.0834,0.559,0.215,0.0936,0.763,149.949,4
spotify:track:47y5boKoOnJoSpBpPEZvhz,"Lost Kids Get Money","Fuck The World","Brent Faiyaz",2020-02-07,178488,55,true,qo6rqy7mdblflyegpk0z8sxhl,2025-04-11T20:08:23Z,"r&b","Lost Kids",0.733,0.613,7,-6.366,0,0.0562,0.086,0.00122,0.0919,0.577,150.514,4
spotify:track:3HBZIY3FVzXu6YjhExNqWe,"Vixen","All I Want Is You","Miguel",2010-11-30,181533,67,false,qo6rqy7mdblflyegpk0z8sxhl,2025-04-14T03:11:29Z,"r&b","Jive",0.427,0.499,0,-6.213,0,0.0601,0.392,0,0.389,0.338,82.523,4
spotify:track:0At2qAoaVjIwWNAqrscXli,"Boo'd Up","READY","Ella Mai",2017-02-22,256063,71,false,qo6rqy7mdblflyegpk0z8sxhl,2025-04-14T20:35:00Z,"r&b","10 Summers / Interscope PS",0.561,0.779,10,-5.107,0,0.0531,0.0862,0,0.078,0.235,81.965,4
spotify:track:18y43ozfWR9sp5vaD9cEqe,"Pistachios","Larger Than Life","Brent Faiyaz",2023-10-27,189597,68,true,qo6rqy7mdblflyegpk0z8sxhl,2025-04-15T02:22:04Z,"r&b","ISO Supremacy under exclusive license to UnitedMasters LLC",0.496,0.479,9,-9.214,0,0.141,0.563,0,0.0962,0.233,142.106,4
spotify:track:7k6IzwMGpxnRghE7YosnXT,"Me & U","Cassie (U.S. Version)","Cassie",2006-08-07,192213,84,false,qo6rqy7mdblflyegpk0z8sxhl,2025-05-03T04:33:05Z,"","Bad Boy Records",0.803,0.454,8,-4.802,0,0.0294,0.352,0,0.0655,0.739,99.99,4
spotify:track:0vA6Nhloi5UX2jmqX5Tvk9,"Mad Riches","Too Late To Die Young","Sonder",2022-10-21,116129,69,true,qo6rqy7mdblflyegpk0z8sxhl,2025-05-22T16:48:03Z,"dark r&b,r&b","Sonder Global LLC",0.395,0.241,3,-11.555,0,0.045,0.948,0.000418,0.117,0.248,77.873,4
spotify:track:7mWtOqfkOCbaldtK6TEoVd,"Sirens","Into","Sonder",2017-01-27,198010,61,false,qo6rqy7mdblflyegpk0z8sxhl,2025-05-22T16:55:19Z,"dark r&b,r&b","Sonder",0.543,0.497,8,-12.126,0,0.0937,0.061,0.000131,0.307,0.113,81.996,4
spotify:track:49kfmYktbmzmjrZ6dhiVo8,"Sin on Purpose","Sin on Purpose","Isaiah Falls",2022-03-01,143360,51,true,qo6rqy7mdblflyegpk0z8sxhl,2025-05-22T16:56:02Z,"dark r&b","LVRS N FRIENDS",0.804,0.473,8,-9.148,1,0.0504,0.298,0.00201,0.168,0.719,114.924,4
spotify:track:3REQkt60mafExNVnJehMdL,"Make Me Stay","Too Late To Die Young","Sonder",2022-10-21,172131,66,true,qo6rqy7mdblflyegpk0z8sxhl,2025-05-23T07:25:08Z,"dark r&b,r&b","Sonder Global LLC",0.739,0.371,4,-8.152,0,0.0511,0.358,0.0000427,0.139,0.207,122.033,4
spotify:track:7LbPtmXDn5j9pWosFnX5vh,"Fire","Chasing Summer","SiR",2019-08-30,153560,56,true,qo6rqy7mdblflyegpk0z8sxhl,2025-05-23T18:36:11Z,"alternative r&b,neo soul","Top Dawg Entertainment",0.679,0.438,5,-10.308,1,0.05,0.206,0.00000854,0.303,0.433,132.068,4
spotify:track:5XqDJFVCyRTm5J7cIfRmR1,"Not Another Love Song","Not Another Love Song","Ella Mai",2020-10-02,217801,64,false,qo6rqy7mdblflyegpk0z8sxhl,2025-05-23T21:40:53Z,"r&b","10 Summers/Interscope Records",0.499,0.612,4,-5.947,0,0.127,0.171,0.0000499,0.0993,0.218,157.218,4
spotify:track:5Izl3SfU1DbkOkBZoQltsa,"MOVIE","NOIRE","Avenoir",2023-12-08,166720,47,false,qo6rqy7mdblflyegpk0z8sxhl,2025-05-23T21:47:19Z,"dark r&b,alternative r&b,r&b","Avenoir, under exclusive license to LISTEN TO THE KIDS",0.473,0.333,11,-14.448,0,0.0339,0.738,0.000261,0.148,0.266,112.953,4
spotify:track:1trZGMI2CGyVT44STkpCoN,"Let Me Explain","Let Me Explain","Bryson Tiller",2016-10-20,223969,68,true,qo6rqy7mdblflyegpk0z8sxhl,2025-05-23T21:56:48Z,"trap soul,r&b","TrapSoul/RCA Records",0.809,0.504,2,-3.201,1,0.15,0.00156,0,0.0856,0.525,120.065,4
spotify:track:6IksI018PglNFPUL40pxit,"Pretty Like You","The Private Room","Isaiah Falls",2023-04-18,154958,45,true,qo6rqy7mdblflyegpk0z8sxhl,2025-05-23T22:32:13Z,"dark r&b","LVRS ONLY",0.485,0.331,10,-13.101,1,0.165,0.952,0.0469,0.367,0.359,129.28,4
spotify:track:5oO3drDxtziYU2H1X23ZIp,"Love On The Brain","ANTI (Deluxe)","Rihanna",2016-01-28,224000,88,true,qo6rqy7mdblflyegpk0z8sxhl,2025-05-24T06:16:25Z,"","Roc Nation / Rihanna",0.509,0.637,4,-4.83,0,0.047,0.0717,0.0000108,0.0789,0.379,172.007,3
spotify:track:4NYwy0R3NdvORX2B6OZXBT,"Slow Motion","Trigga Reloaded","Trey Songz",2015-06-23,197854,71,false,qo6rqy7mdblflyegpk0z8sxhl,2025-05-27T19:23:05Z,"r&b","Songbook/Atlantic",0.733,0.408,7,-7.834,0,0.0388,0.679,0.0000392,0.11,0.291,94.947,4
spotify:track:5GHXuh69XUrnrMTgDcqJC9,"Heartbreaker","Parked Car Convos","Kaash Paige",2019-11-15,178280,50,true,qo6rqy7mdblflyegpk0z8sxhl,2025-05-28T14:14:41Z,"","Se Lavi Productions(Kaasha Paige)/Def Jam",0.39,0.311,1,-9.74,1,0.0392,0.779,0.00000177,0.114,0.24,107.346,4
spotify:track:4EMi40PsBg8uwJcEyNhdPJ,"Let You Go","Let You Go","Jayla Darden",2020-11-13,173647,43,false,qo6rqy7mdblflyegpk0z8sxhl,2025-05-28T14:26:57Z,"alternative r&b","a sick project/Interscope Records",0.734,0.557,1,-6.593,0,0.0616,0.105,0.0218,0.086,0.254,113.206,5
spotify:track:3pnKLnRoGPlnRqPhHX0tOI,"Too Fast","Into","Sonder",2017-01-27,308005,58,false,qo6rqy7mdblflyegpk0z8sxhl,2025-05-28T14:40:49Z,"dark r&b,r&b","Sonder",0.334,0.329,4,-10.925,0,0.0481,0.315,0.0000202,0.266,0.114,74.998,4
spotify:track:7DFnq8FYhHMCylykf6ZCxA,"Yo (Excuse Me Miss)","Chris Brown (Expanded Edition)","Chris Brown",2005,229040,77,false,qo6rqy7mdblflyegpk0z8sxhl,2025-05-28T14:50:18Z,"r&b","Jive",0.536,0.612,4,-5.847,1,0.272,0.119,0,0.209,0.57,86.768,4
spotify:track:6brl7bwOHmGFkNw3MBqssT,"So Sick","In My Own Words","Ne-Yo",2006-01-01,207186,84,false,qo6rqy7mdblflyegpk0z8sxhl,2025-05-28T14:57:16Z,"","Def Soul",0.452,0.574,6,-8.336,1,0.311,0.245,0,0.189,0.578,92.795,4
spotify:track:6dZ6qWl1e9GsMndBG7vqB9,"Unfoolish","Ashanti","Ashanti",2002-01-01,194160,73,true,qo6rqy7mdblflyegpk0z8sxhl,2025-05-28T15:01:44Z,"r&b","I.G. Records, Inc./Universal Records",0.701,0.692,9,-4.67,0,0.115,0.699,0,0.177,0.688,90.193,4
spotify:track:59nOXPmaKlBfGMDeOVGrIK,"WAIT FOR U (feat. Drake & Tems)","I NEVER LIKED YOU","Future;Drake;Tems",2022-04-29,189893,85,true,qo6rqy7mdblflyegpk0z8sxhl,2025-05-29T15:18:46Z,"rap,afrobeats,afro r&b,alté,afrobeat","Epic/Freebandz",0.463,0.642,1,-4.474,1,0.34,0.314,0,0.0686,0.339,83.389,4
spotify:track:5hVghJ4KaYES3BFUATCYn0,"EARFQUAKE","IGOR","Tyler, The Creator",2019-05-17,190072,80,true,qo6rqy7mdblflyegpk0z8sxhl,2025-05-30T14:08:39Z,"","Columbia",0.554,0.498,9,-8.866,1,0.0685,0.23,0.00000598,0.795,0.413,79.635,4
spotify:track:6Ne0WDDrPxzr6gdJ0L0oUS,"COMPLEXITIES","CASE STUDY 01","Daniel Caesar",2019-06-28,230585,61,false,qo6rqy7mdblflyegpk0z8sxhl,2025-05-30T14:18:26Z,"","HV Recordings",0.513,0.204,11,-8.917,0,0.0653,0.657,0.00429,0.262,0.247,123.113,5
spotify:track:1OykBmq3vmMSEOQShNIBLv,"You Can't Save Me","Chasing Summer","SiR",2019-08-30,174946,64,true,qo6rqy7mdblflyegpk0z8sxhl,2025-05-30T14:22:36Z,"alternative r&b,neo soul","Top Dawg Entertainment",0.623,0.584,0,-7.902,1,0.12,0.0615,0.000168,0.119,0.546,157.986,4
spotify:track:2LmGKdWkv8iMJymOnmzHQi,"Trillions (feat. Brent Faiyaz) - Radio Edit","Trillions (feat. Brent Faiyaz) [Radio Edit]","Alicia Keys;Brent Faiyaz",2022-08-11,148960,48,true,qo6rqy7mdblflyegpk0z8sxhl,2025-06-04T15:53:43Z,"r&b,neo soul","RCA Records Label",0.672,0.615,1,-7.437,1,0.0298,0.286,0.0000701,0.0839,0.16,106.934,4
spotify:track:5Ju9aLa212eAILfl5sWkjc,"Ugotme","Stereo","Omar Apollo",2018-05-30,127272,53,false,qo6rqy7mdblflyegpk0z8sxhl,2025-06-08T12:49:07Z,"bedroom pop","Omar Apollo",0.782,0.494,0,-1.458,1,0.0337,0.454,0.000061,0.134,0.402,65.832,4
spotify:track:7jhxagwOk9y1HC5ciRfmkQ,"Invincible (feat. Daniel Caesar)","Ivory","Omar Apollo;Daniel Caesar",2022-04-08,216160,70,false,qo6rqy7mdblflyegpk0z8sxhl,2025-06-08T13:50:02Z,"bedroom pop","Warner Records",0.555,0.474,6,-11.706,0,0.0668,0.224,0.00426,0.162,0.262,134.89,4
spotify:track:6U0FIYXCQ3TGrk4tFpLrEA,"SUGAR","GINGER","BROCKHAMPTON",2019-08-23,204541,72,true,qo6rqy7mdblflyegpk0z8sxhl,2025-06-08T14:52:04Z,"","Question Everything/RCA Records",0.453,0.538,1,-8.212,1,0.0638,0.449,0,0.19,0.516,122.973,4
spotify:track:1CcorUngVSo7k2GX8GLB53,"Feature Me","The Lead","FLO",2022-07-08,201621,53,false,qo6rqy7mdblflyegpk0z8sxhl,2025-06-08T15:16:03Z,"uk r&b","Universal-Island Records Ltd.",0.731,0.493,6,-4.96,0,0.0581,0.116,0.00000832,0.0619,0.852,127.03,4
spotify:track:4eSGSqP2TZvvX0kadZZttM,"Doing It Wrong","Take Care (Deluxe)","Drake",2011-11-15,265120,78,true,qo6rqy7mdblflyegpk0z8sxhl,2025-06-08T15:41:57Z,"rap","Cash Money Records/Young Money Ent./Universal Rec.",0.397,0.172,6,-15.698,0,0.0445,0.841,0.0000678,0.108,0.123,101.275,4
spotify:track:2kYB66omjIRkqPx8zRPEAH,"Easy","The Plan","DaniLeigh",2018-11-30,186200,63,false,qo6rqy7mdblflyegpk0z8sxhl,2025-06-08T16:57:05Z,"r&b","Def Jam Recordings",0.844,0.322,7,-11.815,1,0.192,0.203,0.00000198,0.0848,0.531,100.017,4
spotify:track:1m0DML2ofQeH65HwZXoDoZ,"What Are We?","What Are We?","Inayah",2021-05-07,160887,50,true,qo6rqy7mdblflyegpk0z8sxhl,2025-06-08T17:32:49Z,"","Inayahlator Enterprises / EMPIRE",0.624,0.453,1,-6.007,0,0.0638,0.0146,0,0.168,0.356,122.268,4
spotify:track:6rSUrh8ErKSKfbH0t0IzCM,"Moment","JAGUAR","Victoria Monét",2020-08-07,179413,58,true,qo6rqy7mdblflyegpk0z8sxhl,2025-06-08T17:53:57Z,"alternative r&b","Tribe Records",0.571,0.431,1,-8.889,1,0.0547,0.637,0.00524,0.122,0.361,130.111,4
spotify:track:6HyDUjZBvAitKVlEo3UPMt,"Lemon Pepper Wet","Lemon Pepper","Tempest",2021-11-03,161757,41,true,qo6rqy7mdblflyegpk0z8sxhl,2025-06-09T22:47:38Z,"alternative r&b","Boom.Records",0.838,0.482,10,-7.897,1,0.0345,0.354,0.00000497,0.122,0.393,98.184,4
spotify:track:4Ebpa8CRiGYyMtqTciqJEi,"Home","The Art of Conversation","Bellah",2020-11-20,116000,50,false,qo6rqy7mdblflyegpk0z8sxhl,2025-06-13T11:07:51Z,"uk r&b","Base 'N' Rebulz x Marathon Artists",0.452,0.185,1,-16.03,1,0.0717,0.93,0.000218,0.108,0.462,71.444,3
spotify:track:465Yx9rm9mNmzTFlojTIRs,"Anytime (feat. Kehlani & ROMderful)","Empathy","Jean Deaux;Kehlani;ROMderful",2019-06-14,256310,38,true,qo6rqy7mdblflyegpk0z8sxhl,2025-06-13T15:38:45Z,"alternative r&b,uk r&b","Jean Deaux / EMPIRE",0.794,0.428,4,-8.623,0,0.312,0.34,0,0.223,0.335,102.484,4
spotify:track:3xcapG4WdzvsER4g70MjKc,"Surprise","Surprise","Chlöe",2022-06-17,155298,51,false,qo6rqy7mdblflyegpk0z8sxhl,2025-06-14T10:02:13Z,"","Parkwood Entertainment/Columbia",0.729,0.74,4,-4.12,0,0.0556,0.193,0,0.132,0.857,139.01,4
spotify:track:6C3Gyg7mlvUmwCnYi9K9O5,"Morning View","WWW.","Towkio;SZA",2018-05-18,196946,39,true,qo6rqy7mdblflyegpk0z8sxhl,2025-06-14T10:21:19Z,"r&b","Towkio/Republic Records",0.426,0.419,4,-8.976,1,0.0321,0.375,0.0000121,0.115,0.371,140.403,4
spotify:track:7tzeZLMnqlke2raEMeDZ9S,"These Four Walls","A Brief Nirvana","Khamari",2023-05-26,185655,62,false,qo6rqy7mdblflyegpk0z8sxhl,2025-06-14T11:03:59Z,"indie r&b","RCA Records Label",0.602,0.344,7,-7.89,1,0.149,0.513,0,0.133,0.315,137.702,3
spotify:track:6tDDoYIxWvMLTdKpjFkc1B,"telepatía","Sin Miedo (del Amor y Otros Demonios) ∞","Kali Uchis",2020-12-04,160191,87,false,qo6rqy7mdblflyegpk0z8sxhl,2025-06-16T22:36:22Z,"","EMI / Interscope",0.653,0.524,11,-9.016,0,0.0502,0.112,0,0.203,0.553,83.97,4
spotify:track:0dcf0L6F1LUA1nE2zWH4J2,"The Party & The After Party","Trilogy","The Weeknd",2012-11-13,459386,69,true,qo6rqy7mdblflyegpk0z8sxhl,2025-06-19T14:12:13Z,"","CP Records",0.424,0.634,5,-7.456,0,0.392,0.476,0,0.113,0.385,203.592,4
spotify:track:1YZ1comOG6vMxdfllMoruC,"Sorry To Say","Sorry To Say","Tempest",2020-12-18,224804,36,false,qo6rqy7mdblflyegpk0z8sxhl,2025-06-19T15:53:41Z,"alternative r&b","yeaimtempest",0.704,0.516,3,-6.086,0,0.0592,0.675,0.000353,0.116,0.484,105.016,4
spotify:track:6TKOariWgppe0f6JcXMMCo,"Outside Freestyle","BUT IF iiM HONEST","RAAHiiM",2023-08-11,170640,38,true,qo6rqy7mdblflyegpk0z8sxhl,2025-06-21T16:42:44Z,"dark r&b,trap soul","Also Known Worldwide Inc. Distributed by Stem",0.731,0.489,5,-6.763,1,0.0939,0.277,0.00435,0.24,0.315,109.973,4
spotify:track:5ZF6l3xKi3m6YK2dDXAsR5,"Love Me Back (Fayahh Beat)","Love Me Back (Fayahh Beat)","Trinidad Cardona;Robinson",2022-04-04,193626,73,false,qo6rqy7mdblflyegpk0z8sxhl,2025-06-22T18:59:08Z,"","Artist Partner Group, Inc / Def Jam Recordings",0.602,0.612,8,-8.115,1,0.0465,0.0325,0.00943,0.147,0.692,95.161,4
spotify:track:2nICPEP27G5i4pb69k9cvL,"Broken Promises","Still Over It","Summer Walker",2021-11-05,183331,51,true,qo6rqy7mdblflyegpk0z8sxhl,2025-07-06T16:05:10Z,"r&b","LVRN/Interscope Records",0.667,0.409,0,-7.745,0,0.0638,0.611,0,0.105,0.29,110.121,4
spotify:track:4ZgXDDRSS4lVx1g3WkRon0,"Doctor, My Eyes","A Brief Nirvana","Khamari",2023-05-26,194072,67,false,qo6rqy7mdblflyegpk0z8sxhl,2025-07-06T16:16:19Z,"indie r&b","RCA Records Label",0.484,0.433,7,-8.526,1,0.0348,0.786,0.000121,0.309,0.569,83.496,4
spotify:track:1zwUCjt4sxia9JxjnxujjX,"peter pan.","peter pan.","Brent Faiyaz",2025-07-04,184614,62,false,qo6rqy7mdblflyegpk0z8sxhl,2025-07-06T16:29:16Z,"r&b","ISO Supremacy under exclusive license to UnitedMasters LLC",0.492,0.525,10,-9.536,0,0.041,0.678,0.000397,0.107,0.641,155.805,3
spotify:track:0OmupNM2dP2QJvstyMMSCs,"tony soprano.","tony soprano.","Brent Faiyaz",2025-07-04,182304,63,true,qo6rqy7mdblflyegpk0z8sxhl,2025-07-06T16:29:24Z,"r&b","ISO Supremacy under exclusive license to UnitedMasters LLC",0.584,0.431,7,-9.926,0,0.0702,0.116,0.0000262,0.119,0.177,136.858,4
spotify:track:0bxPRWprUVpQK0UFcddkrA,"Folded","Folded","Kehlani",2025-06-11,238120,84,false,qo6rqy7mdblflyegpk0z8sxhl,2025-07-06T16:29:29Z,"","TSNMI / Atlantic",0.572,0.598,1,-7.189,1,0.0564,0.295,0,0.12,0.498,135.578,4
spotify:track:7zys5zXPhi0KG1Vv9N43rC,"All Pride Aside with Summer Walker","Shelley FKA DRAM","DRAM;Summer Walker",2021-04-29,258417,39,false,qo6rqy7mdblflyegpk0z8sxhl,2025-07-07T05:28:54Z,"r&b","W.A.V.E. Recordings/EMPIRE/Atlantic",0.643,0.581,8,-6.783,1,0.0565,0.079,0.000133,0.104,0.474,129.925,4
spotify:track:4TLJNON6mZLpfZX3g4Oh8B,"IN THE AIR","COLORWAY","DESTIN CONRAD",2021-03-05,136695,60,false,qo6rqy7mdblflyegpk0z8sxhl,2025-07-07T05:53:38Z,"alternative r&b","DESTIN CONRAD",0.794,0.389,8,-6.132,1,0.0545,0.0375,0.00194,0.109,0.259,114.92,4
spotify:track:6vMpPxLV0F5Diwcs6awI1Z,"coffee","Wildheart (Deluxe Version)","Miguel",2015-06-26,286571,67,true,qo6rqy7mdblflyegpk0z8sxhl,2025-07-07T06:25:10Z,"r&b","ByStorm Entertainment/RCA Records",0.556,0.618,10,-7.471,0,0.0463,0.00558,0.000351,0.153,0.121,80.985,4
spotify:track:6kW0nkWiLGEEuEigY2orHw,"Bonjour (feat. Summer Walker)","You Should Come Over","NO1-NOAH;Summer Walker",2022-04-22,225856,40,true,qo6rqy7mdblflyegpk0z8sxhl,2025-07-07T08:45:56Z,"trap soul,r&b","Ghetto Earth Records, LLC / Interscope Records",0.812,0.393,6,-7.997,0,0.0749,0.412,0,0.0996,0.341,102.984,4
spotify:track:4tyxf7iATNclULxE7oAKMN,"Cupid's Curse (feat. Kehlani)","With Love 2","Phora;Kehlani",2020-11-06,212801,48,true,qo6rqy7mdblflyegpk0z8sxhl,2025-07-07T08:57:05Z,"","Phora LLC",0.685,0.4,6,-10.025,1,0.0635,0.699,0,0.148,0.543,110.874,4
spotify:track:4Oh1zkPShpImBJOBOKMMAq,"BACK to YOU","TYLA +","Tyla",2024-10-11,155220,55,false,qo6rqy7mdblflyegpk0z8sxhl,2025-07-07T09:04:57Z,"afrobeats","FAX Records/Epic",0.597,0.612,5,-4.167,0,0.267,0.348,0.00000596,0.111,0.43,175.902,4
spotify:track:2gq9iG0maBxkuZI7yfGJuv,"Overtime","T R A P S O U L","Bryson Tiller",2015-10-02,218261,67,true,qo6rqy7mdblflyegpk0z8sxhl,2025-07-09T02:48:42Z,"trap soul,r&b","TrapSoul/RCA Records",0.657,0.497,1,-7.689,1,0.112,0.254,0,0.367,0.593,106.049,4
spotify:track:6xRnDd8w5GkPTOiHC7zxsb,"Closure","Still Over It","Summer Walker",2021-11-05,131716,50,true,qo6rqy7mdblflyegpk0z8sxhl,2025-07-09T02:54:37Z,"r&b","LVRN/Interscope Records",0.809,0.586,0,-8.315,1,0.0753,0.201,0.00000383,0.159,0.561,134.973,3
spotify:track:2VYnlKxB8jpbCeLUjQsebc,"In A Good Way","I Know I'm Funny haha","Faye Webster",2021-06-25,224680,75,false,qo6rqy7mdblflyegpk0z8sxhl,2025-07-09T03:20:09Z,"","Secretly Canadian",0.587,0.286,9,-8.839,1,0.0315,0.185,0.0288,0.214,0.302,71.123,4
spotify:track:0kAy9nius3LMRVcE3W0I9J,"Right My Wrongs","A Brief Nirvana","Khamari",2023-05-26,140961,51,false,qo6rqy7mdblflyegpk0z8sxhl,2025-07-09T04:14:20Z,"indie r&b","RCA Records Label",0.328,0.418,7,-9.55,1,0.0325,0.504,0.0000489,0.211,0.103,78.179,3
spotify:track:2iksjpqL3eraxCBKqNHuqd,"YES IT IS","MUTT","Leon Thomas",2024-09-27,228047,72,true,qo6rqy7mdblflyegpk0z8sxhl,2025-07-09T10:56:37Z,"","EZMNY Records/Motown Records",0.755,0.642,5,-6.105,0,0.141,0.593,0.000301,0.122,0.293,121.945,4
spotify:track:5Mv7yjian35AddlklJgg1v,"Switch A Nigga Out","Still Over It","Summer Walker",2021-11-05,177542,62,true,qo6rqy7mdblflyegpk0z8sxhl,2025-07-09T11:19:45Z,"r&b","LVRN/Interscope Records",0.573,0.289,2,-9.532,1,0.0953,0.199,0.0000105,0.101,0.0393,99.96,4
spotify:track:0hi5V0ExKfjCz9zLxhVAcl,"Bare Wit Me","The Album","Teyana Taylor",2020-06-19,128651,61,true,qo6rqy7mdblflyegpk0z8sxhl,2025-07-11T18:36:56Z,"","Getting Out Our Dreams, Inc./Def Jam Recordings",0.73,0.498,5,-8.629,0,0.064,0.138,0.083,0.187,0.498,117.975,4
spotify:track:1vb0f4CPZPXGIp0Gc6OApE,"Onto Something","Onto Something","Jayla Darden",2019-11-05,196834,50,false,qo6rqy7mdblflyegpk0z8sxhl,2025-07-13T10:12:37Z,"alternative r&b","a sick project/Interscope Records",0.829,0.444,6,-7.882,0,0.0602,0.0395,0.151,0.093,0.38,139.03,4
spotify:track:0k4d5YPDr1r7FX77VdqWez,"You Right","Planet Her","Doja Cat;The Weeknd",2021-06-25,186173,81,true,qo6rqy7mdblflyegpk0z8sxhl,2025-07-16T12:11:16Z,"","Kemosabe Records/RCA Records",0.828,0.621,8,-6.414,1,0.0565,0.0164,0.00233,0.0845,0.436,128.986,4
spotify:track:6gLAsTEZ9Vtxv4thqosZ89,"I Choose","Tell Ya Story","Layton Greene",2019-09-27,201427,50,true,qo6rqy7mdblflyegpk0z8sxhl,2025-07-16T15:12:52Z,"","Quality Control Music/Motown Records",0.389,0.533,2,-6.57,1,0.249,0.808,0,0.241,0.257,168.37,3
spotify:track:7eA2lLOv4utwso2MAXy00G,"Never Knew","Tell Ya Story","Layton Greene",2019-09-27,215044,46,true,qo6rqy7mdblflyegpk0z8sxhl,2025-07-16T16:10:37Z,"","Quality Control Music/Motown Records",0.681,0.531,6,-6.252,1,0.0401,0.0362,0,0.109,0.27,107.005,4
spotify:track:2vdposMtmLoanI0pflut4F,"Circus","Still Over It","Summer Walker",2021-11-05,132972,51,true,qo6rqy7mdblflyegpk0z8sxhl,2025-07-16T16:14:43Z,"r&b","LVRN/Interscope Records",0.506,0.601,0,-8.647,0,0.0975,0.638,0,0.129,0.648,74.111,4
spotify:track:6iWmvLjxADxbgdTNR95Yba,"Wax Poetic","A Brief Nirvana","Khamari",2023-05-26,170406,52,false,qo6rqy7mdblflyegpk0z8sxhl,2025-07-16T16:25:00Z,"indie r&b","RCA Records Label",0.758,0.648,6,-7.237,1,0.147,0.0534,0.00179,0.0864,0.732,158.089,4
spotify:track:7AzlLxHn24DxjgQX73F9fU,"No Idea","Heaven Or Hell","Don Toliver",2020-03-13,154424,84,false,qo6rqy7mdblflyegpk0z8sxhl,2025-07-16T16:30:14Z,"","We Run It Ent./Cactus Jack/Atlantic",0.652,0.631,6,-5.718,0,0.0893,0.524,0.000579,0.165,0.35,127.998,4
spotify:track:2WP8G2pdddDmnh1xbfKBOI,"Finesse","Scorpion","Drake",2018-06-29,182080,74,false,qo6rqy7mdblflyegpk0z8sxhl,2025-07-16T16:45:04Z,"rap","Cash Money/Drake LP6",0.807,0.319,0,-8.152,0,0.0581,0.133,0.000338,0.101,0.299,94.992,4
spotify:track:3FImu2LpSuH6gDHBuFgIbS,"DO 4 LOVE","Spotify Singles","Snoh Aalegra",2021-10-29,189462,71,false,qo6rqy7mdblflyegpk0z8sxhl,2025-07-17T10:53:08Z,"alternative r&b","Artium Recordings, LLC, under exclusive license to Roc Nation Records, LLC",0.367,0.142,6,-12.717,0,0.0319,0.913,0.00367,0.107,0.1,69.827,4
spotify:track:57wp7VFnV8X0pSVnYArGeJ,"Whatever She Wants","Whatever She Wants","Bryson Tiller",2024-02-13,161342,78,true,qo6rqy7mdblflyegpk0z8sxhl,2025-07-17T11:08:02Z,"trap soul,r&b","TrapSoul/RCA Records",0.803,0.512,9,-6.871,0,0.066,0.128,0,0.0928,0.435,96.02,4
spotify:track:1yvSMyZn27M4wEslpSvB0D,"So High","Purrr!","Doja Cat",2014-08-05,199746,72,true,qo6rqy7mdblflyegpk0z8sxhl,2025-07-18T20:45:37Z,"","MAU Records",0.621,0.585,10,-5.632,0,0.0457,0.12,0.00000191,0.05,0.668,132.004,4
spotify:track:0dkvbYmXYEPK7gGMdytmfI,"sex money feelings die - slowed version","sex money feelings die (slowed version)","Lykke Li",2019-10-18,168810,64,true,qo6rqy7mdblflyegpk0z8sxhl,2025-07-18T23:25:25Z,"","LL Recordings/RCA Records",0.797,0.44,5,-6.587,0,0.0594,0.471,0.00000157,0.0849,0.436,111.014,4
spotify:track:4v5kAh2wWyCSuKuhMJK8u6,"Long Way 2 Go","Cassie (U.S. Version)","Cassie",2006-08-07,220639,84,false,qo6rqy7mdblflyegpk0z8sxhl,2025-07-19T00:07:10Z,"","Bad Boy Records",0.589,0.655,8,-8.138,1,0.0488,0.057,0.000353,0.372,0.675,105.272,4
spotify:track:7rcIHCRo0d6CZtpwC0cznD,"Drifting","A Brief Nirvana","Khamari",2023-05-26,151666,52,false,qo6rqy7mdblflyegpk0z8sxhl,2025-07-20T13:04:56Z,"indie r&b","RCA Records Label",0.75,0.562,1,-7.37,1,0.0522,0.233,0.0000145,0.126,0.547,97.066,4
spotify:track:4HQYvC3uJxW3KDGxMln19H,"The First Time","The Gentlemen's Club","Elliott Trent",2017-05-19,240091,53,true,qo6rqy7mdblflyegpk0z8sxhl,2025-07-20T13:31:33Z,"trap soul","Sixxiv Life LLC",0.691,0.381,2,-13.269,0,0.235,0.594,0,0.109,0.364,109.918,4
spotify:track:3ViEhfgPwDKva54pvEQFTO,"R e s e n t m e n t","PARTYNEXTDOOR 4 (P4)","PARTYNEXTDOOR",2024-04-25,224187,68,false,qo6rqy7mdblflyegpk0z8sxhl,2025-07-28T18:36:32Z,"dark r&b,r&b,trap soul","OVO Sound",0.572,0.228,5,-15.529,1,0.0398,0.616,0.0238,0.121,0.333,94.164,4
spotify:track:4Dy5oXGqZZLzOumW6Jho7o,"Countless Times","Love Letterz (Deluxe)","Marzz",2022-04-07,165813,41,true,qo6rqy7mdblflyegpk0z8sxhl,2025-07-28T18:54:15Z,"","Keep Cool/RCA Records",0.789,0.414,1,-7.664,0,0.0599,0.567,0.0000117,0.0793,0.327,112.941,3
spotify:track:1C6xuOPHkIpmgHWgjyoiTI,"Another","Public Displays Of Affection: The Album","Muni Long",2022-09-23,152175,47,true,qo6rqy7mdblflyegpk0z8sxhl,2025-07-28T19:16:37Z,"","Supergiant Records, LLC / Def Jam Recordings",0.77,0.581,11,-5.307,0,0.0908,0.452,0,0.128,0.284,120.019,4
spotify:track:6m94NnMDxM5KM5Ut5vgfhR,"Made For Me","Revenge","Muni Long",2024-08-30,186090,72,false,qo6rqy7mdblflyegpk0z8sxhl,2025-07-28T19:30:02Z,"","Muni Long PS/ Def Jam",0.783,0.484,7,-6.535,0,0.0337,0.125,0,0.149,0.0649,120.012,4
spotify:track:2kSb3wYSOV996xA2NSmpck,"Melting","Por Vida","Kali Uchis",2015-02-04,208853,13,false,qo6rqy7mdblflyegpk0z8sxhl,2025-07-29T21:23:10Z,"","Kali Uchis LLC",0.574,0.479,8,-7.776,1,0.0355,0.179,0.0803,0.106,0.303,115.263,4
spotify:track:5iBFfR1yvTrxw9TxNhqRqd,"Oxford Circus","Oxford Circus","Frex",2022-06-03,152000,53,true,qo6rqy7mdblflyegpk0z8sxhl,2025-07-29T21:57:09Z,"","Republic Records",0.355,0.446,1,-8.865,1,0.104,0.788,0.0242,0.176,0.275,178.003,4
spotify:track:0g4fzRkbLeCDUCoe5iUOcf,"sex money feelings die","so sad so sexy","Lykke Li",2018-06-08,139852,68,true,qo6rqy7mdblflyegpk0z8sxhl,2025-07-30T12:59:32Z,"","LL Recordings/RCA Records",0.789,0.534,8,-6.347,0,0.0709,0.323,0.00000342,0.0645,0.631,134.055,4
spotify:track:1NsoJ2lSWD61hD4hRY5Qby,"CINDERELLA, Pt. 2","ONCE UPON A TIME","CHIKA",2021-03-12,130882,39,false,qo6rqy7mdblflyegpk0z8sxhl,2025-07-31T19:54:36Z,"alternative r&b","Warner Records",0.58,0.317,6,-10.769,1,0.137,0.489,0.00000345,0.112,0.338,176.959,3
spotify:track:6SwRhMLwNqEi6alNPVG00n,"LOYALTY. FEAT. RIHANNA.","DAMN.","Kendrick Lamar;Rihanna",2017-04-14,227360,78,true,qo6rqy7mdblflyegpk0z8sxhl,2025-08-01T14:15:01Z,"hip hop,west coast hip hop","Aftermath",0.658,0.535,9,-8.983,0,0.0573,0.0265,0,0.2,0.419,110.684,4
spotify:track:5uKHTLXNcftXtYfU7j9cQ6,"I LIKE","I LIKE","Tory Lanez",2022-04-22,133521,69,true,qo6rqy7mdblflyegpk0z8sxhl,2025-08-01T21:36:28Z,"","One Umbrella Records",0.744,0.448,4,-10.426,1,0.291,0.365,0,0.194,0.279,118.027,4
spotify:track:4vcUf8YqLi1mDeT9c0Wo6f,"Ice T","For Broken Ears","Tems",2020-09-25,247164,61,false,qo6rqy7mdblflyegpk0z8sxhl,2025-08-01T22:50:43Z,"afrobeats,afro r&b,alté,afrobeat","Leading Vibe Ltd",0.679,0.481,0,-8.791,0,0.115,0.101,0,0.0844,0.665,134.168,4
spotify:track:11fwuyslYFSxbSBi488fsr,"(un)Folded","(un)Folded","Kehlani",2025-07-30,286040,57,false,qo6rqy7mdblflyegpk0z8sxhl,2025-08-02T22:43:36Z,"","TSNMI / Atlantic",0.395,0.481,10,-4.309,0,0.0298,0.736,0,0.201,0.265,124.879,4
spotify:track:18lsmU8M9Smk1ekZZ5QrX5,"TELL THE DJ","TELL THE DJ","Isaiah Falls",2023-11-21,181935,48,true,qo6rqy7mdblflyegpk0z8sxhl,2025-08-03T13:50:21Z,"dark r&b","LVRS ONLY",0.867,0.436,0,-10.101,0,0.096,0.554,0.00022,0.094,0.705,124.046,4
spotify:track:1V0rl8HIvcfn1ztxPuYMFc,"Have A Baby (With Me)","Have A Baby (With Me)","Daniel Caesar",2025-07-25,225874,59,false,qo6rqy7mdblflyegpk0z8sxhl,2025-08-03T14:41:37Z,"","Republic Records",0.638,0.337,1,-12.408,1,0.037,0.809,0.0298,0.11,0.458,131.318,4
spotify:track:3PqLsRd5qvGGYllBy1IWII,"Mad At Fire","Mad At Fire","Elmiene",2023-06-28,231532,62,false,qo6rqy7mdblflyegpk0z8sxhl,2025-08-04T16:11:41Z,"uk r&b","Polydor Records",0.713,0.339,7,-9.484,0,0.0371,0.869,0.00855,0.255,0.418,109.889,4
spotify:track:1ciQU7ZQGHq129m3njp9en,"dirty dancer","dirty dancer","Orion Sun",2022-02-08,169720,1,true,qo6rqy7mdblflyegpk0z8sxhl,2025-08-04T21:32:24Z,"alternative r&b,bedroom pop","Mom+Pop",0.702,0.525,7,-5.028,0,0.0313,0.376,0.0667,0.119,0.515,113.856,4
spotify:track:2GkcJZGxfxSw0vaQnnJzdi,"stasis","introspect","Pino",2025-01-24,207080,5,true,qo6rqy7mdblflyegpk0z8sxhl,2025-08-04T22:01:26Z,"dark r&b,r&b","New 11 Records",0.286,0.489,11,-10.209,0,0.0309,0.707,0.00149,0.154,0.242,142.192,3
spotify:track:2GkcJZGxfxSw0vaQnnJzdi,"stasis","introspect","Pino",2025-01-24,207080,5,true,qo6rqy7mdblflyegpk0z8sxhl,2025-08-04T22:18:11Z,"dark r&b,r&b","New 11 Records",0.286,0.489,11,-10.209,0,0.0309,0.707,0.00149,0.154,0.242,142.192,3
spotify:track:0HMMmXVEAoQyS3BbjKi6tF,"SATISFACTION","HEAVY","SiR",2024-03-22,130981,53,false,qo6rqy7mdblflyegpk0z8sxhl,2025-08-05T15:29:12Z,"alternative r&b,neo soul","TDE Music LLC",0.608,0.577,7,-4.655,0,0.128,0.663,0.00000298,0.109,0.37,110.453,4
spotify:track:63bAGRSSX2V1hhPSP2NpBC,"North Face","Analogue","ODIE",2018-04-06,196799,60,true,qo6rqy7mdblflyegpk0z8sxhl,2025-08-05T15:49:07Z,"","Unité Recordings / EMPIRE",0.802,0.382,10,-7.356,1,0.0312,0.792,0.163,0.0783,0.581,99.969,4
spotify:track:5WbfFTuIldjL9x7W6y5l7R,"Kingston","Atlanta Millionaires Club","Faye Webster",2019-05-24,202653,79,false,qo6rqy7mdblflyegpk0z8sxhl,2025-08-06T23:40:42Z,"","Secretly Canadian",0.73,0.355,10,-9.13,0,0.0359,0.154,0.00155,0.117,0.56,142.143,4
spotify:track:2uvE4L5ZsYKpv8hbK4TIOt,"MUTT","MUTT","Leon Thomas",2024-09-27,192933,83,true,qo6rqy7mdblflyegpk0z8sxhl,2025-08-08T19:42:15Z,"","EZMNY Records/Motown Records",0.572,0.455,1,-8.078,1,0.134,0.216,0.00000388,0.072,0.597,179.787,4
spotify:track:1Adhz5VVDZxhojOLfQQUxa,"Not Around","Not Around","Nova",2019-08-04,183920,69,true,qo6rqy7mdblflyegpk0z8sxhl,2025-08-08T22:06:52Z,"","Boom.Records",0.499,0.695,6,-9.452,1,0.113,0.333,0.00000285,0.659,0.235,131.006,4
spotify:track:1c2wTe7doRRk2n1XZe0KAM,"Lovely","Into","Sonder",2017-01-27,291448,66,true,qo6rqy7mdblflyegpk0z8sxhl,2025-08-09T13:18:50Z,"dark r&b,r&b","Sonder",0.506,0.503,8,-9.003,0,0.0468,0.581,0.000534,0.628,0.133,144.015,3
spotify:track:0l3GEbH3CviUytD6iX4wzg,"Right Thurr","Jackpot","Chingy",2003-01-01,250746,75,true,qo6rqy7mdblflyegpk0z8sxhl,2025-08-12T19:03:29Z,"crunk","Capitol Records",0.866,0.749,2,-3.977,1,0.253,0.15,0,0.0614,0.891,92.069,4
spotify:track:7e4KQkp5ZR1gXCAalRjX6B,"Nights Like This (feat. Ty Dolla $ign)","Nights Like This (feat. Ty Dolla $ign)","Kehlani;Ty Dolla $ign",2019-01-10,201787,0,true,qo6rqy7mdblflyegpk0z8sxhl,2025-08-13T11:44:25Z,"trap soul","TSNMI / Atlantic",0.61,0.725,8,-5.131,1,0.15,0.367,0,0.154,0.291,146.163,4
spotify:track:0Oa9mHOnH14GZ4toWwkf4c,"Good Life (with G-Eazy & Kehlani)","Good Life (with G-Eazy & Kehlani)","G-Eazy;Kehlani",2017-03-17,225520,73,false,qo6rqy7mdblflyegpk0z8sxhl,2025-08-13T11:44:56Z,"","Artist Partner",0.572,0.778,1,-5.208,1,0.233,0.00638,0,0.0563,0.54,168.073,4
spotify:track:6P76Ve1pRObGGpuUTbYwsA,"Wherever I Go","Larger Than Life","Brent Faiyaz",2023-10-27,181063,58,true,qo6rqy7mdblflyegpk0z8sxhl,2025-08-13T20:52:27Z,"r&b","ISO Supremacy under exclusive license to UnitedMasters LLC",0.649,0.522,3,-9.02,0,0.0774,0.458,0.00000206,0.388,0.458,73.981,4
spotify:track:37S1u9dpiGeBO80Lk9msLy,"Time Machine","Public Displays Of Affection: The Album","Muni Long",2022-09-23,222095,59,true,qo6rqy7mdblflyegpk0z8sxhl,2025-08-15T14:52:52Z,"","Supergiant Records, LLC / Def Jam Recordings",0.662,0.527,2,-5.22,0,0.0348,0.0169,0.000137,0.13,0.17,87.046,4
spotify:track:5Ha9IheRrkDyr7ZdhaRsWb,"Ryd","Steve Lacy's Demo","Steve Lacy",2017-02-24,140182,70,false,qo6rqy7mdblflyegpk0z8sxhl,2025-08-15T15:41:22Z,"","Three Quarter",0.788,0.939,9,-7.327,0,0.0544,0.0723,0.000181,0.133,0.98,137.002,4
spotify:track:0xJWNEUYTU5tle6ezjf0gE,"Mad At Me.","KIKI","Kiana Ledé",2020-04-03,135373,53,true,qo6rqy7mdblflyegpk0z8sxhl,2025-08-15T15:51:04Z,"","Republic Records",0.735,0.585,0,-5.111,0,0.211,0.0775,0.00000713,0.0996,0.447,82.429,4
spotify:track:2mqXKSieDASoq4N5739wCz,"Donchano","The Lo-Fis","Steve Lacy",2020-12-04,98686,66,false,qo6rqy7mdblflyegpk0z8sxhl,2025-08-15T16:28:13Z,"","L-M Records",0.674,0.489,11,-7.257,0,0.125,0.624,0.00195,0.236,0.772,207.947,3
spotify:track:3ibKnFDaa3GhpPGlOUj7ff,"Let Me Love You","Let Me Love You","Mario",2004-09-21,256733,79,false,qo6rqy7mdblflyegpk0z8sxhl,2025-08-15T22:27:28Z,"r&b","J Records",0.656,0.578,7,-8.97,0,0.0922,0.235,0,0.118,0.556,94.514,4
spotify:track:2p5QtNGyfnT5MhQex3WOte,"Above And Beyond","Chilombo (Deluxe)","Jhené Aiko",2020-07-17,206013,58,true,qo6rqy7mdblflyegpk0z8sxhl,2025-08-15T22:37:42Z,"r&b","Def Jam Recordings",0.555,0.42,10,-8.954,0,0.0919,0.532,0,0.123,0.423,112.972,4
spotify:track:52pwE5qBPMXFObPTfk6cfb,"Tell Me","A Brief Nirvana","Khamari",2023-05-26,202312,56,false,qo6rqy7mdblflyegpk0z8sxhl,2025-08-15T22:45:06Z,"indie r&b","RCA Records Label",0.677,0.389,11,-9.143,0,0.0697,0.42,0.00011,0.0817,0.313,123.932,3
spotify:track:5DfWF0jqMgZDCiu9zJENTA,"Ring (feat. Kehlani)","Invasion of Privacy","Cardi B;Kehlani",2018-04-06,177139,70,true,qo6rqy7mdblflyegpk0z8sxhl,2025-08-15T22:48:29Z,"","Atlantic/KSR",0.767,0.543,1,-7.881,0,0.103,0.049,0,0.115,0.485,106.029,4
spotify:track:3vQ4T78TTMOjQXGfXVKQJo,"Redbone","""Awaken, My Love!""","Childish Gambino",2016-12-02,326933,86,true,qo6rqy7mdblflyegpk0z8sxhl,2025-08-16T11:39:09Z,"","Glassnote - VMG",0.741,0.354,1,-10.603,1,0.0837,0.181,0.00577,0.118,0.583,160.037,4
spotify:track:7iL6o9tox1zgHpKUfh9vuC,"In Da Club","Get Rich Or Die Tryin'","50 Cent",2003-02-06,193466,85,true,qo6rqy7mdblflyegpk0z8sxhl,2025-08-16T15:15:11Z,"old school hip hop,east coast hip hop","Shady Records",0.899,0.713,6,-2.752,0,0.366,0.255,0,0.0708,0.777,90.051,4
spotify:track:6mz1fBdKATx6qP4oP1I65G,"Pony","R&B: From Doo-Wop To Hip-Hop","Ginuwine",1999-10-08,251733,77,true,qo6rqy7mdblflyegpk0z8sxhl,2025-08-16T16:00:27Z,"r&b","Sony Music Entertainment",0.749,0.605,8,-9.359,0,0.086,0.00186,0.0381,0.115,0.966,142.024,4
spotify:track:3aw9iWUQ3VrPQltgwvN9Xu,"Family Affair","No More Drama","Mary J. Blige",2001-08-28,265866,85,false,qo6rqy7mdblflyegpk0z8sxhl,2025-08-16T16:06:34Z,"r&b","Geffen",0.911,0.551,8,-3.75,0,0.045,0.133,0.0000435,0.0863,0.969,92.887,4
spotify:track:6KSlgWFkrNu4r1z0GxZvyB,"Seamless (with Kehlani)","Girls Night Out","Babyface;Kehlani",2022-10-21,195097,39,false,qo6rqy7mdblflyegpk0z8sxhl,2025-08-16T22:02:47Z,"quiet storm,new jack swing,r&b,contemporary r&b","Capitol Records",0.656,0.648,9,-7.36,0,0.179,0.0397,0.00000134,0.0784,0.434,137.774,4
spotify:track:1F90ozGQw5nVHCT5o8yXK3,"Out The Way","Out The Way","Samaria",2022-08-18,155414,40,false,qo6rqy7mdblflyegpk0z8sxhl,2025-08-16T22:04:18Z,"","Not specified",0.763,0.487,11,-6.515,0,0.21,0.362,0.0000157,0.0797,0.558,126.032,4
spotify:track:6TQtwV4QG19SzCVG5F2RkC,"eyes wide open","eyes wide open","kwn",2024-05-09,153648,64,false,qo6rqy7mdblflyegpk0z8sxhl,2025-08-16T23:42:58Z,"uk r&b","Black Butter",0.68,0.759,11,-4.852,1,0.131,0.308,0.00012,0.0972,0.593,95.367,4
spotify:track:5yhKaacMZGRo4s6evJx9vk,"Bad (feat. Rihanna) - Remix","The Gifted","Wale;Rihanna",2013-06-25,238826,83,true,qo6rqy7mdblflyegpk0z8sxhl,2025-08-17T00:31:01Z,"","MMG/Atlantic",0.807,0.702,6,-6.594,0,0.0748,0.307,0,0.111,0.447,114.038,4
spotify:track:2TFsx3B0hLSSTambrudXs3,"One Wish","Raydiation","Ray J",2005-09-05,337640,70,false,qo6rqy7mdblflyegpk0z8sxhl,2025-08-17T14:41:08Z,"","Knockout Entertainment",0.529,0.651,5,-7.061,0,0.282,0.281,0,0.339,0.592,127.03,4
spotify:track:7I6DceMT3utDOHjcYCbrr4,"Don't Matter","Konvicted","Akon",2006-01-01,293053,81,true,qo6rqy7mdblflyegpk0z8sxhl,2025-08-17T14:43:58Z,"","Konvict/Upfront/SRC/Universal Records",0.798,0.443,2,-6.062,1,0.0402,0.244,0,0.326,0.354,125.231,4
spotify:track:4ipzXe2jmoeN7zm2VMb4eX,"Hasta Cuando","Red Moon In Venus","Kali Uchis",2023-03-03,129448,67,true,qo6rqy7mdblflyegpk0z8sxhl,2025-08-17T22:49:37Z,"","Geffen Records",0.649,0.65,10,-8.269,0,0.135,0.13,0,0.102,0.377,90.999,4
spotify:track:3iv26BUAWSn83q8rhGKPE8,"Flight 22","Isolation","Kali Uchis",2018-04-06,216982,57,false,qo6rqy7mdblflyegpk0z8sxhl,2025-08-17T23:01:22Z,"","EMI",0.635,0.646,10,-5.246,1,0.0462,0.415,0.00055,0.42,0.344,117.956,3
spotify:track:4W6vliznRlX2I1SGlqXg1O,"Piece Of Mind","SweetSexySavage (Deluxe)","Kehlani",2017-01-27,225079,18,false,qo6rqy7mdblflyegpk0z8sxhl,2025-08-17T23:03:36Z,"","TSNMI / Atlantic",0.539,0.837,1,-3.596,1,0.136,0.0312,0,0.0935,0.39,77.062,4
spotify:track:2cLe4jlYplQtEhFDmeaRlz,"Keep On","SweetSexySavage (Deluxe)","Kehlani",2017-01-27,209121,21,false,qo6rqy7mdblflyegpk0z8sxhl,2025-08-17T23:03:45Z,"","TSNMI / Atlantic",0.748,0.432,10,-7.614,0,0.141,0.276,0.000116,0.125,0.505,98.057,4
spotify:track:0xlPLup1zlCZptquA43N2D,"Undercover","SweetSexySavage (Deluxe)","Kehlani",2017-01-27,183280,14,false,qo6rqy7mdblflyegpk0z8sxhl,2025-08-17T23:03:53Z,"","TSNMI / Atlantic",0.715,0.595,0,-5.057,0,0.0375,0.278,0,0.0718,0.742,145.034,4
spotify:track:6nmAc5fCL77c4fnktTzrIY,"Do U Dirty","SweetSexySavage (Deluxe)","Kehlani",2017-01-27,197541,11,false,qo6rqy7mdblflyegpk0z8sxhl,2025-08-17T23:03:56Z,"","TSNMI / Atlantic",0.661,0.545,1,-6.917,1,0.225,0.0872,0,0.313,0.499,117.988,4
spotify:track:76GtEvLUt3xfvaNu9qMbGH,"Everything Is Yours","SweetSexySavage (Deluxe)","Kehlani",2017-01-27,200621,15,false,qo6rqy7mdblflyegpk0z8sxhl,2025-08-17T23:04:01Z,"","TSNMI / Atlantic",0.583,0.465,6,-7.281,0,0.303,0.324,0,0.0753,0.288,91.772,4
spotify:track:1RHQQngY12KXHzVELD8AsB,"Advice","SweetSexySavage (Deluxe)","Kehlani",2017-01-27,202720,14,false,qo6rqy7mdblflyegpk0z8sxhl,2025-08-17T23:04:09Z,"","TSNMI / Atlantic",0.497,0.742,8,-2.458,1,0.054,0.028,0.00128,0.217,0.324,172.007,4
spotify:track:0RCy61mHkFSXbzYXOfxTz8,"CRZY","SweetSexySavage (Deluxe)","Kehlani",2017-01-27,191720,24,false,qo6rqy7mdblflyegpk0z8sxhl,2025-08-17T23:04:13Z,"","TSNMI / Atlantic",0.819,0.706,6,-7.292,1,0.296,0.207,0.0000832,0.158,0.667,130.022,4
spotify:track:5JqTzLBnzlAeMsWue8Gxyw,"Not Used To It","SweetSexySavage (Deluxe)","Kehlani",2017-01-27,235560,12,false,qo6rqy7mdblflyegpk0z8sxhl,2025-08-17T23:04:16Z,"","TSNMI / Atlantic",0.454,0.795,0,-4.784,0,0.2,0.0613,0.00000127,0.334,0.392,106.236,4
spotify:track:4ojDpeDqrxboudNDhpSz1H,"Personal","SweetSexySavage (Deluxe)","Kehlani",2017-01-27,227186,15,false,qo6rqy7mdblflyegpk0z8sxhl,2025-08-17T23:04:20Z,"","TSNMI / Atlantic",0.759,0.657,11,-4.423,0,0.125,0.207,0,0.784,0.643,113.924,4
spotify:track:0NJD2DEiMG9UvIFWjnNhFQ,"Escape","SweetSexySavage (Deluxe)","Kehlani",2017-01-27,201720,19,false,qo6rqy7mdblflyegpk0z8sxhl,2025-08-17T23:04:23Z,"","TSNMI / Atlantic",0.562,0.688,4,-5.353,1,0.08,0.0393,0,0.235,0.708,79.951,4
spotify:track:3D0WHCOIWzk5xAMZ3dtAZv,"Too Much","SweetSexySavage (Deluxe)","Kehlani",2017-01-27,224117,11,false,qo6rqy7mdblflyegpk0z8sxhl,2025-08-17T23:04:27Z,"","TSNMI / Atlantic",0.699,0.742,7,-4.793,1,0.215,0.216,0,0.743,0.568,157.973,4
spotify:track:1gBVTX0bDw6Qb9402mK26j,"Get Like","SweetSexySavage (Deluxe)","Kehlani",2017-01-27,170978,11,false,qo6rqy7mdblflyegpk0z8sxhl,2025-08-17T23:04:32Z,"","TSNMI / Atlantic",0.607,0.557,1,-4.501,1,0.0345,0.148,0,0.092,0.351,180.081,4
spotify:track:13AHq86lKNvE0QoFIKAiAf,"In My Feelings","SweetSexySavage (Deluxe)","Kehlani",2017-01-27,219596,23,false,qo6rqy7mdblflyegpk0z8sxhl,2025-08-17T23:04:36Z,"","TSNMI / Atlantic",0.525,0.722,0,-5.341,1,0.166,0.0299,0,0.13,0.549,110.61,4
spotify:track:34Vac5OuWsmZM0G91BRvGm,"Hold Me By The Heart","SweetSexySavage (Deluxe)","Kehlani",2017-01-27,202630,11,false,qo6rqy7mdblflyegpk0z8sxhl,2025-08-17T23:04:40Z,"","TSNMI / Atlantic",0.435,0.383,0,-5.389,0,0.0331,0.515,0,0.0968,0.209,71.376,3
spotify:track:6u6Fa38EVQh3lgvoZp4IkW,"Thank You","SweetSexySavage (Deluxe)","Kehlani",2017-01-27,188843,10,false,qo6rqy7mdblflyegpk0z8sxhl,2025-08-17T23:04:43Z,"","TSNMI / Atlantic",0.448,0.795,5,-5.639,1,0.359,0.0959,0.00146,0.158,0.473,132.72,5
spotify:track:3wU9ERB1iFLB4L806NvTQY,"I Wanna Be","SweetSexySavage (Deluxe)","Kehlani",2017-01-27,211733,17,false,qo6rqy7mdblflyegpk0z8sxhl,2025-08-17T23:04:47Z,"","TSNMI / Atlantic",0.556,0.564,5,-7.138,0,0.25,0.0628,0.0000692,0.16,0.415,191.987,4
spotify:track:46BfCsYS7VrPasdPMu0lct,"Gangsta (From Suicide Squad The Album)","SweetSexySavage (Deluxe)","Kehlani",2017-01-27,177773,0,false,qo6rqy7mdblflyegpk0z8sxhl,2025-08-17T23:04:50Z,"","TSNMI / Atlantic",0.442,0.429,10,-7.896,0,0.0381,0.0776,0,0.318,0.17,121.513,4
spotify:track:7kBR2VEAg7AyBCVH2GEvcU,"Niggas","You Should Be Here","Kehlani",2015-04-28,174765,0,false,qo6rqy7mdblflyegpk0z8sxhl,2025-08-17T23:05:35Z,"","P2015",0.415,0.673,8,-4.828,1,0.174,0.0423,0,0.345,0.399,148.779,4
spotify:track:2rmcvt60wRW6UNfSDvHX6j,"Yet","You Should Be Here","Kehlani",2015-04-28,149529,0,false,qo6rqy7mdblflyegpk0z8sxhl,2025-08-17T23:05:41Z,"","P2015",0.536,0.617,4,-7.467,0,0.241,0.177,0,0.0941,0.418,153.266,5
spotify:track:2vRhPh4oLsdzt1Mu4QvRG3,"Bright","You Should Be Here","Kehlani",2015-04-28,257179,0,false,qo6rqy7mdblflyegpk0z8sxhl,2025-08-17T23:05:44Z,"","P2015",0.446,0.435,9,-5.874,1,0.107,0.621,0,0.107,0.232,50.176,4
spotify:track:3q6lnBSJZZRFZzLVZ3Xsh9,"Alive (feat. Coucheron)","You Should Be Here","Kehlani;Coucheron",2015-04-28,187991,0,false,qo6rqy7mdblflyegpk0z8sxhl,2025-08-17T23:05:48Z,"russelåter,norwegian hip hop,norwegian pop","P2015",0.598,0.71,5,-5.427,1,0.0554,0.0531,0,0.106,0.568,93.997,4
spotify:track:4nhmdYeoLwbX5oKGkhcepB,"Be Alright","You Should Be Here","Kehlani",2015-04-28,174618,0,false,qo6rqy7mdblflyegpk0z8sxhl,2025-08-17T23:05:51Z,"","P2015",0.546,0.669,9,-6.004,1,0.0584,0.489,0,0.11,0.4,100.037,4
spotify:track:2CeFXwYGgsCx108KvA7GBY,"Down for You (feat. BJ The Chicago Kid)","You Should Be Here","Kehlani;BJ The Chicago Kid",2015-04-28,227754,0,false,qo6rqy7mdblflyegpk0z8sxhl,2025-08-17T23:05:54Z,"","P2015",0.557,0.71,6,-4.952,0,0.238,0.453,0,0.213,0.349,78.319,5
spotify:track:5tkxV3hYBe8ZOCYUnykMxh,"The Letter","You Should Be Here","Kehlani",2015-04-28,232169,0,false,qo6rqy7mdblflyegpk0z8sxhl,2025-08-17T23:06:04Z,"","P2015",0.448,0.241,10,-8.643,1,0.0328,0.855,0,0.124,0.131,131.259,4
spotify:track:7z92IaIGLYrjESxQphtgzM,"Unconditional","You Should Be Here","Kehlani",2015-04-28,156456,0,false,qo6rqy7mdblflyegpk0z8sxhl,2025-08-17T23:06:07Z,"","P2015",0.478,0.64,10,-5.417,0,0.0417,0.201,0,0.0849,0.319,100.099,4
spotify:track:5kwbVU4cuI7jmdTsqH5urb,"The Way (feat. Chance the Rapper)","You Should Be Here","Kehlani;Chance the Rapper",2015-04-28,262520,0,false,qo6rqy7mdblflyegpk0z8sxhl,2025-08-17T23:06:10Z,"","P2015",0.756,0.534,5,-6.437,0,0.279,0.427,0,0.14,0.488,101.333,4
spotify:track:7LcxDJpxNUy3zgkrJXMgPh,"You Should Be Here","You Should Be Here","Kehlani",2015-04-28,157859,0,false,qo6rqy7mdblflyegpk0z8sxhl,2025-08-17T23:06:15Z,"","P2015",0.411,0.58,0,-5.988,1,0.0684,0.488,0,0.119,0.27,140.55,4
spotify:track:4rcsZsKO4bWyTvQrSwjVIh,"Wanted","You Should Be Here","Kehlani",2015-04-28,130588,0,false,qo6rqy7mdblflyegpk0z8sxhl,2025-08-17T23:06:18Z,"","P2015",0.511,0.801,1,-3.588,1,0.267,0.251,0,0.288,0.384,135.394,4
spotify:track:63KRltpYThcUarFuJHbcgH,"Jealous (feat. Lexii Alijai)","You Should Be Here","Kehlani;Lexii Alijai",2015-04-28,218592,0,false,qo6rqy7mdblflyegpk0z8sxhl,2025-08-17T23:06:22Z,"","P2015",0.609,0.463,9,-8.938,1,0.183,0.26,0,0.0994,0.645,116.602,4
spotify:track:1g93jmHHA5kcDdqk2Pc9FF,"How That Taste","You Should Be Here","Kehlani",2015-04-28,152595,0,false,qo6rqy7mdblflyegpk0z8sxhl,2025-08-17T23:06:25Z,"","P2015",0.508,0.835,9,-3.392,0,0.207,0.261,0,0.321,0.481,72.436,4
spotify:track:7eRJjg52FkSmQvmNQDYpMl,"worst behaviour (feat. Kehlani)","worst behaviour (feat. Kehlani)","kwn;Kehlani",2025-02-14,213571,65,true,qo6rqy7mdblflyegpk0z8sxhl,2025-08-17T23:06:41Z,"uk r&b","Not specified",0.614,0.416,2,-8.586,1,0.23,0.271,0.00000126,0.161,0.365,117.567,4
spotify:track:7MhomISA7KRK6U7KzeV06v,"Cigarettes & Cush (feat. Kehlani & Lily Allen)","Gang Signs & Prayer","Stormzy;Kehlani;Lily Allen",2017-02-24,349583,0,true,qo6rqy7mdblflyegpk0z8sxhl,2025-08-17T23:07:33Z,"grime,uk grime,uk drill","#Merky",0.64,0.64,8,-6.105,0,0.138,0.469,0,0.265,0.761,135.953,4
spotify:track:3sYt2jxFvJODYQpRZbQfof,"Anytime (feat. Kehlani & ROMderful)","Anytime (feat. Kehlani & ROMderful)","Jean Deaux;Kehlani;ROMderful",2019-06-07,256310,21,true,qo6rqy7mdblflyegpk0z8sxhl,2025-08-17T23:07:38Z,"alternative r&b,uk r&b","Jean Deaux / EMPIRE",0.811,0.428,4,-8.622,0,0.314,0.34,0,0.223,0.335,102.597,4
spotify:track:7C5Jk5c6Y1LWbXCcPS6ATS,"Faking It (feat. Kehlani & Lil Yachty) - Radio Edit","Faking It (feat. Kehlani & Lil Yachty) [Radio Edit]","Calvin Harris;Kehlani;Lil Yachty",2017-10-20,227876,41,false,qo6rqy7mdblflyegpk0z8sxhl,2025-08-17T23:07:42Z,"edm","Columbia",0.78,0.579,9,-4.709,0,0.0609,0.124,0,0.111,0.417,120.036,4
spotify:track:5nFyaoBWwwMJ9fv33tZ2MB,"What I Need (feat. Kehlani)","Expectations","Hayley Kiyoko;Kehlani",2018-03-30,219520,54,false,qo6rqy7mdblflyegpk0z8sxhl,2025-08-17T23:07:45Z,"","Atlantic Records",0.633,0.793,10,-4.126,1,0.055,0.0537,0,0.16,0.414,103.97,4
spotify:track:1xz905v9g71heS0BQQM9re,"Touch","Touch","Kehlani",2017-10-13,183276,37,false,qo6rqy7mdblflyegpk0z8sxhl,2025-08-17T23:07:58Z,"","TSNMI / Atlantic",0.46,0.593,8,-7.393,1,0.0363,0.0157,0.000243,0.159,0.0999,104.932,4
spotify:track:3rtuukjxyg57bDRZbkkt5l,"Crash & Burn","The Beautiful & Damned","G-Eazy;Kehlani",2017-12-15,180360,44,true,qo6rqy7mdblflyegpk0z8sxhl,2025-08-17T23:08:03Z,"","BPG/RVG/RCA Records",0.558,0.778,3,-4.03,0,0.274,0.0719,0,0.0905,0.294,88.125,4
spotify:track:21csDNj3WqMPYDzW996UHL,"Made Love First","Gossip Columns","Marc E. Bassy;Kehlani",2017-10-13,225666,43,true,qo6rqy7mdblflyegpk0z8sxhl,2025-08-17T23:08:06Z,"","Republic Records/Gee Roberson",0.692,0.512,1,-8.345,0,0.0451,0.221,0,0.336,0.477,139.953,4
spotify:track:7MTIDmToGs0I5Oue9V0CHl,"Feel","Stoney (Deluxe)","Post Malone;Kehlani",2016-12-09,197120,59,true,qo6rqy7mdblflyegpk0z8sxhl,2025-08-17T23:08:15Z,"","Mercury Records/Republic Owned",0.496,0.506,5,-8.075,0,0.0584,0.214,0.00000492,0.0948,0.192,119.377,4
spotify:track:2PE8AHTc6ra2Ly7ZLmrBJE,"Did I","Did I","Kehlani",2015-12-18,216728,10,false,qo6rqy7mdblflyegpk0z8sxhl,2025-08-17T23:08:18Z,"","TSNMI / Atlantic",0.513,0.62,1,-4.492,0,0.137,0.00687,0,0.0646,0.391,129.794,4
spotify:track:1w1hr8DdUGqGF4qyhCvGhP,"Honey","Honey","Kehlani",2017-10-06,199148,35,false,qo6rqy7mdblflyegpk0z8sxhl,2025-08-17T23:08:22Z,"","TSNMI / Atlantic",0.627,0.243,3,-7.075,1,0.0353,0.759,0,0.08,0.549,94.176,4
spotify:track:1QzC4y8h6WFxHE4KlokhVr,"Already Won","Already Won","Kehlani",2017-11-17,164165,35,true,qo6rqy7mdblflyegpk0z8sxhl,2025-08-17T23:08:26Z,"","TSNMI / Atlantic",0.511,0.794,1,-3.854,0,0.268,0.246,0,0.161,0.625,119.791,5
spotify:track:5Qr7StTFbXhgHt9JlqJx0I,"Again","Again","Kehlani",2018-02-09,220218,45,false,qo6rqy7mdblflyegpk0z8sxhl,2025-08-17T23:08:29Z,"","TSNMI / Atlantic",0.662,0.326,4,-5.529,1,0.0293,0.837,0,0.0985,0.634,95.926,4
spotify:track:4k6hX9RKD096K1NCjjJZLc,"Footsteps (feat. Musiq Soulchild)","While We Wait","Kehlani;Musiq Soulchild",2019-02-22,273349,50,false,qo6rqy7mdblflyegpk0z8sxhl,2025-08-17T23:08:36Z,"neo soul,r&b,quiet storm","TSNMI / Atlantic",0.42,0.638,2,-4.212,1,0.209,0.817,0,0.371,0.478,88.546,4
spotify:track:0aSW5EMeNnQSMJQ8QN3zIW,"Too Deep","While We Wait","Kehlani",2019-02-22,167206,47,true,qo6rqy7mdblflyegpk0z8sxhl,2025-08-17T23:08:40Z,"","TSNMI / Atlantic",0.516,0.638,7,-6.673,0,0.0796,0.614,0,0.099,0.642,180.216,3
spotify:track:0kas95RruYRVqrOb07rgkh,"Morning Glory","While We Wait","Kehlani",2019-02-22,179336,43,false,qo6rqy7mdblflyegpk0z8sxhl,2025-08-17T23:08:45Z,"","TSNMI / Atlantic",0.589,0.833,0,-4.494,0,0.118,0.0158,0,0.122,0.653,172.037,4
spotify:track:1EGrDTfEuAiRzRdxlblpET,"RPG (feat. 6lack)","While We Wait","Kehlani;6LACK",2019-02-22,236218,52,false,qo6rqy7mdblflyegpk0z8sxhl,2025-08-17T23:08:50Z,"","TSNMI / Atlantic",0.758,0.534,7,-7.368,0,0.287,0.402,0,0.0917,0.719,132.94,4
spotify:track:32s2Dn9EVvO2f85MrpRoBV,"Butterfly","While We Wait","Kehlani",2019-02-22,163839,41,false,qo6rqy7mdblflyegpk0z8sxhl,2025-08-17T23:08:54Z,"","TSNMI / Atlantic",0.583,0.345,5,-8.044,0,0.0709,0.886,0,0.166,0.701,79.107,4
spotify:track:4jM3c9KLTO9iZPm9A7neiL,"Love Language","While We Wait","Kehlani",2019-02-22,213364,50,false,qo6rqy7mdblflyegpk0z8sxhl,2025-08-17T23:08:58Z,"","TSNMI / Atlantic",0.582,0.586,1,-4.369,0,0.0838,0.124,0,0.0866,0.698,89.599,4
spotify:track:0tBBihoEWiWKqsO5ZlCbwS,"FWU","FWU","Kehlani",2015-10-23,202682,35,true,qo6rqy7mdblflyegpk0z8sxhl,2025-08-17T23:09:08Z,"","TSNMI / Atlantic",0.627,0.698,3,-6.122,0,0.0524,0.0691,0,0.165,0.809,137.915,4
spotify:track:4msxg3el988olQfTWbu27u,"Playinwitme (feat. Kehlani)","Playinwitme (Remix) [feat. Logic and Kehlani]","KYLE;Kehlani",2018-08-20,191680,20,false,qo6rqy7mdblflyegpk0z8sxhl,2025-08-17T23:09:17Z,"","independently popular.",0.689,0.584,1,-5.768,0,0.119,0.339,0,0.297,0.676,156.572,4
spotify:track:4sxVrSzqPGv18mDbZnytLn,"Real Hot Girl Skit","It Was Good Until It Wasn't","Kehlani",2020-05-08,15869,1,true,qo6rqy7mdblflyegpk0z8sxhl,2025-08-17T23:10:06Z,"","TSNMI / Atlantic",0.551,0.677,6,-5.867,1,0.323,0.892,0,0.311,0.785,159.07,3
spotify:track:0W6I02J9xcqK8MtSeosEXb,"Get Into It (Yuh)","Planet Her","Doja Cat",2021-06-25,138293,74,true,qo6rqy7mdblflyegpk0z8sxhl,2025-08-17T23:11:47Z,"","Kemosabe Records/RCA Records",0.912,0.655,8,-6.029,0,0.162,0.315,0.0000339,0.0894,0.793,91.942,4
spotify:track:3DarAbFujv6eYNliUTyqtz,"Kiss Me More (feat. SZA)","Planet Her","Doja Cat;SZA",2021-06-25,208666,87,true,qo6rqy7mdblflyegpk0z8sxhl,2025-08-17T23:12:18Z,"r&b","Kemosabe Records/RCA Records",0.764,0.705,8,-3.463,1,0.0284,0.259,0.0000892,0.12,0.781,110.97,4
spotify:track:45Nc6nYgV3yBvAeRaZt689,"Alone","Planet Her","Doja Cat",2021-06-25,228866,59,true,qo6rqy7mdblflyegpk0z8sxhl,2025-08-17T23:12:21Z,"","Kemosabe Records/RCA Records",0.691,0.656,8,-5.864,0,0.172,0.543,0.0000122,0.095,0.746,169.973,4
spotify:track:5CC5krEgwJXuoA0F9scOFg,"Imagine","Planet Her","Doja Cat",2021-06-25,148253,55,true,qo6rqy7mdblflyegpk0z8sxhl,2025-08-17T23:12:23Z,"","Kemosabe Records/RCA Records",0.82,0.656,8,-5.537,0,0.0399,0.209,0.0339,0.124,0.698,143.059,4
spotify:track:7y3xU9vEC1s8DSuuoSYKih,"Been Like This","Planet Her","Doja Cat",2021-06-25,177373,80,true,qo6rqy7mdblflyegpk0z8sxhl,2025-08-17T23:12:31Z,"","Kemosabe Records/RCA Records",0.678,0.531,10,-5.029,1,0.0374,0.126,0.0000344,0.377,0.176,99.008,4
spotify:track:0CsR9Y9SnC6ZWmekmVqSHz,"Naked","Planet Her","Doja Cat",2021-06-25,223560,62,true,qo6rqy7mdblflyegpk0z8sxhl,2025-08-17T23:13:00Z,"","Kemosabe Records/RCA Records",0.733,0.862,7,-5.736,1,0.197,0.374,0.00247,0.131,0.536,111.076,4
spotify:track:6Q9IUoBTNLHgBib1FSFGbj,"Love To Dream","Planet Her","Doja Cat",2021-06-25,216853,60,true,qo6rqy7mdblflyegpk0z8sxhl,2025-08-17T23:13:10Z,"","Kemosabe Records/RCA Records",0.734,0.45,6,-7.075,1,0.0824,0.597,0.00000733,0.0964,0.529,135.067,4
spotify:track:60ynsPSSKe6O3sfwRnIBRf,"Streets","Hot Pink","Doja Cat",2019-11-07,226978,85,true,qo6rqy7mdblflyegpk0z8sxhl,2025-08-17T23:13:55Z,"","Kemosabe Records/RCA Records",0.749,0.463,11,-8.433,1,0.0842,0.21,0.0382,0.338,0.189,90.035,4
spotify:track:1tkMs9wDPknQ3ZHcKDw1ES,"Buy U a Drank (Shawty Snappin') (feat. Yung Joc)","Epiphany (Expanded Edition)","T-Pain;Yung Joc",2007-06-05,227960,80,false,qo6rqy7mdblflyegpk0z8sxhl,2025-08-18T13:41:18Z,"crunk,southern hip hop","Jive/Legacy",0.693,0.549,1,-8.141,1,0.119,0.0109,0,0.0677,0.605,80.028,4
spotify:track:12VWzyPDBCc8fqeWCAfNwR,"One Dance","Views","Drake;Wizkid;Kyla",2016-05-13,173986,2,false,qo6rqy7mdblflyegpk0z8sxhl,2025-08-18T13:57:16Z,"rap,afrobeats,afrobeat,afropop,azonto,afroswing,afro r&b,afropiano","Cash Money Records/Young Money Ent./Universal Rec.",0.792,0.625,1,-5.609,1,0.0536,0.00776,0.00188,0.329,0.37,103.967,4
spotify:track:1bpXa6LSVoS1XNVQfrXDr3,"Love-Showered","Love-Showered","Dounia",2019-12-13,164129,19,true,qo6rqy7mdblflyegpk0z8sxhl,2025-08-18T14:02:12Z,"alternative r&b","DOUNIAWORLD",0.655,0.556,4,-6.574,1,0.096,0.128,0,0.135,0.397,77.483,4
spotify:track:2Lq4UDwWv7zgYvc4bLION3,"Free","H.E.R.","H.E.R.",2017-10-20,198102,44,false,qo6rqy7mdblflyegpk0z8sxhl,2025-08-18T14:06:33Z,"r&b","MBK Entertainment/RCA Records",0.353,0.489,3,-10.572,0,0.0893,0.807,0,0.105,0.228,77.816,4
spotify:track:0bAkKNCQfWkexHFn7fIKns,"In My Feelings","Scorpion","Drake",2018-06-29,217933,3,true,qo6rqy7mdblflyegpk0z8sxhl,2025-08-18T15:32:47Z,"rap","Republic Records",0.735,0.482,8,-9.445,1,0.139,0.00623,0.0144,0.448,0.315,181.995,4
spotify:track:0KKkJNfGyhkQ5aFogxQAPU,"That's What I Like","24K Magic","Bruno Mars",2016-11-18,206693,92,false,qo6rqy7mdblflyegpk0z8sxhl,2025-08-18T19:24:47Z,"","Atlantic Records",0.853,0.56,1,-4.961,1,0.0406,0.013,0,0.0944,0.86,134.066,4
spotify:track:2RWs4c3ZJ74WwXlVC3QCQN,"What Now","Unapologetic (Deluxe)","Rihanna",2012-12-11,243093,62,true,qo6rqy7mdblflyegpk0z8sxhl,2025-08-18T19:54:36Z,"","Def Jam Recordings",0.402,0.696,8,-4.798,0,0.0448,0.0476,0,0.628,0.227,180.107,3
spotify:track:4Vwg5CDYqAOf50Rt1WC6Kh,"Just Another Interlude","T R A P S O U L (Deluxe)","Bryson Tiller",2020-09-25,184836,65,true,qo6rqy7mdblflyegpk0z8sxhl,2025-08-18T20:06:50Z,"trap soul,r&b","TrapSoul/RCA Records",0.578,0.545,1,-9.403,1,0.314,0.163,0,0.202,0.515,93.045,4
spotify:track:47cQCF21TczFSmGfpd7c07,"EX","Selfless","Kiana Ledé",2018-07-13,222386,63,false,qo6rqy7mdblflyegpk0z8sxhl,2025-08-20T11:28:29Z,"","Republic Records",0.763,0.538,9,-7.019,0,0.246,0.228,0,0.109,0.422,73.509,4
spotify:track:2zJZwWF7BTGIIvrAlgzJEx,"Whatcha Say","Jason Derulo (Deluxe Audio)","Jason Derulo",2010-02-24,221253,65,false,qo6rqy7mdblflyegpk0z8sxhl,2025-08-21T00:14:19Z,"","Beluga Heights/Warner Records",0.615,0.711,11,-5.507,1,0.078,0.0444,0,0.145,0.711,144.034,4
spotify:track:1vwUsp52io0AGQ5yv470IC,"Take You Down","Exclusive (Expanded Edition)","Chris Brown",2007-11-06,245933,70,false,qo6rqy7mdblflyegpk0z8sxhl,2025-08-21T00:25:55Z,"r&b","Jive",0.387,0.64,11,-5.817,0,0.081,0.107,0,0.319,0.617,59.989,4
spotify:track:4EI8VuxUuIHKfafU72emqz,"We Belong Together","The Emancipation of Mimi","Mariah Carey",2005,201400,78,false,qo6rqy7mdblflyegpk0z8sxhl,2025-08-21T00:54:28Z,"christmas","Def Jam Recordings",0.84,0.476,0,-7.918,1,0.0629,0.0264,0,0.0865,0.767,139.987,4
spotify:track:6hSjs8T4KVAjGCkyw3sK2w,"Changes","H.E.R.","H.E.R.",2017-10-20,213749,52,false,qo6rqy7mdblflyegpk0z8sxhl,2025-08-21T01:37:33Z,"r&b","MBK Entertainment/RCA Records",0.674,0.331,0,-11.716,0,0.0841,0.346,0.00000487,0.0725,0.213,99.99,4
spotify:track:2Ymig15Ykfk10tAS3fCoij,"Anymore","READY","Ella Mai",2017-02-22,235672,48,true,qo6rqy7mdblflyegpk0z8sxhl,2025-08-21T01:46:04Z,"r&b","10 Summers / Interscope PS",0.619,0.575,5,-7.24,0,0.0531,0.0355,0,0.0996,0.138,106.702,4
spotify:track:1tQsStMyJ0tciJ5Z4MUg66,"Down","CHANGE","Ella Mai",2016-11-18,253520,50,false,qo6rqy7mdblflyegpk0z8sxhl,2025-08-21T14:11:59Z,"r&b","10 Summers / Interscope PS",0.713,0.4,10,-8.551,0,0.141,0.0442,0.00000398,0.104,0.0399,114.976,4
spotify:track:01ZqsXtHhRtO2Z2JrvkG1w,"Lights On","H.E.R.","H.E.R.",2017-10-20,219677,56,false,qo6rqy7mdblflyegpk0z8sxhl,2025-08-21T16:04:51Z,"r&b","MBK Entertainment/RCA Records",0.518,0.404,10,-9.471,0,0.138,0.677,0.000384,0.101,0.344,118.069,4
spotify:track:6uT9XRrPvimLt62FNjMNBv,"Lock It Up (feat. Kehlani)","Only The Poets Mixtape, Vol. 1","Marc E. Bassy;Kehlani",2014-07-29,226220,41,true,qo6rqy7mdblflyegpk0z8sxhl,2025-08-21T23:57:58Z,"","EO Entertainment",0.738,0.443,5,-9.614,0,0.0707,0.653,0,0.103,0.687,127.084,4
spotify:track:5tkk0zv01KrapenThvqkFa,"Diamonds 'n' Pearls","N E B U L A (Extended)","OSA",2024-01-12,193784,46,true,qo6rqy7mdblflyegpk0z8sxhl,2025-08-22T01:16:48Z,"","LargerThanLife",0.678,0.552,2,-8.688,0,0.0632,0.717,0.00000824,0.375,0.371,120.205,4
spotify:track:2qYbtIf8dRkBkKIcZVGFDq,"Drive","SOS Deluxe: LANA","SZA",2024-12-20,185132,65,true,qo6rqy7mdblflyegpk0z8sxhl,2025-08-22T01:25:05Z,"r&b","Top Dawg Entertainment/RCA Records",0.66,0.32,11,-12.591,1,0.0467,0.955,0.0000281,0.0971,0.526,136.002,4
spotify:track:0V6imIPZVXJEtl2umdNILO,"Everything (feat. John Legend)","Ella Mai","Ella Mai;John Legend",2018-10-12,181644,54,false,qo6rqy7mdblflyegpk0z8sxhl,2025-08-22T12:05:21Z,"r&b,soft pop,neo soul","10 Summers / Interscope PS",0.319,0.456,7,-5.358,1,0.0692,0.433,0,0.108,0.0593,80.187,3
spotify:track:0jhodoJFvVnpQ6Ify39lJQ,"FREAK IN YOU","COLOURS","PARTYNEXTDOOR",2017-06-02,272339,67,true,qo6rqy7mdblflyegpk0z8sxhl,2025-08-23T01:47:24Z,"dark r&b,r&b,trap soul","OVO Sound",0.465,0.42,1,-8.503,1,0.0516,0.144,0,0.174,0.121,86.549,4
spotify:track:1b0ZeVYPZCDaAk4pT42pxy,"Chocolate. (ft. Ari Lennox)","KIKI","Kiana Ledé;Ari Lennox",2020-04-03,186120,49,false,qo6rqy7mdblflyegpk0z8sxhl,2025-08-23T02:35:41Z,"alternative r&b,neo soul","Republic Records",0.583,0.538,3,-6.137,0,0.107,0.211,0.00000743,0.208,0.687,75.252,4
spotify:track:0P11qKeHWhUy0rDPeY8dyB,"Out Loud (feat. Kehlani)","Broken Hearts Club","Syd;Kehlani",2022-04-08,203036,47,false,qo6rqy7mdblflyegpk0z8sxhl,2025-08-26T13:23:38Z,"alternative r&b","Columbia",0.565,0.364,6,-9.512,1,0.2,0.328,0,0.108,0.527,155.705,3
spotify:track:5PyDJG7SQRgWXefgexqIge,"Agora Hills","Scarlet","Doja Cat",2023-09-20,265360,80,true,qo6rqy7mdblflyegpk0z8sxhl,2025-08-26T13:29:50Z,"","Kemosabe Records/RCA Records",0.755,0.687,8,-6.247,0,0.101,0.183,0.000177,0.125,0.381,123.01,4
spotify:track:5XOBUR95hNQ6gFggbIfVxB,"Love Me Back","On To Something","Ginette Claudette",2018-11-30,220864,29,false,qo6rqy7mdblflyegpk0z8sxhl,2025-08-26T13:44:28Z,"","Summerchild Records",0.718,0.44,9,-7.457,0,0.102,0.296,0,0.131,0.423,132.989,4
spotify:track:1M3O7iJBvb5wCAYQmWGWsC,"Call On Me","Call On Me","Daniel Caesar",2025-08-22,169294,58,false,qo6rqy7mdblflyegpk0z8sxhl,2025-08-26T15:05:17Z,"","Republic Records",0.781,0.509,4,-7.793,1,0.0725,0.0799,0.0001,0.113,0.602,80.548,4
spotify:track:6YQmDvj6XVAKSPLzjjLrFj,"Ass Like That","JAGUAR","Victoria Monét",2020-08-07,220207,55,true,qo6rqy7mdblflyegpk0z8sxhl,2025-08-26T15:18:32Z,"alternative r&b","Tribe Records",0.66,0.715,4,-7.326,0,0.194,0.0934,0.000526,0.172,0.62,80.058,4
spotify:track:3qE98sHohjBGmohgKOSK01,"EXCITED!","COLORWAY","DESTIN CONRAD",2021-03-05,97826,46,false,qo6rqy7mdblflyegpk0z8sxhl,2025-08-26T15:27:31Z,"alternative r&b","DESTIN CONRAD",0.739,0.264,9,-11.347,0,0.0461,0.37,0.00883,0.121,0.45,100.12,4
spotify:track:5c549LWiKCWGvcDsZwMN6v,"Soundgasm","Soundgasm","Rema",2021-06-10,204755,64,true,qo6rqy7mdblflyegpk0z8sxhl,2025-08-28T15:46:24Z,"afrobeats,afrobeat,afropop,afropiano","Mavin Records / Jonzing World",0.805,0.525,6,-7.376,0,0.0638,0.119,0.00203,0.0779,0.693,100.033,4
spotify:track:6FBzhcfgGacfXF3AmtfEaX,"C U Girl","C U Girl","Steve Lacy",2015-02-15,129697,79,false,qo6rqy7mdblflyegpk0z8sxhl,2025-08-28T16:44:10Z,"","L-M Records",0.414,0.473,11,-8.911,0,0.116,0.663,0.0523,0.128,0.409,100,4
spotify:track:6XHVuErjQ4XNm6nDPVCxVX,"No Guidance (feat. Drake)","Indigo","Chris Brown;Drake",2019-06-28,260645,82,true,qo6rqy7mdblflyegpk0z8sxhl,2025-08-29T23:58:44Z,"r&b,rap","Chris Brown Entertainment/RCA Records",0.696,0.454,1,-6.756,0,0.153,0.123,0,0.155,0.136,92.928,4
spotify:track:3jiKUMXqwEodB7gVv1RMZU,"After Last Night (with Thundercat & Bootsy Collins)","An Evening With Silk Sonic","Bruno Mars;Anderson .Paak;Silk Sonic;Thundercat;Bootsy Collins",2021-11-11,249444,76,false,qo6rqy7mdblflyegpk0z8sxhl,2025-08-30T00:17:22Z,"funk","Aftermath Entertainment/Atlantic",0.651,0.703,0,-8.958,0,0.0816,0.0297,0,0.0608,0.647,140.051,4
spotify:track:4lFfMRH0YH4pW5gczTDbNC,"Medicine","Medicine","Queen Naija",2018-06-08,219135,69,false,qo6rqy7mdblflyegpk0z8sxhl,2025-08-30T00:33:52Z,"","Queen Naija Bulls",0.741,0.37,8,-8.437,0,0.324,0.24,0,0.118,0.13,116.06,4
spotify:track:7J7dAsQVT4ya3V0U0jOzt2,"Ruined Me","Revenge","Muni Long",2024-08-30,196852,61,false,qo6rqy7mdblflyegpk0z8sxhl,2025-08-30T02:31:03Z,"","Muni Long PS/ Def Jam",0.713,0.461,5,-7.865,0,0.112,0.0906,0.000001,0.0617,0.549,97.68,3
spotify:track:4I8vKGh8a0ejTxnzNIObQx,"Love Like That","- Ugh, those feels again","Snoh Aalegra",2019-08-16,195846,52,false,qo6rqy7mdblflyegpk0z8sxhl,2025-08-31T01:25:17Z,"alternative r&b","Artium Recordings, LLC",0.634,0.614,8,-7.227,0,0.0668,0.0102,0.0000252,0.0829,0.633,165.932,4
spotify:track:1mGOSCWVEJKveegR6RCmeF,"Just My Luck","TIARA","TIA RAY;Kehlani",2018-04-20,262031,26,false,qo6rqy7mdblflyegpk0z8sxhl,2025-08-31T14:16:16Z,"gufeng,c-pop,mandopop,chinese r&b","WM China",0.639,0.565,3,-6.565,0,0.102,0.152,0,0.964,0.543,119.957,4
spotify:track:0sEoT6L9hv54zDVIQ6mOP2,"Soul","N E B U L A (Extended)","OSA",2024-01-12,106500,32,false,qo6rqy7mdblflyegpk0z8sxhl,2025-09-01T02:30:32Z,"","LargerThanLife",0.739,0.498,7,-8.734,0,0.0749,0.541,0.0059,0.103,0.79,129.311,4
spotify:track:0x1H3uM6zu2xYNMGMDNIqc,"Came Right Back","Lost","Brent Faiyaz",2018-10-19,240859,55,true,qo6rqy7mdblflyegpk0z8sxhl,2025-09-01T02:38:03Z,"r&b","Lost Kids / Human Re Sources",0.409,0.358,7,-15.041,0,0.361,0.623,0.00000108,0.133,0.311,82.174,4
spotify:track:32xx0fAv3CIeGmNaWTHvEF,"Heebiejeebies - Bonus","Good For You","Aminé;Kehlani",2017-07-28,220160,58,true,qo6rqy7mdblflyegpk0z8sxhl,2025-09-01T13:47:59Z,"","Universal Records",0.765,0.5,1,-7.626,1,0.152,0.423,0,0.108,0.495,107.043,4
spotify:track:5nsNIkhHNiatcdavaoGkly,"About A Gemini, Pt. 3","Into The Blue Light","ImaniCarolyn;SZA",2022-07-27,218054,38,true,qo6rqy7mdblflyegpk0z8sxhl,2025-09-02T01:53:36Z,"r&b","SQUIDSWORLD",0.413,0.395,8,-10.262,0,0.068,0.803,0,0.107,0.208,178.074,4
spotify:track:1rsaWq8ecGJnLvBu74DM2Y,"HAVE MY BABIES?","LUCKY ME","Isaiah Falls",2024-10-10,123135,1,false,qo6rqy7mdblflyegpk0z8sxhl,2025-09-02T14:01:41Z,"dark r&b","LVRS ONLY",0.553,0.388,8,-9.987,0,0.0386,0.784,0.0631,0.305,0.285,116.945,4
spotify:track:0npGoOENjn7vVvIMmvWekQ,"Lay It Down","King Of Hearts (Deluxe)","Lloyd",2011,240106,71,true,qo6rqy7mdblflyegpk0z8sxhl,2025-09-03T13:38:26Z,"r&b","Zone 4 Inc/Interscope",0.527,0.797,1,-5.111,0,0.062,0.017,0,0.0798,0.536,155.994,4
spotify:track:2FAVcsbVnddtEbJeUBnnaL,"Take Me Away (feat. Syd)","Freudian","Daniel Caesar;Syd",2017-08-25,226116,69,true,qo6rqy7mdblflyegpk0z8sxhl,2025-09-04T23:54:34Z,"alternative r&b","HV Recordings",0.46,0.409,6,-8.578,1,0.0551,0.717,0.000017,0.0982,0.198,73.103,4
spotify:track:7jF5V0KISfBLyVO5eF4D1w,"STRANGERS","BELOVED","GIVĒON",2025-07-11,213791,67,false,qo6rqy7mdblflyegpk0z8sxhl,2025-09-05T00:03:41Z,"r&b","Epic/Not So Fast",0.502,0.561,6,-7.442,0,0.0734,0.364,0.0000015,0.362,0.455,116.618,4
spotify:track:2jHDXNIbElEsxxPQ0EVspA,"Open Arms","Open Arms","PRETTYMUCH",2017-10-27,186042,46,false,qo6rqy7mdblflyegpk0z8sxhl,2025-09-05T01:04:51Z,"","Syco Music",0.688,0.425,11,-6.394,0,0.0851,0.146,0,0.447,0.211,139.794,4
spotify:track:5nAXbVukFLJ2Wd795L1kwS,"HARD KNOCK LULLABY","HARD KNOCK LULLABY","Noah Guy",2021-07-30,153600,51,false,qo6rqy7mdblflyegpk0z8sxhl,2025-09-05T23:07:53Z,"","Thirty Knots",0.665,0.427,4,-7.621,1,0.0325,0.77,0.00297,0.11,0.103,75.051,4
spotify:track:5r67bGhYXZNqk2m2Wupfmu,"Pour It Up","Unapologetic (Deluxe)","Rihanna",2012-12-11,161200,74,true,qo6rqy7mdblflyegpk0z8sxhl,2025-09-05T23:25:35Z,"","Def Jam Recordings",0.785,0.478,2,-8.735,1,0.0419,0.0259,0,0.0908,0.39,134.003,4
spotify:track:1wjDFBUOMuZKm1eJ8GzRBX,"IN YOUR EYES","TEMPORARY HIGHS IN THE VIOLET SKIES","Snoh Aalegra",2021-07-09,214453,68,false,qo6rqy7mdblflyegpk0z8sxhl,2025-09-05T23:46:39Z,"alternative r&b","Artium Recordings, LLC, under exclusive license to Roc Nation Records, LLC",0.879,0.566,9,-5.013,0,0.0578,0.47,0.0000793,0.0965,0.657,120.09,4
spotify:track:5VqKdNoamMXrmRmqVmi9ke,"Sauce","Ella Mai","Ella Mai",2018-10-12,184958,54,true,qo6rqy7mdblflyegpk0z8sxhl,2025-09-06T01:54:45Z,"r&b","10 Summers / Interscope PS",0.642,0.614,4,-5.335,0,0.394,0.211,0,0.123,0.43,99.568,4
spotify:track:2SSyJ6hTS0JeHTg63wVDZ7,"Next To You","A N N I V E R S A R Y","Bryson Tiller",2020-10-02,190144,72,false,qo6rqy7mdblflyegpk0z8sxhl,2025-09-06T19:16:25Z,"trap soul,r&b","TrapSoul/RCA Records",0.639,0.439,8,-8.425,1,0.0601,0.0375,0.00000356,0.0699,0.559,141.408,4
spotify:track:7vIDhgD7WWTMpvgJebImoN,"All For Me","RY RY WORLD","Mariah the Scientist",2021-07-09,178793,71,false,qo6rqy7mdblflyegpk0z8sxhl,2025-09-08T00:53:47Z,"alternative r&b","One Umbrella/RCA Records",0.38,0.462,0,-7.803,0,0.0342,0.00556,0.0000386,0.125,0.15,128.653,4
spotify:track:0wwPcA6wtMf6HUMpIRdeP7,"Hotline Bling","Views","Drake",2016-05-06,267066,85,false,qo6rqy7mdblflyegpk0z8sxhl,2025-09-08T03:06:07Z,"rap","Cash Money Records/Young Money Ent./Universal Rec.",0.891,0.628,2,-7.863,1,0.0551,0.00258,0.00019,0.0504,0.552,134.966,4
spotify:track:2U7Alf7ypYbkf9EnBwLuUF,"Intermission - Extended","N E B U L A (Extended)","OSA",2024-01-12,147000,38,false,qo6rqy7mdblflyegpk0z8sxhl,2025-09-11T21:40:04Z,"","LargerThanLife",0.227,0.218,7,-12.202,0,0.0435,0.939,0.000024,0.119,0.37,167.874,4
spotify:track:5XROIRXwfs9NOHPgw3QSMw,"Karreuche","Karrueche","Tory Lanez",2015-01-15,271066,66,true,qo6rqy7mdblflyegpk0z8sxhl,2025-09-12T23:57:51Z,"","Benny Blanco Major",0.326,0.535,1,-8.981,0,0.109,0.214,0,0.0977,0.219,94.296,1
spotify:track:52brDlLtV8OmnqsPZQpOFu,"Impromptu","Impromptu","Karri",2024-03-12,185159,59,true,qo6rqy7mdblflyegpk0z8sxhl,2025-09-15T00:18:07Z,"dark r&b","PFL/Geffen Records",0.573,0.406,1,-10.268,0,0.168,0.768,0.0000207,0.0978,0.368,67.363,4
spotify:track:6txAWGckgEGJIhLjhNdtE9,"Residuals","11:11 (Deluxe)","Chris Brown",2024-04-10,215178,74,false,qo6rqy7mdblflyegpk0z8sxhl,2025-09-15T01:56:48Z,"r&b","Chris Brown Entertainment/RCA Records",0.58,0.645,6,-7.793,0,0.0821,0.342,0,0.108,0.171,114.905,4
spotify:track:21DN44aYlSoyfOQcboC0IP,"Throw It Away","Still Over It","Summer Walker",2021-11-05,151714,58,true,qo6rqy7mdblflyegpk0z8sxhl,2025-09-16T18:01:08Z,"r&b","LVRN/Interscope Records",0.645,0.658,0,-8.517,0,0.0653,0.266,0.0000182,0.128,0.53,139.968,4
spotify:track:64TJKMfx0QxpuR7rTXL05c,"Treasure In The Hills","Electric Dusk","Leon Thomas",2023-08-18,189202,72,false,qo6rqy7mdblflyegpk0z8sxhl,2025-09-18T23:08:38Z,"","EZMNY Records/Motown Records",0.692,0.483,10,-3.57,1,0.0273,0.0145,0.00122,0.131,0.451,76.128,3
spotify:track:3Byz6Mk9WCNYeGthiDVti2,"Beware","Hall Of Fame (Deluxe)","Big Sean;Lil Wayne;Jhené Aiko",2013-01-01,235186,64,true,qo6rqy7mdblflyegpk0z8sxhl,2025-09-18T23:14:40Z,"rap,hip hop,r&b","Getting Out Our Dreams Inc. (G.O.O.D.) Music / IDJ",0.701,0.554,1,-5.909,1,0.187,0.217,0.00000145,0.419,0.0634,97.129,4
spotify:track:1HWiS9m9JP4WrVycahNud7,"Somebody","Somebody","Pino",2023-08-18,218000,0,false,qo6rqy7mdblflyegpk0z8sxhl,2025-09-19T01:22:04Z,"dark r&b,r&b","New 11 Records",0.6,0.385,10,-14.56,0,0.0422,0.294,0.0000233,0.127,0.243,119.983,4
spotify:track:0L5LVmGVowzOHxXg3mm238,"FOCUS ON ME","WONDERLOVE","Chase Shakur",2025-02-07,154782,35,true,qo6rqy7mdblflyegpk0z8sxhl,2025-09-19T21:54:49Z,"dark r&b,r&b","Def Jam Recordings",0.38,0.446,4,-11.355,0,0.072,0.643,0,0.23,0.495,138.04,4
spotify:track:0hZq8VE52aJJtLUWajO54w,"want me","It'll Be Fine","Chase Shakur",2022-06-24,194033,1,true,qo6rqy7mdblflyegpk0z8sxhl,2025-09-19T21:54:54Z,"dark r&b,r&b","Forever N September",0.724,0.395,6,-10.3,0,0.072,0.522,0.00167,0.081,0.46,133.605,4
spotify:track:4Z6SEfhQpHTWVuVEt0WfdY,"I Don't Wanna","Ultimate Aaliyah","Aaliyah",2005-05-10,256560,58,false,qo6rqy7mdblflyegpk0z8sxhl,2025-09-19T22:03:30Z,"r&b,contemporary r&b","Blackground / Seeker Music",0.707,0.514,9,-7.286,0,0.0355,0.517,0,0.286,0.687,130.02,4
spotify:track:2hMk3VNicbCoV8I81m7Z3q,"Age Ain't Nothing But a Number","Age Ain't Nothing But A Number","Aaliyah",1994-05-22,253960,66,false,qo6rqy7mdblflyegpk0z8sxhl,2025-09-19T22:06:21Z,"r&b,contemporary r&b","Jive",0.589,0.532,6,-8.572,0,0.0271,0.155,0.0903,0.323,0.434,84.012,4
spotify:track:2ax9yh9o3eJWbJZbF8tDvj,"Valentina","Valentina","Dreamer Isioma",2019-10-16,128639,53,false,qo6rqy7mdblflyegpk0z8sxhl,2025-09-20T00:45:22Z,"alternative r&b","Fashionably Early LLC",0.717,0.372,11,-12.878,0,0.0278,0.374,0.296,0.117,0.735,90.323,4
spotify:track:2Qn6WHJrY5Im82Jux8FboH,"moonlight","rapunzel","Dhruv",2022-01-21,159130,64,true,qo6rqy7mdblflyegpk0z8sxhl,2025-09-20T01:12:31Z,"","Little Worry/RCA Records",0.735,0.501,11,-11.257,0,0.167,0.627,0.0013,0.104,0.551,92.031,4
spotify:track:4BhGTc3Cgay2U1QcTS7vQe,"Fire & Desire","Views","Drake",2016-05-06,238120,76,true,qo6rqy7mdblflyegpk0z8sxhl,2025-09-20T01:17:46Z,"rap","Cash Money Records/Young Money Ent./Universal Rec.",0.722,0.252,1,-14.411,0,0.0761,0.0671,0,0.0852,0.275,79.923,4
spotify:track:0R3OnUm6RgIpRFcckCoi0x,"Jungle","H.E.R. Volume 1","H.E.R.",2016-09-09,304653,38,false,qo6rqy7mdblflyegpk0z8sxhl,2025-09-22T01:23:51Z,"r&b","MBK Entertainment/RCA Records",0.653,0.265,4,-12.324,0,0.0709,0.702,0.000215,0.0963,0.367,99.732,4
spotify:track:6WC5YDTKztcTU3tWux0Jk1,"Something Keeps Pulling Me Back","I Used To Know Her","H.E.R.",2019-08-30,184992,46,false,qo6rqy7mdblflyegpk0z8sxhl,2025-09-22T01:38:55Z,"r&b","MBK Entertainment/RCA Records",0.503,0.427,6,-11.984,1,0.235,0.37,0.0116,0.217,0.181,155.461,4
spotify:track:0jq34bzlBreNWsnp8rvlvK,"Take You There","I Used To Know Her","H.E.R.",2019-08-30,243305,60,false,qo6rqy7mdblflyegpk0z8sxhl,2025-09-22T02:08:31Z,"r&b","MBK Entertainment/RCA Records",0.411,0.302,1,-12.444,0,0.0446,0.885,0.0000724,0.0839,0.257,78.187,4
spotify:track:0DdcFe5GpJ5CQpNJ5xskBi,"Closer To Me","Back of My Mind","H.E.R.",2021-06-18,246491,49,true,qo6rqy7mdblflyegpk0z8sxhl,2025-09-22T02:31:20Z,"r&b","MBK Entertainment/RCA Records",0.458,0.412,7,-11.285,0,0.166,0.281,0,0.117,0.0813,92.39,4
spotify:track:1Lw4Q4fdDkm9teelfS3fx9,"Receipts","Apollo","Maz B",2025-03-07,204280,57,false,qo6rqy7mdblflyegpk0z8sxhl,2025-09-22T19:33:15Z,"dark r&b,r&b","Boom.Records",0.523,0.363,11,-7.368,0,0.0471,0.593,0.0000122,0.115,0.371,112.74,4
spotify:track:4AWNGXhcT1eQhEajvO6yZl,"Middle of The Night","Middle of The Night","Maz B",2024-10-25,132826,51,true,qo6rqy7mdblflyegpk0z8sxhl,2025-09-22T19:41:23Z,"dark r&b,r&b","Boom.Records",0.649,0.474,5,-8.942,0,0.0309,0.31,0.241,0.107,0.394,118.786,4
spotify:track:2ENexcMEMsYk0rVJigVD3i,"Only Girl (In The World)","Loud","Rihanna",2010-01-01,235493,90,false,qo6rqy7mdblflyegpk0z8sxhl,2025-09-22T22:28:39Z,"","Def Jam Recordings",0.789,0.706,11,-4.233,0,0.0429,0.112,0.0000171,0.0586,0.638,125.918,4
spotify:track:2fadrikKAPlypHJWhvv8CM,"Baldwin Park","Into","Sonder",2017-01-27,95108,58,false,qo6rqy7mdblflyegpk0z8sxhl,2025-09-23T23:17:27Z,"dark r&b,r&b","Sonder",0.724,0.297,5,-11.687,0,0.0508,0.612,0.797,0.191,0.388,125.003,3
spotify:track:1cWaT1NBz5pvNWTv4yFh2Y,"Set Up (2017)","CLEAR 2: SOFT LIFE EP","Summer Walker",2023-05-19,126280,35,true,qo6rqy7mdblflyegpk0z8sxhl,2025-09-24T01:33:43Z,"r&b","LVRN/Interscope Records",0.626,0.203,2,-12.434,1,0.0515,0.784,0.00000304,0.124,0.0787,100.807,4
spotify:track:2wAJTrFhCnQyNSD3oUgTZO,"Work Out","Cole World: The Sideline Story","J. Cole",2011-09-27,235320,85,true,qo6rqy7mdblflyegpk0z8sxhl,2025-09-24T01:40:56Z,"rap","Roc Nation LLC",0.831,0.427,2,-6.903,1,0.106,0.0531,0,0.307,0.216,93.004,4
spotify:track:6dRVOzSxLqRdqUjc9mctGg,"Girl You Loud","Fan of A Fan The Album (Expanded Edition)","Chris Brown;Tyga",2015-02-24,213398,81,true,qo6rqy7mdblflyegpk0z8sxhl,2025-09-24T03:01:19Z,"r&b","RCA Records/Young Money Entertainment/Cash Money Records",0.722,0.551,8,-8.842,0,0.0656,0.0864,0,0.13,0.556,129.506,4
spotify:track:6REbwUNlppTfcnV4d4ZoZi,"Swimming Pools (Drank)","Swimming Pools (Drank)","Kendrick Lamar",2012-01-01,247800,84,true,qo6rqy7mdblflyegpk0z8sxhl,2025-09-25T14:49:19Z,"hip hop,west coast hip hop","Aftermath",0.693,0.445,8,-5.892,1,0.257,0.00625,0.000234,0.0899,0.199,74.044,4
spotify:track:77ZhzP75wx1qzhFG4P7vyt,"Lights Out (feat. Fat Trel)","Fan of A Fan The Album (Expanded Edition)","Chris Brown;Tyga;Fat Trel",2015-02-24,286372,71,true,qo6rqy7mdblflyegpk0z8sxhl,2025-09-25T14:57:00Z,"r&b,chicago drill","RCA Records/Young Money Entertainment/Cash Money Records",0.73,0.494,2,-9.626,1,0.0781,0.0248,0,0.348,0.297,107.993,4
spotify:track:5g8frSfNnBYjSpLkLtFnCd,"Shower Tears (feat. Summer Walker)","AM I THE DRAMA?","Cardi B;Summer Walker",2025-09-19,207400,50,true,qo6rqy7mdblflyegpk0z8sxhl,2025-09-25T17:11:28Z,"r&b","Atlantic Records",0.734,0.606,0,-7.063,0,0.205,0.0681,0,0.154,0.532,145.753,4
spotify:track:2RBvwQI858xReQpWSRO866,"Moon (Feat. Bon Iver)","Moon","Daniel Caesar;Bon Iver",2025-09-23,317000,59,false,qo6rqy7mdblflyegpk0z8sxhl,2025-09-26T23:55:39Z,"","Republic Records",0.472,0.363,6,-12.262,1,0.0344,0.786,0.00479,0.101,0.171,139.928,4
spotify:track:040I32EKLxQrkuxQu1pqvT,"Saturn","SOS Deluxe: LANA","SZA",2024-12-20,186191,83,false,qo6rqy7mdblflyegpk0z8sxhl,2025-09-29T00:38:25Z,"r&b","Top Dawg Entertainment/RCA Records",0.557,0.577,1,-7.514,1,0.027,0.64,0,0.104,0.328,89.111,4
spotify:track:2QBV3XjGydIcv0AreMde82,"Ghost in the Machine (feat. Phoebe Bridgers)","SOS Deluxe: LANA","SZA;Phoebe Bridgers",2025-02-09,218586,48,true,qo6rqy7mdblflyegpk0z8sxhl,2025-09-29T00:38:44Z,"r&b","Top Dawg Entertainment/RCA Records",0.617,0.42,6,-10.51,1,0.0455,0.832,0.0181,0.113,0.546,125.01,4
spotify:track:6gofCueySlBTKWFkOntP2F,"No More Hiding","SOS Deluxe: LANA","SZA",2025-02-09,162662,53,true,qo6rqy7mdblflyegpk0z8sxhl,2025-09-29T00:41:33Z,"r&b","Top Dawg Entertainment/RCA Records",0.516,0.292,2,-12.991,0,0.0439,0.982,0.811,0.118,0.643,161.951,3
spotify:track:5Wl7p7TylkA7Kec3HV0i5b,"What Do I Do","SOS Deluxe: LANA","SZA",2025-02-09,167448,58,true,qo6rqy7mdblflyegpk0z8sxhl,2025-09-29T00:42:01Z,"r&b","Top Dawg Entertainment/RCA Records",0.68,0.543,8,-8.308,1,0.0505,0.536,0.000929,0.164,0.66,146.037,4
spotify:track:3rXZ1j7QTXphBCavJDBZXz,"30 For 30 (with Kendrick Lamar)","SOS Deluxe: LANA","SZA;Kendrick Lamar",2025-02-09,278277,55,true,qo6rqy7mdblflyegpk0z8sxhl,2025-09-29T00:46:05Z,"r&b,hip hop,west coast hip hop","Top Dawg Entertainment/RCA Records",0.706,0.416,1,-10.337,0,0.0704,0.764,0.0000935,0.128,0.522,140.017,4
spotify:track:2kwtmk3MEM1rJ2ROBlDPJm,"Diamond Boy (DTM)","SOS Deluxe: LANA","SZA",2025-02-09,217523,54,true,qo6rqy7mdblflyegpk0z8sxhl,2025-09-29T00:50:58Z,"r&b","Top Dawg Entertainment/RCA Records",0.642,0.374,1,-11.73,0,0.048,0.827,0.000288,0.0997,0.397,133.041,4
spotify:track:1TweDM3JC49LNeelLVg3yX,"Used (feat. Don Toliver)","SOS","SZA;Don Toliver",2022-12-09,146950,64,false,qo6rqy7mdblflyegpk0z8sxhl,2025-09-29T00:53:59Z,"r&b","Top Dawg Entertainment/RCA Records",0.738,0.7,10,-6.242,0,0.0547,0.312,0.000219,0.339,0.825,150.015,4
spotify:track:4rAg5bbrdZX00mXXhLvYXj,"Too Late","SOS","SZA",2022-12-09,164426,59,false,qo6rqy7mdblflyegpk0z8sxhl,2025-09-29T00:55:45Z,"r&b","Top Dawg Entertainment/RCA Records",0.445,0.681,11,-7.558,1,0.0829,0.781,0.000789,0.386,0.351,127.541,5
spotify:track:5IcP1PPnleZ2kuwKDyfNC5,"Forgiveless (feat. Ol' Dirty Bastard)","SOS","SZA;Ol' Dirty Bastard",2022-12-09,141960,60,true,qo6rqy7mdblflyegpk0z8sxhl,2025-09-29T00:56:58Z,"r&b,east coast hip hop,old school hip hop,hardcore hip hop","Top Dawg Entertainment/RCA Records",0.668,0.769,9,-5.25,1,0.218,0.366,0,0.0861,0.469,79.852,4
spotify:track:6uhsCywVYs0A9wWf0IE81N,"BMF","SOS Deluxe: LANA","SZA",2025-02-09,180746,56,true,qo6rqy7mdblflyegpk0z8sxhl,2025-09-29T00:59:16Z,"r&b","Top Dawg Entertainment/RCA Records",0.792,0.55,10,-8.528,0,0.0307,0.506,0.0166,0.087,0.972,128.023,4
spotify:track:1TmxBpnOfi6Qo76EubG57l,"Scorsese Baby Daddy","SOS Deluxe: LANA","SZA",2025-02-09,153911,56,true,qo6rqy7mdblflyegpk0z8sxhl,2025-09-29T01:03:53Z,"r&b","Top Dawg Entertainment/RCA Records",0.746,0.728,4,-6.75,1,0.0299,0.464,0.0000201,0.103,0.795,103.991,4
spotify:track:1YLfaRr3QIW1fF3nvDO0gX,"Whatchamacallit (feat. Chris Brown)","Ella Mai","Ella Mai;Chris Brown",2018-10-12,179410,67,true,qo6rqy7mdblflyegpk0z8sxhl,2025-09-29T19:11:03Z,"r&b","10 Summers / Interscope PS",0.667,0.616,5,-4.668,1,0.0378,0.168,0,0.219,0.273,98.972,4
spotify:track:3x4Zx0rPoW6kErSDK8SSnW,"My Way","READY","Ella Mai",2017-02-22,191981,61,true,qo6rqy7mdblflyegpk0z8sxhl,2025-09-29T19:45:38Z,"r&b","10 Summers / Interscope PS",0.812,0.46,5,-6.316,1,0.173,0.0994,0,0.114,0.193,100.042,4
spotify:track:1WBD2KNkYu880G7ElAituh,"Burning Blue","HEARTS SOLD SEPARATELY","Mariah the Scientist",2025-08-21,206027,73,false,qo6rqy7mdblflyegpk0z8sxhl,2025-10-02T15:56:07Z,"alternative r&b","Buckles Laboratories/Epic",0.373,0.564,10,-4.6,0,0.0335,0.14,0,0.0885,0.204,119.709,4
spotify:track:2fUazQuDcmHbKYfPoXWpZU,"Remember Me","Late Nights: The Album","Jeremih",2015-12-04,175093,62,true,qo6rqy7mdblflyegpk0z8sxhl,2025-10-02T16:35:10Z,"","Def Jam",0.529,0.316,1,-8.675,0,0.0518,0.646,0.0000797,0.106,0.0386,133.714,4
spotify:track:5jTLperHBWrDOPE5tgbyTo,"Soul Ties","Teenage Fever","Kaash Paige;SSGKobe",2020-08-14,182373,42,false,qo6rqy7mdblflyegpk0z8sxhl,2025-10-02T16:48:57Z,"rage rap","Se Lavi Productions(Kaasha Paige)/Def Jam",0.387,0.296,5,-11.452,0,0.0698,0.775,0.00018,0.11,0.114,85.126,4
spotify:track:6t5MVzUCfeK1ASDMkKadxW,"Second Chances. (ft. 6LACK)","KIKI","Kiana Ledé;6LACK",2020-04-03,192120,48,true,qo6rqy7mdblflyegpk0z8sxhl,2025-10-02T16:57:18Z,"","Republic Records",0.503,0.349,3,-10.883,0,0.389,0.786,0,0.107,0.321,73.859,4
spotify:track:0DmkBOGgEWMbUJlL6VwwF2,"Helmet","Gemini Rights","Steve Lacy",2022-07-15,201510,74,true,qo6rqy7mdblflyegpk0z8sxhl,2025-10-02T17:33:35Z,"","L-M Records/RCA Records",0.612,0.675,9,-6.518,0,0.0231,0.0994,0,0.217,0.763,97.04,4
spotify:track:7wNAM0qzErN5Dr9uV6B3fW,"Only If","Apollo XXI","Steve Lacy",2019-05-24,100562,67,false,qo6rqy7mdblflyegpk0z8sxhl,2025-10-02T17:36:26Z,"","3qtr",0.811,0.402,4,-4.908,1,0.0406,0.103,0,0.0785,0.815,86.023,4
spotify:track:17CicZDKMQxTyo6wXS02Xz,"Like Me","Apollo XXI","Steve Lacy;DAISY WORLD",2019-05-24,544026,53,false,qo6rqy7mdblflyegpk0z8sxhl,2025-10-02T17:38:34Z,"","3qtr",0.532,0.707,8,-7.254,1,0.101,0.0529,0.0023,0.0911,0.0545,136.016,4
spotify:track:6PwXCodhJyCLhidB3dDr6r,"Love 2 Fast","Apollo XXI","Steve Lacy",2019-05-24,222981,56,false,qo6rqy7mdblflyegpk0z8sxhl,2025-10-02T18:06:14Z,"","3qtr",0.43,0.886,0,-4.929,1,0.0562,0.18,0.00175,0.52,0.448,78.986,4
spotify:track:3hxIUxnT27p5WcmjGUXNwx,"Shut up My Moms Calling","Shut up My Moms Calling","Hotel Ugly",2020-02-10,164571,90,false,qo6rqy7mdblflyegpk0z8sxhl,2025-10-03T02:25:50Z,"","Hotel Ugly, under exclusive license to Amuseio AB",0.485,0.409,9,-10.711,0,0.101,0.325,0,0.103,0.376,138.419,4
spotify:track:6QBQ8IiJC47SHuG7omEub0,"DIAMONDS FOR YOUR PAIN","BELOVED","GIVĒON",2025-07-11,88425,59,false,qo6rqy7mdblflyegpk0z8sxhl,2025-10-03T02:32:36Z,"r&b","Epic/Not So Fast",0.543,0.684,11,-7.605,0,0.176,0.607,0.00000242,0.383,0.47,133.728,4
spotify:track:2nUm1FJaMqdSp0ODkadQn4,"After Hours","CRASH","Kehlani",2024-06-21,202414,50,false,qo6rqy7mdblflyegpk0z8sxhl,2025-10-03T21:30:07Z,"","TSNMI / Atlantic",0.729,0.777,1,-3.991,1,0.0431,0.069,0.00162,0.112,0.744,121.016,4
spotify:track:3fX3N9yUo3hNatc2BbJDLs,"Who Hurt You?","Who Hurt You?","Daniel Caesar",2018-10-16,231964,75,true,qo6rqy7mdblflyegpk0z8sxhl,2025-10-03T11:58:27Z,"","HV Recordings",0.634,0.493,11,-7.645,0,0.106,0.589,0.00018,0.0667,0.28,104.526,4
spotify:track:5cw9s2zGrbny2M2p3WRmGm,"Gangsta","SweetSexySavage (Deluxe)","Kehlani",2017-01-27,177773,66,true,qo6rqy7mdblflyegpk0z8sxhl,2025-10-03T21:30:19Z,"","TSNMI / Atlantic",0.465,0.446,10,-8.336,0,0.0433,0.102,0,0.321,0.131,121.801,4
spotify:track:7nBH9p1JeLmvkxW17JRprs,"When He's Not There (feat. Lucky Daye)","While We Wait 2","Kehlani;Lucky Daye",2024-08-27,268401,61,false,qo6rqy7mdblflyegpk0z8sxhl,2025-10-03T21:30:41Z,"","TSNMI / Atlantic",0.724,0.606,6,-5.544,0,0.0846,0.0952,0.00109,0.186,0.605,72.502,4
spotify:track:5QTdOvIF2ehBMZpSIIGzIo,"Honey","Honey","Kehlani",2017-10-06,199209,63,true,qo6rqy7mdblflyegpk0z8sxhl,2025-10-03T21:30:46Z,"","TSNMI / Atlantic",0.606,0.24,3,-7.102,1,0.0369,0.772,0,0.0819,0.526,96.792,4
spotify:track:6weyVLHtrJV5BTFex0ebYn,"Clothes Off (feat. kwn)","While We Wait 2","Kehlani;kwn",2024-08-27,229736,30,false,qo6rqy7mdblflyegpk0z8sxhl,2025-10-03T21:31:04Z,"uk r&b","TSNMI / Atlantic",0.766,0.67,9,-4.423,0,0.038,0.137,0.000223,0.123,0.679,117.016,4
spotify:track:4F1yvJfQ7gJkrcgFJQDjOr,"Playinwitme (feat. Kehlani)","Light of Mine","KYLE;Kehlani",2018-05-18,191680,60,false,qo6rqy7mdblflyegpk0z8sxhl,2025-10-03T21:31:35Z,"","independently popular.",0.689,0.584,1,-5.768,0,0.119,0.339,0,0.297,0.676,156.572,4
spotify:track:5oady7OSE7dH7LHiqmb3Cr,"Dreams, Fairytales, Fantasies (feat. Brent Faiyaz & Salaam Remi)","Floor Seats","A$AP Ferg;Brent Faiyaz;Salaam Remi",2019-08-16,222987,78,true,qo6rqy7mdblflyegpk0z8sxhl,2025-10-04T19:16:17Z,"rap,r&b","A$AP Worldwide/Polo Grounds Music/RCA Records",0.737,0.597,7,-7.333,1,0.119,0.292,0,0.13,0.449,92.049,4
spotify:track:2mo4wJKJJR2lQCZYnTaI4Y,"For Me (feat. Brent Faiyaz) - Remix","Nardy World","Loe Shimmy;Brent Faiyaz",2024-11-08,203624,71,false,qo6rqy7mdblflyegpk0z8sxhl,2025-10-04T19:16:27Z,"sexy drill,r&b","Open Shift Distribution",0.645,0.365,1,-8.834,0,0.407,0.738,0,0.154,0.514,82.428,4
spotify:track:6UjwKoH47d2FveB38u8Si9,"lost souls (with Brent Faiyaz)","The Melodic Blue (Deluxe)","Baby Keem;Brent Faiyaz",2022-10-28,269727,68,true,qo6rqy7mdblflyegpk0z8sxhl,2025-10-04T19:16:34Z,"r&b","pgLang/Columbia",0.649,0.347,1,-7.67,0,0.404,0.485,0.0000324,0.154,0.176,169.994,4
spotify:track:1N8klHEbZ0bFOHnMVs8C9S,"Fell In Love","Fell In Love","Marshmello;Brent Faiyaz",2023-05-05,121283,59,true,qo6rqy7mdblflyegpk0z8sxhl,2025-10-04T19:34:55Z,"edm,r&b","Joytime Collective",0.732,0.464,1,-9.722,1,0.0527,0.0899,0.000031,0.0997,0.647,149.954,4
spotify:track:3EG9FJ0ToLfgnc1IG2Z1wz,"SWEET / I THOUGHT YOU WANTED TO DANCE (feat. Brent Faiyaz & Fana Hues)","CALL ME IF YOU GET LOST","Tyler, The Creator;Brent Faiyaz;Fana Hues",2021-06-25,588139,74,true,qo6rqy7mdblflyegpk0z8sxhl,2025-10-04T20:04:39Z,"r&b,alternative r&b","Columbia",0.468,0.652,0,-4.912,1,0.0722,0.333,0.000318,0.55,0.39,140.223,4
spotify:track:6mU00UhZ1jCEyEoja3B3hl,"Paradise","Mirage","Avenoir",2025-09-05,113106,52,false,qo6rqy7mdblflyegpk0z8sxhl,2025-10-04T23:05:19Z,"dark r&b,alternative r&b,r&b","Avenoir, under exclusive license to LISTEN TO THE KIDS",0.365,0.32,7,-13.643,1,0.0322,0.874,0.000287,0.107,0.155,86.269,4
spotify:track:2RnB5R79oLcE8lCQbiaUZf,"Art of War","Mirage","Avenoir",2025-09-05,126973,70,false,qo6rqy7mdblflyegpk0z8sxhl,2025-10-04T23:08:15Z,"dark r&b,alternative r&b,r&b","Avenoir, under exclusive license to LISTEN TO THE KIDS",0.23,0.374,7,-9.607,0,0.0302,0.53,0.00211,0.448,0.28,84.052,5
spotify:track:69ms7KvY7nETPn8mYwTahK,"Alone","Mirage","Avenoir",2025-09-05,145120,56,false,qo6rqy7mdblflyegpk0z8sxhl,2025-10-04T23:12:59Z,"dark r&b,alternative r&b,r&b","Avenoir, under exclusive license to LISTEN TO THE KIDS",0.643,0.331,3,-11.715,0,0.0667,0.649,0.000654,0.0824,0.692,85.985,4
spotify:track:1aeRSlCn1EF7f5q7b5l6uu,"Lady","Mirage","Avenoir",2025-09-05,183293,62,false,qo6rqy7mdblflyegpk0z8sxhl,2025-10-04T23:13:16Z,"dark r&b,alternative r&b,r&b","Avenoir, under exclusive license to LISTEN TO THE KIDS",0.543,0.698,1,-8.839,1,0.0433,0.0658,0.018,0.269,0.425,90.962,4
spotify:track:3NOIkyNWG0fEjkPkq9HVMW,"Basement Jack","Apollo XXI","Steve Lacy",2019-05-24,109818,66,true,qo6rqy7mdblflyegpk0z8sxhl,2025-10-04T23:31:40Z,"","3qtr",0.644,0.931,8,-5.343,0,0.0689,0.15,0.0547,0.386,0.911,174.881,4
spotify:track:14fCqklNybaEQyF7RRmwHA,"Mean It","Back of My Mind","H.E.R.",2021-06-18,197613,45,true,qo6rqy7mdblflyegpk0z8sxhl,2025-10-05T00:46:22Z,"r&b","MBK Entertainment/RCA Records",0.484,0.181,2,-15.932,0,0.0687,0.889,0.00000113,0.0824,0.191,77.381,4
spotify:track:01QarjS3RWHEXJMWYZeyJG,"FWU","Cloud 19","Kehlani",2014-08-26,202682,39,true,qo6rqy7mdblflyegpk0z8sxhl,2025-10-05T11:42:57Z,"","TSNMI / Atlantic",0.627,0.698,3,-6.122,0,0.0524,0.0691,0,0.165,0.809,137.915,4
spotify:track:0qXB712p0kz9oBUnyYFlr9,"As I Am","Cloud 19","Kehlani",2014-08-26,246528,39,true,qo6rqy7mdblflyegpk0z8sxhl,2025-10-05T11:48:32Z,"","TSNMI / Atlantic",0.538,0.594,8,-8.243,1,0.0454,0.143,0.0000139,0.126,0.435,90.604,5
spotify:track:7Cpp66vzI22cTUyElanxKB,"Deserve Better","Cloud 19","Kehlani",2014-08-26,146729,34,true,qo6rqy7mdblflyegpk0z8sxhl,2025-10-05T11:55:04Z,"","TSNMI / Atlantic",0.651,0.506,11,-7.345,1,0.102,0.0499,0,0.121,0.29,72.045,4
spotify:track:10sP6mykiMbeyA8jx2kUF0,"How We Do Us (feat. Kyle Dion)","Cloud 19","Kehlani;Kyle Dion",2014-08-26,219354,34,true,qo6rqy7mdblflyegpk0z8sxhl,2025-10-05T11:55:20Z,"alternative r&b","TSNMI / Atlantic",0.425,0.727,6,-5.31,1,0.141,0.0772,0,0.344,0.369,123.85,5
spotify:track:71TOz4UB8wA3X0KaLFIfWI,"Tell Your Mama","Cloud 19","Kehlani",2014-08-26,145319,27,true,qo6rqy7mdblflyegpk0z8sxhl,2025-10-05T11:58:49Z,"","TSNMI / Atlantic",0.686,0.661,4,-6.171,1,0.0498,0.146,0,0.0723,0.54,94.963,4
spotify:track:2A0uPTOfA94mhYDJTWmT9m,"How That Taste","You Should Be Here","Kehlani",2015-04-28,152595,39,true,qo6rqy7mdblflyegpk0z8sxhl,2025-10-06T00:37:07Z,"","P2015",0.332,0.847,9,-4.054,0,0.462,0.232,0,0.426,0.489,73.359,4
spotify:track:2LIhj8VB3lMKrUdNC6er19,"Wanted","You Should Be Here","Kehlani",2015-04-28,130588,39,true,qo6rqy7mdblflyegpk0z8sxhl,2025-10-06T00:42:52Z,"","P2015",0.478,0.79,6,-4.49,1,0.258,0.235,0,0.198,0.378,134.653,4
spotify:track:4ZxfumRtgQcPdNNvFw4cXx,"Unconditional","You Should Be Here","Kehlani",2015-04-28,156456,38,true,qo6rqy7mdblflyegpk0z8sxhl,2025-10-06T00:43:37Z,"","P2015",0.464,0.589,3,-6.422,0,0.0394,0.159,0,0.0859,0.315,99.771,4
spotify:track:4O2qERMtZ0EcFt9aRdVUs0,"Be Alright","You Should Be Here","Kehlani",2015-04-28,174618,38,true,qo6rqy7mdblflyegpk0z8sxhl,2025-10-06T00:44:28Z,"","P2015",0.602,0.622,9,-7.134,1,0.0485,0.48,0,0.111,0.419,100.215,4
spotify:track:65J9QaJDC99OcBBUb4FdlY,"Down for You (feat. BJ The Chicago Kid)","You Should Be Here","Kehlani;BJ The Chicago Kid",2015-04-28,227754,45,true,qo6rqy7mdblflyegpk0z8sxhl,2025-10-06T00:44:38Z,"","P2015",0.578,0.661,6,-6.222,0,0.173,0.441,0,0.171,0.377,78.735,5
spotify:track:5QbBe0MC6ZU0xfZZgAqO7j,"Yet","You Should Be Here","Kehlani",2015-04-28,149529,33,true,qo6rqy7mdblflyegpk0z8sxhl,2025-10-06T00:44:43Z,"","P2015",0.569,0.575,4,-8.703,0,0.252,0.171,0,0.0928,0.386,153.348,5
spotify:track:1VjZKeNqOn8gXvF1X0pI6G,"Alive (feat. Coucheron)","You Should Be Here","Kehlani;Coucheron",2015-04-28,187991,29,false,qo6rqy7mdblflyegpk0z8sxhl,2025-10-06T00:44:49Z,"russelåter,norwegian hip hop,norwegian pop","P2015",0.585,0.684,5,-6.522,1,0.0576,0.0446,0,0.108,0.526,93.978,4
spotify:track:4QQKkikjJtaoeHKn3TwYHH,"Bright","You Should Be Here","Kehlani",2015-04-28,257179,42,true,qo6rqy7mdblflyegpk0z8sxhl,2025-10-06T00:44:55Z,"","P2015",0.743,0.399,9,-6.936,1,0.0465,0.584,0,0.107,0.225,99.949,4
spotify:track:2veb4qbYhmsEBSncX7Er3o,"Distraction","SweetSexySavage (Deluxe)","Kehlani",2017-01-27,235693,34,false,qo6rqy7mdblflyegpk0z8sxhl,2025-10-06T00:45:22Z,"","TSNMI / Atlantic",0.656,0.691,0,-6.272,0,0.0481,0.0262,0,0.294,0.391,120.941,4
spotify:track:0zlTUsS88Y3Ck7WsyEepAi,"Gangsta","Suicide Squad: The Album","Kehlani",2016-08-05,177320,50,false,qo6rqy7mdblflyegpk0z8sxhl,2025-10-06T00:45:59Z,"","Atlantic Records",0.447,0.356,10,-11.193,0,0.0419,0.0958,0,0.318,0.174,121.864,4
spotify:track:7gpIj4wMeTKptFxetrNKzY,"You Don’t Know Me","Still Over It","Summer Walker",2021-11-05,200472,50,true,qo6rqy7mdblflyegpk0z8sxhl,2025-10-06T11:53:13Z,"r&b","LVRN/Interscope Records",0.501,0.264,11,-9.409,0,0.0414,0.71,0,0.102,0.495,75.28,4
spotify:track:6mSLCix3O4P8KhXNNQYVAg,"LOVE ME OR LOVE ME NOT","Drugs n' Lullabies","Isaiah Falls",2024-07-12,154315,0,true,qo6rqy7mdblflyegpk0z8sxhl,2025-10-09T01:07:40Z,"dark r&b","LVRS ONLY",0.666,0.634,9,-9.019,0,0.0929,0.512,0.00246,0.248,0.355,91.018,4
spotify:track:01jIO8SJFnpSiNLH1JaBZ5,"You","4275 (Bonus Version)","Jacquees",2018-09-07,217386,68,true,qo6rqy7mdblflyegpk0z8sxhl,2025-10-09T01:32:04Z,"r&b,trap soul","Republic Records",0.735,0.453,8,-8.264,0,0.0601,0.415,0,0.104,0.335,115.005,4
spotify:track:0RBw4ODUQPO4cuAOZtBGga,"Hurts Me","Hurts Me","Tory Lanez;Trippie Redd;Yoko Gold",2023-06-27,140800,78,false,qo6rqy7mdblflyegpk0z8sxhl,2025-10-11T15:27:40Z,"melodic rap","One Umbrella Records",0.553,0.786,8,-5.477,0,0.0325,0.0438,0,0.119,0.673,149.968,4
spotify:track:0YsaAXMrEgi0zdvsccL2bn,"Blue Dream","Souled Out (Deluxe)","Jhené Aiko",2014-09-08,216773,35,false,qo6rqy7mdblflyegpk0z8sxhl,2025-10-11T16:07:07Z,"r&b","Def Jam Recordings",0.538,0.408,9,-11.958,0,0.0553,0.487,0.143,0.0803,0.349,134.147,4
spotify:track:4JeD0FGslDsMeeahEGZa2L,"DEEPER","$ome $exy $ongs 4 U","PARTYNEXTDOOR",2025-02-14,172337,70,true,qo6rqy7mdblflyegpk0z8sxhl,2025-10-11T17:30:22Z,"dark r&b,r&b,trap soul","OVO Sound",0.431,0.534,7,-7.302,0,0.094,0.0965,0,0.0629,0.322,100.581,4
spotify:track:4i3GraNMzBKze1WsVl38DS,"Bria's Interlude (feat. Omarion)","So Far Gone","Drake;Omarion",2009,139574,68,true,qo6rqy7mdblflyegpk0z8sxhl,2025-10-11T17:36:15Z,"rap,r&b","Young Money/Cash Money Records",0.49,0.507,2,-6.205,0,0.0849,0.209,0.00104,0.119,0.237,147.037,3
spotify:track:3xF76F90WnIXCkR2fPTfWS,"Prayed Up","Last Day Of Summer","Summer Walker",2018-10-19,168106,47,false,qo6rqy7mdblflyegpk0z8sxhl,2025-10-11T17:59:35Z,"r&b","LVRN/Interscope Records",0.453,0.269,1,-13.109,1,0.302,0.758,0.00433,0.122,0.191,75.098,3
spotify:track:3G9tyuUoBVNTDXY0icrUVf,"Out of Me Head","The Lo-Fis","Steve Lacy",2020-12-04,141055,66,false,qo6rqy7mdblflyegpk0z8sxhl,2025-10-11T18:43:37Z,"","L-M Records",0.799,0.39,8,-14.592,1,0.102,0.397,0.711,0.107,0.978,88.509,4
spotify:track:3G9tyuUoBVNTDXY0icrUVf,"Out of Me Head","The Lo-Fis","Steve Lacy",2020-12-04,141055,66,false,qo6rqy7mdblflyegpk0z8sxhl,2025-10-11T18:59:18Z,"","L-M Records",0.799,0.39,8,-14.592,1,0.102,0.397,0.711,0.107,0.978,88.509,4
spotify:track:5SkRLpaGtvYPhw02vZhQQ9,"All Falls Down","The College Dropout","Kanye West;Syleena Johnson",2004-02-10,223506,86,true,qo6rqy7mdblflyegpk0z8sxhl,2025-10-11T21:34:13Z,"rap,neo soul","Roc-A-Fella",0.657,0.734,8,-4.832,0,0.484,0.149,0,0.139,0.434,91.03,4
spotify:track:0ycIrEpkyb4lrqE7M1emju,"Inhale","A N N I V E R S A R Y","Bryson Tiller",2020-10-02,171173,62,true,qo6rqy7mdblflyegpk0z8sxhl,2025-10-11T21:43:38Z,"trap soul,r&b","TrapSoul/RCA Records",0.498,0.705,9,-8.088,0,0.392,0.321,0.000441,0.414,0.571,156.519,4
spotify:track:3E0t3JhtlA1YcYyQ1EdS98,"SEARCHING","LVRS PARADISE (SIDE A)","Isaiah Falls;Odeal",2025-05-02,150038,51,false,qo6rqy7mdblflyegpk0z8sxhl,2025-10-11T22:21:16Z,"dark r&b,afroswing,afro r&b,alté,uk r&b,afrobeats,afrobeat","LVRS ONLY LLC",0.647,0.377,2,-11.51,0,0.0678,0.799,0.145,0.123,0.412,127.901,4
spotify:track:5Y77SQxEr1eiofPeUTPHxM,"You","Street Love","Lloyd;Lil Wayne",2007-01-01,273133,85,false,qo6rqy7mdblflyegpk0z8sxhl,2025-10-11T22:34:28Z,"r&b,rap,hip hop","I.G. Records, Inc./Universal Records",0.412,0.876,5,-6.008,0,0.472,0.102,0,0.297,0.706,130.21,5
spotify:track:0qpdzfTxAkOREtvvGO5oew,"Chill Baby","SOS Deluxe: LANA","SZA",2024-12-20,140637,64,true,qo6rqy7mdblflyegpk0z8sxhl,2025-10-11T23:11:17Z,"r&b","Top Dawg Entertainment/RCA Records",0.376,0.441,0,-10.82,0,0.0629,0.497,0.0826,0.125,0.174,173.364,3
spotify:track:26YMMDjKKH7kAgCFEjpRkT,"Before The Day Is Over","SMITHEREENS","Joji",2022-11-04,213706,62,false,qo6rqy7mdblflyegpk0z8sxhl,2025-10-12T00:17:02Z,"","88rising Music",0.401,0.294,9,-11.698,1,0.0422,0.771,0.00144,0.0907,0.192,160.124,4
spotify:track:3naeRM87FXhoyIqtTAQAyK,"commotion","TWENTY TWENTY TYDE","Tyde",2025-04-25,145088,51,true,qo6rqy7mdblflyegpk0z8sxhl,2025-10-12T02:13:14Z,"dark r&b","ASG STUDIOS",0.797,0.461,1,-11.899,0,0.0726,0.706,0.000414,0.0901,0.711,119.992,4
spotify:track:1GtCx7UBuJ5e1prUGoHDNh,"Lightspeed","Mirage","Avenoir",2025-09-05,185720,46,false,qo6rqy7mdblflyegpk0z8sxhl,2025-10-12T02:20:20Z,"dark r&b,alternative r&b,r&b","Avenoir, under exclusive license to LISTEN TO THE KIDS",0.629,0.552,11,-10.039,0,0.0339,0.587,0.701,0.101,0.573,83.819,4
spotify:track:042wd4CrF4WTAwiKs0F7Ve,"First World Problemz / Nobody Carez","Sonder Son","Brent Faiyaz",2017-10-13,350548,59,true,qo6rqy7mdblflyegpk0z8sxhl,2025-10-12T02:25:34Z,"r&b","Lost Kids",0.582,0.502,3,-11.053,0,0.102,0.259,0.000378,0.16,0.555,85.629,4
spotify:track:4bAPAjc4EmL7YNndqg7AMv,"Make It Out","Fuck The World","Brent Faiyaz",2020-02-07,30645,49,false,qo6rqy7mdblflyegpk0z8sxhl,2025-10-12T02:33:09Z,"r&b","Lost Kids",0.366,0.484,2,-6.881,1,0.034,0.97,0.000333,0.116,0.552,131.172,3
spotify:track:6XuPJCuraeFFv7EQuMixEx,"Soon Az I Get Home","Fuck The World","Brent Faiyaz",2020-02-07,94736,54,false,qo6rqy7mdblflyegpk0z8sxhl,2025-10-12T02:33:19Z,"r&b","Lost Kids",0.475,0.347,7,-8.471,0,0.0517,0.493,0.00369,0.156,0.0839,113.212,4
spotify:track:6N9U1wkWniSXD4TKD4ln0h,"WASTING TIME (FEAT. DRAKE & THE NEPTUNES)","WASTELAND","Brent Faiyaz;Drake;The Neptunes",2022-07-08,301304,60,true,qo6rqy7mdblflyegpk0z8sxhl,2025-10-12T02:36:44Z,"r&b,rap","Lost Kids LLC., Marketed by Venice / Stem",0.443,0.72,7,-3.743,0,0.0733,0.0669,0,0.0909,0.374,89.378,4
spotify:track:48oQGynnS8RLiYRFsJ6pDL,"FYTB (FEAT. JOONY)","WASTELAND","Brent Faiyaz;Joony",2022-07-08,198003,56,true,qo6rqy7mdblflyegpk0z8sxhl,2025-10-12T02:39:38Z,"r&b","Lost Kids LLC., Marketed by Venice / Stem",0.783,0.48,3,-9.182,0,0.251,0.258,0.00000473,0.305,0.364,133.086,4
spotify:track:4mgSk2zxeT03FLtSlnzxwt,"ANGEL","WASTELAND","Brent Faiyaz",2022-07-08,219241,52,true,qo6rqy7mdblflyegpk0z8sxhl,2025-10-12T02:44:49Z,"r&b","Lost Kids LLC., Marketed by Venice / Stem",0.461,0.46,6,-7.949,0,0.0307,0.591,0,0.0847,0.31,75.141,4
spotify:track:4QTO9eLRONw0rzOVWU4uB4,"Are You That Somebody?","I Care 4 U","Aaliyah",2002-12-10,265666,74,false,qo6rqy7mdblflyegpk0z8sxhl,2025-10-12T02:48:51Z,"r&b,contemporary r&b","Blackground / Seeker Music",0.85,0.657,9,-7.078,0,0.166,0.14,0.0192,0.0939,0.843,137.972,4
spotify:track:0DDk4rAC2NNpQizJ7CWcC7,"Songhai","Mirage","Avenoir",2025-09-05,179160,48,false,qo6rqy7mdblflyegpk0z8sxhl,2025-10-12T13:44:40Z,"dark r&b,alternative r&b,r&b","Avenoir, under exclusive license to LISTEN TO THE KIDS",0.499,0.459,6,-8.682,1,0.0586,0.536,0.118,0.115,0.43,72.548,4
spotify:track:3jbmFRlCmqYOfjKXe1ve82,"On This Side (feat. A$AP Ant & CruddyMurda)","Larger Than Life","Brent Faiyaz;CruddyMurda;A$AP ANT",2023-10-27,178628,51,true,qo6rqy7mdblflyegpk0z8sxhl,2025-10-12T13:55:53Z,"r&b,cloud rap","ISO Supremacy under exclusive license to UnitedMasters LLC",0.821,0.541,1,-6.98,1,0.232,0.00985,0,0.0645,0.665,136.075,4
spotify:track:42QRyJd5x6e2TFR1S41g2p,"Too Fast","Too Fast","Sonder",2016-10-25,308005,53,false,qo6rqy7mdblflyegpk0z8sxhl,2025-10-12T13:57:34Z,"dark r&b,r&b","Sonder",0.395,0.33,4,-10.924,0,0.0408,0.316,0.0000189,0.268,0.102,98.813,3
spotify:track:2yb8xWLdEaDsUMOFsWr09q,"Lovely","Into","Sonder",2017-01-27,291448,45,true,qo6rqy7mdblflyegpk0z8sxhl,2025-10-12T13:58:24Z,"dark r&b,r&b","Sonder",0.48,0.503,8,-9.002,0,0.0467,0.578,0.000648,0.619,0.131,143.984,3
spotify:track:4kLvZvzPYpyDESnfbYFey0,"Feel","Into","Sonder",2017-01-27,232502,45,false,qo6rqy7mdblflyegpk0z8sxhl,2025-10-12T14:05:23Z,"dark r&b,r&b","Sonder",0.473,0.26,6,-14.546,0,0.0385,0.522,0.00185,0.387,0.195,131.947,4
spotify:track:5MyxkAsGrKp05nNfeAkYwc,"Sirens","Into","Sonder",2017-01-27,198010,43,false,qo6rqy7mdblflyegpk0z8sxhl,2025-10-12T14:10:14Z,"dark r&b,r&b","Sonder",0.538,0.492,8,-12.153,0,0.103,0.0628,0.000168,0.31,0.115,81.974,4
spotify:track:3ZdgZ8mDEK7Op8OEKgxsae,"Baldwin Park","Into","Sonder",2017-01-27,95108,42,false,qo6rqy7mdblflyegpk0z8sxhl,2025-10-12T14:12:04Z,"dark r&b,r&b","Sonder",0.729,0.296,5,-11.694,0,0.0497,0.621,0.77,0.189,0.409,125.005,3
spotify:track:44Whe5zhgHUXEVbKHeKL1e,"Searchin","Into","Sonder",2017-01-27,264242,43,false,qo6rqy7mdblflyegpk0z8sxhl,2025-10-12T14:13:01Z,"dark r&b,r&b","Sonder",0.719,0.397,10,-12.53,0,0.0369,0.145,0.0000102,0.181,0.328,104.007,4
spotify:track:21YqSE6vKbv3GtXFhTeWQt,"Care","Into","Sonder",2017-01-27,164488,44,false,qo6rqy7mdblflyegpk0z8sxhl,2025-10-12T14:20:20Z,"dark r&b,r&b","Sonder",0.392,0.181,10,-16.804,0,0.0362,0.88,0.00000699,0.118,0.0831,58.271,4
spotify:track:5GUYJTQap5F3RDQiCOJhrS,"Self Control","Blonde","Frank Ocean",2016-08-20,249667,79,false,qo6rqy7mdblflyegpk0z8sxhl,2025-10-13T00:48:15Z,"","Boys Don't Cry",0.581,0.21,8,-10.426,1,0.0321,0.768,0,0.369,0.452,80.099,4
spotify:track:7Jd5LgnSRQElW6FsTWVPzE,"Never Ending","ANTI (Deluxe)","Rihanna",2016-01-28,202506,57,false,qo6rqy7mdblflyegpk0z8sxhl,2025-10-13T03:07:51Z,"","Roc Nation / Rihanna",0.556,0.391,7,-9.096,0,0.028,0.752,0.000067,0.187,0.525,81.826,4
spotify:track:2UPqEbhg8b2O0onMq5dHlP,"London Bridge","The Dutchess","Fergie",2006-09-13,241306,62,true,qo6rqy7mdblflyegpk0z8sxhl,2025-10-13T17:05:39Z,"","Will I Am / Fergie LP1",0.77,0.609,1,-5.894,1,0.345,0.214,0,0.166,0.631,90.952,4
spotify:track:1RR29QADKP8ygptqTDdHSH,"PRICE OF FAME","PRICE OF FAME","Brent Faiyaz",2022-06-24,379004,49,true,qo6rqy7mdblflyegpk0z8sxhl,2025-10-13T17:45:30Z,"r&b","Lost Kids LLC., Marketed by Venice / Stem",0.428,0.367,9,-9.905,1,0.0914,0.132,0,0.149,0.174,71.184,4
spotify:track:6AsDN37AtSyyLNG3cIXxho,"Poison","A.M. Paradox","Brent Faiyaz",2016-09-20,305710,48,true,qo6rqy7mdblflyegpk0z8sxhl,2025-10-13T17:53:06Z,"r&b","Lost Kids, LLC",0.517,0.427,2,-8.821,0,0.156,0.851,0.00000981,0.185,0.316,117.596,3
spotify:track:0leEabDXW1sQQ41DFQ4E6K,"Invite Me","A.M. Paradox","Brent Faiyaz",2016-09-20,194552,49,false,qo6rqy7mdblflyegpk0z8sxhl,2025-10-13T17:53:17Z,"r&b","Lost Kids, LLC",0.498,0.449,9,-7.492,0,0.038,0.579,0,0.191,0.256,127.827,4
spotify:track:6ilx2yGLSPgA89R71VgOgY,"Natural Release","Natural Release","Brent Faiyaz",2017-02-17,151453,50,false,qo6rqy7mdblflyegpk0z8sxhl,2025-10-13T17:53:47Z,"r&b","Lost Kids",0.329,0.244,6,-14.021,0,0.04,0.888,0.0000342,0.13,0.083,162.083,4
spotify:track:4nva9EpKntUTs6CRSGBCn9,"Just A Lil Bit","The Massacre","50 Cent",2005-03-03,237706,85,true,qo6rqy7mdblflyegpk0z8sxhl,2025-10-14T02:06:16Z,"old school hip hop,east coast hip hop","Aftermath/Shady",0.489,0.692,1,-6.672,1,0.41,0.0322,0.00608,0.315,0.527,96.946,4
spotify:track:1Zsf0U4SPsf4aaWxcfftYx,"go","go","Karri;Kehlani",2025-10-03,142768,39,false,qo6rqy7mdblflyegpk0z8sxhl,2025-10-16T01:49:40Z,"dark r&b","Bankrol Records/New 11 Records/PFL",0.711,0.621,1,-4.924,1,0.0772,0.0986,0,0.552,0.646,101.981,4
spotify:track:1DVgSm1FpFBT8usWhnC5vF,"altar","blue water road","Kehlani",2022-04-28,244635,54,false,qo6rqy7mdblflyegpk0z8sxhl,2025-10-16T02:17:33Z,"","TSNMI / Atlantic",0.555,0.851,9,-3.352,1,0.148,0.0706,0.00495,0.129,0.779,83.909,4
spotify:track:4WCAb7rGU70hyx3m9joKCx,"up at night (feat. justin bieber)","blue water road","Kehlani;Justin Bieber",2022-04-28,182226,61,false,qo6rqy7mdblflyegpk0z8sxhl,2025-10-16T02:17:39Z,"","TSNMI / Atlantic",0.563,0.756,0,-3.852,0,0.0579,0.196,0,0.245,0.234,100.012,4
spotify:track:1UqR9Hho0SPUrzC5PFEpyi,"I'm There","Last Day Of Summer","Summer Walker",2018-10-19,114586,49,false,qo6rqy7mdblflyegpk0z8sxhl,2025-10-17T22:42:24Z,"r&b","LVRN/Interscope Records",0.67,0.475,9,-10.684,0,0.392,0.436,0.125,0.117,0.466,134.939,4
spotify:track:2d93r7U06Wx7uJfU2q9Nza,"F o r C e r t a i n","PARTYNEXTDOOR 4 (P4)","PARTYNEXTDOOR",2024-04-25,219949,69,false,qo6rqy7mdblflyegpk0z8sxhl,2025-10-18T15:06:38Z,"dark r&b,r&b,trap soul","OVO Sound",0.687,0.517,8,-9.109,0,0.0705,0.544,0.00596,0.0992,0.862,93.071,4
spotify:track:2d0dCpzPN76EhB4yv3S6ng,"Pain Is Inevitable","NEVER ENOUGH","Daniel Caesar",2023-04-07,295174,63,true,qo6rqy7mdblflyegpk0z8sxhl,2025-10-18T15:48:54Z,"","Republic Records",0.372,0.364,7,-10.783,1,0.0526,0.81,0.00201,0.358,0.13,99.733,4
spotify:track:1m8WpLYXEiNVZchsWEcCSy,"Come Through and Chill (feat. J. Cole & Salaam Remi)","War & Leisure","Miguel;J. Cole;Salaam Remi",2017-12-01,322000,68,true,qo6rqy7mdblflyegpk0z8sxhl,2025-10-18T16:06:54Z,"r&b,rap","ByStorm Entertainment/RCA Records",0.461,0.653,6,-8.617,1,0.327,0.158,0,0.197,0.588,81.628,1
spotify:track:5gXD4exv3XSwYh4BFQ0phf,"DON'T LEAVE","BELOVED","GIVĒON",2025-07-11,208226,70,false,qo6rqy7mdblflyegpk0z8sxhl,2025-10-18T18:38:33Z,"r&b","Epic/Not So Fast",0.548,0.488,8,-8.472,1,0.034,0.161,0.0000261,0.101,0.295,83.031,3
spotify:track:6GCRnf1W9OKxok9fvNp3pz,"Valentine's Day (Shameful)","Valentine's Day (Shameful)","Kehlani",2020-02-19,291884,47,true,qo6rqy7mdblflyegpk0z8sxhl,2025-10-18T21:59:11Z,"","TSNMI / Atlantic",0.503,0.411,7,-10.602,0,0.387,0.578,0,0.101,0.348,134.752,4
spotify:track:2SLwbpExuoBDZBpjfefCtV,"Out of Time","Dawn FM","The Weeknd",2022-01-06,214193,80,false,qo6rqy7mdblflyegpk0z8sxhl,2025-10-19T12:28:07Z,"","XO / Republic Records",0.65,0.76,0,-4.422,0,0.0446,0.255,0,0.339,0.838,93.057,4
spotify:track:7eZXAeqqdLDrAp2MvrPzWn,"stranger","Sailing Soul(s)","Jhené Aiko",2021-03-19,214893,78,true,qo6rqy7mdblflyegpk0z8sxhl,2025-10-19T12:46:37Z,"r&b","Def Jam Recordings",0.708,0.555,11,-7.275,0,0.0734,0.182,0.00565,0.111,0.316,140.017,4
spotify:track:4raVYWt5YDX4GlLDUrRM9c,"Desert Oasis","Mirage","Avenoir",2025-09-05,154920,48,false,qo6rqy7mdblflyegpk0z8sxhl,2025-10-19T14:52:36Z,"dark r&b,alternative r&b,r&b","Avenoir, under exclusive license to LISTEN TO THE KIDS",0.706,0.533,8,-8.973,1,0.0364,0.479,0.085,0.0732,0.489,122.039,4
spotify:track:63rfGO21be5KTE1e5gcoqm,"Shooby Doowoop//One Last Heartbreak (feat. Nyce)","PLAYBOY","Tory Lanez;Nyce",2021-03-05,237413,52,true,qo6rqy7mdblflyegpk0z8sxhl,2025-10-20T03:48:55Z,"","One Umbrella Records",0.609,0.534,8,-8.112,0,0.189,0.691,0,0.397,0.738,115.855,4
spotify:track:40vHPre1xRPeCAuK2CNfs4,"OPEN UP","CASE STUDY 01","Daniel Caesar",2019-06-28,266226,67,true,qo6rqy7mdblflyegpk0z8sxhl,2025-10-20T05:32:01Z,"","HV Recordings",0.83,0.193,6,-12.843,1,0.0545,0.405,0.00000636,0.101,0.312,114.978,3
spotify:track:6d1fGqMtdUEuHqFSDMlR0N,"10,000 Hours","CHANGE","Ella Mai",2016-11-18,230240,55,true,qo6rqy7mdblflyegpk0z8sxhl,2025-10-20T06:15:33Z,"r&b","10 Summers / Interscope PS",0.598,0.405,5,-8.155,0,0.0464,0.203,0,0.311,0.244,122.144,4
spotify:track:7bzliGbnbPivKDr4xTCZON,"Still Blue","Chasing Summer","SiR;Jill Scott",2019-08-30,185640,51,true,qo6rqy7mdblflyegpk0z8sxhl,2025-10-20T06:28:01Z,"alternative r&b,neo soul,quiet storm","Top Dawg Entertainment",0.678,0.48,0,-7.843,0,0.0438,0.822,0.0000147,0.101,0.49,128.032,4
spotify:track:1pLdjo3lOBbMaoR4ZpybFH,"Promise","The Evolution","Ciara",2006,267413,65,false,qo6rqy7mdblflyegpk0z8sxhl,2025-10-20T06:43:35Z,"","LaFace Records",0.697,0.629,9,-5.757,1,0.0425,0.409,0.0000038,0.0819,0.439,123.279,4
spotify:track:4squZv12LD9M8ooJfoVgZS,"Boo'd Up","Ella Mai","Ella Mai",2018-10-12,239341,75,false,qo6rqy7mdblflyegpk0z8sxhl,2025-10-20T07:21:08Z,"r&b","10 Summers / Interscope PS",0.568,0.843,10,-3.726,0,0.0727,0.158,0,0.0844,0.227,82.014,4
spotify:track:2mzM4Y0Rnx2BDZqRnhQ5Q6,"Free Mind","For Broken Ears","Tems",2020-09-25,247578,78,false,qo6rqy7mdblflyegpk0z8sxhl,2025-10-20T07:38:43Z,"afrobeats,afro r&b,alté,afrobeat","Leading Vibe Ltd",0.562,0.463,6,-7.478,1,0.0787,0.442,0.000145,0.157,0.416,125.15,5
spotify:track:7mXNYo4eXnKNBx2yicz5MD,"what u need","what u need","Pino",2022-02-02,194754,39,false,qo6rqy7mdblflyegpk0z8sxhl,2025-10-20T14:40:40Z,"dark r&b,r&b","Pino",0.752,0.391,1,-7.315,0,0.0523,0.336,0.0000381,0.117,0.677,121.947,4
spotify:track:2wgiJddOedrZCNyeV1vBuF,"Bout It","PARTYNEXTDOOR TWO","PARTYNEXTDOOR",2014-07-29,205057,59,true,qo6rqy7mdblflyegpk0z8sxhl,2025-10-20T16:52:37Z,"dark r&b,r&b,trap soul","OVO Sound",0.472,0.424,1,-7.922,1,0.0995,0.0553,0.00874,0.093,0.147,132.019,4
spotify:track:2TSG42QFc7S36Mtya4RjV1,"Spin the Block","BUT IF iiM HONEST","RAAHiiM",2023-08-11,229854,43,true,qo6rqy7mdblflyegpk0z8sxhl,2025-10-20T17:57:36Z,"dark r&b,trap soul","Also Known Worldwide Inc. Distributed by Stem",0.491,0.356,6,-8.216,0,0.0676,0.278,0.000803,0.109,0.209,119.123,3
spotify:track:66J8s94pj8lWAxSx53Rf2L,"you need an angel","It'll Be Fine","Chase Shakur",2022-06-24,128983,2,true,qo6rqy7mdblflyegpk0z8sxhl,2025-10-20T18:01:40Z,"dark r&b,r&b","Forever N September",0.639,0.211,2,-13.591,1,0.0492,0.909,0.00226,0.115,0.196,123.91,4
spotify:track:4avmVqU2f00LGiYMuOAuVy,"My Turn","SOS Deluxe: LANA","SZA",2024-12-20,177242,57,false,qo6rqy7mdblflyegpk0z8sxhl,2025-10-20T18:13:37Z,"r&b","Top Dawg Entertainment/RCA Records",0.54,0.532,11,-9.081,0,0.11,0.375,0,0.103,0.621,82.308,4
spotify:track:2I7CJZLo2nDqGuzZJA1XlZ,"Pick Up Your Feelings","Heaux Tales","Jazmine Sullivan",2021-01-07,229412,61,false,qo6rqy7mdblflyegpk0z8sxhl,2025-10-20T18:29:09Z,"r&b","RCA Records Label",0.758,0.413,2,-6.239,0,0.0464,0.321,0,0.117,0.599,85.46,3
spotify:track:2mtLGVN6xZm93wDG9nvviS,"Wrong Places (from Songland)","Wrong Places (from Songland)","H.E.R.",2020-04-27,197727,50,false,qo6rqy7mdblflyegpk0z8sxhl,2025-10-20T18:41:09Z,"r&b","MBK Entertainment/RCA Records",0.548,0.457,4,-7.626,1,0.0691,0.224,0.0000832,0.11,0.494,175.659,4
spotify:track:4UknpXoLjlB7Mao4UWcJ2o,"A Lonely Night","Starboy","The Weeknd",2016-11-24,220173,66,false,qo6rqy7mdblflyegpk0z8sxhl,2025-10-21T03:48:45Z,"","The Weeknd/Lyric",0.853,0.663,7,-6.955,0,0.0755,0.0431,0.00000865,0.0891,0.864,113.999,4
spotify:track:4KUR9agGDxQZURJ9liWVHD,"Good Bad","Ella Mai","Ella Mai",2018-10-12,229386,49,true,qo6rqy7mdblflyegpk0z8sxhl,2025-10-21T18:03:56Z,"r&b","10 Summers / Interscope PS",0.809,0.611,10,-4.508,1,0.0969,0.45,0,0.127,0.364,101.001,4
spotify:track:63LJjsJuqZgQyYibMXn9ku,"When We Love","Trip","Jhené Aiko",2017-09-22,262626,57,false,qo6rqy7mdblflyegpk0z8sxhl,2025-10-22T15:53:12Z,"r&b","Def Jam Recordings",0.467,0.517,1,-9.073,0,0.104,0.552,0.0741,0.111,0.322,169.907,4
spotify:track:08T73b2KtikAVcpEDKHn8H,"Only U","Only U","Karri",2023-03-31,146127,48,true,qo6rqy7mdblflyegpk0z8sxhl,2025-10-22T15:58:02Z,"dark r&b","New 11 Records",0.586,0.312,2,-7.684,1,0.032,0.793,0,0.0929,0.386,147.755,3
spotify:track:2nvmHk4JnsZ94mygliLsou,"Moments","Trip","Jhené Aiko;Big Sean",2017-09-22,178920,58,false,qo6rqy7mdblflyegpk0z8sxhl,2025-10-22T16:21:25Z,"r&b","Def Jam Recordings",0.478,0.643,1,-7.62,0,0.215,0.376,0.0000125,0.179,0.239,117.299,5
spotify:track:4vshJnpU7XbiGNzrwSeX6h,"Who Knew","CHANGE","Ella Mai",2016-11-18,223280,42,true,qo6rqy7mdblflyegpk0z8sxhl,2025-10-22T22:58:29Z,"r&b","10 Summers / Interscope PS",0.699,0.554,4,-5.527,0,0.0472,0.131,0,0.0934,0.24,100.054,3
spotify:track:3DRG5CJplWKyNDc8z2It8T,"Own It","Ella Mai","Ella Mai",2018-10-12,251496,48,true,qo6rqy7mdblflyegpk0z8sxhl,2025-10-22T22:58:45Z,"r&b","10 Summers / Interscope PS",0.527,0.542,4,-4.996,0,0.0588,0.112,0.00000171,0.355,0.397,106.705,4
spotify:track:6O8ruguZUmWuDNXQirdLWh,"Not Another Love Song","Heart On My Sleeve","Ella Mai",2022-05-06,255013,48,false,qo6rqy7mdblflyegpk0z8sxhl,2025-10-23T16:39:05Z,"r&b","10 Summers/Interscope Records",0.53,0.589,4,-6.196,0,0.124,0.184,0.0000272,0.129,0.187,79.399,4
spotify:track:277K8GOv27Pq3qS4IKSRoW,"NOT FAIR","MUTT Deluxe: HEEL","Leon Thomas",2025-05-30,196270,68,true,qo6rqy7mdblflyegpk0z8sxhl,2025-10-23T16:48:48Z,"","EZMNY Records/Motown Records",0.659,0.82,6,-5.37,1,0.251,0.658,0,0.24,0.597,84.008,4
spotify:track:2HA4tNLIXY1dGvDVCLeslk,"Little Things","3","Ella Mai",2024-11-03,172924,70,false,qo6rqy7mdblflyegpk0z8sxhl,2025-10-31T03:27:19Z,"r&b","10 Summers/Interscope Records",0.725,0.566,11,-5.989,1,0.16,0.477,0,0.142,0.232,135.794,4
spotify:track:0TYhf0MgEj4YJaKwo5c4Km,"Wicked Games","Selfless","Kiana Ledé",2018-07-13,181266,64,true,qo6rqy7mdblflyegpk0z8sxhl,2025-11-01T22:21:44Z,"","Republic Records",0.772,0.435,6,-7.042,0,0.0591,0.445,0,0.135,0.475,146.123,3
spotify:track:55Doxe1XJGnB88uYpLf6xW,"have to.","have to.","Brent Faiyaz",2025-10-31,207023,56,false,qo6rqy7mdblflyegpk0z8sxhl,2025-11-12T21:45:35Z,"r&b","ISO Supremacy under exclusive license to UnitedMasters LLC",0.779,0.401,1,-7.773,1,0.155,0.381,0.00624,0.0801,0.758,159.879,4
spotify:track:5u3rsmRYRSKJpFHXPT4p07,"Every Little Thing I Do","Candy Rain","Soul For Real",1995,260066,68,false,qo6rqy7mdblflyegpk0z8sxhl,2025-11-13T09:10:24Z,"new jack swing,r&b","Geffen*",0.713,0.378,7,-9.04,0,0.0298,0.00561,0.00183,0.0845,0.29,99.055,4
spotify:track:4mCf3vQf7z0Yseo0RxAi3V,"Desperado","ANTI (Deluxe)","Rihanna",2016-01-28,186466,73,false,qo6rqy7mdblflyegpk0z8sxhl,2025-11-13T10:07:04Z,"","Roc Nation / Rihanna",0.68,0.609,0,-5.222,0,0.044,0.323,0,0.102,0.325,94.35,3
spotify:track:3HQcsqRjRdruUjkbDSgmVF,"Woo","ANTI (Deluxe)","Rihanna",2016-01-28,235586,76,true,qo6rqy7mdblflyegpk0z8sxhl,2025-11-13T10:09:20Z,"","Roc Nation / Rihanna",0.42,0.466,9,-5.298,1,0.0326,0.054,0.00389,0.298,0.185,115.004,4
spotify:track:6RtzmszGXs32TRhv5zTKNM,"Same Ol’ Mistakes","ANTI (Deluxe)","Rihanna",2016-01-28,397093,69,false,qo6rqy7mdblflyegpk0z8sxhl,2025-11-13T10:19:28Z,"","Roc Nation / Rihanna",0.441,0.802,8,-5.417,1,0.0443,0.199,0.00287,0.0591,0.51,151.766,4
spotify:track:6BK2mSlCMBpYXQQCIaRHvK,"VooDoo","Ashanti","Ashanti",2002-01-01,282506,33,true,qo6rqy7mdblflyegpk0z8sxhl,2025-11-18T03:53:46Z,"r&b","I.G. Records, Inc./Universal Records",0.583,0.701,1,-5.845,0,0.275,0.12,0.00000509,0.0531,0.669,167.63,4
spotify:track:4j1Bk0BEIGCF9hR7cSwl9d,"Candy Rain","Candy Rain","Soul For Real",1995,276066,76,false,qo6rqy7mdblflyegpk0z8sxhl,2025-11-19T13:20:32Z,"new jack swing,r&b","Geffen*",0.589,0.699,11,-7.529,0,0.0788,0.00389,0.0000476,0.0577,0.63,188.253,4
spotify:track:12P1Scb3vywGXUU5LdJIxi,"Nuclear Reactor","Nuclear Reactor","OSA",2023-07-20,195498,52,false,qo6rqy7mdblflyegpk0z8sxhl,2025-11-21T20:08:11Z,"","LargerThanLife",0.718,0.408,1,-8.596,1,0.0712,0.272,0.00000593,0.0751,0.49,101.783,4
spotify:track:3f3cliOygeuUpGRwdohy12,"Comfortable","Comfortable","H.E.R.",2020-02-05,255065,63,false,qo6rqy7mdblflyegpk0z8sxhl,2025-11-21T20:18:18Z,"r&b","MBK Entertainment/RCA Records",0.429,0.4,5,-11.679,0,0.0882,0.629,0.0000325,0.087,0.357,72.487,4
spotify:track:3zPgAKn5tbmCuCKrR3r7qE,"Triggered (freestyle)","Chilombo","Jhené Aiko",2020-03-06,209933,63,true,qo6rqy7mdblflyegpk0z8sxhl,2025-11-23T14:09:04Z,"r&b","Def Jam Recordings",0.488,0.389,9,-10.765,0,0.304,0.796,0,0.146,0.387,94.042,4
spotify:track:0cNc0bSxmRVhAUJVYEd2Qk,"Leave You Alone","Heart On My Sleeve","Ella Mai",2022-05-06,209133,52,true,qo6rqy7mdblflyegpk0z8sxhl,2025-11-23T15:34:37Z,"r&b","10 Summers/Interscope Records",0.65,0.647,3,-4.387,0,0.0562,0.088,0,0.123,0.554,114.968,4
spotify:track:5qDJnpI14GE3LywpJ25UIn,"Test Of Time","Test Of Time","OSA",2025-10-24,190000,68,false,qo6rqy7mdblflyegpk0z8sxhl,2025-11-24T03:18:21Z,"","LargerThanLife",0.361,0.565,10,-7.402,1,0.0525,0.17,0,0.0855,0.457,155.667,3
spotify:track:5MqzNAzRgVj2dfp30LJ6s1,"Out The Window","Out The Window","Kehlani",2025-11-07,256615,65,true,qo6rqy7mdblflyegpk0z8sxhl,2025-11-24T03:59:53Z,"","TSNMI / Atlantic",0.695,0.523,10,-5.395,1,0.0455,0.0485,0,0.132,0.53,125.979,4
spotify:track:1pCbBNRglGwlMLeUTOnqrO,"melt","blue water road","Kehlani",2022-04-28,211375,57,false,qo6rqy7mdblflyegpk0z8sxhl,2025-11-24T04:40:05Z,"","TSNMI / Atlantic",0.354,0.825,6,-5.592,0,0.228,0.402,0,0.104,0.349,154.562,4
spotify:track:0pJPdSVti6cTM1Q6xYGmcf,"Faking It (feat. Kehlani & Lil Yachty)","Funk Wav Bounces Vol.1","Calvin Harris;Kehlani;Lil Yachty;Funk Wav",2017-06-30,240093,63,true,qo6rqy7mdblflyegpk0z8sxhl,2025-11-24T04:40:10Z,"edm","Columbia",0.776,0.589,9,-4.543,0,0.115,0.319,0,0.0715,0.668,120.034,4
spotify:track:2AA05NFvw5tPQ9pvj68fsY,"DIRT ON MY SHOES (feat. Kehlani)","MUTT Deluxe: HEEL","Leon Thomas;Kehlani",2025-05-30,219607,63,true,qo6rqy7mdblflyegpk0z8sxhl,2025-11-24T04:57:38Z,"","EZMNY Records/Motown Records",0.525,0.697,6,-4.994,0,0.316,0.145,0,0.0968,0.432,153.271,4
spotify:track:0kN8xEmgMW9mh7UmDYHlJP,"Versace on the Floor","24K Magic","Bruno Mars",2016-11-18,261240,85,false,qo6rqy7mdblflyegpk0z8sxhl,2025-11-24T11:14:03Z,"","Atlantic Records",0.578,0.574,2,-6.209,1,0.0454,0.196,0,0.083,0.301,174.152,4
spotify:track:3Yt9lRtS5V4nbJnwcgFgvC,"You Da One","Talk That Talk","Rihanna",2011-11-19,200013,78,true,qo6rqy7mdblflyegpk0z8sxhl,2025-11-24T11:38:03Z,"","Def Jam Recordings",0.702,0.715,5,-5.377,0,0.0425,0.503,0.0000244,0.126,0.863,127.048,4
spotify:track:3HgJ1aYlEgy8Yj1NMAe1pm,"A Mess (feat. Lucky Daye)","Heart On My Sleeve","Ella Mai;Lucky Daye",2022-05-06,233826,51,true,qo6rqy7mdblflyegpk0z8sxhl,2025-11-25T12:53:58Z,"r&b","10 Summers/Interscope Records",0.651,0.523,4,-5.445,0,0.0593,0.548,0,0.263,0.411,120.886,4
spotify:track:0M3HkE321xpCbCYqVKzr1q,"It Will Rain","It Will Rain","Bruno Mars",2011-09-28,257720,86,false,qo6rqy7mdblflyegpk0z8sxhl,2025-11-25T16:09:38Z,"","Elektra (NEK)",0.576,0.835,2,-6.826,1,0.0486,0.337,0,0.082,0.476,150.017,4
spotify:track:2uP6t2J5MEwhr9rDkAAzwh,"Get You (feat. Kali Uchis)","Freudian","Daniel Caesar;Kali Uchis",2017-08-25,278179,87,false,qo6rqy7mdblflyegpk0z8sxhl,2025-11-25T19:16:40Z,"","HV Recordings",0.659,0.295,11,-8.528,0,0.0322,0.426,0.0000701,0.0749,0.36,74.037,4
spotify:track:1WwrfoGe0K33z1tVI6mevJ,"VIBES DON'T LIE","MUTT","Leon Thomas",2024-09-27,201567,68,true,qo6rqy7mdblflyegpk0z8sxhl,2025-11-26T09:38:08Z,"","EZMNY Records/Motown Records",0.584,0.637,10,-8.061,0,0.0542,0.219,0.13,0.117,0.208,81.043,4
spotify:track:4nNpY2RyMQMvlKkQMRb5XQ,"BUTTERFLIES","LVRS PARADISE (SIDE A)","Isaiah Falls;Joyce Wrice",2025-05-02,163144,64,false,qo6rqy7mdblflyegpk0z8sxhl,2025-11-26T09:38:14Z,"dark r&b,alternative r&b","LVRS ONLY LLC",0.516,0.482,4,-10.495,0,0.102,0.704,0.0166,0.149,0.432,72.952,4
spotify:track:1vHTfYiYGGwgqM2XmMCtZY,"Breaking Point","Electric Dusk","Leon Thomas",2023-08-18,293571,63,false,qo6rqy7mdblflyegpk0z8sxhl,2025-11-26T10:03:08Z,"","EZMNY Records/Motown Records",0.447,0.55,1,-7.285,1,0.0807,0.398,0.0000202,0.163,0.212,114.437,4
spotify:track:7c3YkPGBLWhqhLwbUHSInq,"NIGHT OFF","NIGHT OFF","Isaiah Falls;Sasha Keable",2024-12-13,173445,66,true,qo6rqy7mdblflyegpk0z8sxhl,2025-11-26T10:53:14Z,"dark r&b,uk r&b","LVRS ONLY LLC",0.756,0.468,6,-8.996,0,0.0589,0.816,0.000616,0.109,0.368,118.909,4
spotify:track:0oG6bJKzXgqzsaaEy1M510,"KEEPER","BELOVED","GIVĒON",2025-07-11,222530,68,false,qo6rqy7mdblflyegpk0z8sxhl,2025-11-27T19:12:32Z,"r&b","Epic/Not So Fast",0.495,0.71,0,-7.113,0,0.135,0.188,0,0.126,0.513,100.952,3
spotify:track:5JPgWqbVPYZT2k2Gjznl7N,"Tyrant (feat. Daniel Caesar) - Remix","Tyrant (feat. Daniel Caesar) [Remix]","Kali Uchis;Daniel Caesar",2017-07-06,204289,50,false,qo6rqy7mdblflyegpk0z8sxhl,2025-11-27T20:03:31Z,"","EMI",0.658,0.499,6,-8.906,1,0.116,0.161,0,0.118,0.633,109.893,5
spotify:track:5XUuMp2i5ojqcDOSusChqL,"Ocho Rios","NEVER ENOUGH","Daniel Caesar",2023-04-07,153171,65,false,qo6rqy7mdblflyegpk0z8sxhl,2025-12-04T18:24:39Z,"","Republic Records",0.578,0.522,2,-7.327,1,0.0396,0.0369,0.0033,0.0939,0.21,127.846,4
spotify:track:5kAm2Y5ygQtsVfE5dQQfGy,"Touch Me (feat. Kehlani) - Remix","Touch Me (feat. Kehlani) [Remix]","Victoria Monét;Kehlani",2020-10-08,187951,51,false,qo6rqy7mdblflyegpk0z8sxhl,2025-12-04T18:33:29Z,"alternative r&b","Tribe Records",0.42,0.578,8,-8.87,0,0.133,0.819,0,0.129,0.528,136.642,4
spotify:track:5q9I5RmmrLC4U2mW2BnF3K,"Safe (feat. Kehlani)","AM I THE DRAMA?","Cardi B;Kehlani",2025-09-19,177893,60,true,qo6rqy7mdblflyegpk0z8sxhl,2025-12-04T19:55:43Z,"","Atlantic Records",0.745,0.663,7,-6.428,1,0.0776,0.0908,0,0.193,0.733,76.498,4
spotify:track:5VwwpU7KsLhgfbMEecedhJ,"Get Me (feat. Kehlani)","Changes","Justin Bieber;Kehlani",2020-02-14,185426,61,false,qo6rqy7mdblflyegpk0z8sxhl,2025-12-05T08:11:37Z,"","RBMG/Def Jam",0.833,0.507,6,-6.913,0,0.151,0.0499,0.0000533,0.107,0.76,109.345,5
spotify:track:60Y9PpMLjqBnMIAuavkQxn,"SEE RIGHT THROUGH ME (feat. Kehlani)","CONCUBANIA","Isaia Huron;Kehlani",2025-08-08,256084,51,true,qo6rqy7mdblflyegpk0z8sxhl,2025-12-05T08:18:27Z,"alternative r&b","SLANG X Influence",0.42,0.539,3,-5.153,1,0.14,0.513,0.00000301,0.245,0.555,149.21,3
spotify:track:6vtYF1GqtBJvfvDLAkKuid,"No","Finally Over It","Summer Walker",2025-11-14,146015,53,false,qo6rqy7mdblflyegpk0z8sxhl,2025-12-05T09:37:39Z,"r&b","LVRN/Interscope Records",0.692,0.551,7,-7.727,0,0.134,0.247,0,0.17,0.56,127.28,4
spotify:track:2vmDrjY4Py8lBYwzOp8utT,"Heart Of A Woman","Finally Over It","Summer Walker",2025-11-14,170784,68,true,qo6rqy7mdblflyegpk0z8sxhl,2025-12-05T09:37:47Z,"r&b","LVRN/Interscope Records",0.698,0.499,9,-6.49,0,0.1,0.54,0,0.166,0.523,129.9,4
spotify:track:45Dbuxv3884YEuIaZ4F6iN,"Number One (with Brent Faiyaz)","Finally Over It","Summer Walker;Brent Faiyaz",2025-11-14,167156,54,true,qo6rqy7mdblflyegpk0z8sxhl,2025-12-05T11:32:44Z,"r&b","LVRN/Interscope Records",0.678,0.501,5,-8.405,0,0.0596,0.461,0,0.113,0.355,88.042,4
spotify:track:2QdSb68BzZGMgCbsrFmSLc,"Higher","For Broken Ears","Tems",2020-09-25,196204,77,false,qo6rqy7mdblflyegpk0z8sxhl,2025-12-06T11:12:03Z,"afrobeats,afro r&b,alté,afrobeat","Leading Vibe Ltd",0.609,0.581,2,-10.854,1,0.277,0.509,0,0.283,0.528,102.964,3
spotify:track:1wMPkTxyS1AZnWQ3N9xui1,"Confidence","Confidence","OSA",2025-07-25,192000,55,false,qo6rqy7mdblflyegpk0z8sxhl,2025-12-06T11:21:27Z,"","LargerThanLife",0.267,0.555,7,-7.803,0,0.0472,0.466,0.191,0.224,0.314,82.447,3
spotify:track:128I36bDgYHU9l2QcgEGcd,"Love Between...","Red Moon In Venus","Kali Uchis",2023-03-03,155083,63,false,qo6rqy7mdblflyegpk0z8sxhl,2025-12-06T11:37:19Z,"","Geffen Records",0.582,0.404,2,-11.327,0,0.0413,0.83,0.00308,0.101,0.465,130.919,4
spotify:track:2Rmuzh89p29BeTIF63Opwo,"Right Here","Believe","Justin Bieber;Drake",2012-01-01,204186,81,false,qo6rqy7mdblflyegpk0z8sxhl,2025-12-06T11:43:20Z,"rap","RBMG/Def Jam",0.639,0.57,1,-4.966,1,0.042,0.0233,0,0.329,0.728,92.073,4
spotify:track:4nOx9WhaVC0PB4Qoc3qa8W,"Don't Wanna Know","Don't Wanna Know","Férina",2025-01-17,142809,51,false,qo6rqy7mdblflyegpk0z8sxhl,2025-12-07T22:51:42Z,"dark r&b","broke",0.725,0.325,11,-8.356,0,0.0372,0.203,0.000538,0.111,0.211,121.109,1
spotify:track:2nOTvYKyk51OSs90GvMgLW,"East Liberty","PARTYNEXTDOOR TWO","PARTYNEXTDOOR",2014-07-29,172943,68,false,qo6rqy7mdblflyegpk0z8sxhl,2025-12-08T08:06:41Z,"dark r&b,r&b,trap soul","OVO Sound",0.575,0.544,1,-8.354,1,0.196,0.0525,0.000242,0.265,0.128,86.749,4
spotify:track:1PDP7mLiAMwhfmgIwzhOm2,"Yebba’s Heartbreak","Certified Lover Boy","Drake;Yebba",2021-09-03,133762,80,true,qo6rqy7mdblflyegpk0z8sxhl,2025-12-08T08:27:25Z,"rap","OVO",0.476,0.161,8,-11.665,0,0.0407,0.967,0.0381,0.109,0.0908,119.614,4
spotify:track:0gJ9wUs6cfnyZXN8U58vAx,"Dangerous","Ella Mai","Ella Mai",2018-10-12,279548,42,false,qo6rqy7mdblflyegpk0z8sxhl,2025-12-10T13:33:41Z,"r&b","10 Summers / Interscope PS",0.665,0.682,4,-4.912,0,0.0602,0.045,0,0.104,0.0905,96.955,4
spotify:track:6svat6LhQXRAnALB7CkUg5,"back of the club","with all due respect","kwn",2025-06-20,273684,71,false,qo6rqy7mdblflyegpk0z8sxhl,2025-12-11T02:54:25Z,"uk r&b","wnway limited/RCA Records",0.636,0.512,8,-5.903,0,0.0524,0.17,0.00000271,0.0657,0.277,114.025,4
spotify:track:6IHhMTAMUWWa1k4mfSBdzW,"what u need (angelica's place)","It'll Be Fine","Chase Shakur",2022-06-24,176110,0,true,qo6rqy7mdblflyegpk0z8sxhl,2025-12-14T10:01:30Z,"dark r&b,r&b","Forever N September",0.46,0.496,9,-9.352,1,0.0345,0.249,0.0333,0.147,0.183,146.139,4
spotify:track:3gfIiIN9ZrFgfI9eZDI831,"Run My Mouth","Ella Mai","Ella Mai",2018-10-12,155156,46,true,qo6rqy7mdblflyegpk0z8sxhl,2025-12-18T13:53:01Z,"r&b","10 Summers / Interscope PS",0.556,0.435,6,-4.012,0,0.0978,0.569,0,0.115,0.448,80.255,5
spotify:track:3JtlNOV0Huz9O9Ten4cUXV,"All I Want","Sonder Son","Brent Faiyaz",2017-10-13,175327,58,false,qo6rqy7mdblflyegpk0z8sxhl,2026-01-29T13:18:12Z,"r&b","Lost Kids",0.798,0.465,4,-9.849,0,0.0843,0.242,0.000268,0.102,0.892,83.042,4
spotify:track:4MbzauKV2ydtZZjLsPcuTF,"Spread Thin","Buckles Laboratories Presents: The Intermission","Mariah the Scientist",2022-03-11,202519,75,false,qo6rqy7mdblflyegpk0z8sxhl,2026-01-30T13:56:12Z,"alternative r&b","One Umbrella/RCA Records",0.621,0.411,6,-8.261,0,0.0333,0.0553,0,0.0816,0.357,110.113,4
spotify:track:590oorGK2QmupDeAGtk1Al,"Crisis Evasion","Apollo","Maz B;Avenoir",2025-03-07,154960,56,false,qo6rqy7mdblflyegpk0z8sxhl,2026-01-30T21:10:01Z,"dark r&b,r&b,alternative r&b","Boom.Records",0.498,0.35,2,-11.984,0,0.0326,0.82,0.0000131,0.106,0.329,117.925,4
spotify:track:0mIn1Le5K2xZG3mjd7MDck,"CANDY","Drugs n' Lullabies","Isaiah Falls",2024-07-12,134845,43,true,qo6rqy7mdblflyegpk0z8sxhl,2026-01-31T09:10:54Z,"dark r&b","LVRS ONLY",0.759,0.485,8,-7.875,0,0.0846,0.433,0.00404,0.0944,0.717,97.139,4
spotify:track:7IVukH71OXfAu3KudrrizN,"Japanese Denim","Get You - Single","Daniel Caesar",2016-10-21,270556,84,true,qo6rqy7mdblflyegpk0z8sxhl,2026-01-31T12:23:56Z,"","HV Recordings",0.721,0.227,3,-8.293,1,0.0377,0.13,0.00000611,0.0748,0.366,124.036,3
spotify:track:3Ox7FJrgNNBfctIGPgj40s,"Only U","PARTYNEXTDOOR 3 (P3)","PARTYNEXTDOOR",2016-08-12,175211,71,false,qo6rqy7mdblflyegpk0z8sxhl,2026-01-31T12:29:25Z,"dark r&b,r&b,trap soul","OVO Sound",0.37,0.786,0,-6.748,1,0.18,0.306,0,0.243,0.734,65.904,3
spotify:track:4RtavTjKLThIsqjVBnoccL,"Gone (feat. HILLARI)","Gone (feat. HILLARI)","OSA;HILLARI",2024-12-13,144000,45,false,qo6rqy7mdblflyegpk0z8sxhl,2026-01-31T13:16:28Z,"christian r&b","Air Time",0.407,0.272,2,-9.744,1,0.0397,0.876,0,0.101,0.355,72.545,3
spotify:track:4kEXuHFzBzJsmToGb76voc,"Come Over (feat. Tank)","I Care 4 U","Aaliyah;Tank",2002-12-10,235106,59,false,qo6rqy7mdblflyegpk0z8sxhl,2026-02-05T16:32:23Z,"r&b,contemporary r&b","Blackground / Seeker Music",0.759,0.458,5,-7.894,0,0.0754,0.559,0.000107,0.164,0.641,109.15,4
spotify:track:1dvqHhLNccePPBHq11TW7v,"Fantasy (feat. Don Toliver)","Red Moon In Venus","Kali Uchis;Don Toliver",2023-03-03,178274,72,false,qo6rqy7mdblflyegpk0z8sxhl,2026-02-06T13:28:05Z,"","Geffen Records",0.625,0.684,6,-6.146,1,0.0496,0.132,0.000334,0.137,0.133,104.023,4
spotify:track:1hqjVx6sZfQSp7QcMjCuZR,"All Good","Chilombo (Deluxe)","Jhené Aiko",2020-07-17,163640,43,false,qo6rqy7mdblflyegpk0z8sxhl,2026-02-06T16:14:11Z,"r&b","Def Jam Recordings",0.763,0.436,6,-10.44,0,0.124,0.442,0,0.111,0.298,113.682,4
spotify:track:0sbjvSYXqzLiMPID9FPYjL,"Take You Down","SOS Deluxe: LANA","SZA",2025-02-09,159760,58,true,qo6rqy7mdblflyegpk0z8sxhl,2026-02-06T17:48:11Z,"r&b","Top Dawg Entertainment/RCA Records",0.482,0.484,11,-7.581,0,0.446,0.514,0.000361,0.0819,0.84,70.981,4
spotify:track:2d9hKKKQmGxcknyMIgLVmQ,"Too Much Too Late","Confidently Lost","Sabrina Claudio",2017-03-02,214668,43,false,qo6rqy7mdblflyegpk0z8sxhl,2026-02-06T18:18:02Z,"","SC Entertainment",0.62,0.447,10,-8.609,1,0.104,0.216,0.0000619,0.144,0.324,92.072,4
spotify:track:3gpW7DM9EkHI0hB8wk6N55,"i know you've been lonely","it's not you, it's me","Chase Shakur",2023-06-16,196000,33,false,qo6rqy7mdblflyegpk0z8sxhl,2026-02-10T09:29:13Z,"dark r&b,r&b","Def Jam Recordings",0.558,0.404,2,-9.256,0,0.0298,0.237,0.0418,0.0843,0.121,89.984,4
spotify:track:4N0VFSI2wJu2NzwUuI0sMz,"HiiiJack","Z","SZA",2014-04-08,222164,56,false,qo6rqy7mdblflyegpk0z8sxhl,2026-02-10T10:08:07Z,"r&b","Top Dawg Entertainment",0.682,0.551,8,-8.746,1,0.288,0.221,0.0000223,0.133,0.357,73.988,4
spotify:track:5NJZiCw10iYlnDLnbpNmML,"Idea 628","Ideas, Vol. 2","Jayla Darden",2018-08-24,140377,37,false,qo6rqy7mdblflyegpk0z8sxhl,2026-02-10T10:35:30Z,"alternative r&b","Just Keep Dreaming LLC",0.629,0.413,7,-8.385,0,0.0406,0.306,0.0112,0.344,0.46,105.895,4
spotify:track:7lsYGc5H5DHktxO7gbB8bN,"Ordinary Life","Starboy","The Weeknd",2016-11-24,221920,67,false,qo6rqy7mdblflyegpk0z8sxhl,2026-02-10T10:44:49Z,"","The Weeknd/Lyric",0.544,0.586,7,-7.486,0,0.0794,0.0276,0,0.0962,0.361,149.882,4
spotify:track:1dxy88oPzmIN9QAyCNfXmW,"Gut Feeling (feat. H.E.R.)","Ella Mai","Ella Mai;H.E.R.",2018-10-12,236384,54,true,qo6rqy7mdblflyegpk0z8sxhl,2026-02-11T11:16:26Z,"r&b","10 Summers / Interscope PS",0.58,0.551,10,-5.768,0,0.0548,0.408,0,0.395,0.418,76.103,4
spotify:track:4up9NoBIp8FzWud3D2L50S,"Head in a Jar","To Dry a Tear","Khamari",2025-08-22,196451,66,false,qo6rqy7mdblflyegpk0z8sxhl,2026-02-12T09:55:47Z,"indie r&b","Encore Recordings",0.52,0.378,11,-7.346,0,0.0396,0.872,0.00000128,0.0882,0.238,110.261,5
spotify:track:7GApeoo08HHJ70980XyPZz,"have to.","Icon","Brent Faiyaz",2026-02-13,207023,67,false,qo6rqy7mdblflyegpk0z8sxhl,2026-02-14T09:51:34Z,"r&b","ISO Supremacy under exclusive license to UnitedMasters LLC",0.736,0.507,1,-7.278,1,0.111,0.0728,0.0000697,0.16,0.824,159.957,4
spotify:track:3uVCPFmavlWGQUqeYh8HhR,"Don't Think They Know (feat. Aaliyah)","X (Expanded Edition)","Chris Brown;Aaliyah",2014-09-16,237981,68,false,qo6rqy7mdblflyegpk0z8sxhl,2026-02-16T16:32:58Z,"r&b,contemporary r&b","RCA Records Label",0.479,0.606,0,-6.424,0,0.0676,0.0241,0,0.33,0.626,88.573,5
spotify:track:77UXyXy6qie0sOtLdEIH4A,"Demons","In Tongues (Deluxe)","Joji",2018-02-14,176803,33,true,qo6rqy7mdblflyegpk0z8sxhl,2026-02-16T17:29:48Z,"","88rising Music / EMPIRE",0.458,0.378,2,-11.354,0,0.15,0.416,0.0919,0.0966,0.037,168.232,3
spotify:track:1Nxx1LHMLKxC6yGaZjpPO5,"Like Her Too","Like Her Too","Mario;Sabrina Claudio",2023-05-12,177533,47,true,qo6rqy7mdblflyegpk0z8sxhl,2026-02-17T11:00:21Z,"r&b","New Citizen",0.66,0.379,10,-7.739,0,0.0395,0.538,0.00000212,0.109,0.629,124.034,3
spotify:track:3KVlk3I9qKGTPFpkWA20nh,"Close","Ella Mai","Ella Mai",2018-10-12,251990,58,false,qo6rqy7mdblflyegpk0z8sxhl,2026-02-18T10:04:31Z,"r&b","10 Summers / Interscope PS",0.735,0.447,5,-7.216,0,0.089,0.531,0.00000257,0.12,0.286,81.014,4
spotify:track:1eiHoDJZACAZDn9lU7AuIx,"Poundz","Lost","Brent Faiyaz",2018-10-19,192561,49,true,qo6rqy7mdblflyegpk0z8sxhl,2026-02-18T10:50:48Z,"r&b","Lost Kids / Human Re Sources",0.655,0.458,0,-11.754,0,0.263,0.444,0.00000866,0.222,0.189,84.405,4
spotify:track:0zg5XJPiga7E5FxiehriG2,"Been That Way","T R A P S O U L","Bryson Tiller",2015-10-02,199323,62,false,qo6rqy7mdblflyegpk0z8sxhl,2026-02-20T10:38:14Z,"trap soul,r&b","TrapSoul/RCA Records",0.527,0.759,6,-6.475,1,0.282,0.0307,0,0.103,0.802,183.279,5
spotify:track:6iPcQsbFAYGsmCb13NL9QL,"Concrete","The Album","Teyana Taylor",2020-06-19,237899,47,true,qo6rqy7mdblflyegpk0z8sxhl,2026-02-27T18:44:28Z,"","Getting Out Our Dreams, Inc./Def Jam Recordings",0.711,0.554,4,-7.01,0,0.205,0.464,0.0000522,0.0961,0.32,113.93,4
spotify:track:0TC3wZupelwzKhuueGSGZu,"dRuNk","Mind Of Mine (Deluxe Edition)","ZAYN",2016-03-25,205781,62,false,qo6rqy7mdblflyegpk0z8sxhl,2026-03-03T14:26:59Z,"","RCA Records Label",0.643,0.597,8,-8.451,1,0.12,0.509,0.0000099,0.107,0.375,119.827,4
spotify:track:17InvVlFT4I30J7mdeuorn,"Sneak","Electric Dusk","Leon Thomas",2023-08-18,179478,63,true,qo6rqy7mdblflyegpk0z8sxhl,2026-03-05T09:24:24Z,"","EZMNY Records/Motown Records",0.595,0.65,11,-6.098,0,0.0331,0.00692,0.00000666,0.197,0.285,114.948,4
spotify:track:5jTIePmUbBUVjJnpZeGiM3,"We Find Love","Freudian","Daniel Caesar",2017-08-25,254919,76,false,qo6rqy7mdblflyegpk0z8sxhl,2026-03-07T13:34:50Z,"","HV Recordings",0.494,0.362,5,-8.635,1,0.0323,0.852,0,0.109,0.411,78.01,4
spotify:track:0jF2AdhsalO1L7KkhK4LE5,"Practice","Take Care (Deluxe)","Drake",2011-11-15,237733,80,true,qo6rqy7mdblflyegpk0z8sxhl,2026-03-08T07:50:16Z,"rap","Cash Money Records/Young Money Ent./Universal Rec.",0.446,0.239,1,-15.327,1,0.0876,0.574,0.0000776,0.12,0.31,104.675,4
spotify:track:7lmsi1pVDa3HnfeinsL89t,"CYANIDE","CASE STUDY 01","Daniel Caesar",2019-06-28,194959,76,true,qo6rqy7mdblflyegpk0z8sxhl,2026-03-08T07:52:07Z,"","HV Recordings",0.589,0.652,10,-7.498,1,0.373,0.704,0.000565,0.125,0.486,158.482,4
spotify:track:31kxPC3ZB9AYwCLyHaqEVX,"Me & U","Born in the Wild","Tems",2024-06-06,192751,82,false,qo6rqy7mdblflyegpk0z8sxhl,2026-03-12T11:46:30Z,"afrobeats,afro r&b,alté,afrobeat","RCA Records/Since 93'",0.795,0.571,10,-9.835,1,0.0433,0.121,0.00781,0.0853,0.248,112.048,4
spotify:track:5Zu4UO0QlderRYNPFkbJeO,"Wall To Wall","Exclusive (Expanded Edition)","Chris Brown",2007-11-06,223186,71,false,qo6rqy7mdblflyegpk0z8sxhl,2026-03-14T07:41:15Z,"r&b","Jive",0.596,0.54,7,-6.723,0,0.11,0.00398,0,0.127,0.579,188.003,4
spotify:track:57TWkgQVyTCzffOzMJKens,"Switch","Switch","OSA",2024-06-28,173753,58,false,qo6rqy7mdblflyegpk0z8sxhl,2026-03-16T09:09:04Z,"","LargerThanLife",0.483,0.445,5,-7.519,0,0.0549,0.77,0,0.202,0.29,109.313,3
spotify:track:4s76r7AbquJcTccqJiqdVu,"Hold Me Down","Freudian","Daniel Caesar",2017-08-25,231267,83,false,qo6rqy7mdblflyegpk0z8sxhl,2026-03-24T09:21:59Z,"","HV Recordings",0.398,0.432,8,-9.815,0,0.059,0.618,0.000386,0.0971,0.265,115.578,4
spotify:track:4kCkgD1ITALBjzBwGsf6tW,"wgft (feat. Burna Boy)","wgft (feat. Burna Boy)","Gunna;Burna Boy",2025-08-07,184440,79,true,qo6rqy7mdblflyegpk0z8sxhl,2026-03-25T03:38:15Z,"melodic rap,afrobeats,afrobeat,afropop,afroswing,dancehall,afropiano","300 Entertainment",0.713,0.413,2,-8.091,1,0.0975,0.0913,0.00688,0.141,0.377,88.503,4
spotify:track:0GX5oOKtU0nnx5OkhenW2i,"Closer","Year Of The Gentleman","Ne-Yo",2008-01-01,234360,77,false,qo6rqy7mdblflyegpk0z8sxhl,2026-03-25T15:23:28Z,"","Def Soul",0.709,0.745,4,-6.436,0,0.074,0.0226,0.0000529,0.154,0.569,126.028,4
spotify:track:6NblUCwJXYkQlQ6LhcmSlQ,"Ooh Nah Nah (feat. Masego)","Ooh Nah Nah (feat. Masego)","SiR;Masego",2017-01-23,240000,63,true,qo6rqy7mdblflyegpk0z8sxhl,2026-03-26T14:01:55Z,"alternative r&b,neo soul","Top Dawg Entertainment",0.85,0.273,7,-11.567,0,0.278,0.052,0.00000222,0.104,0.572,116.894,4
spotify:track:6t8JpJtI0PgVRSuMDGWZlH,"None Of Ur Friends Business","100% Ginuwine","Ginuwine",1999-03-15,365800,71,false,qo6rqy7mdblflyegpk0z8sxhl,2026-03-27T11:18:09Z,"r&b","550 Music",0.83,0.414,9,-11.136,0,0.197,0.243,0,0.627,0.556,99.234,4
spotify:track:0GLfZctAZr9IeX9BPVsRcR,"GET YA MONEY","LVRS PARADISE (SIDE A)","Isaiah Falls",2025-05-02,140104,39,true,qo6rqy7mdblflyegpk0z8sxhl,2026-03-27T12:13:23Z,"dark r&b","LVRS ONLY LLC",0.416,0.444,5,-10.81,0,0.273,0.865,0.0623,0.146,0.561,184.371,3
spotify:track:2B8Y5LaNSEkuB3LA9okArd,"my mine","Sailing Soul(s)","Jhené Aiko",2021-03-19,241773,74,false,qo6rqy7mdblflyegpk0z8sxhl,2026-03-27T14:36:07Z,"r&b","Def Jam Recordings",0.608,0.659,9,-7.704,0,0.19,0.511,0,0.348,0.773,147.759,4
spotify:track:5U1xKUJGOi0LJ4MrZA5xhV,"Not Enough","Quarter Life Crisis","OSA",2025-11-07,246500,61,false,qo6rqy7mdblflyegpk0z8sxhl,2026-03-27T15:06:54Z,"","LargerThanLife",0.525,0.614,8,-5.573,0,0.0376,0.238,0,0.129,0.28,125.818,4
spotify:track:0SCIwbS0Q4etwJmDyNjHaQ,"Diamond Boy (DTM)","SOS Deluxe: LANA","SZA",2024-12-20,217523,65,true,qo6rqy7mdblflyegpk0z8sxhl,2026-03-27T15:14:47Z,"r&b","Top Dawg Entertainment/RCA Records",0.642,0.374,1,-11.73,0,0.048,0.827,0.000288,0.0997,0.397,133.041,4
spotify:track:22HvnAXszGc2IlIEkdNd76,"Diamonds 'n' Pearls","Diamonds 'n' Pearls","OSA",2023-09-29,193784,61,true,qo6rqy7mdblflyegpk0z8sxhl,2026-03-27T15:19:36Z,"","LargerThanLife",0.678,0.552,2,-8.688,0,0.0632,0.717,0.00000824,0.375,0.371,120.205,4
spotify:track:4pHy0gmjfpD0Fgond5c4Ta,"Miles","Ctrl (Deluxe)","SZA",2022-06-09,69728,59,true,qo6rqy7mdblflyegpk0z8sxhl,2026-03-27T15:32:03Z,"r&b","Top Dawg Entertainment/RCA Records",0.64,0.356,7,-11.563,1,0.0612,0.965,0.000214,0.109,0.574,122.531,5
spotify:track:31Wlc9ZnraX3JxrvMg9e8H,"3 Boys","3 Boys","Omar Apollo",2023-02-17,209188,59,false,qo6rqy7mdblflyegpk0z8sxhl,2026-03-27T15:57:21Z,"bedroom pop","Warner Records",0.548,0.456,9,-5.979,1,0.0703,0.813,0.00464,0.122,0.53,173.839,3
spotify:track:1bIEvOOqf2V3QBrFiClE3Y,"Leave Em Alone","Leave Em Alone","Quality Control;Layton Greene;Lil Baby;City Girls;PnB Rock",2019-05-29,171980,63,true,qo6rqy7mdblflyegpk0z8sxhl,2026-03-27T17:34:35Z,"melodic rap","Quality Control Music/Motown Records",0.517,0.747,6,-4.74,0,0.296,0.0189,0.00000735,0.0821,0.506,102.033,4
spotify:track:1liiwnCXoqwPVrC0LWxaYq,"Hearts On Deck","3","Ella Mai",2024-11-03,240173,63,false,qo6rqy7mdblflyegpk0z8sxhl,2026-03-27T18:21:49Z,"r&b","10 Summers/Interscope Records",0.651,0.56,11,-6.048,0,0.0864,0.498,0,0.319,0.78,79.948,4
spotify:track:2p8IUWQDrpjuFltbdgLOag,"After Hours","After Hours","The Weeknd",2020-03-20,361026,85,false,qo6rqy7mdblflyegpk0z8sxhl,2026-03-27T19:36:38Z,"","Republic Records",0.658,0.572,5,-6.099,0,0.0308,0.0811,0.0061,0.121,0.144,108.968,4
spotify:track:00WLowvlN5cjkYpQV6pjo4,"Die For You","SMITHEREENS","Joji",2022-11-04,211666,80,false,qo6rqy7mdblflyegpk0z8sxhl,2026-03-28T18:29:57Z,"","88rising Music",0.474,0.511,8,-7.654,1,0.0487,0.373,0.136,0.295,0.148,147.837,4
spotify:track:5URTJ8nizZVFDSJVnyPjXf,"NOTHING EVEN MATTERS","HEAVY","SiR",2024-03-22,219130,55,false,qo6rqy7mdblflyegpk0z8sxhl,2026-03-28T18:53:54Z,"alternative r&b,neo soul","TDE Music LLC",0.599,0.776,4,-5.248,0,0.237,0.472,0,0.118,0.551,114.65,4
spotify:track:7eDYNlBwRMeFOZHOZ95dZ1,"Yeah, I Said It","ANTI (Deluxe)","Rihanna",2016-01-28,133080,67,true,qo6rqy7mdblflyegpk0z8sxhl,2026-03-31T23:00:21Z,"","Roc Nation / Rihanna",0.509,0.38,7,-7.479,1,0.158,0.547,0.00000121,0.359,0.249,127.867,4
spotify:track:2CooCq8g7hsDz3eXi3DNfy,"Piece of Mind","Girlcode","Kehlani",2024-10-11,258665,6,false,qo6rqy7mdblflyegpk0z8sxhl,2026-04-02T14:28:44Z,"","Warner Music Group - X5 Music Group",0.548,0.765,1,-4.47,1,0.345,0.0889,0,0.259,0.459,77.047,4
spotify:track:1NTTEPMrcMFhD1YUoGrta6,"T-Shirt & Panties","The Second Coming","Adina Howard;Jamie Fox",2004,286880,59,false,qo6rqy7mdblflyegpk0z8sxhl,2026-04-02T22:51:01Z,"new jack swing,acid jazz","Rufftown Entertainment",0.798,0.547,11,-5.669,0,0.0734,0.253,0,0.132,0.482,108.016,4
spotify:track:3SHauocJxTUGDFhcgPA1v1,"Do It To Me","The Plan","DaniLeigh",2018-11-30,187653,43,false,qo6rqy7mdblflyegpk0z8sxhl,2026-04-02T23:01:26Z,"r&b","Def Jam Recordings",0.776,0.601,11,-6.041,0,0.0487,0.0879,0.000305,0.353,0.416,82.481,4
spotify:track:1NPHrkT18ZXgM4Mq0wGjDH,"JUST A DREAM","JUST A DREAM","Isaiah Falls;Alex Isley",2025-10-03,141176,48,false,qo6rqy7mdblflyegpk0z8sxhl,2026-04-02T23:01:34Z,"dark r&b,neo soul,alternative r&b","LVRS ONLY LLC",0.673,0.56,11,-9.076,0,0.223,0.827,0.0284,0.111,0.758,84.981,4
spotify:track:4jyyma8YdFC4S4llusSFRu,"butterflies.","Icon","Brent Faiyaz",2026-02-13,248297,83,false,qo6rqy7mdblflyegpk0z8sxhl,2026-04-02T23:01:53Z,"r&b","ISO Supremacy under exclusive license to UnitedMasters LLC",0.379,0.352,0,-9.827,1,0.0751,0.54,0,0.141,0.311,83.046,4
spotify:track:0GGSPe4DC0qkKyFb9Erao5,"Fool For You","FEELS","Snoh Aalegra",2017-10-20,194303,60,false,qo6rqy7mdblflyegpk0z8sxhl,2026-04-06T09:33:21Z,"alternative r&b","Artium Recordings",0.592,0.287,2,-11.496,1,0.0632,0.832,0.000128,0.104,0.238,149.746,3
spotify:track:5UyE68WJRtNobAhUHDOesw,"2 You","RY RY WORLD","Mariah the Scientist",2021-07-09,184305,69,false,qo6rqy7mdblflyegpk0z8sxhl,2026-04-07T10:30:03Z,"alternative r&b","One Umbrella/RCA Records",0.637,0.494,8,-9.916,1,0.0357,0.315,0.00000397,0.118,0.416,124.993,4
spotify:track:6LNcP2sslo7fERR7j4pGah,"get me started (feat. syd)","blue water road","Kehlani;Syd",2022-04-28,169378,36,false,qo6rqy7mdblflyegpk0z8sxhl,2026-04-07T11:29:31Z,"alternative r&b","TSNMI / Atlantic",0.533,0.442,0,-6.003,0,0.0537,0.54,0.00000646,0.104,0.379,108.511,4
spotify:track:5YVmVthPhqjBUrqB2Rp5di,"From A Woman","To Be Eaten Alive","Mariah the Scientist",2023-10-27,182073,64,false,qo6rqy7mdblflyegpk0z8sxhl,2026-04-07T14:57:38Z,"alternative r&b","Buckles Laboratories/Epic",0.291,0.371,7,-11.918,1,0.0493,0.0369,0.0000228,0.11,0.156,178.217,4
spotify:track:2XjoHA58XD0t3qye8bYGU8,"Blessed","Freudian","Daniel Caesar",2017-08-25,241370,78,false,qo6rqy7mdblflyegpk0z8sxhl,2026-04-11T06:58:06Z,"","HV Recordings",0.465,0.265,11,-11.993,1,0.0389,0.83,0.00000191,0.104,0.441,84.046,3
spotify:track:4imZDfJ9jooxgCGdx9j3bf,"Feeling Like The End","SMITHEREENS","Joji",2022-11-04,102480,66,false,qo6rqy7mdblflyegpk0z8sxhl,2026-04-12T08:43:45Z,"","88rising Music",0.793,0.661,2,-8.007,1,0.0652,0.294,0.000709,0.0901,0.632,148.023,4
spotify:track:1TYqrI2JRi6QssuRMTh2iy,"All I Need","All I Need","Lloyd",2021-07-08,238019,78,true,qo6rqy7mdblflyegpk0z8sxhl,2026-04-12T09:09:55Z,"r&b","Humble Music Group",0.72,0.528,10,-9.896,0,0.0312,0.00245,0,0.0918,0.263,126.03,4
spotify:track:7DswEZZthZ6piQpL25qGAM,"On My Mama","JAGUAR II","Victoria Monét",2023-08-25,184258,67,true,qo6rqy7mdblflyegpk0z8sxhl,2026-04-12T09:20:31Z,"alternative r&b","Lovett Music/RCA Records",0.675,0.546,4,-7.716,0,0.0511,0.556,0.00441,0.167,0.607,77.415,4
spotify:track:0iDuW211AjTsYDPsLxyqX4,"F.U.C.K.","F.U.C.K.","Victoria Monét",2021-02-01,205373,55,true,qo6rqy7mdblflyegpk0z8sxhl,2026-04-12T13:12:42Z,"alternative r&b","Tribe Records",0.761,0.397,8,-9.48,0,0.0516,0.709,0.105,0.166,0.464,127.971,4
spotify:track:29UH4IWs5HAe8pqhdFj8H3,"tangerine","blue water road","Kehlani",2022-04-28,179355,35,false,qo6rqy7mdblflyegpk0z8sxhl,2026-04-12T13:19:02Z,"","TSNMI / Atlantic",0.676,0.622,8,-5.992,0,0.0541,0.186,0.00000502,0.37,0.827,139.901,4
spotify:track:4DHbBXZYwlFIVpcI8fC6Ue,"Go There With You","JAGUAR","Victoria Monét",2020-08-07,183731,50,false,qo6rqy7mdblflyegpk0z8sxhl,2026-04-12T13:33:35Z,"alternative r&b","Tribe Records",0.86,0.42,9,-8.559,0,0.0482,0.0992,0.000479,0.148,0.834,139.884,4
spotify:track:7GPstnufSTScEaw9dMxO9H,"Childs Play (feat. Chance the Rapper)","Z","SZA;Chance the Rapper",2014-04-08,216234,67,true,qo6rqy7mdblflyegpk0z8sxhl,2026-04-15T08:22:45Z,"r&b","Top Dawg Entertainment",0.759,0.342,1,-9.044,0,0.0406,0.775,0,0.112,0.22,99.995,4
spotify:track:18QC5FsQ9FThInUrC6BScS,"Be My Summer","Be My Summer","Snoh Aalegra",2023-07-21,186540,57,false,qo6rqy7mdblflyegpk0z8sxhl,2026-04-15T10:15:51Z,"alternative r&b","Artium Recordings LLC, under exclusive license to Roc Nation Records, LLC",0.595,0.267,0,-10.23,1,0.0308,0.836,0,0.158,0.229,105.205,4
spotify:track:5oo9qmQjU5dReOX3amF5j2,"Human Sacrifice","Human Sacrifice","kamen!;trvs",2025-06-29,174393,59,true,qo6rqy7mdblflyegpk0z8sxhl,2026-04-16T15:32:18Z,"","kamen!",0.764,0.241,7,-13.179,1,0.0366,0.894,0.00107,0.209,0.655,105.992,4
spotify:track:1mQLGTdb3RCeucDzxb8o0V,"sweet","sweet","kamen!;trvs",2025-03-27,210912,54,false,qo6rqy7mdblflyegpk0z8sxhl,2026-04-17T12:42:14Z,"","kameeen",0.653,0.254,4,-12.476,0,0.0421,0.683,0,0.15,0.277,139.839,4
spotify:track:4rg6Fwlmr4ZekziA7tlcP2,"MEET ME BY THE MOON","Drugs n' Lullabies","Isaiah Falls",2024-07-12,106000,39,true,qo6rqy7mdblflyegpk0z8sxhl,2026-04-17T12:59:56Z,"dark r&b","LVRS ONLY",0.531,0.496,7,-11.131,0,0.0294,0.785,0.0861,0.197,0.437,128.987,4
spotify:track:3Y3KY9Apoeet0mYKM5QySi,"worldstar money (interlude)","In Tongues (Deluxe)","Joji",2018-02-14,126312,73,true,qo6rqy7mdblflyegpk0z8sxhl,2026-04-17T13:09:31Z,"","88rising Music",0.57,0.388,7,-8.605,1,0.275,0.964,0.699,0.208,0.473,150.571,4
spotify:track:2AdZ0pAvlTA9J8Hkkjmxey,"I Love Lucy","To Dry a Tear","Khamari",2025-08-22,194700,68,false,qo6rqy7mdblflyegpk0z8sxhl,2026-04-18T07:45:59Z,"indie r&b","Encore Recordings",0.405,0.268,11,-12.369,0,0.12,0.818,0.000057,0.1,0.234,76.676,4
spotify:track:4DfCzjuGvK8xq6g6e1EpoE,"Slow Down","Electric Dusk","Leon Thomas",2023-08-18,194634,67,true,qo6rqy7mdblflyegpk0z8sxhl,2026-04-19T12:03:09Z,"","EZMNY Records/Motown Records",0.67,0.566,10,-6.375,0,0.0519,0.462,0,0.35,0.569,81.97,4
spotify:track:5DUPCIO2cmdB6GEOJXsw2Z,"Cheap Shot","Ella Mai","Ella Mai",2018-10-12,241296,49,false,qo6rqy7mdblflyegpk0z8sxhl,2026-04-19T12:17:36Z,"r&b","10 Summers / Interscope PS",0.769,0.59,11,-5.956,1,0.0529,0.0354,0.0000159,0.115,0.295,97.922,4
spotify:track:5P8zrJH6NhD2QRIscTSTcq,"do what i say","with all due respect","kwn",2025-06-20,188562,66,true,qo6rqy7mdblflyegpk0z8sxhl,2026-04-19T12:47:38Z,"uk r&b","wnway limited/RCA Records",0.699,0.696,1,-6.972,1,0.139,0.153,0.0111,0.0847,0.518,109.846,5
spotify:track:4h90qkbnW1Qq6pBhoPvwko,"Sidewalks","Starboy","The Weeknd;Kendrick Lamar",2016-11-25,231360,71,true,qo6rqy7mdblflyegpk0z8sxhl,2026-04-19T18:47:06Z,"hip hop,west coast hip hop","The Weeknd/Lyric",0.542,0.72,1,-5.136,0,0.0628,0.147,0,0.348,0.623,149.828,4
spotify:track:0yRitNCPCHtBwOuHh88rzf,"Our Song","Heart On My Sleeve (Deluxe Edition)","Ella Mai",2023-02-02,199833,54,false,qo6rqy7mdblflyegpk0z8sxhl,2026-04-20T11:46:43Z,"r&b","10 Summers/Interscope Records",0.52,0.553,8,-6.49,0,0.137,0.0353,0,0.253,0.368,78.208,4
spotify:track:2K2kujL7erU8ItCd2Tv5lh,"Résumé","Division","Jenevieve",2021-09-03,180357,64,false,qo6rqy7mdblflyegpk0z8sxhl,2026-04-20T18:19:27Z,"alternative r&b","Joyface Records/Interscope Records",0.82,0.447,0,-7.686,1,0.085,0.277,0.000041,0.0583,0.661,149.98,4
spotify:track:5kbFfCJiOrKoi45gsvxXLQ,"DIVA","Drugs n' Lullabies","Isaiah Falls",2024-07-12,156334,48,true,qo6rqy7mdblflyegpk0z8sxhl,2026-04-20T18:38:41Z,"dark r&b","LVRS ONLY",0.681,0.405,7,-10.465,0,0.0645,0.625,0.0311,0.102,0.561,131.253,4
spotify:track:3lRXoxtNXehoTBFinymrhE,"Beg","Genesis","Leon Thomas;Elle Varner",2018-08-24,213425,57,true,qo6rqy7mdblflyegpk0z8sxhl,2026-04-21T19:17:17Z,"","Leon Thomas Industries, Inc",0.742,0.669,6,-4.625,1,0.0608,0.374,0.000149,0.0958,0.73,135.626,4
spotify:track:630Ug0XtmhhFvAKo0PNuEI,"Remember Me","Remember Me","UMI",2018-10-08,199226,61,false,qo6rqy7mdblflyegpk0z8sxhl,2026-04-21T19:47:23Z,"","UMI",0.84,0.344,5,-8.613,0,0.0374,0.456,0.0000336,0.35,0.526,111.994,4
spotify:track:1thZVU2wC6285kz2yUHlCV,"Just Fine","Just Fine","Norhye",2025-10-23,180976,41,true,qo6rqy7mdblflyegpk0z8sxhl,2026-04-21T20:13:24Z,"","NVK",0.565,0.417,4,-5.755,1,0.0649,0.547,0,0.0889,0.613,78.189,4
spotify:track:37TC6bCDtq674KeTpY1RJh,"Like This","Like This","Norhye",2025-10-20,220009,37,true,qo6rqy7mdblflyegpk0z8sxhl,2026-04-21T20:13:38Z,"","NVK",0.428,0.348,10,-9.467,1,0.0291,0.849,0.000465,0.148,0.411,120.718,1
spotify:track:76AQiqmPzWBf6iJ06tN37v,"Close","Close","Norhye",2024-08-13,175473,44,false,qo6rqy7mdblflyegpk0z8sxhl,2026-04-21T20:13:46Z,"","NVK",0.912,0.15,0,-14.903,1,0.0601,0.496,0.0533,0.103,0.236,115.879,4
spotify:track:4IEPcVlBpIhZ2tY3Z0jRnj,"make me lie","make me lie","Norhye",2024-04-05,186084,35,true,qo6rqy7mdblflyegpk0z8sxhl,2026-04-21T20:13:58Z,"","Gods Mafia",0.538,0.362,1,-12.283,1,0.359,0.808,0.00000972,0.131,0.176,170.143,4
spotify:track:0yYTRodDOWqZZ0AWa2qxHH,"wrong faces.","Icon","Brent Faiyaz",2026-02-13,223621,72,false,qo6rqy7mdblflyegpk0z8sxhl,2026-04-23T12:04:17Z,"r&b","ISO Supremacy under exclusive license to UnitedMasters LLC",0.752,0.495,9,-8.394,0,0.0659,0.114,0.000187,0.105,0.844,140.069,4
spotify:track:2iZ9yiTcL1iywzSUZxlJrZ,"other side.","Icon","Brent Faiyaz",2026-02-13,195015,73,false,qo6rqy7mdblflyegpk0z8sxhl,2026-04-23T12:13:55Z,"r&b","ISO Supremacy under exclusive license to UnitedMasters LLC",0.726,0.725,7,-7.467,1,0.0518,0.00582,0.0000093,0.0875,0.629,107.131,4
spotify:track:2zsqco8LaRPjSJ2K8KbyDZ,"strangers.","Icon","Brent Faiyaz",2026-02-13,196697,64,false,qo6rqy7mdblflyegpk0z8sxhl,2026-04-23T12:16:21Z,"r&b","ISO Supremacy under exclusive license to UnitedMasters LLC",0.445,0.27,5,-11.632,0,0.172,0.507,0,0.211,0.219,106.029,3
spotify:track:61LIrROTdBzB2wOsgFNODa,"world is yours.","Icon","Brent Faiyaz",2026-02-13,245384,61,false,qo6rqy7mdblflyegpk0z8sxhl,2026-04-23T12:20:48Z,"r&b","ISO Supremacy under exclusive license to UnitedMasters LLC",0.647,0.35,2,-8.964,1,0.0475,0.165,0,0.0963,0.298,77.551,4
spotify:track:6WH9AlBNORcBiQywNCIblE,"four seasons.","Icon","Brent Faiyaz",2026-02-13,185813,68,false,qo6rqy7mdblflyegpk0z8sxhl,2026-04-23T12:20:55Z,"r&b","ISO Supremacy under exclusive license to UnitedMasters LLC",0.77,0.464,7,-9.756,1,0.0622,0.321,0,0.084,0.562,92.983,4
spotify:track:1AZXNAVDD9ZFIEKySgflFz,"Heaven Can Wait","Invincible","Michael Jackson",2001-10-29,289680,88,false,qo6rqy7mdblflyegpk0z8sxhl,2026-04-27T22:37:40Z,"","Epic",0.706,0.685,11,-3.669,1,0.0837,0.56,0,0.22,0.444,117.448,4
spotify:track:7x5RhTT2bzS6CCQFeNb5HU,"What You Need","Love Is A Kingdom","Tems",2025-11-21,234080,77,false,qo6rqy7mdblflyegpk0z8sxhl,2026-04-27T23:15:28Z,"afrobeats,afro r&b,alté,afrobeat","RCA Records/Since 93'",0.728,0.477,1,-7.456,1,0.0295,0.141,0.00153,0.151,0.41,111.946,4
spotify:track:3oTuTpF1F3A7rEC6RKsMRz,"Raindance (feat. Tems)","The Boy Who Played the Harp","Dave;Tems",2025-10-23,219743,95,false,qo6rqy7mdblflyegpk0z8sxhl,2026-04-27T23:16:02Z,"grime,uk grime,uk drill,drill,afrobeats,afro r&b,alté,afrobeat","Neighbourhood",0.796,0.741,1,-6.815,1,0.0789,0.236,0.0619,0.103,0.249,107,4
spotify:track:71EHOyEOhNx1SzTebRRyng,"Weak","It's About Time","SWV",1992-10-27,291906,71,false,qo6rqy7mdblflyegpk0z8sxhl,2026-04-27T23:27:46Z,"new jack swing,r&b","RCA Records Label",0.693,0.533,2,-10.954,0,0.0402,0.107,0,0.0695,0.568,127.661,4
spotify:track:6bxxtm8RCP4Zonw2f0WODD,"Mind Games","Mind Games","Sickick",2017-11-16,258352,77,true,qo6rqy7mdblflyegpk0z8sxhl,2026-04-28T00:16:03Z,"","SICK UNIVERSE CORP",0.694,0.454,9,-9.312,1,0.0435,0.466,0.0673,0.236,0.351,85.012,4
spotify:track:4Ilen0VxPEsVRLpnePji8P,"Slow Down - 12"" Version","Disturbing Tha Peace Presents Bobby Valentino","Bobby V.",2005-01-01,258665,81,false,qo6rqy7mdblflyegpk0z8sxhl,2026-04-28T00:32:31Z,"r&b","Disturbing Tha Peace Recordings, Inc.",0.566,0.732,11,-4.896,0,0.0953,0.179,0.00000492,0.401,0.621,186.09,4
spotify:track:3UB8dFB7YYpIxmOytC5pnK,"Nobody Else","READY","Ella Mai",2017-02-22,180495,42,true,qo6rqy7mdblflyegpk0z8sxhl,2026-04-29T11:36:34Z,"r&b","10 Summers / Interscope PS",0.705,0.655,6,-4.629,1,0.0321,0.213,0.00000553,0.379,0.588,96.971,4
spotify:track:2EHaJElgdxeZG2bzCMVmMN,"Trying","Heart On My Sleeve","Ella Mai",2022-05-06,197306,54,false,qo6rqy7mdblflyegpk0z8sxhl,2026-04-29T11:47:24Z,"r&b","10 Summers/Interscope Records",0.537,0.433,9,-6.135,1,0.073,0.389,0,0.226,0.106,94.079,4
spotify:track:3JHQY6VnwmUMuYb0XI2O7Y,"Pray For You","Chilombo","Jhené Aiko",2020-03-06,100386,55,false,qo6rqy7mdblflyegpk0z8sxhl,2026-05-09T19:20:56Z,"r&b","Def Jam Recordings",0.525,0.477,6,-11.203,0,0.44,0.787,0.00000599,0.104,0.276,147.741,4
spotify:track:4MzxCIHY6TB9amFIvWsO2V,"Facts","H.E.R.","H.E.R.",2017-10-20,218686,47,false,qo6rqy7mdblflyegpk0z8sxhl,2026-05-09T19:47:35Z,"r&b","MBK Entertainment/RCA Records",0.7,0.408,10,-14.244,0,0.158,0.606,0.00955,0.0929,0.38,127.028,4
spotify:track:0Uyh92tLyb9JawG8lmWCzJ,"Differences","The Life","Ginuwine",2001-04-03,265533,71,false,qo6rqy7mdblflyegpk0z8sxhl,2026-05-11T22:42:45Z,"r&b","Epic",0.562,0.594,3,-4.578,0,0.0558,0.318,0,0.311,0.423,62.876,4
spotify:track:0uEp9E98JB5awlA084uaIg,"Doo Wop (That Thing)","The Miseducation of Lauryn Hill","Ms. Lauryn Hill",1998-08-25,320266,80,false,qo6rqy7mdblflyegpk0z8sxhl,2026-05-20T14:22:55Z,"neo soul","Ruffhouse/Columbia",0.535,0.505,2,-8.926,0,0.245,0.0393,0,0.0923,0.495,99.935,4
spotify:track:2VjXGuPVVxyhMgER3Uz2Fe,"Ex-Factor","The Miseducation of Lauryn Hill","Ms. Lauryn Hill",1998-08-25,326533,79,false,qo6rqy7mdblflyegpk0z8sxhl,2026-05-20T14:23:02Z,"neo soul","Ruffhouse/Columbia",0.593,0.619,3,-9.003,0,0.0976,0.118,0,0.484,0.668,80.02,4
spotify:track:2GFExyKXf9383tSRSrEHEt,"Can't Take My Eyes Off of You - (I Love You Baby)","The Miseducation of Lauryn Hill","Ms. Lauryn Hill",1998-08-25,221466,75,false,qo6rqy7mdblflyegpk0z8sxhl,2026-05-20T14:51:23Z,"neo soul","Ruffhouse/Columbia",0.747,0.662,1,-7.9,0,0.0796,0.0118,0,0.138,0.63,88.926,4
spotify:track:0Ntgg91du8iTGOobonADUu,"Still","Kehlani","Kehlani",2026-04-24,213283,65,false,qo6rqy7mdblflyegpk0z8sxhl,2026-05-20T14:53:54Z,"","TSNMI / Atlantic",0.522,0.399,9,-6.853,1,0.0456,0.407,0.00000201,0.153,0.217,91.182,4
spotify:track:1Q7EgiMOuwDcB0PJC6AzON,"Best Part (feat. H.E.R.)","Freudian","Daniel Caesar;H.E.R.",2017-08-25,209831,88,false,qo6rqy7mdblflyegpk0z8sxhl,2026-05-24T15:54:19Z,"r&b","HV Recordings",0.518,0.365,7,-10.215,1,0.0374,0.799,0,0.1,0.437,75.256,4
spotify:track:3kYArhy9qrIKs5oErWIkbd,"i don't wanna fall in love, it's too late now","It'll Be Fine","Chase Shakur",2022-06-24,55048,47,false,qo6rqy7mdblflyegpk0z8sxhl,2026-05-26T18:12:31Z,"dark r&b,r&b","Too Lost",0.352,0.344,9,-7.467,0,0.0355,0.773,0,0.377,0.341,107.722,3
spotify:track:78CTv7ypHvXQlEjXYst2n9,"Can't Leave 'Em Alone (feat. 50 Cent)","The Evolution","Ciara;50 Cent",2006,244760,64,false,qo6rqy7mdblflyegpk0z8sxhl,2026-05-28T13:42:11Z,"old school hip hop,east coast hip hop","LaFace Records",0.527,0.696,1,-6.015,0,0.361,0.209,0,0.0516,0.499,100.614,4
spotify:track:1LI7CohfcJAx27EiZ1iPDK,"Call","Ashanti","Ashanti",2002-01-01,305080,36,true,qo6rqy7mdblflyegpk0z8sxhl,2026-05-28T13:55:44Z,"r&b","I.G. Records, Inc./Universal Records",0.685,0.728,10,-7.468,0,0.14,0.0381,0.0000276,0.482,0.503,84.261,4
spotify:track:1Ly3sQABkGYruk0s8XF6US,"Can't Get Enough","Between Friends","Tamia",2006,229026,67,false,qo6rqy7mdblflyegpk0z8sxhl,2026-05-29T11:51:27Z,"r&b","Plus 1 Music Group LLC.",0.766,0.454,8,-4.324,1,0.289,0.0836,0,0.102,0.281,143.951,4
spotify:track:2j0FtLNpLPaSX9rKuIdBFH,"Breakfast In Bed","READY","Ella Mai",2017-02-22,237758,45,false,qo6rqy7mdblflyegpk0z8sxhl,2026-05-29T21:20:11Z,"r&b","10 Summers / Interscope PS",0.711,0.517,5,-7.148,0,0.203,0.00417,0.000122,0.12,0.182,97.988,3
spotify:track:2aBxt229cbLDOvtL7Xbb9x,"Always Be My Baby","Daydream","Mariah Carey",1995-10-03,258133,76,false,qo6rqy7mdblflyegpk0z8sxhl,2026-05-30T19:50:27Z,"christmas","Columbia",0.65,0.531,4,-8.335,1,0.0364,0.457,0,0.249,0.487,78.946,4
spotify:track:45BRtTfo5SaAENwSD2teoJ,"WMT","Parked Car Convos","Kaash Paige",2019-11-15,147373,43,true,qo6rqy7mdblflyegpk0z8sxhl,2026-06-01T21:55:45Z,"","Se Lavi Productions(Kaasha Paige)/Def Jam",0.634,0.611,0,-7.693,1,0.13,0.303,0,0.176,0.494,113.794,4
spotify:track:07t4ML5fFkVP9TzrbY1byX,"64'","Parked Car Convos","Kaash Paige",2019-11-15,159000,45,true,qo6rqy7mdblflyegpk0z8sxhl,2026-06-01T21:58:31Z,"","Se Lavi Productions(Kaasha Paige)/Def Jam",0.631,0.547,7,-6.438,1,0.0851,0.14,0,0.106,0.607,80.342,4
spotify:track:3vh3wFejhxdIeAZbS2fy1I,"Fake Friends","Parked Car Convos","Kaash Paige",2019-11-15,178280,39,true,qo6rqy7mdblflyegpk0z8sxhl,2026-06-01T22:09:52Z,"","Se Lavi Productions(Kaasha Paige)/Def Jam",0.641,0.437,5,-8.737,0,0.142,0.493,0,0.106,0.253,139.971,4
spotify:track:4x2rgtSFOI4hRvEvDj02KP,"If It's Lovin' That You Want","Music Of The Sun","Rihanna",2005-08-29,208106,72,false,qo6rqy7mdblflyegpk0z8sxhl,2026-06-12T14:22:10Z,"","Def Jam Recordings",0.745,0.694,8,-7.519,1,0.128,0.0962,0,0.0454,0.74,95.924,4
spotify:track:5Zl2RWTjTQlIvDKVVtNoX6,"Want You","Want You","Clara La San",2025-08-01,103000,77,true,qo6rqy7mdblflyegpk0z8sxhl,2026-06-14T08:58:58Z,"","CLS Music",0.679,0.382,11,-12.144,1,0.0378,0.907,0.00146,0.15,0.419,97.007,4
spotify:track:4zwZhQnqJTr1rQ9wRY3nNr,"Makes Me Wonder","READY","Ella Mai",2017-02-22,210825,51,false,qo6rqy7mdblflyegpk0z8sxhl,2026-06-14T16:44:55Z,"r&b","10 Summers / Interscope PS",0.728,0.487,8,-7.559,1,0.122,0.079,0,0.204,0.371,99.983,4
spotify:track:4tfOoCcYPtb08J5HWlSo3r,"Another Life","SOS Deluxe: LANA","SZA",2024-12-20,205214,67,true,qo6rqy7mdblflyegpk0z8sxhl,2026-06-18T20:34:49Z,"r&b","Top Dawg Entertainment/RCA Records",0.332,0.45,7,-8.664,1,0.045,0.68,0.00000883,0.116,0.357,215.338,3
spotify:track:49ceA6VvdgxF5LmXRPeIFA,"What You Need - A COLORS SHOW","What You Need - A COLORS SHOW","Tems;COLORS",2026-01-29,231428,67,false,qo6rqy7mdblflyegpk0z8sxhl,2026-06-19T18:24:58Z,"afrobeats,afro r&b,alté,afrobeat","RCA Records/Since 93'",0.738,0.47,1,-7.058,1,0.029,0.335,0.00203,0.109,0.34,111.942,4
spotify:track:6utQlfLooYsUkq5xUg3vxt,"Nothing Compares - Bonus Track","After Hours (Deluxe)","The Weeknd",2020-03-20,222306,63,true,qo6rqy7mdblflyegpk0z8sxhl,2026-06-22T15:04:42Z,"","XO / Republic Records",0.532,0.577,1,-9.313,1,0.0352,0.00253,0.0437,0.234,0.0397,131.922,4
spotify:track:6T3Ebo7EOh8cUOyE4OhFpp,"Good & Plenty - Remix","Good & Plenty (Remix)","Lucky Daye;Masego;Alex Isley;Jack Dine",2021-03-17,204705,61,false,qo6rqy7mdblflyegpk0z8sxhl,2026-06-22T16:02:41Z,"neo soul,alternative r&b","Isley & Dine Records, Lucky Daye appears courtesy of Keep Cool / RCA Records",0.629,0.579,9,-6.543,0,0.107,0.811,0.00366,0.0813,0.363,135.86,4
spotify:track:5Ikz3bF0Iqgqiu2soUPr6X,"U","H.E.R.","H.E.R.",2017-10-20,178935,49,false,qo6rqy7mdblflyegpk0z8sxhl,2026-06-22T16:11:01Z,"r&b","MBK Entertainment/RCA Records",0.663,0.655,4,-7.878,0,0.039,0.00991,0.000193,0.142,0.291,109.974,4
spotify:track:31Oh4pwZWjBTuRmzNtxj10,"Is It a Crime","HEARTS SOLD SEPARATELY","Mariah the Scientist;Kali Uchis",2025-08-22,181334,75,true,qo6rqy7mdblflyegpk0z8sxhl,2026-06-22T17:12:46Z,"alternative r&b","Buckles Laboratories/Epic",0.393,0.54,6,-5.921,1,0.117,0.436,0,0.15,0.162,90.106,4
spotify:track:0CmUSuiLZH8soGOgAEOxw8,"difficult","Tyde of your Apologies","Tyde",2026-01-23,218880,40,true,qo6rqy7mdblflyegpk0z8sxhl,2026-06-22T17:15:06Z,"dark r&b","ASG STUDIOS",0.615,0.475,6,-9.443,1,0.0542,0.625,0.00000195,0.24,0.418,125.01,4
spotify:track:7eCVm5KcpFrDhx6XHkF3t6,"Love Me 4 Me","SOS Deluxe: LANA","SZA",2024-12-20,185749,55,true,qo6rqy7mdblflyegpk0z8sxhl,2026-07-01T18:03:08Z,"r&b","Top Dawg Entertainment/RCA Records",0.61,0.576,11,-10.319,0,0.0319,0.339,0.00128,0.181,0.592,147.957,4
spotify:track:4olWlfIzbDyD53NhWyvdDJ,"is it cool? (feat. SZA)","is it cool? (feat. SZA)","Steve Lacy;SZA",2026-06-26,174230,79,true,qo6rqy7mdblflyegpk0z8sxhl,2026-07-01T18:03:17Z,"r&b","L-M Records/RCA Records",0.529,0.577,0,-8.141,0,0.0677,0.515,0.0207,0.314,0.712,149.057,4
spotify:track:5tA3oQh58iYSdJWhSw0yJV,"Settling","CLEAR","Summer Walker",2019-01-25,209436,46,false,qo6rqy7mdblflyegpk0z8sxhl,2026-07-02T14:42:19Z,"r&b","LVRN Records",0.609,0.217,0,-11.268,0,0.0459,0.689,0.00126,0.112,0.17,115.638,3
spotify:track:1Q44YCmHulLTI61D3IGe2g,"BLEEDING","BELOVED","GIVĒON",2025-07-11,177237,61,false,qo6rqy7mdblflyegpk0z8sxhl,2026-07-03T13:12:42Z,"r&b","Epic/Not So Fast",0.521,0.595,11,-6.899,0,0.0518,0.121,0,0.18,0.407,131.225,4
spotify:track:2lP4A3vu4O8SwZz1Tss6IC,"BROWN SUGAH","BROWN SUGAH","Isaiah Falls;SiR",2025-09-05,170564,55,false,qo6rqy7mdblflyegpk0z8sxhl,2026-07-04T08:08:34Z,"dark r&b,alternative r&b,neo soul","LVRS ONLY LLC",0.723,0.62,3,-4.814,0,0.0666,0.302,0.00593,0.111,0.516,123.976,4
