Track URI,Track Name,Album Name,Artist Name(s),Release Date,Duration (ms),Popularity,Explicit,Added By,Added At,Genres,Record Label,Danceability,Energy,Key,Loudness,Mode,Speechiness,Acousticness,Instrumentalness,Liveness,Valence,Tempo,Time Signature
spotify:track:4OmfWzukSVD140NiAIEjem,"Static","Gemini Rights","Steve Lacy",2022-07-15,156538,73,true,5o8x11qqf7lxqq5f4sirhivr4,2022-08-09T03:05:27Z,"","L-M Records/RCA Records",0.335,0.305,1,-12.661,1,0.0741,0.434,0.631,0.101,0.215,79.001,5
spotify:track:4QGITEzvSZ77PQCAp9XIkR,"Simon Says","Pigeons & Planes & Big.Ass.Kids present: See You Next Year","See You Next Year;Dreamer Isioma",2022-08-05,167586,22,true,5o8x11qqf7lxqq5f4sirhivr4,2022-08-09T03:05:31Z,"lo-fi indie,alternative r&b","Big.Ass.Kids",0.695,0.539,2,-7.044,1,0.0413,0.809,0,0.204,0.464,116.075,4
spotify:track:3xfz3yzwXhSQCSvJXoM7fY,"I Love You More Than You Know (feat. Childish Gambino)","Hummingbird","bLAck pARty;Childish Gambino",2022-08-05,262351,38,false,5o8x11qqf7lxqq5f4sirhivr4,2022-08-09T03:05:35Z,"indie soul,alternative r&b","Wolf+Rothstein/RCA Records",0.625,0.592,11,-8.034,0,0.0363,0.0971,0.073,0.119,0.217,88.04,4
spotify:track:7xW3rU5rzv4ghw0h8APxuH,"MESS U MADE","MESS U MADE","MICHELLE",2021-10-27,168542,39,true,5o8x11qqf7lxqq5f4sirhivr4,2022-08-09T03:05:40Z,"bedroom pop","Canvasback/ATL",0.674,0.366,4,-6.539,1,0.0381,0.341,0.0000073,0.125,0.346,126.994,3
spotify:track:125DSBjIfOOCkmyRukprZT,"Buzzed","Buzzed","¿Téo?;WILLOW",2021-06-01,159732,34,false,5o8x11qqf7lxqq5f4sirhivr4,2022-08-09T03:05:46Z,"","49 Digits LLC",0.599,0.484,8,-11.866,1,0.06,0.652,0.0104,0.0962,0.371,152.001,4
spotify:track:24CY4TWscXoyZRrmsQdiq1,"Bitches Be (with Jst Ray)","she / her / black bitch","Doechii;Jst Ray",2022-08-05,204440,36,true,5o8x11qqf7lxqq5f4sirhivr4,2022-08-09T03:05:54Z,"","Top Dawg Entertainment/Capitol Records",0.6,0.49,5,-8.701,1,0.0372,0.0577,0.0228,0.145,0.171,142.948,4
spotify:track:5EQxUpN2n5MUXtqIGbUOzk,"safety","safety","greek",2022-07-29,183600,35,false,5o8x11qqf7lxqq5f4sirhivr4,2022-08-09T03:05:58Z,"indie r&b","greek",0.437,0.309,6,-12.927,1,0.032,0.38,0,0.15,0.44,100.009,3
spotify:track:7jDIGhIvkPUbelQLpZ9j1j,"wild horses","flora + fana","Fana Hues",2022-03-25,198633,0,false,5o8x11qqf7lxqq5f4sirhivr4,2022-08-09T03:06:03Z,"alternative r&b","Bright Antenna",0.33,0.421,2,-11.467,0,0.0618,0.826,0.889,0.0688,0.151,111.275,4
spotify:track:3FmHd3XrPO1zIkPq5QvPj5,"Foolish","Foolish","Natanya",2022-04-29,228000,35,false,5o8x11qqf7lxqq5f4sirhivr4,2022-08-09T03:06:06Z,"uk r&b,alternative r&b","Independent",0.722,0.612,8,-9.818,0,0.239,0.255,0.000276,0.11,0.545,90.027,4
spotify:track:6OxJsaqxD7yaR35qRuhyFa,"amphetamine","amphetamine","boylife",2021-09-16,120241,34,true,5o8x11qqf7lxqq5f4sirhivr4,2022-08-09T03:06:10Z,"bedroom pop","boylife",0.691,0.751,8,-8.222,1,0.426,0.597,0.0165,0.0911,0.633,84.718,4
spotify:track:1ciQU7ZQGHq129m3njp9en,"dirty dancer","dirty dancer","Orion Sun",2022-02-08,169720,1,true,5o8x11qqf7lxqq5f4sirhivr4,2022-08-09T03:06:15Z,"alternative r&b,bedroom pop","Mom+Pop",0.702,0.525,7,-5.028,0,0.0313,0.376,0.0667,0.119,0.515,113.856,4
spotify:track:6z9AcMUgtvT5Pyb1XGlWIn,"orange","Goûter","Lou Val",2022-07-29,151578,20,false,5o8x11qqf7lxqq5f4sirhivr4,2022-08-09T03:06:20Z,"","DRKLY",0.574,0.507,0,-6.521,1,0.0434,0.0807,0.00778,0.08,0.411,75.924,4
spotify:track:5cbmKj0MMYHB7Z6VusQpWn,"Poster Girl","Poster Girl","Talia Goddess",2021-11-19,174330,3,true,5o8x11qqf7lxqq5f4sirhivr4,2022-08-09T03:06:24Z,"alternative r&b","TRANCE RECORDS",0.823,0.362,9,-7.647,1,0.0708,0.0821,0.0413,0.107,0.684,124.947,4
spotify:track:207wpnoruEx0FoLj2Z8cQj,"Ce Soir","Ce Soir","Duckwrth;Syd",2022-08-05,162222,33,true,5o8x11qqf7lxqq5f4sirhivr4,2022-08-09T03:06:28Z,"alternative r&b","SuperGood/The Blind Youth",0.658,0.72,1,-6.178,1,0.142,0.0152,0,0.0855,0.542,108.105,4
spotify:track:3xqtvSfofDvSMVwwSbuvKi,"careless (feat. daniel caesar)","CAPRISONGS","FKA twigs;Daniel Caesar",2022-01-14,216760,49,false,5o8x11qqf7lxqq5f4sirhivr4,2022-08-09T03:06:32Z,"art pop,alternative r&b","Atlantic Records",0.706,0.395,11,-6.952,0,0.0588,0.724,0.0000216,0.203,0.26,118.128,4
spotify:track:4dj5RTVztRLROh8hJi8uHl,"whelmed","allthefeels","emawk",2019-07-25,248669,38,false,5o8x11qqf7lxqq5f4sirhivr4,2022-08-09T03:06:37Z,"alternative r&b","emawk",0.706,0.328,5,-12.398,0,0.072,0.548,0.00333,0.298,0.502,140.05,4
spotify:track:0YMe6PHRbeDcN7KJdCG0bW,"The Dress","Absolutely","Dijon",2021-11-05,184767,78,false,5o8x11qqf7lxqq5f4sirhivr4,2022-08-09T03:06:41Z,"","R&R Digital/Warner Records",0.747,0.531,8,-5.99,1,0.0477,0.266,0.0000018,0.192,0.785,88.009,4
spotify:track:0DmkBOGgEWMbUJlL6VwwF2,"Helmet","Gemini Rights","Steve Lacy",2022-07-15,201510,74,true,5o8x11qqf7lxqq5f4sirhivr4,2022-08-09T03:06:45Z,"","L-M Records/RCA Records",0.612,0.675,9,-6.518,0,0.0231,0.0994,0,0.217,0.763,97.04,4
spotify:track:1RJl5cZ8kFpoVFOS2x6scI,"Take Me Where Your Heart Is","The Shave Experiment (Director's Cut)","Q",2021-06-04,192896,65,false,5o8x11qqf7lxqq5f4sirhivr4,2022-08-09T03:06:49Z,"alternative r&b","Columbia",0.858,0.426,10,-8.879,0,0.0402,0.00586,0.761,0.0977,0.419,89.981,4
spotify:track:4k6Uh1HXdhtusDW5y8Gbvy,"Bad Habit","Gemini Rights","Steve Lacy",2022-07-15,232114,88,true,5o8x11qqf7lxqq5f4sirhivr4,2022-08-09T03:06:53Z,"","L-M Records/RCA Records",0.686,0.494,1,-7.093,1,0.0355,0.613,0.000058,0.402,0.7,168.946,4
spotify:track:4WaqKOyMYufVzW57VrYc6U,"Luvaroq","Luvaroq","Elujay;serpentwithfeet",2021-10-01,220781,0,true,5o8x11qqf7lxqq5f4sirhivr4,2022-08-09T03:06:58Z,"alternative r&b,indie r&b","OneTime!",0.68,0.686,1,-6.089,1,0.0285,0.04,0.0975,0.0455,0.79,142.007,4
spotify:track:3nE7KhZq3bz31I7g7hvt1v,"Power","Power","Annahstasia",2022-07-27,168175,19,false,5o8x11qqf7lxqq5f4sirhivr4,2022-08-09T03:07:05Z,"","Sacred Bull Records",0.366,0.263,11,-12.47,1,0.0337,0.904,0.00000105,0.127,0.11,137.311,3
spotify:track:4GlMuZ2gHZfAPxEji04pdA,"Through The Dark","YSRA","FACESOUL",2021-10-13,153000,34,false,5o8x11qqf7lxqq5f4sirhivr4,2022-08-09T03:07:09Z,"","COLORSxSTUDIOS",0.409,0.197,10,-13.395,0,0.0375,0.928,0.0000706,0.188,0.0562,122.065,3
spotify:track:6YY6jWYRxEcctNOepXpOVE,"Lonely As I Ever Was","Are U Down?","Spencer.",2021-09-10,233722,32,false,5o8x11qqf7lxqq5f4sirhivr4,2022-08-09T03:07:13Z,"bedroom pop,alternative r&b,indie r&b","4AD",0.613,0.602,2,-9.939,1,0.0734,0.172,0.00728,0.138,0.147,97.198,4
spotify:track:1Weox7JrxWlozk46HkXHTp,"sorry","sorry","UMI",2022-03-11,220199,34,true,5o8x11qqf7lxqq5f4sirhivr4,2022-08-09T03:07:18Z,"","UMI/Keep Cool/RCA Records",0.388,0.438,4,-12.215,1,0.137,0.624,0.00155,0.113,0.0527,89.935,4
spotify:track:2bydO0jZES9rBvSnPvYN5L,"Lemonhaze","A PawPaw Rod EP","PawPaw Rod",2021-09-15,156478,1,true,5o8x11qqf7lxqq5f4sirhivr4,2022-08-09T03:07:37Z,"indie r&b","GODMODE",0.814,0.53,2,-7.648,0,0.0589,0.415,0.00391,0.185,0.745,101.581,4
spotify:track:3Kfh2IIk7nehym6iv2Ru8P,"Last Dance","JAMIE","Montell Fish",2022-07-22,189000,32,false,5o8x11qqf7lxqq5f4sirhivr4,2022-08-09T03:07:41Z,"christian lo-fi","Lord’s Child, LLC",0.532,0.158,7,-15.94,0,0.0608,0.938,0.000283,0.434,0.143,159.49,3
spotify:track:6zlIN2RRLiNzitagYR44m0,"HAZY","HAZY","Kyle Dion;Tkay Maidza",2022-02-04,168746,0,false,5o8x11qqf7lxqq5f4sirhivr4,2022-08-09T03:07:45Z,"alternative r&b","Kyle Dion",0.703,0.558,5,-6.06,0,0.0799,0.265,0,0.066,0.42,85.022,4
spotify:track:4d53iJvfGbPyQGRnbtmtiW,"Leave It","What If? / Leave It","Lil Silva;Charlotte Day Wilson",2022-06-29,232500,20,false,5o8x11qqf7lxqq5f4sirhivr4,2022-08-09T03:07:49Z,"uk funky,ballroom vogue,alternative r&b","Nowhere Music Ltd",0.602,0.515,5,-11.397,0,0.0538,0.351,0.00179,0.167,0.4,91.573,4
spotify:track:4iVofzQL8rewHAv4uDk3GO,"celebration","Getaway","Orion Sun",2022-03-11,204653,0,false,5o8x11qqf7lxqq5f4sirhivr4,2022-08-09T03:07:53Z,"alternative r&b,bedroom pop","Mom+Pop",0.147,0.457,1,-8.907,1,0.0325,0.529,0.305,0.0927,0.321,82.239,4
spotify:track:4IVtwWBNj9NEBNR7tkXDqb,"Satellites","HYPNOS","Ravyn Lenae",2022-05-20,265680,48,false,5o8x11qqf7lxqq5f4sirhivr4,2022-08-09T03:07:57Z,"alternative r&b,indie soul","Atlantic Records",0.436,0.764,4,-6.347,0,0.0685,0.474,0.35,0.125,0.266,169.002,4
spotify:track:6LmNmPxViPRou1YAvyg1OS,"Stay High - Childish Gambino Version","Jaime (Reimagined)","Brittany Howard;Childish Gambino",2021-07-23,218400,0,false,5o8x11qqf7lxqq5f4sirhivr4,2022-08-09T03:08:01Z,"","ATO Records",0.839,0.655,9,-5.793,1,0.049,0.161,0.00026,0.153,0.754,123.004,3
spotify:track:7I2hbb8rsTvJR5PtaywRkv,"breakfast","breakfast","Fana Hues",2021-12-10,192857,0,false,5o8x11qqf7lxqq5f4sirhivr4,2022-08-09T03:08:05Z,"alternative r&b","Bright Antenna",0.678,0.263,9,-18.118,1,0.044,0.655,0.0345,0.103,0.18,90.992,3
spotify:track:3IQ6PPDCEJBRFiqUCWeyI0,"Automatic - Orion Sun Remix","Automatic (Orion Sun Remix)","Spencer.;Orion Sun",2021-04-27,124736,36,false,5o8x11qqf7lxqq5f4sirhivr4,2022-08-09T03:08:08Z,"bedroom pop,alternative r&b,indie r&b","4AD",0.647,0.459,6,-13.058,0,0.12,0.364,0.337,0.294,0.261,95.908,4
spotify:track:1ZjE0bbhrk7OyQftjaWUxQ,"Doctor, My Eyes","Doctor, My Eyes","Khamari",2021-11-12,194135,59,false,5o8x11qqf7lxqq5f4sirhivr4,2022-08-09T03:08:12Z,"indie r&b","Not specified",0.457,0.452,7,-8.321,1,0.0369,0.776,0.000107,0.22,0.535,82.603,4
spotify:track:5KzBH7THRVKCCmkMp1tazw,"moonlit room","moonlit room","UMI",2022-05-12,250679,36,false,5o8x11qqf7lxqq5f4sirhivr4,2022-08-09T03:08:16Z,"","UMI/Keep Cool/RCA Records",0.609,0.286,9,-13.184,1,0.0469,0.608,0.000591,0.122,0.14,151.86,3
spotify:track:4kJT7Yj6Za01KfKHjb7mZE,"Fall in Love with You.","JAMIE","Montell Fish",2022-07-22,132000,54,false,5o8x11qqf7lxqq5f4sirhivr4,2022-08-09T03:08:20Z,"christian lo-fi","Lord’s Child, LLC",0.538,0.0203,4,-23.163,1,0.0437,0.92,0.019,0.104,0.103,121.447,3
spotify:track:1uf4itZeNCVYDHExNH9Ov3,"pressure","Getaway","Orion Sun",2022-03-11,220893,0,false,5o8x11qqf7lxqq5f4sirhivr4,2022-08-09T03:08:25Z,"alternative r&b,bedroom pop","Mom+Pop",0.545,0.341,6,-10.742,0,0.0297,0.559,0.0207,0.105,0.293,131.847,4
spotify:track:6s3UHVDqqqNHa1HyynG4VI,"SYNCOPATE","SYNCOPATE","MICHELLE",2021-09-14,118168,30,false,5o8x11qqf7lxqq5f4sirhivr4,2022-08-09T03:08:29Z,"bedroom pop","Canvasback/ATL",0.853,0.654,9,-5.614,0,0.0789,0.0106,0.00283,0.102,0.685,104.012,4
spotify:track:1EUOby36hEzSkTVVKRAWQP,"Chocolate Hills","Texas Moon","Khruangbin;Leon Bridges",2022-02-18,190433,57,false,5o8x11qqf7lxqq5f4sirhivr4,2022-08-09T03:08:33Z,"neo-psychedelic,retro soul","Dead Oceans",0.675,0.28,3,-11.854,1,0.0632,0.594,0.00916,0.109,0.218,129.942,4
spotify:track:2NCcyscxO8FRjfycY1xCa2,"Save My Number","Tales From The Telescope Chapter 2: Internal Shine","Lance Skiiiwalker;MIA GLADSTONE",2021-12-15,159973,33,false,5o8x11qqf7lxqq5f4sirhivr4,2022-08-09T03:08:41Z,"","Top Dawg Entertainment",0.596,0.796,6,-7.126,0,0.0834,0.764,0.0473,0.381,0.469,129.875,4
spotify:track:21M5nMK9Jz4QOa301kiqFt,"Cherish (furs)","In Praise Of Shadows","Puma Blue",2021-02-05,232863,41,false,5o8x11qqf7lxqq5f4sirhivr4,2022-08-09T03:08:45Z,"bedroom pop","Blue Flowers Music",0.773,0.297,8,-14.098,1,0.0756,0.17,0.00176,0.108,0.364,132.709,4
spotify:track:3zpV1pF29S3jPGNY1J8HZo,"Don't Say","Don't Say","Jex Nwalor",2021-11-12,155490,0,true,5o8x11qqf7lxqq5f4sirhivr4,2022-08-09T03:08:48Z,"","Jex Nwalor",0.772,0.39,7,-8.862,0,0.0586,0.614,0.00181,0.121,0.609,72.993,4
spotify:track:49YDCahXCIaY44snUKv8JS,"Onto Me (with UMI)","Last Year Was Weird, Vol. 3","Tkay Maidza;UMI",2021-07-09,167503,25,false,5o8x11qqf7lxqq5f4sirhivr4,2022-08-09T03:08:53Z,"alternative r&b","4AD",0.682,0.779,9,-4.671,0,0.217,0.148,0.000068,0.0916,0.744,168.013,4
spotify:track:5odIVMTBVr7QetfpLY1fPV,"Brewster","Dog Daze","Cruza",2021-12-10,144584,0,false,5o8x11qqf7lxqq5f4sirhivr4,2022-08-09T03:08:57Z,"alternative r&b","Terrible Records",0.638,0.253,4,-10.232,1,0.302,0.567,0.576,0.12,0.537,145.05,4
spotify:track:2VRJKXrqR4ztn6WgJ28R9r,"In Your Body","In Your Body","¿Téo?",2022-02-16,203777,57,true,5o8x11qqf7lxqq5f4sirhivr4,2022-08-09T03:09:01Z,"","49 Digits LLC",0.715,0.584,0,-9.004,1,0.136,0.291,0.00366,0.068,0.429,97.214,4
spotify:track:06DcUBxCvBAqvWgpExtbLE,"Party Sickness","Party Sickness","Hope Tala",2022-02-02,229414,36,true,5o8x11qqf7lxqq5f4sirhivr4,2022-08-09T03:09:04Z,"alternative r&b","EMI",0.501,0.752,6,-4.606,1,0.1,0.175,0.000215,0.143,0.588,95.428,4
spotify:track:0uWdYu6qICiGf3S1is8aAO,"Give Me Your Love","INTO THE RED ZONE","SANNI",2022-08-05,196000,10,false,5o8x11qqf7lxqq5f4sirhivr4,2022-08-09T03:09:09Z,"","Sanni / EMPIRE",0.325,0.267,5,-7.747,1,0.0299,0.883,0,0.118,0.149,60.648,3
spotify:track:5tnpSQClW40rHRfMvCqijS,"pieces","flora + fana","Fana Hues",2022-03-25,164163,0,false,5o8x11qqf7lxqq5f4sirhivr4,2022-08-09T03:09:14Z,"alternative r&b","Bright Antenna",0.664,0.505,11,-6.332,0,0.0458,0.456,0.019,0.118,0.48,99.879,4
spotify:track:7mRYc7MBzPiQpW1wlVdz4w,"Do 2 Me","Do 2 Me","Grimm Lynn;Flwr Chyld",2021-10-22,200000,29,true,5o8x11qqf7lxqq5f4sirhivr4,2022-08-09T03:09:19Z,"neo soul,alternative r&b,indie r&b","Grimm Lynn",0.532,0.499,10,-6.745,0,0.164,0.00154,0.245,0.154,0.806,101.719,4
spotify:track:3RhEOUwqyGU0nKZ0AYgWSe,"On My Way","On My Way","bLAck pARty",2022-06-16,163764,18,false,5o8x11qqf7lxqq5f4sirhivr4,2022-08-09T03:09:22Z,"indie soul,alternative r&b","Wolf+Rothstein/RCA Records",0.762,0.366,0,-11.328,1,0.0543,0.426,0,0.124,0.272,85.039,4
spotify:track:1zm4wE5UxlqWMkaGWcopsj,"Avalanche","Avalanche","reggie;Smino",2021-09-22,148280,39,true,5o8x11qqf7lxqq5f4sirhivr4,2022-08-09T03:09:26Z,"","Stomp Down",0.694,0.796,1,-6.7,0,0.302,0.209,0.0000309,0.288,0.919,156.861,4
spotify:track:5KfUqRRbm6ACSzLxUS57R2,"Sugar","Sugar","Unusual Demont",2022-07-27,114416,0,true,5o8x11qqf7lxqq5f4sirhivr4,2022-08-09T03:09:31Z,"alternative r&b","Avant Garden",0.841,0.354,9,-7.699,1,0.321,0.136,0.000706,0.0693,0.962,134.936,4
spotify:track:6YTZ3l7vbx2lrJYl60uxXS,"tea","tea","emawk",2019-12-12,221789,36,false,5o8x11qqf7lxqq5f4sirhivr4,2022-08-09T03:09:35Z,"alternative r&b","emawk",0.65,0.363,5,-8.907,1,0.0493,0.737,0.0000022,0.312,0.436,159.944,4
spotify:track:57VDhn2DUPl1rXuQF3bvgs,"Red Room - Nick Hakim Remix","Mood Variant (The Remixes)","Hiatus Kaiyote;Nick Hakim",2022-04-08,299699,30,false,5o8x11qqf7lxqq5f4sirhivr4,2022-08-09T03:09:39Z,"neo soul,indie soul,alternative r&b","Brainfeeder",0.624,0.402,1,-12.344,1,0.038,0.304,0.166,0.135,0.2,144.492,4
spotify:track:3ZptYblxFPhvIJ0RRRozk9,"Tiptoeing","Tiptoeing","Hope Tala",2021-10-20,155680,48,false,5o8x11qqf7lxqq5f4sirhivr4,2022-08-09T03:09:43Z,"alternative r&b","EMI",0.618,0.8,0,-5.584,1,0.087,0.268,0,0.227,0.632,166.069,4
spotify:track:7yJ1KekatthELLQTE1VRc7,"Xtasy","Xtasy","Ravyn Lenae",2022-05-17,178200,0,false,5o8x11qqf7lxqq5f4sirhivr4,2022-08-09T03:09:46Z,"alternative r&b,indie soul","Atlantic Records",0.615,0.759,5,-8.334,1,0.0823,0.205,0.000226,0.101,0.717,107.05,4
spotify:track:6wl5IN0HxYpqPJiG9ipWHG,"BAD bad","flora + fana","Fana Hues",2022-03-25,169579,0,false,5o8x11qqf7lxqq5f4sirhivr4,2022-08-09T03:09:57Z,"alternative r&b","Bright Antenna",0.64,0.457,0,-8.167,0,0.0621,0.304,0.0163,0.111,0.371,75.993,4
spotify:track:5rFtI5SpdK3VT7vmd0GAhs,"Home Maker (Edit)","Home Maker","Sudan Archives",2022-03-16,232967,23,true,5o8x11qqf7lxqq5f4sirhivr4,2022-08-09T03:10:02Z,"alternative r&b,indie soul","Stones Throw Records",0.827,0.633,1,-6.483,1,0.0466,0.00308,0.00803,0.0749,0.794,106.991,4
spotify:track:5RMe2tA7RRyWP3cb3upPLd,"Heaven","R&B?","Tierra Whack",2021-12-16,179439,34,false,5o8x11qqf7lxqq5f4sirhivr4,2022-08-09T03:10:07Z,"alternative r&b","Interscope Records",0.827,0.229,8,-12.354,1,0.147,0.515,0.00155,0.1,0.146,107.035,4
spotify:track:2qEyhtx20tSCSubM3JXhxu,"CYBAH (feat. Lucky Daye)","CYBAH (feat. Lucky Daye)","Syd;Lucky Daye",2022-03-18,244138,34,false,5o8x11qqf7lxqq5f4sirhivr4,2022-08-09T03:10:11Z,"alternative r&b","Columbia",0.722,0.467,5,-7.519,0,0.077,0.0537,0.000557,0.122,0.68,74.968,4
spotify:track:5f7us9O5oOi4QqSpehe3Qo,"Stuck In The Middle","Stuck In The Middle","Greentea Peng",2022-06-10,166186,40,false,5o8x11qqf7lxqq5f4sirhivr4,2022-08-09T03:10:15Z,"alternative r&b,neo soul","EMI",0.832,0.412,1,-9.541,1,0.0727,0.218,0.0362,0.117,0.485,99.994,4
spotify:track:7v7A2gqJVvSrSl5xOjJaOf,"I Got It","I Got It","Ogi",2022-02-09,207200,0,true,5o8x11qqf7lxqq5f4sirhivr4,2022-08-09T03:10:19Z,"retro soul","P2022",0.724,0.711,6,-6.938,0,0.242,0.594,0.00000286,0.135,0.407,139.914,4
spotify:track:5uJK1i4LU4I5Ai5qCeHonu,"Pink + White - Live at Electric Lady","Live at Electric Lady","Remi Wolf",2022-08-04,233406,0,false,5o8x11qqf7lxqq5f4sirhivr4,2022-08-09T03:10:23Z,"","Island Records",0.498,0.468,9,-6.17,1,0.0502,0.133,0,0.103,0.55,148.266,3
spotify:track:2e4oIsOkGJNQ4Ab9sjOm52,"Love Overgrown","Asha’s Awakening","Raveena",2022-02-11,200440,30,true,5o8x11qqf7lxqq5f4sirhivr4,2022-08-09T03:10:28Z,"alternative r&b,indie soul","Warner Records",0.369,0.337,9,-11.194,1,0.0872,0.751,0.00216,0.096,0.224,77.402,4
spotify:track:1N3br7Nh0Dz80SjntIRDIG,"elephant in the room","elephant in the room","untradition",2022-04-01,199107,9,false,5o8x11qqf7lxqq5f4sirhivr4,2022-08-09T03:10:32Z,"alternative r&b","untradition",0.548,0.469,2,-9.964,1,0.0275,0.00126,0.000196,0.15,0.218,107.984,3
spotify:track:3ceTUPvI4JAuSwFWfeB7Ym,"Selfish Soul","Selfish Soul","Sudan Archives",2022-05-18,142666,39,true,5o8x11qqf7lxqq5f4sirhivr4,2022-08-09T03:10:46Z,"alternative r&b,indie soul","Stones Throw Records",0.677,0.551,7,-7.963,1,0.0293,0.0206,0.269,0.088,0.246,106.954,4
spotify:track:7CBlZqB7b1AcXksVCoiWZX,"Apple","Apple","KAINA",2022-01-19,204467,0,false,5o8x11qqf7lxqq5f4sirhivr4,2022-08-09T03:10:50Z,"latin indie","City Slang",0.65,0.691,8,-12.25,1,0.0402,0.352,0.0535,0.0688,0.444,104.963,4
spotify:track:0RGOkqLOtfL21gkYUaO9WT,"IDFK","3rr0r","Rowena Fysx",2021-07-02,184016,11,false,5o8x11qqf7lxqq5f4sirhivr4,2022-08-09T03:10:54Z,"alternative r&b","Art of Attitude",0.457,0.339,8,-14.178,1,0.0392,0.704,0.278,0.116,0.215,119.482,4
spotify:track:3FiUsaCzKWi943pk0G9F0o,"i'm fine","i'm fine","Fousheé",2022-05-20,100053,23,false,5o8x11qqf7lxqq5f4sirhivr4,2022-08-09T03:10:58Z,"indie r&b","Trackmasters Entertainment/RCA Records",0.427,0.341,6,-7.737,1,0.0345,0.779,0.00000465,0.138,0.402,76.86,4
spotify:track:2C1OMq2BQcorVdAPZOFeyK,"BREADWINNER","BREADWINNER","Floyd Fuji;Topaz Jones",2022-06-08,198302,0,false,5o8x11qqf7lxqq5f4sirhivr4,2022-08-09T03:11:02Z,"","Snafu Records",0.69,0.763,5,-4.402,1,0.0404,0.0203,0,0.316,0.485,108.995,4
spotify:track:4I0lAql698rA7kNmRnKbSX,"Suppress","Suppress (Original)","Dylan Sinclair",2022-02-25,192000,19,false,5o8x11qqf7lxqq5f4sirhivr4,2022-08-09T03:11:05Z,"indie r&b","Five Stone Records Inc.",0.811,0.473,8,-10.894,0,0.25,0.669,0.00388,0.107,0.602,110.019,4
spotify:track:3Sk51FK0sTdiRQN477u5oq,"BOWLiNG (feat. Thundercat)","NOT TiGHT","DOMi & JD BECK;Thundercat",2022-07-29,119999,44,true,5o8x11qqf7lxqq5f4sirhivr4,2022-08-09T03:11:09Z,"jazz fusion","Blue Note Records",0.646,0.59,11,-12.644,1,0.0796,0.737,0.946,0.0847,0.878,194.914,3
spotify:track:0fEOgoj7Zys48o7BviBySo,"Amphetamines","Don't Go Tellin' Your Momma","Topaz Jones;anaiis",2021-04-23,166871,26,false,5o8x11qqf7lxqq5f4sirhivr4,2022-08-09T03:11:19Z,"","New Funk Academy / Black Canopy",0.68,0.763,10,-5.692,0,0.121,0.265,0,0.602,0.882,117.086,4
spotify:track:2vzbsLzYwD9St0phYhR0Lt,"Drive","Drive","See You Next Year;Fana Hues;Mike Dean",2022-06-10,145945,17,false,5o8x11qqf7lxqq5f4sirhivr4,2022-08-09T03:11:22Z,"lo-fi indie","Big.Ass.Kids",0.534,0.607,7,-7.774,0,0.277,0.198,0.0000118,0.143,0.789,147.497,4
spotify:track:7LKeX6HZw7lSSlaLRGMWWY,"Keep Your Head Up","Keep Your Head Up","Khi Infinite",2022-04-28,163725,0,false,5o8x11qqf7lxqq5f4sirhivr4,2022-08-09T03:11:27Z,"","Artist Partner Group, Inc.",0.809,0.181,4,-10.383,0,0.0367,0.864,0.000119,0.112,0.307,100.019,4
spotify:track:1pDOIIp3aHcabzH6lzEaef,"Good Mornin'","Good Mornin'","Flwr Chyld;Sebastian Mikael",2022-06-17,142351,0,false,5o8x11qqf7lxqq5f4sirhivr4,2022-08-09T03:11:32Z,"indie r&b,alternative r&b,neo soul","Garden Records LLC",0.914,0.451,1,-9.353,1,0.241,0.00231,0.146,0.166,0.414,96.096,4
spotify:track:0Eto5S71KnEkPzmFGUM6TM,"Nothing","Nothing","Ojerime",2022-07-06,176456,4,false,5o8x11qqf7lxqq5f4sirhivr4,2022-08-09T03:11:37Z,"alternative r&b,uk r&b","NEVER SEVEN",0.638,0.43,0,-6.576,1,0.0388,0.136,0.000354,0.112,0.194,126.214,4
spotify:track:3fyoU0LaGw1yqxK2bbWcOJ,"2 DOGS 1 LEASH","2 DOGS 1 LEASH","Noah Guy",2022-07-29,162461,0,true,5o8x11qqf7lxqq5f4sirhivr4,2022-08-09T03:11:40Z,"","10K Projects",0.746,0.542,1,-9.355,1,0.0804,0.559,0.0166,0.18,0.408,129.877,4
spotify:track:53EbYYpaomLSsQNP9SHoCc,"Let it Flow","PSA","Peyton;Brice Blanco",2021-07-23,207243,16,true,5o8x11qqf7lxqq5f4sirhivr4,2022-08-09T03:11:44Z,"alternative r&b","Stones Throw Records",0.744,0.406,0,-9.114,1,0.0515,0.136,0.114,0.0927,0.777,150.001,4
spotify:track:0VGgkl6AAAmr6V2jvG98CZ,"You're The One - Spotify Singles","Spotify Singles","Arlo Parks",2022-03-28,229341,32,false,5o8x11qqf7lxqq5f4sirhivr4,2022-08-09T03:11:48Z,"","Transgressive",0.47,0.182,9,-13.444,0,0.11,0.945,0.000562,0.0973,0.13,95.139,3
spotify:track:2iq4Pc3NhTJU466gppAKCX,"Problems","Problems","St. Panther",2021-09-17,154768,0,false,5o8x11qqf7lxqq5f4sirhivr4,2022-08-09T03:11:52Z,"alternative r&b","Nice Life Recording Company and How So Records",0.812,0.539,11,-7.24,0,0.125,0.235,0.749,0.11,0.195,99.929,4
spotify:track:6oNlhbPtDLVMcSKzloa3WO,"Most Men - A COLORS SHOW","Most Men - A COLORS SHOW","Amber Mark",2022-01-06,253375,38,true,5o8x11qqf7lxqq5f4sirhivr4,2022-08-09T03:11:56Z,"alternative r&b,indie soul","EMI",0.425,0.393,1,-7.241,1,0.173,0.658,0.0000038,0.108,0.199,89.992,4
spotify:track:6ihpg1nZjVS5N7rLIWeEXn,"COMPLEX OF KILLING A MAN","COMPLEX OF KILLING A MAN","BLK ODYSSY;Baby Rose",2022-05-25,191024,17,true,5o8x11qqf7lxqq5f4sirhivr4,2022-08-09T03:12:03Z,"alternative r&b","EARTHCHILD / EMPIRE",0.453,0.593,8,-7.901,0,0.382,0.289,0.00513,0.247,0.561,165.985,4
spotify:track:1ThVOUDQwQsgeSdoxrkPGc,"Grown","Grown","Brahny",2022-02-22,196880,0,false,5o8x11qqf7lxqq5f4sirhivr4,2022-08-09T03:12:07Z,"lo-fi indie","Independent",0.76,0.562,2,-7.874,1,0.0617,0.471,0.00389,0.148,0.322,100.018,4
spotify:track:3L7HXWRZMkSR7dEi4ttJOj,"Trouble","Trouble","Joy Crookes",2021-10-12,184015,28,false,5o8x11qqf7lxqq5f4sirhivr4,2022-08-09T03:12:11Z,"alternative r&b","Speakerbox Recordings",0.608,0.613,11,-5.221,1,0.277,0.348,0,0.187,0.702,168.307,4
spotify:track:1Krmuryy2a0MG3SQDlxM0T,"alright","alright","Yaya Bey",2022-04-20,188396,10,false,5o8x11qqf7lxqq5f4sirhivr4,2022-08-09T03:12:23Z,"","Big Dada",0.545,0.465,6,-10.482,1,0.114,0.401,0.00372,0.0999,0.482,92.623,4
spotify:track:5NPNg1glR6Mo2zprm832qW,"Heatwave","Strawberry Moon","Raury",2022-06-14,256000,21,true,5o8x11qqf7lxqq5f4sirhivr4,2022-08-09T03:12:27Z,"","THE WOODS",0.741,0.617,2,-7.718,0,0.0997,0.0898,0.0000302,0.0728,0.429,119.459,4
spotify:track:6ktq7bBlxFi3aPexm5N31m,"either side","either side","LOONY",2021-05-21,167213,0,false,5o8x11qqf7lxqq5f4sirhivr4,2022-08-09T03:12:31Z,"alternative r&b","LOONY",0.791,0.268,7,-6.417,1,0.0496,0.66,0.000346,0.095,0.363,122.194,4
spotify:track:6vhrwbHQjl4klPXlPLnar4,"Cherie","Cherie","Brandon",2022-07-27,205536,0,false,5o8x11qqf7lxqq5f4sirhivr4,2022-08-09T03:12:35Z,"indie r&b,alternative r&b","Brandon",0.391,0.418,8,-8.156,1,0.0581,0.765,0.000142,0.154,0.466,204.98,4
spotify:track:0kzUzaT9BZzrXXloLk49ig,"Stuck","Stuck","Samaria",2021-09-17,158272,0,false,5o8x11qqf7lxqq5f4sirhivr4,2022-08-09T03:12:40Z,"","BSTL",0.796,0.415,5,-7.95,0,0.104,0.301,0,0.111,0.615,120.274,3
spotify:track:7G07BhMd2IrDD23C0MHsww,"Outta This World","Outta This World","Harrison;TOBi",2022-03-10,165544,0,true,5o8x11qqf7lxqq5f4sirhivr4,2022-08-09T03:12:47Z,"city pop,vaporwave,alternative hip hop","Last Gang",0.738,0.5,10,-7.496,1,0.208,0.833,0.00012,0.109,0.373,96.858,4
spotify:track:3f8qaN6X27sLRXlYwf3UKC,"OCCASION","OCCASION","SIPHO.",2022-01-20,245466,40,false,5o8x11qqf7lxqq5f4sirhivr4,2022-08-09T03:12:50Z,"uk r&b,alternative r&b","Dirty Hit",0.693,0.392,7,-9.638,1,0.0372,0.373,0.0401,0.167,0.0498,110.019,4
spotify:track:6lK1CXqgDMcyTz2XoSJpJi,"Little Choices","Debt, Fools & Dirt","TAXIIGO",2022-06-08,215659,0,false,5o8x11qqf7lxqq5f4sirhivr4,2022-08-09T03:12:55Z,"alternative r&b","TAXIIGO",0.389,0.458,9,-11.403,0,0.0445,0.0687,0.263,0.114,0.0608,72.467,4
spotify:track:1NxCtk7ybnoLfNBBnMg5oM,"slideshow","nice","Amindi",2021-07-28,101298,37,true,5o8x11qqf7lxqq5f4sirhivr4,2022-08-09T03:12:59Z,"dancehall","THAT'S NASTY / Human Re Sources",0.693,0.623,11,-5.37,1,0.05,0.0011,0.0024,0.0504,0.902,76.972,4
spotify:track:6Xaq6pQGv71etJZNSFSGKl,"Apologies","Apologies","Rowena Fysx",2022-04-28,237011,32,false,5o8x11qqf7lxqq5f4sirhivr4,2022-08-09T03:13:02Z,"alternative r&b","Art of Attitude",0.484,0.438,11,-5.988,0,0.0447,0.247,0.00882,0.134,0.14,86.905,4
spotify:track:7BUnSvQPU5m830Et7fLAZt,"Rider","AZEB - EP","Mereba",2021-05-26,165186,54,true,5o8x11qqf7lxqq5f4sirhivr4,2022-08-09T03:13:06Z,"alternative r&b","UMGRI Interscope",0.588,0.448,5,-11.497,0,0.0545,0.793,0.567,0.0931,0.547,94.701,4
spotify:track:0mRbKcvmbbUtfFyfeFHCJa,"Sunshine (feat. Fousheé)","Sunshine (feat. Fousheé)","Steve Lacy;Fousheé",2022-07-13,293426,63,false,5o8x11qqf7lxqq5f4sirhivr4,2022-08-09T03:13:39Z,"indie r&b","L-M Records/RCA Records",0.695,0.69,1,-5.805,0,0.0233,0.0328,0.697,0.113,0.741,92.977,4
spotify:track:55DyBUkjebkcYhDGfEXitR,"Cariño","Cariño","The Marías",2018-08-17,258713,1,false,5o8x11qqf7lxqq5f4sirhivr4,2022-08-09T03:13:43Z,"bedroom pop","Superclean Records",0.647,0.385,0,-13.717,0,0.0295,0.402,0.0569,0.117,0.66,113.982,4
spotify:track:4KIfmpX4FUfGHFPggdT7yb,"#miles","#miles (OMG edit)","skaiwater",2022-07-18,115138,27,false,5o8x11qqf7lxqq5f4sirhivr4,2022-08-09T03:13:47Z,"jersey club,hyperpop","Cinematic Music Group",0.39,0.305,8,-13.392,0,0.0555,0.489,0.0687,0.155,0.166,157.155,4
spotify:track:4PvbbMYL4fkToni5BLaYRb,"Softly","Immunity","Clairo",2019-08-02,185306,2,false,5o8x11qqf7lxqq5f4sirhivr4,2022-08-09T03:13:52Z,"bedroom pop","FADER Label",0.759,0.436,0,-11.233,0,0.0419,0.33,0.0113,0.102,0.782,94.03,4
spotify:track:0a0EYuSVqeVqV8kjN9bFYC,"Techno Show","Being So Normal","Peach Pit",2018-06-28,226613,57,false,5o8x11qqf7lxqq5f4sirhivr4,2022-08-09T03:13:56Z,"","Columbia",0.605,0.724,1,-7.729,0,0.0441,0.121,0.431,0.108,0.898,89.403,4
spotify:track:1zFbBrZmJr1Z49HYe84dBg,"Harvey","Invitation to Her's","Her's",2018-08-24,211165,83,false,5o8x11qqf7lxqq5f4sirhivr4,2022-08-09T03:14:00Z,"indie","Heist Or Hit Records",0.588,0.855,9,-6.153,1,0.0372,0.0735,0.815,0.128,0.717,141.941,4
spotify:track:2Tsz0PAbba4ZxXi9Erfm6F,"need","need","keltiey",2022-07-29,158660,0,true,5o8x11qqf7lxqq5f4sirhivr4,2022-08-09T03:14:04Z,"jersey club","BLACK RECORDS ENT.",0.526,0.684,7,-7.922,1,0.23,0.00334,0.722,0.123,0.399,146.088,4
spotify:track:41P6Tnd8KIHqON0QIydx6a,"the perfect pair","Beatopia","beabadoobee",2022-07-15,177533,85,false,5o8x11qqf7lxqq5f4sirhivr4,2022-08-09T03:14:08Z,"bedroom pop","Dirty Hit",0.634,0.663,11,-6.818,1,0.0331,0.433,0.124,0.102,0.6,146.053,4
spotify:track:0nMqu5vN44GNv8UOQxmBJK,"Malibu 1992","How Will You Know If You Never Try","COIN",2017-04-21,341200,57,false,5o8x11qqf7lxqq5f4sirhivr4,2022-08-09T03:14:13Z,"","StarTime International/Columbia",0.559,0.32,6,-7.694,1,0.0414,0.0644,0.132,0.173,0.497,147.366,4
spotify:track:6lxJDscGCALBzA0BdhGCiL,"It Gets Better","Pony","Rex Orange County",2019-10-25,212892,50,false,5o8x11qqf7lxqq5f4sirhivr4,2022-08-09T03:14:17Z,"bedroom pop","Rex Orange County",0.704,0.379,5,-8.488,1,0.0318,0.482,0,0.0684,0.521,121.995,4
spotify:track:62JzTgFcJ4BX07AktKmB1S,"Insomniac","Songs & Demos 2015-2017","Memo Boy;Chakra Efendi",2021-06-04,212307,0,false,5o8x11qqf7lxqq5f4sirhivr4,2022-08-09T03:14:21Z,"","PLZ Make It Ruins",0.517,0.713,2,-8.508,1,0.0403,0.243,0.852,0.133,0.367,129.917,4
spotify:track:46KDhb0puoTbMNui2qNBmj,"To Love a Boy","To Love a Boy / Stay Open","Maya Hawke",2019-08-16,137946,50,false,5o8x11qqf7lxqq5f4sirhivr4,2022-08-09T03:14:26Z,"","Secret Sun Recordings",0.683,0.195,3,-13.558,0,0.0293,0.878,0.0187,0.0867,0.337,99.742,3
spotify:track:4jonEzO6nIIBt5xPGsyOA0,"Romantic Homicide","Romantic Homicide","d4vd",2022-07-20,132630,0,false,5o8x11qqf7lxqq5f4sirhivr4,2022-08-09T03:14:31Z,"","3519830 Records DK",0.556,0.55,6,-10.601,1,0.034,0.447,0.0104,0.321,0.196,131.969,4
spotify:track:5uXO1sjZ7VbNKexKaFRna3,"Please Do Not Lean (feat. BADBADNOTGOOD)","Please Do Not Lean","Daniel Caesar;BADBADNOTGOOD",2022-04-22,240937,59,false,5o8x11qqf7lxqq5f4sirhivr4,2022-08-09T03:14:36Z,"","Republic Records",0.67,0.41,1,-13.444,1,0.0381,0.241,0.00000855,0.167,0.46,127.972,4
spotify:track:00imgaPlYRrMGn9o83hfmk,"LOOSE CHANGE","WASTELAND","Brent Faiyaz",2022-07-08,226011,63,true,5o8x11qqf7lxqq5f4sirhivr4,2022-08-09T03:14:40Z,"r&b","Lost Kids LLC., Marketed by Venice / Stem",0.574,0.369,1,-8.931,0,0.0814,0.753,0,0.147,0.44,84.975,4
spotify:track:1GY1aODWhIPUmLNitZMgRL,"RESTORE THE FEELING","CASE STUDY 01","Daniel Caesar;Sean Leon;Jacob Collier",2019-06-28,214011,0,true,5o8x11qqf7lxqq5f4sirhivr4,2022-08-09T03:14:45Z,"","Golden Child Recordings",0.541,0.393,10,-13.19,1,0.262,0.615,0.000034,0.192,0.564,58.387,4
spotify:track:0b6l1obmzq1YrqiKBVLtIo,"FRONTAL LOBE MUZIK","CASE STUDY 01","Daniel Caesar;Pharrell Williams",2019-06-28,229401,0,true,5o8x11qqf7lxqq5f4sirhivr4,2022-08-09T03:14:50Z,"","Golden Child Recordings",0.681,0.568,11,-6.264,0,0.136,0.439,0.000173,0.446,0.301,140.004,4
spotify:track:1CrPPsibP3uTc3DSI5vQC5,"fue mejor (feat. SZA)","fue mejor (feat. SZA)","Kali Uchis;SZA",2021-09-29,230964,58,true,5o8x11qqf7lxqq5f4sirhivr4,2022-08-09T03:14:54Z,"r&b","EMI / Interscope",0.769,0.384,5,-7.414,0,0.0353,0.239,0.000227,0.0762,0.23,106.002,4
spotify:track:08SB2OtZkaliju77WYEKxk,"No Love (with SZA)","Still Over It","Summer Walker;SZA",2021-11-05,231497,73,true,5o8x11qqf7lxqq5f4sirhivr4,2022-08-09T03:15:05Z,"r&b","LVRN/Interscope Records",0.707,0.618,1,-5.825,0,0.19,0.17,0,0.293,0.517,133.876,4
spotify:track:3rPaugbuZuIKJpVnF3b1RK,"honey baby (SPOILED!)","TO FEEL ALIVE EP","Kali Uchis",2020-04-24,124651,53,true,5o8x11qqf7lxqq5f4sirhivr4,2022-08-09T03:15:09Z,"","EMI",0.713,0.405,10,-9.886,0,0.037,0.802,0.00000103,0.0994,0.114,128.994,4
spotify:track:0AzacpqYhvdOSbFvJ6eCKr,"Only If","Apollo XXI","Steve Lacy",2019-05-24,100562,0,false,5o8x11qqf7lxqq5f4sirhivr4,2022-08-09T03:15:14Z,"","3qtr",0.811,0.401,4,-4.909,1,0.0409,0.105,0,0.0785,0.815,86.023,4
spotify:track:7sg9kDT8H2P0wPACXnWRdN,"Tamagotchi","Ivory","Omar Apollo",2022-04-08,168920,47,true,5o8x11qqf7lxqq5f4sirhivr4,2022-08-09T03:15:36Z,"bedroom pop","Warner Records",0.755,0.514,11,-6.942,0,0.173,0.083,0,0.128,0.553,133.1,4
spotify:track:24G1PXBWoRgV0wDXZKwxzz,"N Side","Apollo XXI","Steve Lacy",2019-05-24,224444,0,false,5o8x11qqf7lxqq5f4sirhivr4,2022-08-09T03:15:45Z,"","3qtr",0.838,0.536,2,-6.288,1,0.0435,0.072,0.000259,0.208,0.89,119.956,4
spotify:track:6M0EP76qW9TG4SNU0agu94,"Uuuu","The Lo-Fis","Steve Lacy",2020-12-04,90708,72,false,5o8x11qqf7lxqq5f4sirhivr4,2022-08-09T03:15:51Z,"","L-M Records",0.947,0.616,9,-3.602,1,0.0415,0.0168,0.259,0.0658,0.968,127.082,4
spotify:track:300DUx4tdtCdGEUXR032jA,"Palace/Curse (feat. Tyler, The Creator & Steve Lacy)","Ego Death","The Internet;Tyler, The Creator;Steve Lacy",2015-06-26,440003,63,true,5o8x11qqf7lxqq5f4sirhivr4,2022-08-09T03:15:55Z,"alternative r&b,neo soul","Odd Future",0.447,0.625,10,-8.212,0,0.323,0.0351,0.000727,0.243,0.261,67.104,4
spotify:track:105d0lOPEis24ZdvOllxJp,"Right Track (feat. Smino)","Broken Hearts Club","Syd;Smino",2022-04-08,158271,35,true,5o8x11qqf7lxqq5f4sirhivr4,2022-08-09T03:15:59Z,"alternative r&b","Columbia",0.806,0.557,9,-6.007,1,0.0767,0.184,0,0.168,0.815,113.033,4
spotify:track:2ezzd77TFTHCK2EuV6Y8uF,"Lay Me Down","Apollo XXI","Steve Lacy",2019-05-24,183074,0,false,5o8x11qqf7lxqq5f4sirhivr4,2022-08-09T03:16:04Z,"","3qtr",0.543,0.59,9,-9.379,0,0.0393,0.0242,0.0404,0.577,0.741,79.882,3
spotify:track:7M8a9oRyKFd0OREIPosOGl,"Sweet","Broken Hearts Club","Syd",2022-04-08,150000,27,false,5o8x11qqf7lxqq5f4sirhivr4,2022-08-09T03:16:07Z,"alternative r&b","Columbia",0.652,0.606,0,-6.101,1,0.0825,0.429,0.00149,0.149,0.391,119.943,4
spotify:track:5GUYJTQap5F3RDQiCOJhrS,"Self Control","Blonde","Frank Ocean",2016-08-20,249667,79,false,5o8x11qqf7lxqq5f4sirhivr4,2022-08-09T03:16:13Z,"","Boys Don't Cry",0.581,0.21,8,-10.426,1,0.0321,0.768,0,0.369,0.452,80.099,4
spotify:track:41o2ydrj7Xm9Yt5odIBqq4,"Velvet Light","Velvet Light","Jakob",2018-04-05,141587,58,false,5o8x11qqf7lxqq5f4sirhivr4,2022-08-09T03:16:17Z,"bedroom pop","Playground Music",0.67,0.419,6,-10.523,0,0.0751,0.75,0.135,0.0976,0.513,77.919,4
spotify:track:3xKsf9qdS1CyvXSMEid6g8,"Pink + White","Blonde","Frank Ocean",2016-08-20,184516,89,false,5o8x11qqf7lxqq5f4sirhivr4,2022-08-09T03:16:20Z,"","Boys Don't Cry",0.545,0.545,9,-7.362,1,0.107,0.667,0.0000548,0.417,0.549,159.94,3
spotify:track:1boXOL0ua7N2iCOUVI1p9F,"Japanese Denim","Get You - Single","Daniel Caesar",2016-10-21,270846,5,true,5o8x11qqf7lxqq5f4sirhivr4,2022-08-09T03:16:25Z,"","Daniel Caesar",0.707,0.238,3,-8.818,1,0.0379,0.0905,0.00000242,0.0842,0.345,124.156,3
spotify:track:1AUA7JlrARv430PUJRK0Lp,"American Boyfriend","American Boyfriend: A Suburban Love Story","Kevin Abstract",2016-11-18,238248,46,true,5o8x11qqf7lxqq5f4sirhivr4,2022-08-09T03:16:29Z,"","QUESTION EVERYTHING, INC. / EMPIRE",0.463,0.698,1,-4.456,1,0.0368,0.0215,0.00000465,0.238,0.351,93.072,4
spotify:track:6OpU3cvY19M2hFxTbLKy5L,"Juno","Honeybloom","Choker",2018-08-03,231680,50,true,5o8x11qqf7lxqq5f4sirhivr4,2022-08-09T03:16:34Z,"alternative r&b","Jet Fuzz",0.438,0.266,7,-12.863,1,0.0363,0.922,0.000298,0.148,0.116,120.075,4
spotify:track:7d6MywFjsWZuDdpGOa6orT,"Cupid","Boy in Jeans","Ryan Beatty",2018-07-20,175324,44,true,5o8x11qqf7lxqq5f4sirhivr4,2022-08-09T03:16:37Z,"","Boy in Jeans",0.465,0.259,7,-8.028,1,0.0356,0.832,0,0.118,0.185,91.706,4
spotify:track:1NlGXcWeUSe1s3IgRKcqmB,"Antidote","A Collection of Fleeting Moments and Daydreams","Orion Sun",2020-01-06,169822,59,false,5o8x11qqf7lxqq5f4sirhivr4,2022-08-09T03:16:41Z,"alternative r&b,bedroom pop","orion sun",0.645,0.786,1,-3.995,1,0.188,0.173,0,0.137,0.452,81.917,4
spotify:track:5WbfFTuIldjL9x7W6y5l7R,"Kingston","Atlanta Millionaires Club","Faye Webster",2019-05-24,202653,79,false,5o8x11qqf7lxqq5f4sirhivr4,2022-08-09T03:16:46Z,"","Secretly Canadian",0.73,0.355,10,-9.13,0,0.0359,0.154,0.00155,0.117,0.56,142.143,4
spotify:track:7G7zCzvyqz39BFE7TqPM3O,"All Your Love","All Your Love","Jakob",2017-01-27,175241,55,false,5o8x11qqf7lxqq5f4sirhivr4,2022-08-09T03:16:50Z,"bedroom pop","Playground Music",0.568,0.587,11,-8.814,0,0.127,0.293,0.329,0.137,0.491,174.682,4
spotify:track:3oX7VxSz6EHHnxKGUjk9sx,"Let You Break My Heart Again","Let You Break My Heart Again","Laufey;Philharmonia Orchestra",2021-08-13,269066,0,false,5o8x11qqf7lxqq5f4sirhivr4,2022-08-09T03:16:56Z,"opera,classical,orchestral","Laufey",0.26,0.144,2,-15.126,1,0.036,0.965,0.113,0.111,0.127,80.428,4
spotify:track:2RjsAYVbdZPISqnsWd3Hup,"You and I","April","Jakob",2019-09-27,162153,54,false,5o8x11qqf7lxqq5f4sirhivr4,2022-08-09T03:17:00Z,"bedroom pop","Playground Music",0.804,0.622,0,-9.803,1,0.0389,0.11,0.293,0.141,0.764,110.003,4
spotify:track:7a2IJHzw9WJjoknwdnCop0,"hello!","oh, how perfect","ROLE MODEL",2019-11-13,188546,54,false,5o8x11qqf7lxqq5f4sirhivr4,2022-08-09T03:17:28Z,"bedroom pop","Interscope Records",0.791,0.462,10,-4.023,1,0.0383,0.505,0,0.0991,0.556,125.913,4
spotify:track:6Jl3ZOX6MUOlyoUc721bsX,"A Song About Being Sad","Bcos U Will Never B Free","Rex Orange County",2016-11-07,136000,0,true,5o8x11qqf7lxqq5f4sirhivr4,2022-08-09T03:17:37Z,"bedroom pop","Rex Orange County",0.567,0.263,5,-13.51,1,0.103,0.891,0,0.183,0.247,111.86,4
spotify:track:1jas4QjqGPF9jIYukRMKke,"Oh Yeah, You Gonna Cry?","Pebble Brain","Lovejoy",2021-10-14,169642,0,true,5o8x11qqf7lxqq5f4sirhivr4,2022-08-09T03:17:42Z,"","Anvil Cat Records",0.711,0.696,5,-6.927,0,0.0515,0.00885,0.0000215,0.0755,0.734,110.904,4
spotify:track:37y7iDayfwm3WXn5BiAoRk,"Dark Red","Dark Red","Steve Lacy",2017-02-20,173104,4,false,5o8x11qqf7lxqq5f4sirhivr4,2022-08-09T03:17:46Z,"","Three Quarter",0.603,0.783,6,-4.023,1,0.062,0.449,0.00000796,0.119,0.775,172.041,4
spotify:track:7dJN4NWQuqCjWwIT3UwOps,"Useless","Apolonio","Omar Apollo",2020-10-16,183693,62,false,5o8x11qqf7lxqq5f4sirhivr4,2022-08-09T03:17:52Z,"bedroom pop","Warner Records",0.612,0.565,5,-7.609,1,0.0414,0.585,0.00174,0.0827,0.545,89.895,4
spotify:track:6413UUgINHbZsCJeJBFlmT,"I'm Just Snacking","I'm Just Snacking","Gus Dapperton",2017-05-17,198116,0,false,5o8x11qqf7lxqq5f4sirhivr4,2022-08-09T03:17:56Z,"bedroom pop","Gus Dapperton",0.615,0.475,8,-7.351,0,0.029,0.135,0.0000041,0.235,0.378,127.982,4
spotify:track:795p3jKj5stjPf8IFpZkdD,"ENTROPY","CASE STUDY 01","Daniel Caesar",2019-06-28,261291,1,false,5o8x11qqf7lxqq5f4sirhivr4,2022-08-09T03:18:05Z,"","Golden Child Recordings",0.642,0.527,2,-9.444,1,0.0534,0.808,0.0000428,0.154,0.566,133.062,4
spotify:track:4ZaRg5Sf4TKr0YcFRLh7QJ,"Love Affair","Love Language","UMI",2019-10-30,190960,62,false,5o8x11qqf7lxqq5f4sirhivr4,2022-08-09T03:18:10Z,"","Loud Robot/RCA Records",0.613,0.488,8,-7.37,1,0.0964,0.129,0.0000213,0.335,0.183,172.076,4
spotify:track:4dGuRldChjvboZktprNJFM,"Hush - Still Woozy Remix","Hush (Still Woozy Remix)","The Marías;Still Woozy",2021-09-16,182346,63,false,5o8x11qqf7lxqq5f4sirhivr4,2022-08-09T03:18:14Z,"bedroom pop","Nice Life/Atlantic",0.708,0.554,10,-6.83,0,0.0311,0.403,0.0428,0.126,0.564,103.999,4
spotify:track:74cONkAvny9ekpCm3tFmsn,"SATURDAY MORNING CARTOONS (feat. UMI)","Table of Context","Cautious Clay;UMI",2019-03-27,155428,0,false,5o8x11qqf7lxqq5f4sirhivr4,2022-08-09T03:18:18Z,"","Cautious Clay",0.622,0.399,5,-6.825,1,0.0284,0.609,0.000843,0.14,0.463,104.944,3
spotify:track:02tvc9CFnTyHuSRlGeNv9w,"Corduroy Dreams","Bcos U Will Never B Free","Rex Orange County",2016-11-07,206974,0,true,5o8x11qqf7lxqq5f4sirhivr4,2022-08-09T03:18:23Z,"bedroom pop","Rex Orange County",0.608,0.305,4,-14.037,1,0.053,0.653,0,0.103,0.222,113.818,4
spotify:track:4bEcoz1OcfMgUbp2ft8ieQ,"911 / Mr. Lonely (feat. Frank Ocean & Steve Lacy)","Flower Boy","Tyler, The Creator;Frank Ocean;Steve Lacy",2017-07-21,255653,71,true,5o8x11qqf7lxqq5f4sirhivr4,2022-08-09T03:18:27Z,"","Columbia",0.48,0.61,0,-7.042,1,0.305,0.0456,0,0.313,0.297,90.034,4
spotify:track:5Ss6DqCldgTmIo6BekVOJT,"You Say I'm in Love","You Say I'm in Love","Banes World",2017-01-26,176760,1,false,5o8x11qqf7lxqq5f4sirhivr4,2022-08-09T03:18:33Z,"bedroom pop,lo-fi indie","Banes World",0.625,0.285,1,-16.686,0,0.0537,0.438,0.00279,0.192,0.357,140.02,4
spotify:track:5WYdpemVIdcpu7NPKyeUDA,"Ignorin","Stereo","Omar Apollo",2018-05-30,148357,0,true,5o8x11qqf7lxqq5f4sirhivr4,2022-08-09T03:18:42Z,"bedroom pop","Omar Apollo",0.849,0.49,0,-10.416,1,0.0662,0.0221,0.0701,0.151,0.827,145.022,4
spotify:track:30o8E8pmxyWDVvjud2WE5i,"Basement Jack","Apollo XXI","Steve Lacy",2019-05-24,109818,0,true,5o8x11qqf7lxqq5f4sirhivr4,2022-08-09T03:18:47Z,"","3qtr",0.644,0.931,8,-5.343,0,0.0687,0.148,0.0558,0.386,0.912,174.881,4
spotify:track:5WNYg3usc6H8N3MBEp4zVk,"Boredom (feat. Rex Orange County & Anna of the North)","Flower Boy","Tyler, The Creator;Rex Orange County;Anna of the North",2017-07-21,320720,68,true,5o8x11qqf7lxqq5f4sirhivr4,2022-08-09T03:18:54Z,"bedroom pop","Columbia",0.559,0.578,8,-9.54,1,0.151,0.79,0.000522,0.324,0.239,79.938,4
spotify:track:7mrEpwmQJ7qK1ik7ZjjcdD,"Clueless","Clueless","The Marías",2018-09-06,227234,0,false,5o8x11qqf7lxqq5f4sirhivr4,2022-08-09T03:18:57Z,"bedroom pop","Superclean Records",0.829,0.232,2,-16.553,1,0.0415,0.644,0.151,0.257,0.52,94.007,4
spotify:track:5jLjUQIa8fV6erihJb1App,"SHOOT ME DOWN","WHO CARES?","Rex Orange County",2022-03-11,292466,46,false,5o8x11qqf7lxqq5f4sirhivr4,2022-08-09T03:19:10Z,"bedroom pop","Rex Orange County",0.615,0.606,11,-8.553,0,0.0325,0.485,0.00894,0.0863,0.48,139.246,4
spotify:track:3OYSWIgKXiwjutuQ4NEk1b,"wtf","Soy Pablo","boy pablo",2018-10-05,72187,51,false,5o8x11qqf7lxqq5f4sirhivr4,2022-08-09T03:19:16Z,"bedroom pop","U OK?",0.714,0.567,6,-10.738,1,0.0325,0.0496,0.000115,0.0586,0.954,127.972,4
spotify:track:5UEURoNHyyLDFffVGCt07b,"Know Love","Bcos U Will Never B Free","Rex Orange County",2016-11-07,241000,0,true,5o8x11qqf7lxqq5f4sirhivr4,2022-08-09T03:19:23Z,"bedroom pop","Rex Orange County",0.424,0.235,8,-20.423,1,0.0434,0.541,0.0000457,0.136,0.187,120.204,4
spotify:track:2wsa9Re66HqlOkgb3DpnBX,"Computer Luv (feat. Steve Lacy)","Crush EP","Ravyn Lenae;Steve Lacy",2018-02-09,162063,56,false,5o8x11qqf7lxqq5f4sirhivr4,2022-08-09T03:20:10Z,"alternative r&b,indie soul","Atlantic Records/Three Twenty Three Music Group",0.595,0.44,2,-7.568,1,0.0743,0.0751,0,0.35,0.656,101.912,4
spotify:track:21s3fk2WRX0rDdqRgxx0QA,"Mercury (feat. Fousheé)","HYPNOS","Ravyn Lenae;Fousheé",2022-05-20,263146,38,true,5o8x11qqf7lxqq5f4sirhivr4,2022-08-09T03:20:23Z,"alternative r&b,indie soul,indie r&b","Atlantic Records",0.438,0.559,9,-7.467,1,0.0728,0.604,0.0000473,0.0679,0.46,97.178,4
spotify:track:0WQiDwKJclirSYG9v5tayI,"There Is a Light That Never Goes Out - 2011 Remaster","The Queen Is Dead","The Smiths",1986-06-16,244586,86,false,5o8x11qqf7lxqq5f4sirhivr4,2022-08-10T00:47:21Z,"new wave,madchester,jangle pop","WM UK",0.523,0.769,4,-5.855,1,0.0269,0.04,0,0.136,0.876,136.162,4
spotify:track:5SOA0gaKMMp9cgwn3nuwk7,"Solitude - Felsmann + Tiley Reinterpretation","Solitude (Felsmann + Tiley Reinterpretation)","M83;Felsmann + Tiley",2020-05-14,222354,63,false,5o8x11qqf7lxqq5f4sirhivr4,2022-08-11T14:23:37Z,"","Mute",0.367,0.202,0,-11.342,1,0.0313,0.668,0.145,0.109,0.0362,121.865,4
spotify:track:67v2UHujFruxWrDmjPYxD6,"Persuasive (with SZA)","Persuasive (with SZA)","Doechii;SZA",2022-07-22,210346,67,true,5o8x11qqf7lxqq5f4sirhivr4,2022-08-11T19:04:28Z,"r&b","Top Dawg Entertainment/Capitol Records",0.756,0.554,7,-7.166,0,0.145,0.211,0,0.274,0.563,120.028,4
spotify:track:5TXQCMKN6TgemTL3c4wRTn,"Sorrows","A N N I V E R S A R Y","Bryson Tiller",2020-10-02,193702,78,false,5o8x11qqf7lxqq5f4sirhivr4,2022-08-12T00:48:37Z,"trap soul,r&b","TrapSoul/RCA Records",0.633,0.793,5,-6.847,0,0.182,0.148,0,0.867,0.761,109.093,4
spotify:track:6xGruZOHLs39ZbVccQTuPZ,"Glimpse of Us","Glimpse of Us","Joji",2022-06-10,233456,9,false,5o8x11qqf7lxqq5f4sirhivr4,2022-08-12T14:19:33Z,"","88rising Music/Warner Records",0.44,0.317,8,-9.258,1,0.0531,0.891,0.00000478,0.141,0.268,169.914,3
spotify:track:4KVSdwwJ67JHu5s9vIA0zi,"Skin Tight (feat. Steve Lacy)","HYPNOS","Ravyn Lenae;Steve Lacy",2022-05-20,227000,62,false,5o8x11qqf7lxqq5f4sirhivr4,2022-08-13T19:08:42Z,"alternative r&b,indie soul","Atlantic Records",0.468,0.52,3,-7.964,0,0.0329,0.246,0.00259,0.078,0.46,174.082,3
spotify:track:7jhxagwOk9y1HC5ciRfmkQ,"Invincible (feat. Daniel Caesar)","Ivory","Omar Apollo;Daniel Caesar",2022-04-08,216160,70,false,5o8x11qqf7lxqq5f4sirhivr4,2022-08-13T19:08:46Z,"bedroom pop","Warner Records",0.555,0.474,6,-11.706,0,0.0668,0.224,0.00426,0.162,0.262,134.89,4
spotify:track:2FPmvXIMpjgzJQbUeJo8Iv,"Sunshine (feat. Fousheé)","Gemini Rights","Steve Lacy;Fousheé",2022-07-15,293428,61,false,5o8x11qqf7lxqq5f4sirhivr4,2022-08-13T19:08:47Z,"indie r&b","L-M Records/RCA Records",0.695,0.69,1,-5.805,0,0.0233,0.0328,0.697,0.113,0.741,92.977,4
spotify:track:0nKqvtbyfj6VlxnbHG6s2k,"Valentina","Valentina","Dreamer Isioma",2019-10-16,128639,0,false,5o8x11qqf7lxqq5f4sirhivr4,2022-08-13T19:08:50Z,"alternative r&b","Fashionably Early LLC",0.717,0.372,11,-12.878,0,0.0278,0.374,0.296,0.117,0.735,90.323,4
spotify:track:2xneniL4mcJebMJnkle3vY,"Karma - Sped Up","Karma (Sped Up)","Summer Walker",2018-10-19,161540,0,false,5o8x11qqf7lxqq5f4sirhivr4,2022-08-14T21:41:45Z,"r&b","LVRN/Interscope Records",0.622,0.275,7,-10.453,1,0.0494,0.266,0.00000932,0.203,0.15,135.719,4
spotify:track:2Fyjjpg03fn7n5cj0Qm380,"Karma","Last Day Of Summer","Summer Walker",2018-10-19,188906,71,false,5o8x11qqf7lxqq5f4sirhivr4,2022-08-14T21:43:55Z,"r&b","LVRN/Interscope Records",0.593,0.294,1,-10.072,0,0.0499,0.345,0.0000203,0.287,0.152,113.847,4
spotify:track:4DiNls6kFmF1ZittKsPsTc,"Mr. Telephone Man","New Edition","New Edition",1984-01-01,239160,70,false,5o8x11qqf7lxqq5f4sirhivr4,2022-08-14T23:59:50Z,"new jack swing,quiet storm","Geffen*",0.727,0.45,2,-13.32,1,0.0291,0.127,0,0.0544,0.895,94.039,4
spotify:track:3NRql0A1Ef4RCvT473iqgD,"Hell N Back","Hell N Back","Bakar",2019-08-15,213573,74,true,5o8x11qqf7lxqq5f4sirhivr4,2022-08-15T23:03:00Z,"","Black Butter",0.633,0.684,10,-4.314,0,0.591,0.314,0.0000895,0.112,0.725,209.688,4
spotify:track:0z3YYobsavHguLTgqg5GC1,"Picture in My Mind","Picture in my mind","PinkPantheress;Sam Gellaitry",2022-08-10,176930,68,false,5o8x11qqf7lxqq5f4sirhivr4,2022-08-16T01:40:25Z,"bedroom pop","Warner Records",0.73,0.645,2,-6.506,0,0.348,0.587,0,0.0937,0.772,128.519,4
spotify:track:6HSTJbYzJCK5jKz7hrsvQh,"intro","Getaway","Orion Sun",2022-03-11,180560,1,false,5o8x11qqf7lxqq5f4sirhivr4,2022-08-16T01:40:33Z,"alternative r&b,bedroom pop","Mom+Pop",0.525,0.459,10,-9.324,0,0.0329,0.203,0.000443,0.271,0.647,84.401,4
spotify:track:7AY5raqt9cEligkpFETuAa,"Hotline","Hummingbird","bLAck pARty",2022-08-05,148194,36,false,5o8x11qqf7lxqq5f4sirhivr4,2022-08-16T01:40:36Z,"indie soul,alternative r&b","Wolf+Rothstein/RCA Records",0.713,0.452,6,-5.758,0,0.504,0.11,0.00000788,0.266,0.767,179.681,4
spotify:track:6t90Z9XkdsHD8xMxro6KRP,"Consideration","ANTI (Deluxe)","Rihanna;SZA",2016-01-28,161066,72,true,5o8x11qqf7lxqq5f4sirhivr4,2022-08-18T01:33:37Z,"r&b","Roc Nation / Rihanna",0.885,0.584,7,-2.102,0,0.046,0.0392,0.00000439,0.0869,0.785,145.002,4
spotify:track:5BhK8Mho223YLPQOLfzWNP,"Killing Me","Ivory","Omar Apollo",2022-04-08,165320,59,true,5o8x11qqf7lxqq5f4sirhivr4,2022-08-18T02:15:44Z,"bedroom pop","Warner Records",0.861,0.27,6,-9.515,0,0.0616,0.301,0.00288,0.124,0.608,84.004,4
spotify:track:1VkA18MtiNaEICpHcTj3kw,"Meadows in Japan","The Leo Sun Sets","Dreamer Isioma",2020-12-02,168447,0,false,5o8x11qqf7lxqq5f4sirhivr4,2022-08-18T02:16:01Z,"alternative r&b","Dreamer Isioma LLC",0.619,0.335,0,-13.447,1,0.076,0.201,0.00104,0.0683,0.374,169.935,4
spotify:track:0zoGVO4bQXG8U6ChKwNgeg,"4:00A.M.","MIGNONNE (Mastered by Bernie Grundman)","Taeko Onuki",1978-09-21,336960,70,false,5o8x11qqf7lxqq5f4sirhivr4,2022-08-18T05:50:11Z,"city pop,shibuya-kei","Sony Music Direct (Japan) Inc.",0.631,0.644,10,-10.81,0,0.0348,0.341,0.000411,0.0877,0.861,103.376,4
spotify:track:1SmwJJ8YVgiXtyE6elhUx1,"Tokai","SUNSHOWER","Taeko Onuki",1977-07-25,310173,58,false,5o8x11qqf7lxqq5f4sirhivr4,2022-08-18T05:57:04Z,"city pop,shibuya-kei","NIPPON CROWN CO., Ltd",0.616,0.753,5,-8.365,0,0.0475,0.543,0.0012,0.0987,0.761,98.303,4
spotify:track:2HZLXBOnaSRhXStMLrq9fD,"Mary On A Cross","Seven Inches Of Satanic Panic","Ghost",2019-09-13,244804,5,false,5o8x11qqf7lxqq5f4sirhivr4,2022-08-18T20:05:13Z,"metal,hard rock","Loma Vista Recordings",0.466,0.9,11,-4.469,1,0.0447,0.000235,0.00104,0.103,0.561,130.02,4
spotify:track:3LfHBTYZBTqmz43tvVXJBd,"Deep","Last Day Of Summer","Summer Walker",2018-10-19,92093,69,true,5o8x11qqf7lxqq5f4sirhivr4,2022-08-19T16:06:32Z,"r&b","LVRN/Interscope Records",0.646,0.335,3,-9.915,0,0.247,0.626,0.000013,0.107,0.419,167.927,4
spotify:track:1IT0WQk5J8NsaeII8ktdlZ,"King For A Day","Collide With The Sky","Pierce The Veil;Kellin Quinn",2012-07-17,236293,82,true,5o8x11qqf7lxqq5f4sirhivr4,2022-08-19T23:05:11Z,"emo,screamo,post-hardcore,pop punk","Fearless Records",0.403,0.965,6,-2.238,1,0.0964,0.0000381,0.000276,0.341,0.431,112.363,4
spotify:track:54MXF9I8s3DuiQo3g0gZ5k,"A Match Into Water","Collide With The Sky","Pierce The Veil",2012-07-17,212546,78,true,5o8x11qqf7lxqq5f4sirhivr4,2022-08-21T17:07:47Z,"emo,screamo,post-hardcore","Fearless Records",0.371,0.979,1,-2.701,1,0.144,0.0002,0.00000367,0.516,0.473,196.058,4
spotify:track:6ZaiqbV2GfUtrUlhsu58fN,"Step On Me","First Band On The Moon (Remastered)","The Cardigans",1996-01-01,230185,79,false,5o8x11qqf7lxqq5f4sirhivr4,2022-08-21T21:21:48Z,"swedish pop","Universal Music AB",0.331,0.471,2,-5.631,1,0.0299,0.00644,0,0.0653,0.142,90.057,4
spotify:track:4C6Uex2ILwJi9sZXRdmqXp,"Super Freaky Girl","Super Freaky Girl","Nicki Minaj",2022-08-12,170977,69,true,5o8x11qqf7lxqq5f4sirhivr4,2022-08-23T01:09:35Z,"","Republic Records",0.95,0.891,2,-2.653,1,0.241,0.0645,0.0000177,0.309,0.912,133.01,4
spotify:track:6AdgGDGbdRMoCVkGye11Zw,"Who Is She ?","Neveroddoreven","I Monster",2005-01-27,213373,0,false,5o8x11qqf7lxqq5f4sirhivr4,2022-08-23T22:23:22Z,"","Instant Karma",0.396,0.801,1,-4.014,0,0.0411,0.0742,0.00907,0.0925,0.105,152.701,4
spotify:track:3Y1skP4N1zbrSuH1xfLm9k,"Wild Beach","Amala (Deluxe Version)","Doja Cat",2019-03-01,204365,42,true,5o8x11qqf7lxqq5f4sirhivr4,2022-08-24T15:51:13Z,"","Kemosabe Records/RCA Records",0.713,0.675,4,-6.519,0,0.0654,0.251,0.000722,0.117,0.379,120.048,4
spotify:track:2s4AcE9n80mSHl87lp4gIm,"Wine Pon You (feat. Konshens)","Amala","Doja Cat;Konshens",2018-03-30,219004,79,true,5o8x11qqf7lxqq5f4sirhivr4,2022-08-24T15:52:51Z,"dancehall,soca,riddim,ragga,reggae,shatta","MAU Records",0.797,0.444,9,-7.738,0,0.0411,0.304,0.00126,0.107,0.138,95.035,4
spotify:track:26xgfuQnTaa5UQJhdQACz6,"Forget","Kindred Shadow","Pogo",2015-06-11,164703,59,false,5o8x11qqf7lxqq5f4sirhivr4,2022-08-25T15:14:35Z,"plunderphonics","Pogo",0.834,0.737,8,-7.508,0,0.0332,0.144,0.934,0.153,0.977,108.015,4
spotify:track:2mzM4Y0Rnx2BDZqRnhQ5Q6,"Free Mind","For Broken Ears","Tems",2020-09-25,247578,78,false,5o8x11qqf7lxqq5f4sirhivr4,2022-08-26T13:01:06Z,"afrobeats,afro r&b,alté,afrobeat","Leading Vibe Ltd",0.562,0.463,6,-7.478,1,0.0787,0.442,0.000145,0.157,0.416,125.15,5
spotify:track:4RvWPyQ5RL0ao9LPZeSouE,"Everybody Wants To Rule The World","Songs From The Big Chair (Super Deluxe Edition)","Tears For Fears",1985-02-25,251488,87,false,5o8x11qqf7lxqq5f4sirhivr4,2022-08-26T22:39:04Z,"new wave,synthpop","UMC (Universal Music Catalogue)",0.645,0.795,7,-12.095,1,0.0527,0.347,0.00389,0.104,0.535,112.067,4
spotify:track:263KsGZODTZouh3RFGNaLX,"Louise","French Exit","TV Girl",2014-06-05,194453,76,false,5o8x11qqf7lxqq5f4sirhivr4,2022-08-27T08:04:09Z,"","TV Girl",0.727,0.919,0,-4.562,1,0.0285,0.165,0.0111,0.306,0.92,115.816,4
spotify:track:7Ld6hA2qsLEXPn39FfuHwb,"Fly Love","Rio: Music From The Motion Picture","Jamie Foxx",2011-01-01,159000,66,false,5o8x11qqf7lxqq5f4sirhivr4,2022-08-27T08:18:19Z,"","Will I Am / A&M",0.596,0.287,7,-12.618,1,0.0335,0.791,0.0000444,0.0865,0.349,115.209,4
spotify:track:0rFRj1ELcrRzrLdm6HPRdJ,"Samba De Orly","Rio: Music From The Motion Picture","Bebel Gilberto",2011-01-01,169720,36,false,5o8x11qqf7lxqq5f4sirhivr4,2022-08-28T04:03:54Z,"bossa nova,brazilian jazz,mpb","Will I Am / A&M",0.72,0.396,0,-11.716,1,0.0972,0.724,0.00000194,0.269,0.827,100.159,4
spotify:track:2PrKDQCdYnzVDMisJbPOLR,"Copacabana Dreams","Rio: Music From The Motion Picture (International Version)","Sérgio Mendes",2011-01-01,140333,43,false,5o8x11qqf7lxqq5f4sirhivr4,2022-08-28T04:06:15Z,"brazilian jazz,bossa nova,samba","Will I Am / A&M",0.56,0.664,0,-9.144,1,0.0297,0.641,0.949,0.121,0.844,97.769,4
spotify:track:6TBJkXHPhu3EsMk1bshwuI,"ONLY","4 ONLY","LEEHI",2021-09-09,240906,78,false,5o8x11qqf7lxqq5f4sirhivr4,2022-08-28T14:32:53Z,"k-ballad,k-pop","Genie Music Corporation, Stone Music Entertainment",0.536,0.296,5,-7.451,1,0.0346,0.892,0,0.0873,0.151,122.907,3
spotify:track:1ll5tr64qJ7uuupyNgcgN2,"change","change","Sephe",2022-08-16,93701,0,true,5o8x11qqf7lxqq5f4sirhivr4,2022-08-28T14:37:02Z,"hyperpop","2827614 Records DK2",0.456,0.438,1,-16.158,1,0.233,0.119,0.846,0.494,0.242,152.964,4
spotify:track:4icqsSm2gIMEMUAcaReA3u,"Pretty Little Birds (feat. Isaiah Rashad)","Ctrl (Deluxe)","SZA;Isaiah Rashad",2022-06-09,245929,52,true,5o8x11qqf7lxqq5f4sirhivr4,2022-08-29T13:01:45Z,"r&b","Top Dawg Entertainment/RCA Records",0.362,0.518,1,-7.687,1,0.306,0.223,0.00314,0.316,0.348,89.667,4
spotify:track:5VA4Ispp52EA1sOqzMz3Av,"All I Want Is You (feat. J. Cole)","All I Want Is You","Miguel;J. Cole",2010-11-30,295920,81,false,5o8x11qqf7lxqq5f4sirhivr4,2022-08-29T19:36:25Z,"r&b,rap","Jive",0.776,0.603,5,-5.696,1,0.0343,0.0728,0.0000625,0.111,0.921,96.888,4
spotify:track:5zNkueaMvECdbIJatkC1J5,"Love Walked In","Flamingo Serenade","The Flamingos",1959-08-11,172546,34,false,5o8x11qqf7lxqq5f4sirhivr4,2022-08-29T21:01:01Z,"doo-wop","Rhino",0.419,0.433,2,-10.168,1,0.0284,0.811,0.000193,0.165,0.161,88.122,3
spotify:track:3YdKJzcoMZMacISlpY4QoP,"I Only Have Eyes for You","Flamingo Serenade","The Flamingos",1959-08-11,202773,75,false,5o8x11qqf7lxqq5f4sirhivr4,2022-08-29T21:01:28Z,"doo-wop","Rhino",0.552,0.313,5,-12.41,1,0.0296,0.916,0.0017,0.12,0.303,88.554,3
spotify:track:1m8WpLYXEiNVZchsWEcCSy,"Come Through and Chill (feat. J. Cole & Salaam Remi)","War & Leisure","Miguel;J. Cole;Salaam Remi",2017-12-01,322000,68,true,5o8x11qqf7lxqq5f4sirhivr4,2022-08-30T21:01:43Z,"r&b,rap","ByStorm Entertainment/RCA Records",0.461,0.653,6,-8.617,1,0.327,0.158,0,0.197,0.588,81.628,1
spotify:track:2BXqkdNexSZDk9tD6frccY,"A都市の秋","ゆめ","Lamp",2014-02-05,248341,35,false,5o8x11qqf7lxqq5f4sirhivr4,2022-09-01T00:18:52Z,"shibuya-kei,japanese indie,city pop","P.S.C.",0.574,0.506,9,-7.578,0,0.0345,0.733,0,0.106,0.596,111.118,4
spotify:track:1CZgbcEZEhHH28HcBFvQIW,"Never Ever Getting Rid of Me","Waitress (Original Broadway Cast Recording)","Christopher Fitzgerald;Kimiko Glenn;Waitress Original Broadway Cast Ensemble",2016-06-03,136200,71,false,5o8x11qqf7lxqq5f4sirhivr4,2022-09-01T01:15:24Z,"musicals","DMI Soundtracks",0.622,0.542,7,-6.215,0,0.051,0.387,0,0.114,0.939,174.494,4
spotify:track:0HYAsQwJIO6FLqpyTeD3l6,"死ぬのがいいわ","HELP EVER HURT NEVER","Fujii Kaze",2020-05-20,185573,69,false,5o8x11qqf7lxqq5f4sirhivr4,2022-09-01T22:41:29Z,"j-pop","Universal Music LLC",0.6,0.76,6,-6.123,0,0.0451,0.167,0.0000407,0.189,0.519,158.075,4
spotify:track:1tNDu8pG5j0tsQPVEJNj78,"Chronos Feasts on His Children","Sex & Food","Unknown Mortal Orchestra",2018-04-06,101702,31,false,5o8x11qqf7lxqq5f4sirhivr4,2022-09-03T02:27:39Z,"neo-psychedelic","Jagjaguwar",0.689,0.299,8,-11.433,1,0.0575,0.948,0.00106,0.154,0.537,146.373,4
spotify:track:44EJQec71KW5qmaurNWyS7,"lost woods - Eluzai Remix","lost woods (Eluzai Remix)","Sushisingz;Eluzai",2022-07-23,178728,20,false,5o8x11qqf7lxqq5f4sirhivr4,2022-09-04T17:18:00Z,"christian lo-fi,christian hip hop","Sushisingz",0.708,0.367,2,-16.622,0,0.0402,0.728,0.00573,0.0712,0.565,117.984,4
spotify:track:7tUeh2EZdMOwN6FBmopYqm,"shy little frog","shy little frog","Sushisingz",2021-08-01,188660,47,false,5o8x11qqf7lxqq5f4sirhivr4,2022-09-04T17:18:15Z,"","Sushisingz",0.727,0.224,4,-16.412,1,0.0418,0.88,0.0262,0.165,0.71,130.001,4
spotify:track:2CTcTL788DBaFLnc6QJSzv,"Pretty Cvnt","Pretty Cvnt","SWRSLT",2022-08-10,220734,0,true,5o8x11qqf7lxqq5f4sirhivr4,2022-09-04T20:13:34Z,"breakcore","swrslt",0.415,0.838,7,-3.426,1,0.0623,0.0013,0.00859,0.0826,0.0988,86.978,4
spotify:track:2kk2trjT2JXhEHtCnz9FWA,"Cody Freestyle","Gemini Rights","Steve Lacy",2022-07-15,240075,60,true,5o8x11qqf7lxqq5f4sirhivr4,2022-09-05T03:40:59Z,"","L-M Records/RCA Records",0.213,0.305,0,-11.88,1,0.0299,0.176,0.762,0.115,0.058,80.067,4
spotify:track:1klGbW5a9qTBFUjFfddbmU,"Can't Sleep Love","Pentatonix (Deluxe Version)","Pentatonix",2015-10-16,173054,57,false,5o8x11qqf7lxqq5f4sirhivr4,2022-09-05T22:59:29Z,"christmas","RCA Records Label",0.73,0.433,2,-7.05,1,0.0455,0.0849,0,0.169,0.572,94.596,4
spotify:track:0J119Oas2ox6JTTHUGZxHN,"Give You the World","Gemini Rights","Steve Lacy",2022-07-15,273778,69,true,5o8x11qqf7lxqq5f4sirhivr4,2022-09-06T19:56:18Z,"","L-M Records/RCA Records",0.574,0.369,0,-9.251,0,0.0262,0.83,0.234,0.0976,0.41,73.013,4
spotify:track:7eCJ3bONwNeNDViF383s1E,"Runnin’","Negro Swan","Blood Orange;Georgia Anne Muldrow",2018-08-24,235489,41,false,5o8x11qqf7lxqq5f4sirhivr4,2022-09-06T23:37:44Z,"art pop,neo soul,alternative r&b","Domino Recording Co",0.626,0.414,11,-10.631,0,0.109,0.412,0.00137,0.147,0.388,179.992,4
spotify:track:0Qr61NXlyAeQaADO5xn3rI,"Cry","Cry","Cigarettes After Sex",2019-10-25,256800,1,false,5o8x11qqf7lxqq5f4sirhivr4,2022-09-07T16:43:37Z,"dream pop","PTKF",0.409,0.399,7,-10.456,1,0.0275,0.763,0.654,0.112,0.161,142.823,4
spotify:track:72cGBEqu7RitIOoACXYjfR,"The Blonde","French Exit","TV Girl",2014-06-05,227760,82,false,5o8x11qqf7lxqq5f4sirhivr4,2022-09-07T16:45:37Z,"","TV Girl",0.501,0.547,1,-7.961,0,0.0243,0.225,0.912,0.288,0.225,87.692,4
spotify:track:4Mi8MBOHohcIuFCKaAePjk,"Do It Better","You Still Here, Ho ?","Flo Milli",2022-07-20,157808,28,true,5o8x11qqf7lxqq5f4sirhivr4,2022-09-07T19:43:10Z,"","'94 Sounds/RCA Records",0.934,0.48,10,-9.04,0,0.157,0.000554,0.118,0.114,0.432,145.99,4
spotify:track:2xZ0zfuDTv5LxLhEgD82PG,"Awkward","Ctrl (Deluxe)","SZA",2022-06-09,178000,72,true,5o8x11qqf7lxqq5f4sirhivr4,2022-09-07T23:59:33Z,"r&b","Top Dawg Entertainment/RCA Records",0.618,0.474,5,-12.097,1,0.0789,0.182,0.000122,0.108,0.397,119.999,4
spotify:track:2hpgtLividjdyFKIXmS8Vw,"ZIPLOC","ZIPLOC","spinel",2022-08-05,94484,0,true,5o8x11qqf7lxqq5f4sirhivr4,2022-09-09T00:08:22Z,"","4036466 Records DK",0.419,0.767,10,-7.293,0,0.157,0.105,0.0346,0.353,0.747,91.843,4
spotify:track:1w3azB0VuRFp79AduIwrIy,"P.S. I LOVE YOU","P.S. I LOVE YOU","Paul Partohap",2022-06-15,240903,1,false,5o8x11qqf7lxqq5f4sirhivr4,2022-09-10T11:36:38Z,"indonesian r&b","Arseri Music",0.485,0.385,8,-8.939,1,0.0376,0.207,0.0551,0.0859,0.15,128.058,3
spotify:track:4BnrGx9tWNF8aiXl1UhDBa,"One Beer","MM..FOOD","MF DOOM",2004-11-16,258586,73,true,5o8x11qqf7lxqq5f4sirhivr4,2022-09-10T23:15:51Z,"experimental hip hop,east coast hip hop,jazz rap,alternative hip hop","Rhymesayers",0.376,0.718,7,-6.7,1,0.246,0.0996,0.00332,0.633,0.615,91.115,4
spotify:track:1V8lTzBz2irnrqIVsjOuFL,"Inarticulation","Inarticulation","Rio Romeo",2022-09-02,163000,0,false,5o8x11qqf7lxqq5f4sirhivr4,2022-09-11T02:51:58Z,"","FRTYFVE",0.498,0.413,11,-8.039,1,0.0372,0.801,0,0.134,0.564,128.204,4
spotify:track:7CC6UbCs4iGsePSzFxYxNn,"Moon","Donda","Kanye West",2021-08-29,156091,70,false,5o8x11qqf7lxqq5f4sirhivr4,2022-09-11T04:23:48Z,"rap","Rock The World/IDJ/Kanye LP7",0.319,0.236,5,-9.644,1,0.0318,0.898,0.0000162,0.272,0.254,162.351,4
spotify:track:41cpvQ2GyGb2BRdIRSsTqK,"Moon River","Moon River","Frank Ocean",2018-02-14,188323,77,false,5o8x11qqf7lxqq5f4sirhivr4,2022-09-11T04:23:53Z,"","Blonded",0.24,0.116,0,-13.216,1,0.0329,0.877,0.00092,0.1,0.0937,77.349,3
spotify:track:6BbAFjOCHA1AknMtIu3VjZ,"Thru My Hair","¿Téo?","¿Téo?",2018-09-13,100500,54,false,5o8x11qqf7lxqq5f4sirhivr4,2022-09-11T06:57:04Z,"","49 Digits LLC",0.782,0.544,9,-7.943,0,0.075,0.502,0.00438,0.0655,0.906,130.079,4
spotify:track:4TtKJMwpf4Df6vacawP1k3,"Maraca","blkswn","Smino",2017-03-14,205199,42,true,5o8x11qqf7lxqq5f4sirhivr4,2022-09-11T07:01:39Z,"","Downtown JV",0.519,0.567,6,-8.864,0,0.84,0.568,0,0.131,0.581,74.282,3
spotify:track:1DOgkaR5Gqa8JtPEIbQORC,"Over","Over","Lucky Daye",2021-09-22,205275,64,true,5o8x11qqf7lxqq5f4sirhivr4,2022-09-11T13:44:50Z,"","Keep Cool/RCA Records",0.677,0.541,6,-6.057,0,0.0571,0.48,0,0.125,0.379,103.369,4
spotify:track:7DYkWTA0ckaqm2MFfAIlQr,"Ne Me Quitte Pas (Don't Leave Me)","Hold Space For Me","Orion Sun",2020-03-27,168746,0,true,5o8x11qqf7lxqq5f4sirhivr4,2022-09-11T14:01:15Z,"alternative r&b,bedroom pop","Mom+Pop",0.617,0.5,6,-5.747,1,0.034,0.386,0.00521,0.107,0.516,90.026,4
spotify:track:4IFA8ao48IONBC2zJIqVVN,"Holy Water","Hold Space For Me","Orion Sun",2020-03-27,182266,0,true,5o8x11qqf7lxqq5f4sirhivr4,2022-09-11T14:05:24Z,"alternative r&b,bedroom pop","Mom+Pop",0.735,0.493,0,-11.493,1,0.0905,0.763,0.0304,0.349,0.264,119.951,4
spotify:track:4vLE1uO1NcclZSrItweuxS,"Grim Reaper","Hold Space For Me","Orion Sun",2020-03-27,156546,0,false,5o8x11qqf7lxqq5f4sirhivr4,2022-09-11T14:08:55Z,"alternative r&b,bedroom pop","Mom+Pop",0.603,0.506,0,-8.396,1,0.0456,0.622,0.00185,0.824,0.428,98.139,4
spotify:track:1ztwML7G0PytrYEUE0XTa1,"Butch 4 Butch","Butch 4 Butch","Rio Romeo",2021-02-14,178318,0,true,5o8x11qqf7lxqq5f4sirhivr4,2022-09-11T18:13:24Z,"","FRTYFVE",0.388,0.465,11,-9.294,1,0.0324,0.484,0,0.276,0.421,73.774,4
spotify:track:4sqoYcOLKALBqsVWRFwMqn,"dirty dancer - A COLORS SHOW","dirty dancer - A COLORS SHOW","Orion Sun",2022-04-04,169682,33,true,5o8x11qqf7lxqq5f4sirhivr4,2022-09-12T14:48:50Z,"alternative r&b,bedroom pop","COLORSxSTUDIOS",0.718,0.493,7,-7.051,0,0.0393,0.616,0.038,0.112,0.38,113.981,4
spotify:track:4emJOvmhqWJAxpwB7c9JJw,"candy grapes (feat. Steve Lacy)","time machine","Fousheé;Steve Lacy",2021-06-04,450135,44,true,5o8x11qqf7lxqq5f4sirhivr4,2022-09-12T16:41:16Z,"indie r&b","Trackmasters Entertainment/RCA Records",0.299,0.472,6,-8.12,0,0.037,0.0964,0.0000395,0.213,0.223,127.469,3
spotify:track:4rCuwgRRKaIiHlHDc8Bga6,"We Might Even Be Falling In Love (Interlude)","JAGUAR","Victoria Monét",2020-08-07,51913,61,false,5o8x11qqf7lxqq5f4sirhivr4,2022-09-12T16:41:30Z,"alternative r&b","Tribe Records",0.768,0.506,6,-8.913,1,0.165,0.415,0.0376,0.133,0.862,77.1,4
spotify:track:2VYnlKxB8jpbCeLUjQsebc,"In A Good Way","I Know I'm Funny haha","Faye Webster",2021-06-25,224680,75,false,5o8x11qqf7lxqq5f4sirhivr4,2022-09-12T16:52:59Z,"","Secretly Canadian",0.587,0.286,9,-8.839,1,0.0315,0.185,0.0288,0.214,0.302,71.123,4
spotify:track:3s4QIE9CMkTRCufw1q0evm,"Orange Juice","Orange Juice","Rozie Ramati;Alé Araya",2022-04-08,175750,38,false,5o8x11qqf7lxqq5f4sirhivr4,2022-09-12T16:53:07Z,"","ALT:Vision Records",0.397,0.393,8,-10.806,0,0.0319,0.736,0.000102,0.116,0.121,80.046,4
spotify:track:2TktkzfozZifbQhXjT6I33,"Evergreen (You Didn’t Deserve Me At All)","Ivory","Omar Apollo",2022-04-08,216680,86,false,5o8x11qqf7lxqq5f4sirhivr4,2022-09-12T16:53:14Z,"bedroom pop","Warner Records",0.697,0.336,9,-10.395,1,0.0424,0.598,0.00528,0.107,0.31,82.029,3
spotify:track:78NoSd3wNPM65rsJ595oab,"NYC","NYC","Romeo + Juliet",2022-01-21,146050,0,false,5o8x11qqf7lxqq5f4sirhivr4,2022-09-12T16:53:24Z,"","The Syndicate",0.405,0.177,8,-10.376,1,0.0366,0.982,0.000258,0.203,0.369,117.229,4
spotify:track:64dLd6rVqDLtkXFYrEUHIU,"New Gold (feat. Tame Impala and Bootie Brown)","New Gold (feat. Tame Impala and Bootie Brown)","Gorillaz;Tame Impala;Bootie Brown",2022-08-31,215149,63,true,5o8x11qqf7lxqq5f4sirhivr4,2022-09-12T19:41:19Z,"neo-psychedelic,indie","Parlophone UK",0.695,0.923,1,-3.93,0,0.0522,0.0425,0.0469,0.116,0.551,108.014,3
spotify:track:1PDP7mLiAMwhfmgIwzhOm2,"Yebba’s Heartbreak","Certified Lover Boy","Drake;Yebba",2021-09-03,133762,80,true,5o8x11qqf7lxqq5f4sirhivr4,2022-09-13T03:42:59Z,"rap","OVO",0.476,0.161,8,-11.665,0,0.0407,0.967,0.0381,0.109,0.0908,119.614,4
spotify:track:4RnvS1tmh1ERhjXX6dxv95,"Language","Language","Paperboy Fabe;Brent Faiyaz",2017-05-12,150360,76,true,5o8x11qqf7lxqq5f4sirhivr4,2022-09-14T21:25:51Z,"r&b","True Purpose",0.62,0.721,4,-5.538,0,0.0887,0.0422,0.0075,0.563,0.77,169.904,4
spotify:track:1I3DclkIlscxB8FjPpocCI,"DIVE IN! - SPED UP!","DIVE IN! (SPED UP! / SLOWED REVERB!)","JELEEL!",2021-05-21,80445,0,true,5o8x11qqf7lxqq5f4sirhivr4,2022-09-15T03:53:40Z,"rage rap","Jeleel Yeah, LLC, under exclusive license to 10K Projects",0.602,0.795,11,-5.086,1,0.134,0.000603,0.152,0.402,0.526,174.809,4
spotify:track:41pmDwHHK9rvdvp6sezqaf,"Oxford Circus","Oxford Circus","Frex",2022-06-03,152019,0,true,5o8x11qqf7lxqq5f4sirhivr4,2022-09-15T13:55:01Z,"","Boom.Records",0.418,0.37,1,-10.416,1,0.104,0.583,0.00726,0.132,0.243,179.66,4
spotify:track:0DJ6d7MB8BXfGNKS5SuWJr,"Lean Chronicles","Lean Chronicles","Rio Da Yung Og;leewayy",2021-10-18,139784,0,true,5o8x11qqf7lxqq5f4sirhivr4,2022-09-16T19:43:09Z,"","#boyz/ rpg",0.641,0.566,1,-8.269,0,0.405,0.118,0,0.124,0.275,99.88,4
spotify:track:7exGrqR5UbbvUvWWohUD4z,"Take Five but it's Song of Storms","Take Five but it's Song of Storms","Imaginary Ambition",2021-07-12,119310,1,false,5o8x11qqf7lxqq5f4sirhivr4,2022-09-17T04:08:51Z,"","711238 Records DK",0.534,0.169,8,-19.083,0,0.0386,0.991,0.934,0.202,0.424,91.681,3
spotify:track:0peqlOKIORebTfsvbibblG,"Misfit Biscuit","Misfit Biscuit","Wasia Project",2020-11-13,197484,0,true,5o8x11qqf7lxqq5f4sirhivr4,2022-09-17T04:09:00Z,"","1535998 Records DK",0.431,0.418,3,-12.462,1,0.0349,0.749,0.00000552,0.121,0.258,101.032,4
spotify:track:3VPBPBZKxQu3bqeuzz8gRm,"Last Train At 25 O'clock","For Lovers","Lamp",2004-02-11,263840,61,false,5o8x11qqf7lxqq5f4sirhivr4,2022-09-17T04:09:25Z,"shibuya-kei,japanese indie,city pop","Botanical House",0.595,0.741,11,-5.601,1,0.0293,0.501,0,0.383,0.706,130.047,4
spotify:track:1djCoU5rvnq2zXFyD2iqq4,"recently,","recently","Liana Flores",2019-04-10,175288,55,false,5o8x11qqf7lxqq5f4sirhivr4,2022-09-17T04:10:12Z,"","liana flores",0.647,0.197,7,-15.412,1,0.0734,0.852,0.0000671,0.114,0.159,141.401,4
spotify:track:7MzKmI0Ep4dFRfTeQ9RtpZ,"蓋なしの彼","Sway","mei ehara",2017-11-08,230266,54,false,5o8x11qqf7lxqq5f4sirhivr4,2022-09-17T04:10:16Z,"japanese indie,shibuya-kei,city pop","カクバリズム",0.745,0.472,11,-12.637,0,0.0337,0.582,0.0402,0.0981,0.942,121.956,4
spotify:track:6wX556YsvyvopdDHKPSeyu,"Softserve","The Water's Fine!","Liana Flores",2018-06-01,144004,33,false,5o8x11qqf7lxqq5f4sirhivr4,2022-09-17T04:10:22Z,"","880898 Records DK",0.806,0.112,0,-18.784,1,0.051,0.963,0.000439,0.433,0.0727,109.882,4
spotify:track:7kfzX7ufDOV18X8l00ko4u,"Being Human - Single Version","Steven Universe Future (Original Soundtrack)","Emily King;aivi & surasshu;Rebecca Sugar;Roger Hicks;Edwin Rhodes;Travis Kindred",2020-10-23,106016,56,false,5o8x11qqf7lxqq5f4sirhivr4,2022-09-17T04:10:27Z,"score","Cartoon Network / WaterTower Music",0.719,0.333,7,-16.695,1,0.0384,0.851,0.608,0.105,0.818,126.95,4
spotify:track:1yycinn2WICj4UKGQ9xPjD,"太陽さん","マホロボシヤ","Ichiko Aoba",2016-10-19,144653,54,false,5o8x11qqf7lxqq5f4sirhivr4,2022-09-17T04:10:31Z,"japanese indie,shibuya-kei","Speedstar",0.44,0.0353,6,-20.858,1,0.0522,0.99,0.00312,0.108,0.362,181.988,4
spotify:track:0p1oF94MG2dOCbMSDsGMDj,"walk but in a garden","walk but in a garden","LLusion",2020-07-03,114000,49,false,5o8x11qqf7lxqq5f4sirhivr4,2022-09-17T04:10:50Z,"","Republic Records",0.832,0.351,8,-12.499,0,0.0814,0.832,0.939,0.111,0.406,79.99,4
spotify:track:3ZvhvsnPKK6pXUVAohx4AM,"|||171||| So Hiiigh |||171|||","|||171||| So Hiiigh |||171|||","Sellasouls",2021-02-08,186720,35,false,5o8x11qqf7lxqq5f4sirhivr4,2022-09-17T04:10:59Z,"hyperpop,experimental hip hop","1697679 Records DK",0.452,0.676,7,-10.534,0,0.46,0.297,0.00000476,0.191,0.351,77.263,4
spotify:track:3BqnYkI0lR3NrJajSDdcjc,"Honey Moon","Honey Moon","Mac DeMarco",2018-08-24,157170,0,false,5o8x11qqf7lxqq5f4sirhivr4,2022-09-17T04:11:29Z,"indie,lo-fi indie","Light In The Attic",0.808,0.328,8,-12.583,1,0.03,0.225,0.513,0.109,0.558,88.514,4
spotify:track:27REOQk3qsqXWTVLn400EW,"Anjela","French Exit","TV Girl",2014-06-05,224093,0,false,5o8x11qqf7lxqq5f4sirhivr4,2022-09-17T04:11:36Z,"","TV Girl",0.733,0.585,11,-7.02,1,0.0393,0.0404,0.0303,0.129,0.781,95.403,4
spotify:track:57RA3JGafJm5zRtKJiKPIm,"Are You Bored Yet? (feat. Clairo)","Nothing Happens","Wallows;Clairo",2019-03-22,178000,80,false,5o8x11qqf7lxqq5f4sirhivr4,2022-09-17T04:11:42Z,"indie,bedroom pop","Atlantic Records",0.682,0.683,8,-6.444,0,0.0287,0.156,0.0000232,0.273,0.64,120.023,4
spotify:track:5qhHglSyHuT5R8vNPbvATP,"Valerie","The Night in Question: French Exit Outtakes","TV Girl",2020-05-01,282500,0,false,5o8x11qqf7lxqq5f4sirhivr4,2022-09-17T04:11:53Z,"","TV Girl",0.802,0.918,0,-3.786,1,0.132,0.201,0.397,0.315,0.947,101.935,4
spotify:track:1MPbu1VFIWCxUgzAB1vwoY,"All Eyez on Me","All Eyez on Me","Luci4",2020-09-12,84623,0,true,5o8x11qqf7lxqq5f4sirhivr4,2022-09-17T04:12:13Z,"hyperpop","jewelXXet",0.298,0.915,7,-5.874,1,0.5,0.156,0.00000563,0.447,0.255,171.13,5
spotify:track:7JDa53N0bUwBho5Xt0encA,"Losing Face","Your City Gave Me Asthma","Wilbur Soot",2020-06-25,240454,48,true,5o8x11qqf7lxqq5f4sirhivr4,2022-09-17T04:12:18Z,"","2076193 Records DK2",0.38,0.486,3,-15.4,1,0.0374,0.622,0.589,0.111,0.606,166.115,4
spotify:track:0q6X2a5vpBIiL3AgvCU84G,"Panic","Panic","Caravan Palace",2012-03-05,245360,3,false,5o8x11qqf7lxqq5f4sirhivr4,2022-09-17T04:12:23Z,"electro swing,swing music,nu jazz","Café de la Danse",0.936,0.823,5,-6.175,0,0.156,0.4,0.63,0.408,0.913,124.963,4
spotify:track:7fPNiwY5Ns2xq7gbjXdLL4,"Im Scared Of JJ","Im Scared Of JJ","Tommyinnit;Lil Radio;Hello3itch",2021-10-17,116703,0,true,5o8x11qqf7lxqq5f4sirhivr4,2022-09-17T04:12:29Z,"","tommyinnit",0.917,0.588,7,-7.346,1,0.133,0.38,0.0000111,0.52,0.556,144.048,4
spotify:track:1xaTREM89RbIxkcjlpf4Uw,"Heaven Knows I'm Miserable Now - 2011 Remaster","Hatful of Hollow","The Smiths",1984,215760,84,false,5o8x11qqf7lxqq5f4sirhivr4,2022-09-17T04:13:25Z,"new wave,madchester,jangle pop","WM UK",0.609,0.759,6,-4.862,1,0.0276,0.028,0,0.183,0.774,114.045,4
spotify:track:0ZP3E9L1I0C6rmD0CAKqDc,"Silly Girl","Rabbit Hearted.","chloe moriondo",2018-07-31,198807,53,false,5o8x11qqf7lxqq5f4sirhivr4,2022-09-17T04:13:30Z,"bedroom pop,indie pop","Public Consumption",0.479,0.0436,0,-22.849,1,0.0639,0.944,0.0000942,0.126,0.133,79.141,1
spotify:track:3RznzRnsl8mzP63l4AF2M7,"Dream Sweet in Sea Major","Hawaii: Part II","Miracle Musical",2012-12-12,420012,73,false,5o8x11qqf7lxqq5f4sirhivr4,2022-09-17T04:13:47Z,"","ミラクルミュージカル",0.341,0.428,0,-11.193,1,0.0414,0.919,0.0675,0.106,0.188,169.896,4
spotify:track:7E6UP1wsLu2tnCcJEom1xE,"Eating Ass 2020","Eating Ass 2020","wwoman",2020-04-24,155080,17,true,5o8x11qqf7lxqq5f4sirhivr4,2022-09-17T04:14:12Z,"bedroom pop","wwoman",0.819,0.316,2,-11.658,0,0.0762,0.309,0.00086,0.134,0.623,80.003,4
spotify:track:68RI4I6SKm57SxjG06OYvN,"The Wisp Sings","The Wisp Sings","Winter Aid",2013-11-11,313252,1,false,5o8x11qqf7lxqq5f4sirhivr4,2022-09-17T04:14:16Z,"","Bluestack Records",0.521,0.0889,4,-19.457,1,0.0507,0.988,0.182,0.0965,0.0479,115.43,4
spotify:track:2pMPWE7PJH1PizfgGRMnR9,"Bad Religion","channel ORANGE","Frank Ocean",2012-07-10,175453,75,false,5o8x11qqf7lxqq5f4sirhivr4,2022-09-17T04:14:20Z,"","Red Zone Entertainment / IDJ",0.359,0.367,9,-7.684,1,0.0335,0.738,0.00000143,0.0736,0.104,83.331,4
spotify:track:0psS4i5YooJrXfDnGvWRLi,"Lo Vas A Olvidar (with ROSALÍA)","Lo Vas A Olvidar (with ROSALÍA)","Billie Eilish;ROSALÍA",2021-01-21,203464,64,false,5o8x11qqf7lxqq5f4sirhivr4,2022-09-17T04:14:55Z,"latin","Darkroom/Interscope Records",0.343,0.243,4,-14.66,0,0.0777,0.721,0.00198,0.0668,0.032,135.154,4
spotify:track:0h3S6zaZj4dBWmHjCOY0l6,"Where Is My Mind?","Where Is My Mind?","ORYL",2022-02-25,138750,0,false,5o8x11qqf7lxqq5f4sirhivr4,2022-09-17T04:15:02Z,"","XEN MUSIC",0.589,0.474,8,-11.55,1,0.0383,0.686,0.0599,0.343,0.238,143.762,4
spotify:track:2EjuEHTRZRgE9pvaBm5Hh3,"Valentine","Valentine","Laufey",2022-02-14,168906,0,false,5o8x11qqf7lxqq5f4sirhivr4,2022-09-17T04:15:32Z,"","Laufey",0.483,0.204,3,-13.065,1,0.0453,0.916,0,0.107,0.219,82.711,4
spotify:track:4qqf1avpzRUnVowNQd1jFw,"Zou bisou bisou","Twistin’ The Rock, Vol. 9","Gillian Hills",2002-01-01,135653,55,false,5o8x11qqf7lxqq5f4sirhivr4,2022-09-17T04:15:50Z,"french pop,french jazz","Universal Music Division Barclay",0.772,0.483,8,-9.177,1,0.0381,0.889,0.0102,0.0626,0.839,130.989,4
spotify:track:27sBcXtgTBSJRdUxei1a7J,"Sexy Villain","Juno","Remi Wolf",2021-10-15,188500,63,true,5o8x11qqf7lxqq5f4sirhivr4,2022-09-17T04:16:13Z,"","Island Records",0.766,0.539,7,-4.927,1,0.0479,0.402,0,0.104,0.888,120.175,4
spotify:track:3ty4jnVIJ9My8ZnXFMc0Fg,"愛して 愛して 愛して","きくおミク3","Kikuo",2013-09-11,252000,69,false,5o8x11qqf7lxqq5f4sirhivr4,2022-09-17T04:18:20Z,"vocaloid","KARENT",0.605,0.842,8,-4.747,1,0.0509,0.0862,0.00000308,0.106,0.35,115.008,3
spotify:track:6IAgarq2wDeYzpsY2Kx0Hw,"Almeda","When I Get Home","Solange",2019-03-01,236120,63,true,5o8x11qqf7lxqq5f4sirhivr4,2022-09-17T04:18:26Z,"alternative r&b,neo soul","Saint Records/Columbia",0.827,0.553,1,-5.296,1,0.032,0.0227,0.0000152,0.176,0.0631,110.015,4
spotify:track:1VXXFRvm5ahSYHkNm693ts,"Meet Me in the Pale Moonlight","Dream Life","Doug Hoyer",2015-09-08,226404,18,false,5o8x11qqf7lxqq5f4sirhivr4,2022-09-17T04:18:58Z,"","Doug Hoyer",0.521,0.726,0,-8.058,1,0.0306,0.00693,0.0443,0.121,0.531,126.102,4
spotify:track:6oEVnWKgPqIEPc53OYDNqG,"Could've Been (feat. Bryson Tiller)","I Used To Know Her","H.E.R.;Bryson Tiller",2019-08-30,252750,76,false,5o8x11qqf7lxqq5f4sirhivr4,2022-09-17T04:19:07Z,"r&b,trap soul","MBK Entertainment/RCA Records",0.45,0.352,1,-11.733,0,0.267,0.649,0.0000038,0.249,0.408,102.679,4
spotify:track:0rRjGruFonCGOt0S5zAJNQ,"The Other Side Of Paradise","How To Be A Human Being","Glass Animals",2016-08-26,320654,72,true,5o8x11qqf7lxqq5f4sirhivr4,2022-09-17T04:19:20Z,"","Wolf Tone",0.689,0.338,11,-7.634,0,0.0629,0.349,0.000057,0.0649,0.568,128.012,4
spotify:track:2CsnpBAB8VQMTyPuws57ao,"Huit octobre 1971","Troupeau bleu","Cortex",1975-07-15,266040,60,false,5o8x11qqf7lxqq5f4sirhivr4,2022-09-17T14:53:43Z,"jazz fusion,jazz funk","Sonodisc",0.512,0.661,2,-10.514,1,0.0683,0.219,0.855,0.155,0.778,82.006,4
spotify:track:33mGvwUKn4KgyP3qKoDwDA,"Dying in xxtyle 3","Dying in xxtyle 3","Luci4",2021-02-03,80483,51,true,5o8x11qqf7lxqq5f4sirhivr4,2022-09-17T23:06:09Z,"hyperpop","Boom.Records",0.615,0.814,1,-6.115,0,0.356,0.115,0,0.377,0.252,88.606,4
spotify:track:3Osd3Yf8K73aj4ySn6LrvK,"No Church In The Wild","Watch The Throne (Deluxe)","JAŸ-Z;Kanye West;Frank Ocean;THE-DREAM",2011-08-08,272506,8,true,5o8x11qqf7lxqq5f4sirhivr4,2022-09-18T16:11:55Z,"hip hop,east coast hip hop,rap,r&b","Roc Nation/RocAFella/IDJ",0.654,0.75,8,-7.509,0,0.105,0.246,0.0178,0.167,0.557,92.78,4
spotify:track:5uJK1i4LU4I5Ai5qCeHonu,"Pink + White - Live at Electric Lady","Live at Electric Lady","Remi Wolf",2022-08-04,233406,0,false,5o8x11qqf7lxqq5f4sirhivr4,2022-09-19T18:07:21Z,"","Island Records",0.498,0.468,9,-6.17,1,0.0502,0.133,0,0.103,0.55,148.266,3
spotify:track:5ZcCBCMtlD0OEWgENAlb5p,"Disco Man","I'm Allergic To Dogs!","Remi Wolf",2020-06-24,192000,37,false,5o8x11qqf7lxqq5f4sirhivr4,2022-09-19T18:12:34Z,"","Island Records",0.686,0.682,6,-7.656,0,0.0459,0.0443,0.0131,0.43,0.854,84.985,4
spotify:track:1xzi1Jcr7mEi9K2RfzLOqS,"CUFF IT","RENAISSANCE","Beyoncé",2022-07-29,225388,77,true,5o8x11qqf7lxqq5f4sirhivr4,2022-09-19T19:44:48Z,"","Parkwood Entertainment/Columbia",0.78,0.689,7,-5.668,1,0.141,0.0368,0.00000969,0.0698,0.642,115.042,4
spotify:track:4CzhtKifG867Lu5DNQVBSA,"Vamp Anthem","Whole Lotta Red","Playboi Carti",2020-12-25,124093,71,true,5o8x11qqf7lxqq5f4sirhivr4,2022-09-20T06:13:14Z,"rage rap","AWGE/Interscope Records",0.642,0.69,11,-5.101,1,0.261,0.00599,0.0000013,0.322,0.641,164.075,4
spotify:track:7tJzIEqZV5tzuvol0Voq7Z,"dont be afraid","1988","Knxwledge",2020-03-27,94380,47,false,5o8x11qqf7lxqq5f4sirhivr4,2022-09-23T12:46:35Z,"","Stones Throw Records",0.5,0.863,7,-4.762,1,0.528,0.0401,0.00193,0.381,0.579,118.87,4
spotify:track:1DrlLvlYd1FIjNavRm6NdX,"Back Pocket","Thrill of the Arts","Vulfpeck",2015-10-09,181259,19,false,5o8x11qqf7lxqq5f4sirhivr4,2022-09-23T16:48:53Z,"funk,funk rock","Vulf Records",0.839,0.585,2,-7.737,1,0.153,0.478,0.00278,0.0435,0.89,89.821,4
spotify:track:1SHA4IJyiyNobDOrQzFFXy,"Animal Spirits","The Beautiful Game","Vulfpeck",2016-10-17,190801,13,false,5o8x11qqf7lxqq5f4sirhivr4,2022-09-23T17:25:10Z,"funk,funk rock","Vulf Records",0.753,0.713,1,-7.333,1,0.0539,0.156,0.0000959,0.0508,0.906,100.859,4
spotify:track:4crdHmkZQmNd2hucSIk7dA,"Like the Movies","Typical of Me EP","Laufey",2021-04-30,162758,0,false,5o8x11qqf7lxqq5f4sirhivr4,2022-09-23T22:32:59Z,"","Laufey",0.576,0.273,0,-10.216,1,0.0359,0.909,0.0000963,0.146,0.21,87.122,4
spotify:track:2wBCrtJS3E3TimRZ5MElTI,"The Worst","Sail Out","Jhené Aiko",2013-01-01,254493,76,true,5o8x11qqf7lxqq5f4sirhivr4,2022-09-26T21:53:28Z,"r&b","Def Jam Recordings",0.539,0.414,1,-9.156,0,0.0601,0.253,0.0000013,0.143,0.123,94.895,4
spotify:track:3azJifCSqg9fRij2yKIbWz,"The Color Violet","Alone At Prom","Tory Lanez",2021-12-10,226466,88,false,5o8x11qqf7lxqq5f4sirhivr4,2022-09-26T21:57:13Z,"","One Umbrella Records",0.645,0.534,6,-10.8,0,0.0479,0.157,0,0.0863,0.463,105.02,4
spotify:track:4mwiRPRAUSSFD6lJ86m98B,"Stay Down","Sonder Son","Brent Faiyaz",2017-10-13,207325,69,false,5o8x11qqf7lxqq5f4sirhivr4,2022-09-26T21:57:48Z,"r&b","Lost Kids",0.551,0.301,11,-13.065,1,0.111,0.617,0.000011,0.136,0.488,84.695,4
spotify:track:1uwiTdqmW7fwgsNNcSoqxN,"true perspective","true perspective","Lucy Bedroque",2022-03-27,125057,56,true,5o8x11qqf7lxqq5f4sirhivr4,2022-09-28T01:19:09Z,"hyperpop,rage rap,cloud rap","lostrushi",0.428,0.613,1,-10.239,1,0.0547,0.0238,0.763,0.295,0.0924,175.675,4
spotify:track:76onGrcd5XE3zUaEtlgZbb,"Stop Calling The Police On Me","The Leo Sun Sets","Dreamer Isioma",2020-12-02,146865,0,false,5o8x11qqf7lxqq5f4sirhivr4,2022-09-28T19:17:47Z,"alternative r&b","Dreamer Isioma LLC",0.681,0.58,8,-9.496,1,0.0612,0.319,0.0000377,0.099,0.368,100.506,4
spotify:track:7tPtmcjUNJ1DC98vAmUAgz,"Fall","Fall","Chenayder;StainedTapes",2022-03-05,110859,0,false,5o8x11qqf7lxqq5f4sirhivr4,2022-09-28T19:19:39Z,"","chenayders",0.434,0.37,6,-13.221,1,0.0297,0.918,0.00285,0.154,0.442,78.093,4
spotify:track:3Am6nVgWd4pwO2hguNHqI7,"Gonna Bleach My Eyebrows","Gonna Bleach My Eyebrows","Alemeda",2021-10-03,134556,39,true,5o8x11qqf7lxqq5f4sirhivr4,2022-09-28T19:20:08Z,"","1909163 Records DK2",0.876,0.843,5,-5.669,0,0.0701,0.18,0.0021,0.116,0.527,131.997,4
spotify:track:2XzTfbvUZlZELFEDsUdOXk,"Saturday","Love Is Pure","extremely bad man",2018-07-13,211368,0,false,5o8x11qqf7lxqq5f4sirhivr4,2022-09-28T19:30:19Z,"","extremely bad man courtesy of Blossöm Records, Ltd",0.518,0.623,10,-5.767,1,0.0345,0.789,0.0000556,0.121,0.511,136.996,4
spotify:track:0Bs3Lwzs8y9BzKUgvFXPUx,"say im ur luv","Forest in the City","UMI",2022-05-26,151906,51,false,5o8x11qqf7lxqq5f4sirhivr4,2022-09-28T19:36:18Z,"","UMI/Keep Cool/RCA Records",0.794,0.571,3,-9.884,0,0.114,0.323,0.000061,0.103,0.809,139.956,4
spotify:track:12j5ByuhjK6vsb0vJS1cwM,"Desafinado - From 'Minions: The Rise of Gru' Soundtrack","Desafinado (From 'Minions: The Rise of Gru' Soundtrack)","Kali Uchis",2022-05-27,130955,43,false,5o8x11qqf7lxqq5f4sirhivr4,2022-09-28T19:42:06Z,"","Decca (UMO) (Classics)",0.64,0.724,5,-7.766,0,0.394,0.82,0.000562,0.428,0.858,83.641,4
spotify:track:0ypjMI7vHiDP4sLB1C0Qna,"Talk","Talk","Yeat",2022-09-02,174857,60,true,5o8x11qqf7lxqq5f4sirhivr4,2022-09-28T20:31:46Z,"rage rap","Field Trip Recordings/Geffen Records",0.699,0.748,4,-4.72,0,0.227,0.0999,0,0.578,0.26,140.006,4
spotify:track:7wAJxSabDf4O1w8dTUwqkG,"For a Summer","For a Summer","Sarah Kang",2019-07-24,183529,37,false,5o8x11qqf7lxqq5f4sirhivr4,2022-09-29T17:54:28Z,"","Sarah Kang",0.561,0.468,1,-8.975,0,0.208,0.606,0.000206,0.151,0.181,169.945,4
spotify:track:75JGsgZiv72lPsjeUTiCS9,"handbook","handbook","Sarah Kang;Nieman;Patrick Hizon",2022-09-09,195215,23,false,5o8x11qqf7lxqq5f4sirhivr4,2022-09-29T21:50:17Z,"pinoy indie","Sarah Kang",0.467,0.364,0,-9.31,0,0.078,0.816,0,0.17,0.461,141.509,3
spotify:track:3LgWsmilsrWXiPYQFRD0T7,"goodbye","WHEN WE ALL FALL ASLEEP, WHERE DO WE GO?","Billie Eilish",2019-03-29,119409,69,false,5o8x11qqf7lxqq5f4sirhivr4,2022-09-30T15:26:48Z,"","Darkroom/Interscope Records",0.153,0.138,6,-21.877,0,0.0503,0.837,0.55,0.254,0.0503,74.318,3
spotify:track:0JzG1wJuB4v9UPkSE7LMXi,"Hotel","Hotel","Montell Fish",2022-09-16,197333,44,false,5o8x11qqf7lxqq5f4sirhivr4,2022-10-01T00:29:52Z,"christian lo-fi","Lord’s Child, LLC",0.228,0.427,0,-8.739,0,0.0363,0.752,0.0167,0.592,0.192,180.345,4
spotify:track:2Kt1XplPBQBsDKQDa6TssB,"Flawless","I Love You.","The Neighbourhood",2013-04-22,246493,72,true,5o8x11qqf7lxqq5f4sirhivr4,2022-10-01T13:50:52Z,"","Columbia",0.568,0.871,0,-3.453,1,0.0308,0.0553,0.51,0.303,0.374,119.99,4
spotify:track:2xql0pid3EUwW38AsywxhV,"Reflections","Hard To Imagine The Neighbourhood Ever Changing","The Neighbourhood",2018-11-02,244013,89,false,5o8x11qqf7lxqq5f4sirhivr4,2022-10-01T14:13:37Z,"","Columbia",0.648,0.594,11,-7.027,0,0.0293,0.114,0.0462,0.116,0.544,113.983,4
spotify:track:0yABdzMcJpRkKhVKXjfcUk,"7 Weeks & 3 Days","Over You","yungatita",2020-01-03,194000,0,true,5o8x11qqf7lxqq5f4sirhivr4,2022-10-01T19:22:01Z,"","Counter Culture Records",0.613,0.734,11,-8.833,0,0.0278,0.237,0.136,0.227,0.662,129.97,4
spotify:track:6ocbgoVGwYJhOv1GgI9NsF,"7 rings","thank u, next","Ariana Grande",2019-02-08,178626,88,true,5o8x11qqf7lxqq5f4sirhivr4,2022-10-01T19:22:10Z,"pop","Republic Records",0.777,0.317,1,-10.732,0,0.308,0.591,0,0.0881,0.33,139.848,4
spotify:track:5Isz0twJeFdduOQEFQLezv,"Confident","Journals","Justin Bieber;Chance the Rapper",2014-05-13,248133,73,false,5o8x11qqf7lxqq5f4sirhivr4,2022-10-01T19:32:25Z,"","RBMG/Def Jam",0.739,0.563,5,-5.467,0,0.108,0.112,0,0.191,0.875,134.105,4
spotify:track:4WaqKOyMYufVzW57VrYc6U,"Luvaroq","Luvaroq","Elujay;serpentwithfeet",2021-10-01,220781,0,true,5o8x11qqf7lxqq5f4sirhivr4,2022-10-01T21:53:34Z,"alternative r&b,indie r&b","OneTime!",0.68,0.686,1,-6.089,1,0.0285,0.04,0.0975,0.0455,0.79,142.007,4
spotify:track:5IbySMDqxT2qILb666CCz0,"let's run away","let's run away","Sarah Kang;Orion Song;Patrick Hizon",2022-07-08,205094,33,false,5o8x11qqf7lxqq5f4sirhivr4,2022-10-03T00:06:19Z,"","Sarah Kang",0.685,0.465,11,-7.526,0,0.0492,0.773,0,0.11,0.736,80.021,4
spotify:track:0DXZHcAQAkXx8YlMIdzqgG,"Be My Own Boyfriend","Be My Own Boyfriend","Olivia Dean",2021-04-16,207960,73,true,5o8x11qqf7lxqq5f4sirhivr4,2022-10-03T14:48:52Z,"pop soul","AMF Records",0.69,0.435,8,-8.482,1,0.0397,0.696,0.118,0.0946,0.403,122.059,4
spotify:track:2K5CdJb1IkAlsT108wRxYP,"Love (feat. Jazmine Sullivan)","LEGEND","John Legend;Jazmine Sullivan",2022-09-09,173123,31,false,5o8x11qqf7lxqq5f4sirhivr4,2022-10-04T01:54:27Z,"soft pop,neo soul,r&b","Republic Records",0.629,0.504,5,-5.337,1,0.0767,0.146,0,0.52,0.417,115.047,3
spotify:track:36mf8KVDQoGDBQYJs0eR0x,"I Want You To Know","LEGEND","John Legend",2022-09-09,211822,26,false,5o8x11qqf7lxqq5f4sirhivr4,2022-10-04T02:19:45Z,"soft pop,neo soul","Republic Records",0.56,0.848,1,-3.895,0,0.0727,0.043,0,0.304,0.532,170.075,4
spotify:track:6dej4TxCbhfC6HAOMTN2oH,"Yu Yu Romantic","Yu Yu Romantic","BERLE",2022-01-01,285546,0,false,5o8x11qqf7lxqq5f4sirhivr4,2022-10-04T20:25:47Z,"","BERLE",0.792,0.366,0,-14.673,1,0.0423,0.148,0.274,0.111,0.445,110.981,3
spotify:track:4epHhc2lvhFYzMlKA23O3G,"MALA","DUMMY BOY","6ix9ine;Anuel AA",2018,206550,1,true,5o8x11qqf7lxqq5f4sirhivr4,2022-10-05T05:28:59Z,"reggaeton,trap latino,urbano latino,latin","Scumgang Records/TenThousand Projects, LLC",0.72,0.825,5,-3.627,0,0.0424,0.689,0,0.103,0.789,100.008,4
spotify:track:3PHgxKy3nKy0v9KvUtHl8g,"And We Go Gentle","Mood Valiant","Hiatus Kaiyote",2021-06-25,203266,58,false,5o8x11qqf7lxqq5f4sirhivr4,2022-10-07T23:17:38Z,"neo soul,indie soul,alternative r&b","Brainfeeder",0.587,0.584,4,-7.594,0,0.0395,0.299,0.0000253,0.109,0.525,71.826,4
spotify:track:2iArM3RVo0uupvmg5xqvWE,"Sip Into Something Soft","Mood Valiant","Hiatus Kaiyote",2021-06-25,102893,51,false,5o8x11qqf7lxqq5f4sirhivr4,2022-10-07T23:20:38Z,"neo soul,indie soul,alternative r&b","Brainfeeder",0.421,0.629,4,-9.216,0,0.0529,0.817,0.0744,0.127,0.344,77.769,3
spotify:track:4XY348mLkMShpnyhhx9UYr,"Portals","Portals","Arima Ederra",2022-08-26,165640,0,false,5o8x11qqf7lxqq5f4sirhivr4,2022-10-08T02:34:55Z,"","Arima's Lab",0.453,0.104,9,-14.047,1,0.0409,0.991,0.00355,0.131,0.454,78.147,4
spotify:track:6DaTVCUYYsSxqYq2oglCOk,"KURXXED DIAMONDS!","KURXXED DIAMONDS!","Lumi Athena;Xxanteria;cade clair;Ripmos",2022-08-21,97001,0,true,5o8x11qqf7lxqq5f4sirhivr4,2022-10-08T17:33:58Z,"hyperpop,jersey club","3984516 Records DK",0.349,0.566,1,-9.407,1,0.106,0.000254,0.0000721,0.339,0.307,183.206,4
spotify:track:1lgZr6jlegLdV8hOiKsjlv,"I Don't Wanna Go","The Leo Sun Sets","Dreamer Isioma;MAVI",2020-12-02,193846,0,true,5o8x11qqf7lxqq5f4sirhivr4,2022-10-09T16:44:26Z,"alternative r&b,experimental hip hop,alternative hip hop","Dreamer Isioma LLC",0.701,0.388,1,-13.027,0,0.149,0.173,0.0000272,0.0974,0.523,77.99,4
spotify:track:2Kas7UewgZHHYq1S9ttPap,"Crying In The Club","Goodnight Dreamer","Dreamer Isioma",2022-02-23,170877,0,false,5o8x11qqf7lxqq5f4sirhivr4,2022-10-09T18:13:36Z,"alternative r&b","Dreamer Isioma LLC",0.606,0.551,9,-7.431,0,0.282,0.425,0.015,0.618,0.544,164.112,4
spotify:track:0hPkx72NLW5rvSAppoicH1,"valentine's day","valentine's day","Lucy Bedroque",2021-08-21,136081,43,true,5o8x11qqf7lxqq5f4sirhivr4,2022-10-09T19:02:13Z,"hyperpop,rage rap,cloud rap","lostrushi",0.536,0.691,8,-8.23,1,0.0339,0.286,0.0183,0.137,0.577,118.854,4
spotify:track:5ScbulRnixQ2XAdvrPMFjz,"Get Along Better","Certified Lover Boy","Drake;Ty Dolla $ign",2021-09-03,229303,72,true,5o8x11qqf7lxqq5f4sirhivr4,2022-10-12T02:03:20Z,"rap,trap soul","OVO",0.32,0.466,8,-6.77,1,0.0374,0.00645,0,0.133,0.338,177.693,3
spotify:track:0fgqddAFPRBtdWA6AHWSi7,"Palace","Palace","ADTurnUp",2022-09-07,164326,0,false,5o8x11qqf7lxqq5f4sirhivr4,2022-10-14T14:46:08Z,"","The System",0.715,0.183,2,-15.345,1,0.0581,0.504,0.873,0.109,0.456,130.003,4
spotify:track:2F9DZokehVbts2Up0iU347,"be careful with my heart","be careful with my heart","Rocco",2022-09-30,155776,0,false,5o8x11qqf7lxqq5f4sirhivr4,2022-10-15T16:18:41Z,"","Rocco",0.768,0.483,11,-10.811,0,0.0309,0.674,0.000129,0.103,0.552,129.591,4
spotify:track:7a60lyI9Wy3eezBpGZ37Ni,"Lay Me Down","Apollo XXI","Steve Lacy",2019-05-24,183074,60,false,5o8x11qqf7lxqq5f4sirhivr4,2022-10-15T16:34:09Z,"","3qtr",0.544,0.59,9,-9.378,0,0.0394,0.0243,0.0404,0.577,0.735,79.896,3
spotify:track:2cF7drjQH2xzgWxOBQEnLh,"Ton1ght - Exotix Remix","Ton1ght (Exotix Remix)","luvdes;Exotix",2022-10-03,150878,0,true,5o8x11qqf7lxqq5f4sirhivr4,2022-10-15T21:26:20Z,"","luvdes",0.69,0.419,1,-7.987,0,0.0307,0.0048,0.00778,0.11,0.384,140.017,4
spotify:track:6ewrGkoQWQvtyscDFx1RBB,"Smith & Westin","Studying Abroad: Extended Stay","Masego;TeaMarrr",2020-11-13,218819,49,false,5o8x11qqf7lxqq5f4sirhivr4,2022-10-16T05:29:40Z,"alternative r&b","EQT Recordings - Masego",0.502,0.547,2,-5.978,1,0.0754,0.487,0.00000194,0.664,0.527,127.817,4
spotify:track:29HrrHM34pVEPe1WXgT5Bs,"So Cold","Last Year Was Weird, Vol. 3","Tkay Maidza",2021-07-09,171225,35,true,5o8x11qqf7lxqq5f4sirhivr4,2022-10-16T22:52:24Z,"alternative r&b","4AD",0.779,0.774,10,-6.54,0,0.0559,0.0542,0,0.144,0.603,115.039,4
spotify:track:761QvVHTibYjEi2r6A4g4Q,"Get Free","Lust For Life","Lana Del Rey",2017-07-21,334294,69,false,5o8x11qqf7lxqq5f4sirhivr4,2022-10-18T05:54:41Z,"","Polydor Records",0.205,0.472,10,-10.45,1,0.0718,0.498,0.000792,0.0953,0.0392,203.944,4
spotify:track:1SsUx7lHTfuiSSB1KfRMdE,"Distance","Dawn","Yebba",2021-09-10,255794,60,false,5o8x11qqf7lxqq5f4sirhivr4,2022-10-19T21:14:05Z,"","RCA Records Label",0.601,0.511,0,-7.297,1,0.038,0.68,0.252,0.0732,0.469,139.955,4
spotify:track:7quB4D2OH6Q5WwzeEga1q5,"Found (feat. Brent Faiyaz)","If Orange Was A Place","Tems;Brent Faiyaz",2021-09-14,209454,55,false,5o8x11qqf7lxqq5f4sirhivr4,2022-10-19T22:11:41Z,"afrobeats,afro r&b,alté,afrobeat,r&b","RCA Records/Since 93'",0.821,0.412,7,-7.795,1,0.0341,0.625,0.0000164,0.0985,0.333,109.977,4
spotify:track:0kuP3lMxCikBd7nPBIdjv8,"Heaven Sent","Heaven Sent","Tevomxntana",2020-10-23,150000,1,false,5o8x11qqf7lxqq5f4sirhivr4,2022-10-20T02:23:50Z,"","Tevomxntana",0.379,0.795,7,-8.928,0,0.0542,0.281,0.00234,0.0932,0.222,94.503,3
spotify:track:1a019wP7IdYLexwbmfZPm3,"Flawlëss (feat. Lil Uzi Vert)","Lyfë","Yeat;Lil Uzi Vert",2022-09-09,176124,71,true,5o8x11qqf7lxqq5f4sirhivr4,2022-10-22T03:03:29Z,"rage rap,melodic rap","Field Trip Recordings/Geffen Records",0.47,0.807,1,-6.024,1,0.337,0.0732,0,0.144,0.0921,130.99,4
spotify:track:5qVKEmiYLexomiYuBUR3iq,"Emily Rose","Emily Rose","Miss Prada",2022-01-14,220055,0,true,5o8x11qqf7lxqq5f4sirhivr4,2022-10-22T13:12:40Z,"","Miss Prada",0.717,0.533,7,-11.518,1,0.353,0.0128,0.00000239,0.0802,0.339,131.772,4
spotify:track:7LKeX6HZw7lSSlaLRGMWWY,"Keep Your Head Up","Keep Your Head Up","Khi Infinite",2022-04-28,163725,0,false,5o8x11qqf7lxqq5f4sirhivr4,2022-10-22T13:14:06Z,"","Artist Partner Group, Inc.",0.809,0.181,4,-10.383,0,0.0367,0.864,0.000119,0.112,0.307,100.019,4
spotify:track:1pDOIIp3aHcabzH6lzEaef,"Good Mornin'","Good Mornin'","Flwr Chyld;Sebastian Mikael",2022-06-17,142351,0,false,5o8x11qqf7lxqq5f4sirhivr4,2022-10-22T13:24:10Z,"indie r&b,alternative r&b,neo soul","Garden Records LLC",0.914,0.451,1,-9.353,1,0.241,0.00231,0.146,0.166,0.414,96.096,4
spotify:track:6J9UUQSQ9Vm9fh6vZgLlzu,"WTH","Suffer","Freddie Dredd",2020-08-18,99807,56,true,5o8x11qqf7lxqq5f4sirhivr4,2022-10-22T22:49:41Z,"phonk","Doomshop Records/RCA Records",0.795,0.6,10,-6.92,1,0.282,0.0394,0.0517,0.097,0.452,142.971,4
spotify:track:4fvneyc3bVlvzUuvKU6MpM,"Weather","Weather","Freddie Dredd",2019-09-11,111281,60,true,5o8x11qqf7lxqq5f4sirhivr4,2022-10-22T22:50:59Z,"phonk","Doomshop Records",0.752,0.87,1,-4.267,0,0.182,0.0229,0.00000228,0.0996,0.761,160.128,4
spotify:track:5Cyy8UMG6ch51oXYenPGzN,"Archetype","Ivory (Marfil)","Omar Apollo",2022-08-12,168828,52,false,5o8x11qqf7lxqq5f4sirhivr4,2022-10-22T22:52:07Z,"bedroom pop","Warner Records",0.676,0.338,9,-7.96,1,0.0284,0.372,0.00000557,0.468,0.321,92.029,4
spotify:track:7lMrIFrNAwSSdOrsk4glWa,"COCONUT PERFUME","COCONUT PERFUME","Ray Laurél",2022-06-29,165250,47,false,5o8x11qqf7lxqq5f4sirhivr4,2022-10-22T22:52:23Z,"","Ray Laurél, Distributed by Venice Music",0.783,0.372,5,-9.819,1,0.192,0.295,0,0.308,0.54,129.12,4
spotify:track:069mlD5el7f9hcN4Wh4YXb,"Cocoon","You Can’t Kill Me","070 Shake",2022-06-03,201004,50,true,5o8x11qqf7lxqq5f4sirhivr4,2022-10-25T22:35:03Z,"","Getting Out Our Dreams Inc. (G.O.O.D.) Music / IDJ",0.688,0.321,10,-10.827,1,0.0305,0.0451,0.00132,0.0939,0.0485,132.001,4
spotify:track:1V27TTo9FI2sl8xzGr3sCg,"Gilded Lily","Offering","Cults",2017-10-06,212736,0,false,5o8x11qqf7lxqq5f4sirhivr4,2022-10-26T00:51:27Z,"","Sinderlyn",0.4,0.571,11,-6.534,0,0.0288,0.468,0.0000305,0.519,0.146,61.859,4
spotify:track:2CUA0OdEKqoPkmtz4z2yG0,"Splish Splash (feat. cupcakKe)","Life In Plastic 2","DreamDoll;cupcakKe",2019-03-07,159240,41,true,5o8x11qqf7lxqq5f4sirhivr4,2022-10-27T00:02:04Z,"","Not specified",0.668,0.737,8,-4.997,1,0.385,0.403,0.000102,0.344,0.634,155.848,4
spotify:track:7KXVIAuw3m2hxZanrpSXS3,"Tomorrow 2 (with Cardi B)","Tomorrow 2 (with Cardi B)","GloRilla;Cardi B",2022-09-23,209811,1,true,5o8x11qqf7lxqq5f4sirhivr4,2022-10-28T02:41:47Z,"","CMG/Interscope Records",0.791,0.812,0,-3.979,1,0.409,0.0766,0,0.118,0.698,159.78,4
spotify:track:1BFFcF83SmsS6cKBLZGjkc,"blkswn","blkswn","Smino",2017-03-14,172560,48,true,5o8x11qqf7lxqq5f4sirhivr4,2022-10-29T02:11:48Z,"","Downtown JV",0.789,0.392,1,-8.944,0,0.304,0.322,0,0.0791,0.477,107.084,4
spotify:track:0KloE2l9NrwygQImWeDrEB,"Nami Theme - Remix","Nami Theme (Remix)","Yoshii",2020-10-10,201816,36,false,5o8x11qqf7lxqq5f4sirhivr4,2022-10-29T05:14:12Z,"anime","Hermanos Productions",0.753,0.565,4,-10.089,0,0.0494,0.00333,0.906,0.152,0.3,147.077,4
spotify:track:4vJO95t40KnFoPety34Hna,"Nami (One Piece Lofi)","Nami (One Piece Lofi)","kenjun",2022-04-08,163134,28,false,5o8x11qqf7lxqq5f4sirhivr4,2022-10-29T05:14:35Z,"lo-fi","kenjun",0.763,0.358,4,-11.268,0,0.0852,0.876,0.757,0.357,0.328,132.017,4
spotify:track:1KbCc89SxYma4BnBChkJBs,"1993 (with J. Cole, JID, Cozz & EARTHGANG feat. Smino & Buddy)","Revenge Of The Dreamers III","Dreamville;J. Cole;JID;Cozz;EARTHGANG;Smino;Buddy",2019-07-05,210466,56,true,5o8x11qqf7lxqq5f4sirhivr4,2022-10-29T16:43:51Z,"rap","Dreamville/Interscope Records",0.525,0.725,7,-5.318,1,0.629,0.529,0,0.598,0.693,175.63,4
spotify:track:2dOUErBzFZJ8l7MbV6FcYW,"Queen Space (with Summer Walker)","age/sex/location","Ari Lennox;Summer Walker",2022-09-09,230841,41,false,5o8x11qqf7lxqq5f4sirhivr4,2022-10-29T16:48:42Z,"alternative r&b,neo soul,r&b","Dreamville/Interscope Records",0.793,0.601,7,-6.309,0,0.0658,0.165,0.000236,0.0853,0.576,135.053,4
spotify:track:2kSb3wYSOV996xA2NSmpck,"Melting","Por Vida","Kali Uchis",2015-02-04,208853,13,false,5o8x11qqf7lxqq5f4sirhivr4,2022-10-29T17:13:47Z,"","Kali Uchis LLC",0.574,0.479,8,-7.776,1,0.0355,0.179,0.0803,0.106,0.303,115.263,4
spotify:track:5IgjP7X4th6nMNDh4akUHb,"Under The Influence","Indigo (Extended)","Chris Brown",2019-10-04,184203,84,true,5o8x11qqf7lxqq5f4sirhivr4,2022-10-29T20:39:11Z,"r&b","Chris Brown Entertainment/RCA Records",0.755,0.562,9,-8.947,0,0.0355,0.0186,0.000231,0.18,0.368,116.931,4
spotify:track:3FImu2LpSuH6gDHBuFgIbS,"DO 4 LOVE","Spotify Singles","Snoh Aalegra",2021-10-29,189462,71,false,5o8x11qqf7lxqq5f4sirhivr4,2022-10-29T20:45:11Z,"alternative r&b","Artium Recordings, LLC, under exclusive license to Roc Nation Records, LLC",0.367,0.142,6,-12.717,0,0.0319,0.913,0.00367,0.107,0.1,69.827,4
spotify:track:409ivQDPWA6kffdZEu3q90,"attachment (sped up)","attachment (sped up)","Kanii;Bossa;Kanii Archive",2022-08-26,95449,42,false,5o8x11qqf7lxqq5f4sirhivr4,2022-10-30T17:14:14Z,"jersey club","Iconic Records",0.461,0.794,2,-6.735,0,0.338,0.15,0.0494,0.141,0.668,160.988,4
spotify:track:5J2hlOE3RE2vJUvA3so74i,"companion (sped up)","companion (sped up)","Kanii;Bossa",2022-08-03,74711,37,false,5o8x11qqf7lxqq5f4sirhivr4,2022-10-30T17:15:09Z,"jersey club,brazilian jazz","Iconic Records",0.556,0.835,1,-10.088,0,0.0855,0.193,0.492,0.104,0.378,154.263,4
spotify:track:0w4XjAl1fNF6tfs4USSUSO,"Masquerade Sped Up","Masquerade Sped Up","tezkko",2022-04-03,131111,0,false,5o8x11qqf7lxqq5f4sirhivr4,2022-10-30T17:25:10Z,"","tezkko",0.487,0.895,0,-3.751,1,0.041,0.000362,0.554,0.345,0.389,177.627,4
spotify:track:3ywPoSYGNFUe18CoWgSTQb,"Yad","Yad","fr4me Archive",2022-07-28,124801,0,false,5o8x11qqf7lxqq5f4sirhivr4,2022-10-30T17:25:41Z,"","Inkontrol Records",0.402,0.397,6,-17.831,1,0.129,0.302,0.923,0.11,0.07,104.661,4
spotify:track:5W5PiwYHzRDYo5jbiFQDYs,"NICKI 1993 (VERSE)","NICKI 1993 (VERSE)","Cassanova",2021-11-22,118402,0,true,5o8x11qqf7lxqq5f4sirhivr4,2022-10-30T17:27:50Z,"","3477059 Records DK",0.74,0.349,1,-12.329,1,0.0632,0.813,0.0128,0.333,0.0532,77.277,4
spotify:track:5q5cDmlzQV2vzJMvhoUPCf,"Le Monde - Piano Version","Le Monde (Piano Version)","kobzx2z",2023-09-13,204649,0,true,5o8x11qqf7lxqq5f4sirhivr4,2022-10-30T17:33:01Z,"","kobzx2z",0.593,0.223,7,-15.23,0,0.0417,0.822,0,0.119,0.349,78.074,3
spotify:track:3WFivFp3uRp79WlwPrLvd1,"Sun Down, I'm Up - Sped Up & Pitched","Sun Down, I'm Up (Sped Up & Pitched)","Lil Yawh",2022-06-01,95971,0,true,5o8x11qqf7lxqq5f4sirhivr4,2022-10-30T18:19:01Z,"","761481 Records DK",0.801,0.358,11,-12.681,0,0.079,0.6,0.928,0.145,0.228,121.052,4
spotify:track:4hBNUgMmAm0lrMilgd4RVW,"Automatic","Automatic","Spencer.",2019-10-01,184879,44,false,5o8x11qqf7lxqq5f4sirhivr4,2022-10-31T23:35:00Z,"bedroom pop,alternative r&b,indie r&b","4AD",0.633,0.604,11,-8.472,0,0.0388,0.314,0.00225,0.175,0.418,89.999,4
spotify:track:3vjs2MDHoF9xhylNg6Y9un,"Chateau (Feel Alright)","Twenty Twenty","Djo",2019-09-13,272157,69,false,5o8x11qqf7lxqq5f4sirhivr4,2022-10-31T23:35:09Z,"","Djo",0.641,0.365,7,-11.765,1,0.027,0.434,0.00000849,0.297,0.343,134.874,4
spotify:track:2nAEYxNIEC5vh1HrLUbH7L,"Black Tame","Don't Go Tellin' Your Momma","Topaz Jones",2021-04-23,252373,48,false,5o8x11qqf7lxqq5f4sirhivr4,2022-10-31T23:35:14Z,"","New Funk Academy / Black Canopy",0.627,0.81,11,-4.971,1,0.284,0.314,0,0.546,0.637,100.136,4
spotify:track:6Dk5fHTvH897XrVzCO64Mx,"What You Won't Do for Love","What You Won't Do for Love","Bobby Caldwell",1978,286493,77,false,5o8x11qqf7lxqq5f4sirhivr4,2022-11-01T13:51:00Z,"yacht rock","Big Deal Records",0.642,0.396,6,-16.843,1,0.0642,0.462,0.000823,0.106,0.797,84.082,4
spotify:track:1vrFJDrysqmsNAgyjBzx4f,"F.N.F. (Let's Go)","F.N.F. (Let's Go)","Hitkidd;GloRilla",2022-05-03,137579,59,true,5o8x11qqf7lxqq5f4sirhivr4,2022-11-01T23:17:21Z,"","Blac Noize!",0.864,0.476,1,-10.068,1,0.436,0.0374,0,0.374,0.647,157.144,4
spotify:track:0RkCnqwF8Tfl2QGPZwopyk,"Shake It (feat. Cardi B, Dougie B & Bory300)","Shake It (feat. Cardi B, Dougie B & Bory300)","Kay Flock;Cardi B;Dougie B;Bory300",2022-04-15,118249,53,true,5o8x11qqf7lxqq5f4sirhivr4,2022-11-01T23:30:57Z,"new york drill,drill,brooklyn drill","Capitol Records",0.87,0.835,1,-5.875,1,0.311,0.0353,0,0.142,0.901,140.051,4
spotify:track:2WigMwGJysIh9fRnSJvpjn,"KU LO SA - A COLORS SHOW","KU LO SA - A COLORS SHOW","Oxlade",2022-06-10,147580,75,false,5o8x11qqf7lxqq5f4sirhivr4,2022-11-01T23:59:44Z,"afrobeats,afrobeat,afropop,afro r&b,alté,afroswing,afro soul,afropiano","Troniq Inc",0.649,0.655,10,-5.534,0,0.0652,0.307,0,0.22,0.793,92.9,4
spotify:track:5HMl6aG4uTWFo8TZvJ7pfn,"The Words","Public Displays Of Affection: The Album","Muni Long",2022-09-23,173707,36,true,5o8x11qqf7lxqq5f4sirhivr4,2022-11-02T00:08:55Z,"","Supergiant Records, LLC / Def Jam Recordings",0.773,0.441,6,-6.182,1,0.086,0.153,0,0.104,0.57,90.018,4
spotify:track:3REQkt60mafExNVnJehMdL,"Make Me Stay","Too Late To Die Young","Sonder",2022-10-21,172131,66,true,5o8x11qqf7lxqq5f4sirhivr4,2022-11-02T00:16:52Z,"dark r&b,r&b","Sonder Global LLC",0.739,0.371,4,-8.152,0,0.0511,0.358,0.0000427,0.139,0.207,122.033,4
spotify:track:4QzljsoizfscCExqa1CDWN,"So Be It","The Hurtbook","Alex Vaughn",2022-10-07,189546,38,true,5o8x11qqf7lxqq5f4sirhivr4,2022-11-02T00:21:23Z,"","LVRN/Interscope Records",0.692,0.635,3,-5.249,0,0.177,0.147,0,0.116,0.261,131.981,4
spotify:track:0U8tC6UzgYePgOJT6Chlw9,"Boy Bye (feat. Lucky Daye)","age/sex/location","Ari Lennox;Lucky Daye",2022-09-09,301081,42,true,5o8x11qqf7lxqq5f4sirhivr4,2022-11-02T00:27:38Z,"alternative r&b,neo soul","Dreamville/Interscope Records",0.503,0.404,5,-8.58,0,0.21,0.801,0.00000141,0.185,0.361,143.187,4
spotify:track:0ARKW62l9uWIDYMZTUmJHF,"Shut Down","BORN PINK","BLACKPINK",2022-09-16,175889,68,false,5o8x11qqf7lxqq5f4sirhivr4,2022-11-02T14:55:13Z,"k-pop","YG Entertainment/Interscope Records",0.814,0.704,0,-5.146,1,0.036,0.00291,0,0.182,0.621,110.056,3
spotify:track:4gKWtJGlhxKKSyV65llt2G,"OOGA BOOGA!","OOGA BOOGA!","Ski Mask The Slump God",2022-10-25,139038,11,true,5o8x11qqf7lxqq5f4sirhivr4,2022-11-02T18:40:26Z,"","Republic Records/Victor Victor",0.835,0.907,1,-5.725,1,0.222,0.093,0.00151,0.127,0.73,104.04,4
spotify:track:5HKv1sFHbXgmXBih203HxT,"I Don't Wanna Be Okay Without You","Live in Peter's Attic","Charlie Burg",2016-12-20,243796,0,false,5o8x11qqf7lxqq5f4sirhivr4,2022-11-03T14:40:25Z,"","Charlie Burg",0.532,0.319,5,-7.461,1,0.0288,0.399,0.0000252,0.138,0.166,62.984,4
spotify:track:2sXydP9vPEYUH4uAWotuGu,"Girl Like Me (feat. H.E.R.)","Heaux Tales","Jazmine Sullivan;H.E.R.",2021-01-08,224867,56,true,5o8x11qqf7lxqq5f4sirhivr4,2022-11-03T21:32:44Z,"r&b","RCA Records Label",0.5,0.638,6,-4.007,0,0.0756,0.66,0,0.366,0.698,81.145,4
spotify:track:3jG03NoJ4Z1Q1SxX5en6Zl,"immrtl","immrtl","Dyan Dxddy;framed",2022-09-29,143782,0,false,5o8x11qqf7lxqq5f4sirhivr4,2022-11-04T02:50:38Z,"phonk,brazilian phonk","4546709 Records DK",0.591,0.297,0,-15.306,0,0.0345,0.022,0.909,0.204,0.0647,119.923,4
spotify:track:21uFPefbgeR3QLVJWATlrr,"Scott Street","Stranger in the Alps (Deluxe Edition)","Phoebe Bridgers",2018-10-02,305000,74,true,5o8x11qqf7lxqq5f4sirhivr4,2022-11-04T19:14:30Z,"","Dead Oceans",0.508,0.417,10,-9.632,1,0.0296,0.77,0.0928,0.0887,0.483,134.944,4
spotify:track:1DLWLgh7mcTExvVbcAkU1i,"Intentions Interlude","The Burning Tree","A-Reece",2022-04-20,133333,31,true,5o8x11qqf7lxqq5f4sirhivr4,2022-11-05T15:19:23Z,"","REVENGE CLUB RECORDS",0.808,0.593,5,-8.688,1,0.0653,0.295,0.000781,0.107,0.963,72.515,4
spotify:track:5H31k5UO67Se83OanMS9z9,"SOMETHING TO FIGHT FOR","DEADLINES: FREE P2","A-Reece;Jay Jody;DJ Maphorisa",2022-10-21,282500,28,true,5o8x11qqf7lxqq5f4sirhivr4,2022-11-05T15:35:13Z,"amapiano,private school piano,gqom,3 step,afropiano,bacardi,afrobeats","REVENGE CLUB RECORDS",0.499,0.884,5,-4.438,0,0.149,0.15,0.000697,0.441,0.729,96.044,4
spotify:track:1jixd4D5PoMur8qLZE8W1k,"GODLIKE","DEADLINES: FREE P2","A-Reece",2022-10-21,253251,40,true,5o8x11qqf7lxqq5f4sirhivr4,2022-11-05T15:51:30Z,"","REVENGE CLUB RECORDS",0.742,0.766,1,-6.099,1,0.259,0.0639,0.0156,0.0974,0.517,81.475,4
spotify:track:5xwBIieMMFUmLDgvG4DjFe,"Fall In Love Alone","Fall In Love Alone","Stacey Ryan",2022-05-13,205427,71,false,5o8x11qqf7lxqq5f4sirhivr4,2022-11-05T17:53:44Z,"","Island Records",0.676,0.625,7,-5.455,0,0.0711,0.316,0.000119,0.127,0.522,171.883,4
spotify:track:4FyesJzVpA39hbYvcseO2d,"Just Wanna Rock","Just Wanna Rock","Lil Uzi Vert",2022-10-17,123890,72,true,5o8x11qqf7lxqq5f4sirhivr4,2022-11-06T13:04:03Z,"melodic rap,rage rap","Generation Now/Atlantic",0.486,0.545,11,-7.924,1,0.0336,0.0652,0.00474,0.0642,0.0385,150.187,4
spotify:track:1Xtz05nIgJiEYdncfd1w8h,"Soledad y el Mar (feat. Los Macorinos)","Musas (Un Homenaje al Folclore Latinoamericano en Manos de Los Macorinos, Vol. 1)","Natalia Lafourcade;Los Macorinos",2017-05-05,214546,68,false,5o8x11qqf7lxqq5f4sirhivr4,2022-11-07T15:59:44Z,"latin folk,bolero,latin indie,latin alternative,latin folklore,trova","Columbia",0.726,0.177,1,-14.824,0,0.0353,0.896,0.00000214,0.116,0.618,92.934,4
spotify:track:0YsGMHid6sFq5PcToe3JZE,"Les","Camp","Childish Gambino",2011-11-15,317293,7,true,5o8x11qqf7lxqq5f4sirhivr4,2022-11-07T17:46:54Z,"","Glassnote Entertainment Group LLC",0.541,0.674,1,-7.04,0,0.0841,0.00649,0.0000976,0.235,0.123,103.139,4
spotify:track:4PEGwWH4tL6H7dGl4uVSPg,"Like a Tattoo","Love Deluxe","Sade",1992-10-26,218000,83,false,5o8x11qqf7lxqq5f4sirhivr4,2022-11-07T19:33:36Z,"","Epic",0.557,0.16,5,-16.302,0,0.0315,0.922,0.000756,0.0996,0.133,136.01,4
spotify:track:1bDbXMyjaUIooNwFE9wn0N,"Rich Flex","Her Loss","Drake;21 Savage",2022-11-04,239359,78,true,5o8x11qqf7lxqq5f4sirhivr4,2022-11-09T23:31:58Z,"rap","OVO / Republic Records",0.549,0.518,4,-9.39,0,0.257,0.0517,0.00000121,0.378,0.418,160.07,4
spotify:track:6WFQyZonE1mQkeLx1ymi0k,"Dumb In Love With You","Dumb In Love With You","Dreamer Isioma",2022-10-05,213120,18,false,5o8x11qqf7lxqq5f4sirhivr4,2022-11-10T01:27:22Z,"alternative r&b","Dreamer Isioma LLC",0.289,0.703,9,-7.133,1,0.083,0.103,0.336,0.0946,0.601,85.016,4
spotify:track:5GrO19oHIMSAVSPWjRhaRT,"Really, Really","Goodnight Dreamer","Dreamer Isioma",2022-02-23,146331,0,true,5o8x11qqf7lxqq5f4sirhivr4,2022-11-10T01:45:41Z,"alternative r&b","Dreamer Isioma LLC",0.677,0.647,11,-6.509,1,0.0398,0.0114,0.000435,0.325,0.226,124.916,4
spotify:track:6uk3LswJRWKBsGN8mBcuXY,"Afterglow","Flower (In Full Bloom)","Luna Li",2021-09-28,198466,6,false,5o8x11qqf7lxqq5f4sirhivr4,2022-11-10T01:58:29Z,"","In Real Life Music",0.581,0.522,5,-8.615,1,0.0266,0.557,0.000389,0.0988,0.407,132.314,4
spotify:track:57OgyKNGgGJYUvQjYEIdck,"StayUp!","Goodnight Dreamer","Dreamer Isioma",2022-02-23,208137,0,true,5o8x11qqf7lxqq5f4sirhivr4,2022-11-10T02:02:30Z,"alternative r&b","Dreamer Isioma LLC",0.779,0.65,11,-5.913,0,0.0914,0.344,0.129,0.368,0.319,119.974,4
spotify:track:7FMKepXMlLSvmsl8B2htPB,"Goodnight Dreamer","Goodnight Dreamer","Dreamer Isioma",2022-02-23,158664,0,true,5o8x11qqf7lxqq5f4sirhivr4,2022-11-10T02:10:54Z,"alternative r&b","Dreamer Isioma LLC",0.641,0.462,6,-11.682,1,0.031,0.773,0.346,0.109,0.457,105.014,3
spotify:track:1lZUpqag6NEbHJqOEVKsAz,"PP1","2000 - 2004","Frakkur",2018-11-23,261596,62,false,5o8x11qqf7lxqq5f4sirhivr4,2022-11-12T04:14:45Z,"","Krunk",0.132,0.194,10,-12.906,1,0.0327,0.912,0.148,0.11,0.0392,79.745,3
spotify:track:4LueoXwBMD3bfztDKMaeH1,"Nostalgic","Nostalgic","Ally Salort",2022-11-11,220244,26,true,5o8x11qqf7lxqq5f4sirhivr4,2022-11-12T15:03:16Z,"","LISTEN TO THE KIDS / Geffen Records",0.662,0.667,5,-5.048,1,0.05,0.0986,0,0.355,0.291,104.036,4
spotify:track:3X7aFBB2ja4QT2XEuxKCIA,"Bag Of You","Bag Of You","Mahalia",2022-11-11,197427,32,false,5o8x11qqf7lxqq5f4sirhivr4,2022-11-12T19:44:27Z,"uk r&b,alternative r&b","Atlantic Records UK",0.345,0.418,7,-9.453,1,0.0408,0.736,0,0.259,0.162,75.592,4
spotify:track:2dsbZwFPMYhchakMgL72DD,"DAYDREAM","SATIN","DESTIN CONRAD",2022-11-11,181144,40,true,5o8x11qqf7lxqq5f4sirhivr4,2022-11-12T23:07:15Z,"alternative r&b","Above Ground Entertainment",0.723,0.461,4,-9.747,0,0.0776,0.623,0.00000489,0.237,0.183,117.983,4
spotify:track:1JVWKU3iY8ksGUGFrJookS,"Ocarina Of Time (From ""The Legend Of Zelda"")","Ocarina Of Time (From ""The Legend Of Zelda"")","Geek Music",2019-05-06,169024,32,false,5o8x11qqf7lxqq5f4sirhivr4,2022-11-13T06:05:50Z,"anime","Geek Music",0.186,0.126,0,-17.152,1,0.0346,0.92,0.988,0.191,0.151,72.328,4
spotify:track:3XKHS9sH2RzrRNjl9BxTjE,"Vivre Pour Vivre","Francis Lai - The Essential Film Music Collection","Francis Lai",2011-01-11,191360,0,false,5o8x11qqf7lxqq5f4sirhivr4,2022-11-14T05:01:37Z,"","Silva Screen Records",0.488,0.232,0,-15.269,1,0.0284,0.795,0.969,0.165,0.212,98.022,3
spotify:track:7l7SKt5BsDiiS6CjtaW1fO,"Summer Feelings (feat. Charlie Puth)","SCOOB! The Album","Lennon Stella;Charlie Puth",2020-05-15,160289,44,false,5o8x11qqf7lxqq5f4sirhivr4,2022-11-15T01:48:03Z,"soft pop","P2020",0.696,0.686,5,-6.113,0,0.0309,0.262,0,0.174,0.7,115.982,4
spotify:track:7DievxPOudYvle0I0oCivH,"Ave Domina Lilith","B4 Vampmania","axxturel",2022-04-05,119118,0,true,5o8x11qqf7lxqq5f4sirhivr4,2022-11-15T21:53:37Z,"hyperpop","Luci4",0.762,0.611,1,-9.123,1,0.105,0.105,0.529,0.114,0.293,110.75,4
spotify:track:2Q4s93yOe2Rb1lGy1DRUYu,"bodiez","bodiez","siouxxie sixxsta",2020-12-01,132000,38,true,5o8x11qqf7lxqq5f4sirhivr4,2022-11-16T19:52:36Z,"hyperpop","Siouxxie Sixxsta",0.605,0.723,0,-9.834,1,0.033,0.0418,0.154,0.336,0.585,98.13,4
spotify:track:1457ycEyG8sQCxsM17OGOn,"PRETTY B!TCHES NEVA DIE!","PRETTY B!TCHES NEVA DIE!","kaystrueno",2021-08-29,83873,46,true,5o8x11qqf7lxqq5f4sirhivr4,2022-11-16T19:52:41Z,"hyperpop","3230793 Records DK",0.433,0.799,1,-8.145,1,0.455,0.599,0,0.416,0.468,93.892,4
spotify:track:41P6Tnd8KIHqON0QIydx6a,"the perfect pair","Beatopia","beabadoobee",2022-07-15,177533,85,false,5o8x11qqf7lxqq5f4sirhivr4,2022-11-17T01:38:00Z,"bedroom pop","Dirty Hit",0.634,0.663,11,-6.818,1,0.0331,0.433,0.124,0.102,0.6,146.053,4
spotify:track:3vZGtceCbJVh5aDT4XhE0p,"2AM","Ctrl (Deluxe)","SZA",2022-06-09,242823,71,true,5o8x11qqf7lxqq5f4sirhivr4,2022-11-17T15:56:39Z,"r&b","Top Dawg Entertainment/RCA Records",0.504,0.267,9,-13.678,0,0.406,0.438,0,0.141,0.392,83.966,4
spotify:track:5nZ43z9hCe61Y6vCagOTQE,"dash","dash","Riven",2018-07-20,137900,0,true,5o8x11qqf7lxqq5f4sirhivr4,2022-11-18T17:50:45Z,"hyperpop","lil altima riven",0.663,0.445,7,-12.975,0,0.287,0.00793,0.175,0.134,0.501,110.968,3
spotify:track:7KokYm8cMIXCsGVmUvKtqf,"Karma","Midnights","Taylor Swift",2022-10-21,204852,77,true,5o8x11qqf7lxqq5f4sirhivr4,2022-11-18T19:46:16Z,"","Taylor Swift",0.64,0.619,8,-7.108,1,0.065,0.062,0,0.475,0.121,90.008,4
spotify:track:0F4H5NdLuoyFLpBYDbGx4Z,"It's Not Gonna Kill You","It's Not Gonna Kill You","Melanie Pfirrman",2022-10-07,165529,5,false,5o8x11qqf7lxqq5f4sirhivr4,2022-11-19T15:18:23Z,"","Sidewalk Records",0.596,0.572,8,-5.397,1,0.047,0.24,0,0.184,0.487,139.896,4
spotify:track:5tvZrQ90RTtcIWtPbJ9YfM,"syxx anthem (it can't be helped)","syxx anthem (it can't be helped)","Lucy Bedroque",2022-01-22,156543,44,true,5o8x11qqf7lxqq5f4sirhivr4,2022-11-20T00:20:10Z,"hyperpop,rage rap,cloud rap","lostrushi",0.532,0.694,2,-8.605,1,0.07,0.000566,0.481,0.162,0.25,92.216,4
spotify:track:2qLldfjwuadexc8nuWtckQ,"omg","omg","Anzyeity",2022-11-03,89952,0,true,5o8x11qqf7lxqq5f4sirhivr4,2022-11-20T14:03:04Z,"jersey club,hyperpop","2720070 Records DK",0.506,0.773,11,-8.445,0,0.171,0.000189,0,0.421,0.229,143.123,4
spotify:track:55Q46o5adtSobImSKrrlqW,"Top","Luv Is Rage","Lil Uzi Vert",2015-12-18,236000,70,true,5o8x11qqf7lxqq5f4sirhivr4,2022-11-20T18:22:37Z,"melodic rap,rage rap","Generation Now/Atlantic",0.776,0.762,0,-4.356,1,0.216,0.193,0,0.18,0.678,120.039,4
spotify:track:4m8YqoUZLToSUjpNmb7m5X,"Anya Mmiri","Black Panther: Wakanda Forever - Music From and Inspired By","CKay;PinkPantheress",2022-11-11,188920,45,false,5o8x11qqf7lxqq5f4sirhivr4,2022-11-23T05:24:36Z,"afrobeats,afrobeat,afro r&b,afropop,bedroom pop","Roc Nation/Def Jam/Hollywood",0.78,0.388,5,-9.357,0,0.0385,0.158,0.115,0.111,0.372,126.088,4
spotify:track:21M5nMK9Jz4QOa301kiqFt,"Cherish (furs)","In Praise Of Shadows","Puma Blue",2021-02-05,232863,41,false,5o8x11qqf7lxqq5f4sirhivr4,2022-11-23T21:18:05Z,"bedroom pop","Blue Flowers Music",0.773,0.297,8,-14.098,1,0.0756,0.17,0.00176,0.108,0.364,132.709,4
spotify:track:600uAlmfRmnPG7b2whsVTI,"(She's) Just a Phase","Swum Baby","Puma Blue",2017-06-14,186727,56,false,5o8x11qqf7lxqq5f4sirhivr4,2022-11-23T21:18:30Z,"bedroom pop","Inner City Float",0.423,0.378,1,-10.488,0,0.0527,0.702,0.000644,0.146,0.0897,143.432,4
spotify:track:14JRhQzxXGiteNqtIA5jrC,"Midnight Blue","Blood Loss","Puma Blue",2018-11-02,278373,38,false,5o8x11qqf7lxqq5f4sirhivr4,2022-11-23T21:33:05Z,"bedroom pop","Blue Flowers Music",0.697,0.259,10,-9.108,0,0.0839,0.816,0.0109,0.148,0.334,74.863,4
spotify:track:4gqKZsBlzMQ1mVYLp9OLb5,"Kurxxed Emeraldz (Alt Version) [Slowed]","Kurxxed Emeraldz (Alt Version) [Slowed]","Luci4",2022-01-20,132906,41,true,5o8x11qqf7lxqq5f4sirhivr4,2022-11-24T05:40:30Z,"hyperpop","Bad Realm/Atlantic",0.405,0.87,1,-8.062,1,0.334,0.000198,0.393,0.31,0.127,123.238,5
spotify:track:275PIzY4ywV5EILyS5LYpe,"zone","zone","Axxad",2021-09-23,73907,35,true,5o8x11qqf7lxqq5f4sirhivr4,2022-11-24T15:14:11Z,"hyperpop","Infernal Records",0.303,0.771,11,-6.854,0,0.0609,0.00000179,0.967,0.427,0.628,122.933,4
spotify:track:0qLqhLPYSnaZvo4pAJIiPI,"2020 KLIPS 3 - Luci4","2020 KLIPS 3 (Luci4)","Axxad",2020-07-07,83670,47,false,5o8x11qqf7lxqq5f4sirhivr4,2022-11-24T15:16:04Z,"hyperpop","Infernal Records",0.614,0.804,10,-7.966,1,0.0333,0.0000723,0.942,0.242,0.972,137.823,4
spotify:track:1QxcWlk8PivolUaWcpAoNq,"Who Is She ?","Neveroddoreven","I Monster",2005-01-27,213373,71,false,5o8x11qqf7lxqq5f4sirhivr4,2022-11-24T17:16:42Z,"","Instant Karma",0.392,0.802,1,-4.014,0,0.0418,0.076,0.00908,0.0925,0.101,152.734,4
spotify:track:1IHWl5LamUGEuP4ozKQSXZ,"Tití Me Preguntó","Un Verano Sin Ti","Bad Bunny",2022-05-06,243716,93,true,5o8x11qqf7lxqq5f4sirhivr4,2022-11-24T17:19:32Z,"reggaeton,trap latino,latin,urbano latino","Rimas Entertainment LLC",0.65,0.715,5,-5.198,0,0.253,0.0993,0.000291,0.126,0.187,106.672,4
spotify:track:45bfH0GZvUyujIBiKRhXso,"B.O.T.A. (Baddest Of Them All)","B.O.T.A. (Baddest Of Them All)","Eliza Rose;Interplanetary Criminal",2022-08-12,358266,60,false,5o8x11qqf7lxqq5f4sirhivr4,2022-11-24T17:20:06Z,"house,uk garage,breakbeat","Warner Records",0.756,0.962,0,-7.526,1,0.0583,0.0671,0.703,0.194,0.749,136.981,4
spotify:track:5Eax0qFko2dh7Rl2lYs3bx,"Efecto","Un Verano Sin Ti","Bad Bunny",2022-05-06,213061,85,true,5o8x11qqf7lxqq5f4sirhivr4,2022-11-25T20:37:49Z,"reggaeton,trap latino,latin,urbano latino","Rimas Entertainment LLC",0.801,0.475,7,-8.797,0,0.0516,0.141,0.0000173,0.0639,0.234,98.047,4
spotify:track:1AUA7JlrARv430PUJRK0Lp,"American Boyfriend","American Boyfriend: A Suburban Love Story","Kevin Abstract",2016-11-18,238248,46,true,5o8x11qqf7lxqq5f4sirhivr4,2022-11-26T15:44:08Z,"","QUESTION EVERYTHING, INC. / EMPIRE",0.463,0.698,1,-4.456,1,0.0368,0.0215,0.00000465,0.238,0.351,93.072,4
spotify:track:5JRMqkR82k2fdDEAim9SCN,"Peach","ARIZONA BABY","Kevin Abstract",2019-04-25,176732,64,true,5o8x11qqf7lxqq5f4sirhivr4,2022-11-26T15:44:14Z,"","Question Everything/RCA Records",0.646,0.682,7,-5.847,1,0.0759,0.683,0.00000484,0.107,0.421,131.895,4
spotify:track:6Sq7ltF9Qa7SNFBsV5Cogx,"Me Porto Bonito","Un Verano Sin Ti","Bad Bunny;Chencho Corleone",2022-05-06,178567,86,true,5o8x11qqf7lxqq5f4sirhivr4,2022-11-26T22:31:32Z,"reggaeton,trap latino,latin,urbano latino","Rimas Entertainment LLC",0.911,0.712,1,-5.105,0,0.0817,0.0901,0.0000268,0.0933,0.425,92.005,4
spotify:track:6Xom58OOXk2SoU711L2IXO,"Moscow Mule","Un Verano Sin Ti","Bad Bunny",2022-05-06,245939,87,true,5o8x11qqf7lxqq5f4sirhivr4,2022-11-26T22:31:40Z,"reggaeton,trap latino,latin,urbano latino","Rimas Entertainment LLC",0.804,0.674,5,-5.453,0,0.0333,0.294,0.00000118,0.115,0.292,99.968,4
spotify:track:62oqxoJQYPCyjZ2ChH7foI,"Sweet Yamz","Sweet Yamz","Fetty Wap",2022-11-18,105194,49,false,5o8x11qqf7lxqq5f4sirhivr4,2022-11-29T16:38:05Z,"","300 Entertainment/RGF Productions",0.629,0.692,6,-3.332,1,0.0678,0.173,0,0.0675,0.737,154.211,4
spotify:track:7BX7n5ZRHCM8Ao4dN70qnC,"You Better Run","Katie","Delta Maid",2020-06-05,194231,36,false,5o8x11qqf7lxqq5f4sirhivr4,2022-11-30T05:34:11Z,"retro pop","Delta Maid",0.879,0.465,5,-8.748,0,0.109,0.684,0.000641,0.112,0.641,97.046,4
spotify:track:4Gsm9aYDccxm0BM5u6tQXD,"You Betta Run","You Betta Run","Lilsnatched_",2022-06-23,120394,27,true,5o8x11qqf7lxqq5f4sirhivr4,2022-11-30T05:34:28Z,"jersey club,philly club,baltimore club","3571154 Records DK",0.758,0.484,2,-6.962,1,0.474,0.271,0.251,0.212,0.45,179.978,4
spotify:track:7xtsuU7WlDNmTzUQ32oQ7r,"Missing You (with Ashe)","Missing You","Stephen Sanchez;Ashe",2022-11-04,235810,52,false,5o8x11qqf7lxqq5f4sirhivr4,2022-11-30T15:10:20Z,"","Republic Records",0.64,0.343,0,-12.165,0,0.052,0.278,0,0.122,0.329,115.042,4
spotify:track:4W8sUeokQKfHt1uTXp0Jq0,"Broken","Broken","Lund",2020-04-17,200672,70,true,5o8x11qqf7lxqq5f4sirhivr4,2022-11-30T18:47:26Z,"emo rap","Lund",0.83,0.583,0,-2.052,1,0.0412,0.0563,0.0005,0.109,0.146,134,4
spotify:track:3IQ6PPDCEJBRFiqUCWeyI0,"Automatic - Orion Sun Remix","Automatic (Orion Sun Remix)","Spencer.;Orion Sun",2021-04-27,124736,36,false,5o8x11qqf7lxqq5f4sirhivr4,2022-12-01T00:50:58Z,"bedroom pop,alternative r&b,indie r&b","4AD",0.647,0.459,6,-13.058,0,0.12,0.364,0.337,0.294,0.261,95.908,4
spotify:track:1ZjE0bbhrk7OyQftjaWUxQ,"Doctor, My Eyes","Doctor, My Eyes","Khamari",2021-11-12,194135,59,false,5o8x11qqf7lxqq5f4sirhivr4,2022-12-01T00:51:13Z,"indie r&b","Not specified",0.457,0.452,7,-8.321,1,0.0369,0.776,0.000107,0.22,0.535,82.603,4
spotify:track:4IO2X2YoXoUMv0M2rwomLC,"Long Time - Intro","Die Lit","Playboi Carti",2018-05-11,211773,77,true,5o8x11qqf7lxqq5f4sirhivr4,2022-12-03T10:14:50Z,"rage rap","AWGE Label",0.472,0.861,4,-3.966,0,0.0447,0.283,0,0.83,0.358,144.077,4
spotify:track:7newfXclX39UwWTw2gDswM,"Tread Carefully","Ctrl (Deluxe)","SZA",2022-06-09,182068,58,true,5o8x11qqf7lxqq5f4sirhivr4,2022-12-06T18:52:18Z,"r&b","Top Dawg Entertainment/RCA Records",0.505,0.249,1,-14.879,0,0.139,0.115,0,0.155,0.207,115.815,4
spotify:track:0LJFQp5QziQP4QjUybN9yP,"Toxic","Toxic","RealestK",2021-12-17,140068,63,true,5o8x11qqf7lxqq5f4sirhivr4,2022-12-07T19:42:20Z,"","Columbia",0.642,0.387,1,-10.852,0,0.0613,0.401,0.00000611,0.11,0.585,151.034,4
spotify:track:05QTU0jumc79qqlpAzMEbw,"Genesis","Genesis","Bravo 1-2;IVOXYGEN",2022-11-16,90000,55,false,5o8x11qqf7lxqq5f4sirhivr4,2022-12-07T23:05:37Z,"","Bravo1-2",,,,,,,,,,,,
spotify:track:7EAMXbLcL0qXmciM5SwMh2,"Heart To Heart","Here Comes The Cowboy","Mac DeMarco",2019-05-10,211140,84,false,5o8x11qqf7lxqq5f4sirhivr4,2022-12-09T01:22:31Z,"indie,lo-fi indie","Mac’s Record Label",0.901,0.136,8,-16.127,0,0.102,0.667,0.354,0.109,0.643,150.076,4
spotify:track:3OHfY25tqY28d16oZczHc8,"Kill Bill","SOS","SZA",2022-12-09,153946,79,false,5o8x11qqf7lxqq5f4sirhivr4,2022-12-09T13:26:01Z,"r&b","Top Dawg Entertainment/RCA Records",0.644,0.728,8,-5.75,1,0.0351,0.0543,0.169,0.161,0.43,88.993,4
spotify:track:4rAg5bbrdZX00mXXhLvYXj,"Too Late","SOS","SZA",2022-12-09,164426,59,false,5o8x11qqf7lxqq5f4sirhivr4,2022-12-09T14:16:45Z,"r&b","Top Dawg Entertainment/RCA Records",0.445,0.681,11,-7.558,1,0.0829,0.781,0.000789,0.386,0.351,127.541,5
spotify:track:6tANJIaIQAFhMxgnafAZd2,"I Get A Kick Out Of You","Love For Sale (Deluxe)","Tony Bennett;Lady Gaga",2021-10-01,213960,43,false,5o8x11qqf7lxqq5f4sirhivr4,2022-12-11T20:14:42Z,"vocal jazz,christmas,big band,adult standards,jazz,art pop,pop","Columbia Records/Interscope Records",0.462,0.452,7,-6.492,0,0.0511,0.811,0,0.0741,0.537,78.911,4
spotify:track:15soVzCBy0c6sb5jGVCflr,"She's Homeless","She's Homeless","CreepP",2020-10-02,252499,0,true,5o8x11qqf7lxqq5f4sirhivr4,2022-12-12T14:51:30Z,"vocaloid","608471 Records DK2",0.626,0.815,10,-7.636,1,0.0942,0.0888,0,0.126,0.373,134.876,4
spotify:track:5IcP1PPnleZ2kuwKDyfNC5,"Forgiveless (feat. Ol' Dirty Bastard)","SOS","SZA;Ol' Dirty Bastard",2022-12-09,141960,60,true,5o8x11qqf7lxqq5f4sirhivr4,2022-12-13T05:07:05Z,"r&b,east coast hip hop,old school hip hop,hardcore hip hop","Top Dawg Entertainment/RCA Records",0.668,0.769,9,-5.25,1,0.218,0.366,0,0.0861,0.469,79.852,4
spotify:track:7GyboGoqMl5JnieBy1uBPR,"AQUAFINA","AQUAFINA","Lucy Bedroque",2022-12-10,158552,0,true,5o8x11qqf7lxqq5f4sirhivr4,2022-12-15T22:40:44Z,"hyperpop,rage rap,cloud rap","lostrushi",0.419,0.675,2,-10.005,1,0.0624,0.201,0.0875,0.086,0.0505,155.958,4
spotify:track:5Z2MiIZ5I3jJvvmeWMLbOQ,"Escapism.","Escapism. / The Thrill Is Gone.","RAYE;070 Shake",2022-10-12,272373,5,true,5o8x11qqf7lxqq5f4sirhivr4,2022-12-16T17:57:05Z,"","Human Re Sources",0.538,0.742,2,-5.355,1,0.114,0.138,0.0000467,0.0934,0.25,96.107,4
spotify:track:0PBfcu5ehGtLsECI40GWEg,"So Bad","So Bad","St. Panther",2022-08-17,213381,0,false,5o8x11qqf7lxqq5f4sirhivr4,2022-12-16T23:38:55Z,"alternative r&b","Nice Life Recording Company and How So Records",0.582,0.409,0,-10.421,0,0.104,0.503,0.00129,0.112,0.264,116.999,4
spotify:track:0wbDgMuAoy7O7pL3a69uZx,"Give It To Me","Shock Value","Timbaland;Justin Timberlake;Nelly Furtado",2007-04-02,234026,80,true,5o8x11qqf7lxqq5f4sirhivr4,2022-12-17T14:27:03Z,"","Interscope/Blackground Records",0.975,0.711,8,-3.904,1,0.0632,0.168,0.000552,0.0799,0.815,110.621,4
spotify:track:3nXrCAE44KlevAkQB2XWcN,"Gonna Love Me","K.T.S.E.","Teyana Taylor",2018-06-23,166997,71,false,5o8x11qqf7lxqq5f4sirhivr4,2022-12-17T19:29:29Z,"","Getting Out Our Dreams Inc. (G.O.O.D.) Music / IDJ",0.514,0.503,10,-7.094,0,0.278,0.4,0.0000248,0.191,0.311,88.039,4
spotify:track:0bxmVPKnEopTyuMMkaTvUb,"Issues/Hold On","K.T.S.E.","Teyana Taylor",2018-06-23,185979,62,true,5o8x11qqf7lxqq5f4sirhivr4,2022-12-17T19:37:54Z,"","Getting Out Our Dreams Inc. (G.O.O.D.) Music / IDJ",0.518,0.523,7,-4.82,1,0.0528,0.833,0.00000149,0.103,0.692,93.185,4
spotify:track:38ZskbGWFp79YXpjIT7hfs,"SMOKE IT OFF!","SMOKE IT OFF!","Lumi Athena;jnhygs",2022-11-22,124290,0,true,5o8x11qqf7lxqq5f4sirhivr4,2022-12-19T23:07:08Z,"hyperpop,jersey club","3984516 Records DK",0.389,0.835,1,-6.342,1,0.116,0.000131,0,0.335,0.483,148.248,4
spotify:track:2DuCgKbzA35AnBxG1ghu7X,"Met Her on the Internet","Met Her on the Internet","Kempachii",2019-10-15,137855,59,true,5o8x11qqf7lxqq5f4sirhivr4,2022-12-21T21:31:30Z,"hyperpop","Court Guard Hollows",0.643,0.712,11,-12.42,0,0.0536,0.298,0.427,0.105,0.173,100.701,4
spotify:track:0j4bOgJynZ2Bp6nOydmcan,"where’d u go? o(╥﹏╥)o .｡*ﾟ+","where’d u go? o(╥﹏╥)o .｡*ﾟ+","Yameii Online",2022-10-27,149691,26,false,5o8x11qqf7lxqq5f4sirhivr4,2022-12-22T16:28:48Z,"hyperpop,glitch","Opposition",0.818,0.62,8,-8.958,0,0.0987,0.475,0.000687,0.356,0.352,140.001,4
spotify:track:1q6SZVPUw8K5Nni1tSpAoz,"yummy dummy *°:⋆ₓₒ╰(◡‿◡✿╰)","yummy dummy *°:⋆ₓₒ╰(◡‿◡✿╰)","Yameii Online",2022-10-13,100575,23,false,5o8x11qqf7lxqq5f4sirhivr4,2022-12-22T16:28:59Z,"hyperpop,glitch","Opposition",0.606,0.563,2,-6.288,1,0.0667,0.0544,0.164,0.0598,0.77,167.353,4
,"undefined","undefined","undefined",,,,,5o8x11qqf7lxqq5f4sirhivr4,2022-12-24T05:16:57Z,"","undefined",,,,,,,,,,,,
spotify:track:5hXEcqQhEjfZdbIZLO8mf2,"Everything She Wants","Make It Big","Wham!",1984-10-23,302693,73,false,5o8x11qqf7lxqq5f4sirhivr4,2022-12-24T16:06:52Z,"christmas","Columbia",0.899,0.459,6,-15.557,0,0.0366,0.322,0.00406,0.165,0.962,115.09,4
spotify:track:7JBkQpuKWzHeAFtPU1zSEm,"White Tee","White Tee","4jay X Luci4",2021-07-07,63242,0,true,5o8x11qqf7lxqq5f4sirhivr4,2022-12-26T13:48:09Z,"hyperpop","Infernal Records",0.568,0.411,10,-6.726,0,0.316,0.00247,0,0.219,0.383,168.751,4
spotify:track:2sHUNYYg0OCNO47wiArrCP,"labyrinth","#exclusive","9lives",2022-11-13,102860,0,false,5o8x11qqf7lxqq5f4sirhivr4,2022-12-26T13:50:30Z,"hyperpop,jersey club","4278340 Records DK",0.525,0.835,1,-7.204,1,0.0334,0.0057,0.627,0.177,0.0879,167.938,4
spotify:track:6nxDCeaZ9bfxv5mqHkHKuM,"stay","stay","crane",2022-07-24,75525,0,true,5o8x11qqf7lxqq5f4sirhivr4,2022-12-26T14:35:54Z,"cloud rap","3718842 Records DK",0.195,0.78,11,-5.261,1,0.0432,0.00114,0,0.273,0.0852,164.257,4
spotify:track:6C1axz3vfR6vbk5VRICS1b,"Disturbia","Brn Evrythn","Xanahxlic",2022-05-25,148118,0,true,5o8x11qqf7lxqq5f4sirhivr4,2022-12-26T14:39:44Z,"","Heavens Basement",0.654,0.859,1,-3.812,1,0.0357,0.000276,0.000116,0.439,0.143,127.933,4
spotify:track:5yhnmXezdoCUBxeBxjzvL6,"333!!!","333!!!","kittygonebaddest;Kori Kamali;Aphrodite7",2022-02-23,112109,20,true,5o8x11qqf7lxqq5f4sirhivr4,2022-12-26T22:39:32Z,"alternative r&b","idontcare",0.605,0.673,1,-6.79,1,0.0324,0.0143,0,0.307,0.0458,138.049,4
spotify:track:62d6YXEYxmMWAuLpw1EysL,"Garden Kisses","Garden Kisses","GIVĒON",2018-08-08,195405,71,false,5o8x11qqf7lxqq5f4sirhivr4,2022-12-27T00:40:37Z,"r&b","Medium, Blossum Entertainment, & Twenty Rules",0.478,0.373,5,-9.505,1,0.0317,0.915,0.00000636,0.128,0.354,120.129,4
spotify:track:2yUAogxEgxEHBGG3zw57x9,"COOK UP","COOK UP","Cochise",2022-12-09,129729,55,true,5o8x11qqf7lxqq5f4sirhivr4,2022-12-27T01:23:54Z,"rage rap","Columbia",0.881,0.609,0,-7.117,0,0.15,0.0349,0.00000909,0.125,0.603,147.902,4
spotify:track:0Km52EQt8uWUA7Z4OMz5Ea,"PRETTY BITCH ANTHEM","PRETTY BITCH ANTHEM","kittygonebaddest",2022-04-22,149420,13,true,5o8x11qqf7lxqq5f4sirhivr4,2022-12-27T15:58:09Z,"alternative r&b","idontcare",0.684,0.591,10,-9.025,0,0.0361,0.0306,0,0.134,0.0804,129.92,4
spotify:track:4KaFzWm0M1ABSRghqArlqx,"KELLY CLARKSON","KELLY CLARKSON","kittygonebaddest;kxinnx",2021-09-12,136760,7,true,5o8x11qqf7lxqq5f4sirhivr4,2022-12-27T16:01:11Z,"alternative r&b","3269971 Records DK",0.72,0.669,10,-9.427,1,0.0292,0.485,0.00972,0.136,0.672,117.02,4
spotify:track:50pjdjvaO6QSNPuvQ4rCrQ,"BAD GUY!","BAD GUY!","kittygonebaddest",2022-02-14,95394,10,true,5o8x11qqf7lxqq5f4sirhivr4,2022-12-27T16:08:36Z,"alternative r&b","idontcare",0.416,0.975,1,-5.232,0,0.277,0.0702,0,0.342,0.347,100.734,4
spotify:track:1TEL6MlSSVLSdhOSddidlJ,"needy","thank u, next","Ariana Grande",2019-02-08,171573,85,true,5o8x11qqf7lxqq5f4sirhivr4,2022-12-28T17:49:47Z,"pop","Republic Records",0.647,0.309,7,-7.948,0,0.0367,0.778,0.00000731,0.202,0.195,87.046,4
spotify:track:4T652DlATVHe0jdLKaN3Bw,"in my head","thank u, next","Ariana Grande",2019-02-08,222946,73,true,5o8x11qqf7lxqq5f4sirhivr4,2022-12-28T18:40:44Z,"pop","Republic Records",0.662,0.6,0,-6.403,1,0.0704,0.173,0.000137,0.109,0.331,134.972,4
spotify:track:4kV4N9D1iKVxx1KLvtTpjS,"break up with your girlfriend, i'm bored","thank u, next","Ariana Grande",2019-02-08,190440,79,true,5o8x11qqf7lxqq5f4sirhivr4,2022-12-28T18:42:10Z,"pop","Republic Records",0.727,0.554,5,-5.29,0,0.0915,0.0421,0,0.106,0.335,170,4
spotify:track:11MyiSGZSYSmhhqwGUTtAq,"Sad Girl","Ultraviolence (Deluxe)","Lana Del Rey",2014-01-01,317760,82,false,5o8x11qqf7lxqq5f4sirhivr4,2022-12-29T01:12:52Z,"","Polydor Records",0.345,0.587,5,-8.346,1,0.0364,0.539,0.0731,0.119,0.258,119.479,4
spotify:track:3M1RQSSxQiZs8fooz4Qo0y,"TICTAC","L.D.K. Lounge Designers Killer","CAPSULE",2005-09-21,150920,58,false,5o8x11qqf7lxqq5f4sirhivr4,2022-12-29T15:00:43Z,"shibuya-kei,japanese indie,j-pop","Yamaha Music Entertainment Holdings, Inc.",0.801,0.673,11,-7.258,0,0.0579,0.738,0.106,0.251,0.592,164.687,4
spotify:track:0JIMT9gzLIIz0esKLyjbKf,"Telephones","Changes","Vacations",2018,212432,83,false,5o8x11qqf7lxqq5f4sirhivr4,2022-12-29T15:57:17Z,"","Nettwerk Music Group",0.526,0.447,2,-9.268,1,0.0274,0.00283,0.0301,0.109,0.183,74.995,4
spotify:track:1XIwjLHF0gtmXXPDTYWK6p,"1998","Her Watch","Lamp",2018-05-15,285204,44,false,5o8x11qqf7lxqq5f4sirhivr4,2022-12-29T17:02:57Z,"shibuya-kei,japanese indie,city pop","Botanical House",0.667,0.384,7,-11.183,1,0.0292,0.546,0.0000164,0.286,0.408,115.998,4
spotify:track:7uJdcCDuGFWBUWEkAeukb6,"Thinking of You","Thinking of You","Kwaku Asante",2022-08-31,201836,19,false,5o8x11qqf7lxqq5f4sirhivr4,2022-12-30T05:27:25Z,"uk r&b","E&M / CLOUD X",0.602,0.489,5,-7.847,0,0.177,0.464,0.0571,0.108,0.163,72.452,4
spotify:track:5nkUIVKqOqdpB6ApKgEMkv,"Stay Ready (What A Life)","Sail Out","Jhené Aiko;Kendrick Lamar",2013-01-01,382760,79,true,5o8x11qqf7lxqq5f4sirhivr4,2022-12-30T15:07:46Z,"r&b,hip hop,west coast hip hop","Def Jam Recordings",0.347,0.493,8,-11.548,0,0.29,0.455,0.00366,0.127,0.308,82.887,4
spotify:track:0WtYVwg3sYsiRiVQKbBG9d,"日本少年の夏","ランプ幻想","Lamp",2008-12-03,356360,47,false,5o8x11qqf7lxqq5f4sirhivr4,2022-12-30T16:27:25Z,"shibuya-kei,japanese indie,city pop","In The Garden Records",0.614,0.319,6,-10.392,0,0.0275,0.856,0.0297,0.245,0.231,130.19,4
spotify:track:0D3mm9p9slwAvJiqFQfLIr,"ココロノセカイ","剃刀乙女","Ichiko Aoba",2010-01-20,182226,0,false,5o8x11qqf7lxqq5f4sirhivr4,2022-12-30T20:45:52Z,"japanese indie,shibuya-kei","TONE&CO.,LTD.",0.444,0.0969,5,-13.043,1,0.033,0.986,0.0216,0.107,0.269,133.63,3
spotify:track:5fQBa4wkmq28xpSLOQ202K,"Normal Girl","Ctrl","SZA",2017-06-09,253590,78,true,5o8x11qqf7lxqq5f4sirhivr4,2022-12-30T22:30:19Z,"r&b","Top Dawg Entertainment/RCA Records",0.624,0.532,0,-7.146,1,0.124,0.269,0.0000517,0.158,0.362,76.453,4
spotify:track:5gxbosOOp3jsFZeULRxRIP,"Amaneki","Amaneki","Sweet William;Ichiko Aoba",2019-12-13,240000,46,false,5o8x11qqf7lxqq5f4sirhivr4,2022-12-31T12:16:27Z,"j-rap,j-r&b,japanese indie,shibuya-kei","Arte Sonata",0.845,0.198,5,-10.453,0,0.0608,0.948,0.206,0.4,0.365,85.991,4
spotify:track:6vykq1FmiHr7e5CPyPyHX4,"At Least We Tried","Give Or Take","GIVĒON",2022-06-24,212669,57,false,5o8x11qqf7lxqq5f4sirhivr4,2023-01-02T18:59:35Z,"r&b","Epic",0.59,0.465,7,-9.152,0,0.056,0.468,0,0.111,0.313,122.782,3
spotify:track:4qGfJb2KByjvzrwo8HNibg,"The Girl From Ipanema - Single Version","Getz/Gilberto (Expanded Edition)","Stan Getz;João Gilberto;Astrud Gilberto;Antônio Carlos Jobim",1964-03-01,167533,64,false,5o8x11qqf7lxqq5f4sirhivr4,2023-01-02T20:43:15Z,"bossa nova,jazz,brazilian jazz,cool jazz,latin jazz,jazz ballads,samba,vocal jazz,adult standards,mpb","Verve Reissues",0.696,0.17,5,-16.603,0,0.0385,0.944,0.00174,0.106,0.52,130.966,4
spotify:track:5HiSc2ZCGn8L3cH3qSwzBT,"러시안 룰렛 Russian Roulette","Russian Roulette - The 3rd Mini Album","Red Velvet",2016-09-07,211243,75,false,5o8x11qqf7lxqq5f4sirhivr4,2023-01-04T20:03:54Z,"k-pop","SM Entertainment",0.726,0.903,7,-2.277,0,0.0357,0.055,0.000225,0.158,0.958,129.986,4
spotify:track:4OSVR8gq2l3ceJiXNR7iiM,"BYE BYE","‘The ReVe Festival 2022 - Birthday’","Red Velvet",2022-11-28,196079,51,false,5o8x11qqf7lxqq5f4sirhivr4,2023-01-04T20:23:29Z,"k-pop","SM Entertainment",0.72,0.733,11,-3.489,0,0.0806,0.32,0,0.423,0.656,116.129,4
spotify:track:2DwUdMJ5uxv20EhAildreg,"Cookie","NewJeans 1st EP 'New Jeans'","NewJeans",2022-08-01,235562,77,false,5o8x11qqf7lxqq5f4sirhivr4,2023-01-05T04:29:35Z,"k-pop","ADOR",0.847,0.638,0,-3.764,1,0.0575,0.0596,0,0.0894,0.661,156.935,4
spotify:track:5702raF31K9rvD6KZ6sCTo,"Ditto","NewJeans 'OMG'","NewJeans",2023-01-02,185506,62,false,5o8x11qqf7lxqq5f4sirhivr4,2023-01-05T04:54:09Z,"k-pop","ADOR",0.814,0.641,6,-5.957,0,0.111,0.027,0,0.0993,0.183,133.854,4
spotify:track:2pIUpMhHL6L9Z5lnKxJJr9,"Attention","NewJeans 1st EP 'New Jeans'","NewJeans",2022-08-01,180066,79,false,5o8x11qqf7lxqq5f4sirhivr4,2023-01-05T05:02:40Z,"k-pop","ADOR",0.811,0.648,10,-3.684,0,0.0368,0.236,0,0.0761,0.695,104.988,4
spotify:track:3ggXaHkbtPpTWIa4ljIbUr,"Windy Afternoon","Soyokaze Apartment Room 201","Lamp",2003-04-09,293053,48,false,5o8x11qqf7lxqq5f4sirhivr4,2023-01-06T05:32:30Z,"shibuya-kei,japanese indie,city pop","Botanical House",0.589,0.812,2,-5.856,1,0.0425,0.726,0.00000481,0.256,0.349,125.98,4
spotify:track:7nMTOUHxZEJASq2MYfM26m,"GET GONE! - Alt Version","GET GONE! (Alt Version)","Axxad;SAINTLYSILAS",2022-04-16,171258,0,true,5o8x11qqf7lxqq5f4sirhivr4,2023-01-06T21:19:21Z,"hyperpop","Infernal Records",0.938,0.595,10,-7.73,0,0.0714,0.00124,0,0.0705,0.324,131.966,4
spotify:track:1T3tP6HvCgDF8ewpRqwM1e,"Mr. Sandman","The Chordettes' Best","The Chordettes",2010-04-20,143613,0,false,5o8x11qqf7lxqq5f4sirhivr4,2023-01-07T14:40:55Z,"doo-wop","Cadence Records",0.616,0.426,9,-8.399,1,0.0421,0.634,0,0.0695,0.589,110.395,4
spotify:track:6kpsaLAA5pyaRhsry1de7Z,"Everything I Know About Love","Everything I Know About Love","Laufey",2022-08-26,209706,0,false,5o8x11qqf7lxqq5f4sirhivr4,2023-01-07T22:52:01Z,"","Laufey",0.659,0.329,7,-7.438,1,0.0433,0.614,0,0.325,0.511,68.046,4
spotify:track:2Hd7uGbl8PX0IxyX59VFOg,"The Beach","TAKE TIME","GIVĒON",2020-03-27,205663,73,false,5o8x11qqf7lxqq5f4sirhivr4,2023-01-08T00:31:01Z,"r&b","Epic/Not So Fast",0.649,0.509,3,-9.502,0,0.0659,0.181,0.000655,0.932,0.223,99.813,4
spotify:track:4rHIfYRQw6ittRQXAlurk0,"Favorite Mistake","TAKE TIME","GIVĒON",2020-03-27,172907,64,false,5o8x11qqf7lxqq5f4sirhivr4,2023-01-08T02:04:40Z,"r&b","Epic/Not So Fast",0.535,0.409,7,-9.517,0,0.0855,0.777,0,0.129,0.138,170.123,4
spotify:track:4QhWbupniDd44EDtnh2bFJ,"Pyramids","channel ORANGE","Frank Ocean",2012-07-10,592920,82,true,5o8x11qqf7lxqq5f4sirhivr4,2023-01-08T18:05:38Z,"","Red Zone Entertainment / IDJ",0.4,0.65,5,-6.104,0,0.0466,0.0118,0.0000762,0.791,0.15,107.989,4
spotify:track:1s9DTymg5UQrdorZf43JQm,"Fell In Luv (feat. Bryson Tiller)","Die Lit","Playboi Carti;Bryson Tiller",2018-05-11,206333,75,true,5o8x11qqf7lxqq5f4sirhivr4,2023-01-09T16:12:49Z,"rage rap,trap soul,r&b","AWGE Label",0.657,0.668,2,-6.208,1,0.136,0.0273,0,0.32,0.227,162.997,4
spotify:track:4KVJ9cSgpo6IANqaQ9lWjN,"Hey, Mickey!","Hey, Mickey!","Baby Tate",2016-09-27,115617,0,false,5o8x11qqf7lxqq5f4sirhivr4,2023-01-10T14:44:01Z,"","Yung Baby Tate",0.918,0.506,2,-11.94,1,0.0577,0.554,0,0.154,0.728,135.024,4
spotify:track:4ziZHimjJrSysEq9xH4e2v,"All The Time","All The Time","Heze B.",2022-12-10,158066,4,false,5o8x11qqf7lxqq5f4sirhivr4,2023-01-10T17:48:08Z,"alternative r&b","Heze Prod.",0.566,0.556,1,-13.067,1,0.0391,0.0000482,0.687,0.456,0.352,113.335,5
spotify:track:0lsw4q8Jei7gEoV7kFe3DS,"Lgbt","Audacious","cupcakKe",2016-11-12,161332,50,true,5o8x11qqf7lxqq5f4sirhivr4,2023-01-10T18:33:47Z,"","cupcakKe",0.795,0.857,0,-8.676,0,0.162,0.172,0.0000176,0.101,0.419,124.967,4
spotify:track:2TjdnqlpwOjhijHCwHCP2d,"The Great Gig in the Sky","The Dark Side of the Moon","Pink Floyd",1973-03-01,284413,78,false,5o8x11qqf7lxqq5f4sirhivr4,2023-01-10T23:39:32Z,"progressive rock,psychedelic rock,classic rock,art rock,rock","Pink Floyd Records",0.274,0.217,5,-13.814,1,0.0345,0.767,0.896,0.0832,0.181,116.334,4
spotify:track:5HNCy40Ni5BZJFw1TKzRsC,"Comfortably Numb","The Wall","Pink Floyd",1979-11-30,382280,82,false,5o8x11qqf7lxqq5f4sirhivr4,2023-01-10T23:39:38Z,"progressive rock,psychedelic rock,classic rock,art rock,rock","Pink Floyd Records",0.472,0.366,11,-12.595,0,0.0286,0.15,0.312,0.0837,0.171,127.163,4
spotify:track:6DjulDoobS9EO1L0NoKswn,"DANGEROUS","DANGEROUS","kasper",2022-10-17,141865,0,true,5o8x11qqf7lxqq5f4sirhivr4,2023-01-11T14:36:21Z,"","kasper",0.784,0.336,8,-15.03,1,0.0738,0.587,0.00000112,0.156,0.594,129.024,4
spotify:track:7hMweDmQ4w6IuJEFbThMQC,"Streets","Streets","Adrian",2022-09-25,104693,0,false,5o8x11qqf7lxqq5f4sirhivr4,2023-01-12T00:59:06Z,"","The System",0.669,0.224,4,-15.068,1,0.14,0.783,0.945,0.116,0.97,146.999,4
spotify:track:0l6ROV67XhpIya3RvGzkvX,"Great Fairy Fountain","Great Fairy Fountain","Less Gravity",2019-10-28,109711,56,false,5o8x11qqf7lxqq5f4sirhivr4,2023-01-12T04:31:13Z,"lo-fi","Less Gravity",0.708,0.463,2,-12.213,0,0.066,0.988,0.897,0.11,0.979,156.053,4
spotify:track:5S5SfAKTWNYWeon0QHtytX,"do u like","do u like","Shane Whelan",2022-05-03,280404,0,true,5o8x11qqf7lxqq5f4sirhivr4,2023-01-12T13:12:13Z,"","1787513 Records DK",0.63,0.498,7,-9.916,1,0.0389,0.0281,0.00000115,0.446,0.211,160.042,4
spotify:track:6LmNmPxViPRou1YAvyg1OS,"Stay High - Childish Gambino Version","Jaime (Reimagined)","Brittany Howard;Childish Gambino",2021-07-23,218400,0,false,5o8x11qqf7lxqq5f4sirhivr4,2023-01-12T13:23:20Z,"","ATO Records",0.839,0.655,9,-5.793,1,0.049,0.161,0.00026,0.153,0.754,123.004,3
spotify:track:0zo4aX57COch7Wh3NRImTM,"Heartbeat","Camp","Childish Gambino",2011-11-15,269840,8,true,5o8x11qqf7lxqq5f4sirhivr4,2023-01-12T13:31:45Z,"","Glassnote Entertainment Group LLC",0.8,0.545,1,-7.002,0,0.127,0.00369,0.000461,0.0445,0.294,119.954,4
spotify:track:6NLRMu1qF1kJQnntDNWDmy,"Lemon Glow","7","Beach House",2018-05-11,244946,69,false,5o8x11qqf7lxqq5f4sirhivr4,2023-01-12T20:42:30Z,"dream pop","Sub Pop Records",0.465,0.818,0,-7.924,1,0.03,0.446,0.976,0.232,0.53,148.427,4
spotify:track:6b37xrsNCWYIUphFBazqD6,"Me Gustas Tu","Próxima Estación: Esperanza","Manu Chao",2001-06-01,239986,85,false,5o8x11qqf7lxqq5f4sirhivr4,2023-01-13T14:43:07Z,"latin alternative","Radio Bemba",0.657,0.741,11,-6.822,0,0.0825,0.663,0.494,0.222,0.908,175.949,4
spotify:track:7cHXwaBnIBFUPuP376z07E,"Flip That","Summer Special [Flip That]","LOONA",2022-06-20,177373,48,false,5o8x11qqf7lxqq5f4sirhivr4,2023-01-13T16:24:30Z,"k-pop","WM Korea",0.803,0.831,11,-3.649,0,0.0569,0.072,0,0.328,0.736,112.045,4
spotify:track:3Sb3Md9qVCRwu470IZ4XIp,"Build Me A House","Build Me A House","RIMON;Tiggs Da Author",2022-09-23,181481,50,false,5o8x11qqf7lxqq5f4sirhivr4,2023-01-13T19:14:06Z,"alternative r&b,grime,uk grime","RIMON / EMPIRE",0.443,0.39,8,-11.103,0,0.383,0.287,0.0000231,0.111,0.278,161.661,4
spotify:track:6EdVTOk5e4RApmwHNBJew9,"9am in Calabasas","9am in Calabasas","Adrian",2022-09-06,114967,1,false,5o8x11qqf7lxqq5f4sirhivr4,2023-01-14T00:07:48Z,"","The System",0.683,0.368,9,-15.821,0,0.0744,0.00803,0.85,0.108,0.634,135.977,4
spotify:track:54XUdVUYGZDOcx7yw2Qyim,"Streets (Sped Up)","Streets (Sped Up)","Adrian",2022-09-25,87244,0,false,5o8x11qqf7lxqq5f4sirhivr4,2023-01-14T00:08:23Z,"","Adrian",0.598,0.191,0,-14.849,1,0.0856,0.821,0.744,0.114,0.634,117.707,5
spotify:episode:178bdF0u3iZnkYhBx1JUBS,"animal crossing music with soft rain","animal crossing music","",,3688489,0,false,5o8x11qqf7lxqq5f4sirhivr4,2023-01-14T14:10:02Z,"","undefined",,,,,,,,,,,,
spotify:track:7LI2pQoE3fWfOQuds2paXs,"へでもねーよ - LASA edit","LOVE ALL SERVE ALL","Fujii Kaze",2022-03-23,188946,56,false,5o8x11qqf7lxqq5f4sirhivr4,2023-01-14T16:28:16Z,"j-pop","Universal Music LLC",0.506,0.861,0,-5.899,1,0.15,0.0615,0.0000189,0.387,0.647,175.966,4
spotify:track:01gIkguwFJtqodkvMK45HC,"遠い旅路","東京ユウトピア通信","Lamp",2011-02-09,348213,14,false,5o8x11qqf7lxqq5f4sirhivr4,2023-01-15T00:20:53Z,"shibuya-kei,japanese indie,city pop","P.S.C.",0.281,0.468,11,-5.514,0,0.0278,0.665,0.0000174,0.123,0.215,149.252,4
spotify:track:5i6CpkeePD4aKacf0cmZqg,"Summer Breeze","Euphrates River (Bonus Track Version)","The Main Ingredient",1974,256240,50,false,5o8x11qqf7lxqq5f4sirhivr4,2023-01-16T14:28:56Z,"classic soul,philly soul","RCA/Legacy",0.409,0.693,5,-8.344,0,0.0368,0.424,0.0000299,0.268,0.696,162.631,4
spotify:track:32FhTAAjKZaBein150o3Px,"because i liked a boy","emails i can't send","Sabrina Carpenter",2022-07-15,196458,79,true,5o8x11qqf7lxqq5f4sirhivr4,2023-01-16T21:00:45Z,"pop","Island Records",0.386,0.592,11,-7.299,1,0.374,0.363,0,0.117,0.161,146.879,4
spotify:track:0qOCy2LqvdkMora7eZsJhQ,"From the Subway Train","Angel Youth","Vansire",2018-04-26,57370,66,false,5o8x11qqf7lxqq5f4sirhivr4,2023-01-17T20:33:09Z,"bedroom pop","Vansire",0.392,0.429,5,-10.279,0,0.0462,0.527,0.015,0.217,0.105,72.104,4
spotify:track:0BMNgV6BjAvWU3zueMBaRu,"Fuck Tha World","Fuck Tha World","Dreamer Isioma",2023-01-13,141538,29,true,5o8x11qqf7lxqq5f4sirhivr4,2023-01-17T20:33:30Z,"alternative r&b","Dreamer Isioma LLC",0.426,0.509,11,-10.17,0,0.0616,0.338,0.00106,0.112,0.112,76.979,4
spotify:track:2fMdT98JpheoBh6t8DBSjI,"MO-EH-YO (Ignite)","LOVE ALL SERVE ALL","Fujii Kaze",2022-03-23,277426,46,false,5o8x11qqf7lxqq5f4sirhivr4,2023-01-17T22:00:58Z,"j-pop","Universal Music LLC",0.616,0.875,0,-6.106,1,0.0442,0.00144,0.0000282,0.365,0.832,137.934,4
spotify:track:3FvzeaesPY35bhhj55u4zJ,"あなぐらぐらし","きくおミク６","Kikuo",2019-11-06,365235,62,false,5o8x11qqf7lxqq5f4sirhivr4,2023-01-18T01:38:59Z,"vocaloid","KARENT",0.604,0.676,9,-9.786,1,0.0437,0.0268,0.444,0.365,0.184,96.463,4
spotify:track:5ZLfha6bPFkIg7Ls2WdSuB,"The Glue Song","The Glue Song","Ace Da Creator",2023-01-10,136115,0,false,5o8x11qqf7lxqq5f4sirhivr4,2023-01-18T17:14:20Z,"","3829711 Records DK",0.643,0.0636,5,-17.821,0,0.0413,0.968,0.00000188,0.112,0.264,113.885,3
spotify:track:2FK7fxjzQEXD7Z32HSF0Hl,"Men In Black - From ""Men In Black"" Soundtrack","Big Willie Style","Will Smith",1997-10-03,227266,69,false,5o8x11qqf7lxqq5f4sirhivr4,2023-01-19T17:08:03Z,"","Columbia",0.801,0.581,5,-8.491,0,0.0681,0.0968,0.000318,0.0971,0.656,107.545,4
spotify:track:2sCUDVNDIlZPDk8YUnvRHe,"Pretty","Pretty","Coco & Clair Clair;Okthxbb",2017-11-15,224343,68,true,5o8x11qqf7lxqq5f4sirhivr4,2023-01-19T20:47:09Z,"hyperpop","Nice Girl World via Alternate Side and Many Hats Distribution",0.768,0.561,8,-6.657,1,0.0462,0.118,0.00000921,0.0916,0.735,120.052,4
spotify:track:534vr70x1bdekmCTvAh7b9,"Kurxxed Emeraldz - Alt","B4 Vampmania","axxturel",2022-04-05,112682,0,true,5o8x11qqf7lxqq5f4sirhivr4,2023-01-19T23:41:36Z,"hyperpop","Luci4",0.612,0.747,8,-8.466,1,0.271,0.000152,0.358,0.411,0.297,103.524,4
spotify:track:4KGGeE7RJsgLNZmnxGFlOj,"Falling Behind","Everything I Know About Love","Laufey",2022-08-26,173640,83,false,5o8x11qqf7lxqq5f4sirhivr4,2023-01-20T21:07:14Z,"","Laufey",0.449,0.353,7,-12.986,1,0.0915,0.942,0.0786,0.109,0.55,165.888,4
spotify:track:17zHXkhrsP7KXdvMjXNUS5,"Dead n Gone","Dead n Gone","4jay X Luci4",2021-07-06,66768,0,true,5o8x11qqf7lxqq5f4sirhivr4,2023-01-22T01:29:06Z,"hyperpop","Infernal Records",0.634,0.465,8,-4.774,0,0.0492,0.000529,0.0444,0.139,0.399,144.116,4
spotify:track:2PUJsis1mv3UWON7t692Yl,"Dolo Money Stackin (v2)","Dolo Money Stackin (v2)","4jay X Luci4",2021-07-08,69328,0,true,5o8x11qqf7lxqq5f4sirhivr4,2023-01-22T01:54:36Z,"hyperpop","Infernal Records",0.412,0.653,1,-10.253,1,0.241,0.0195,0.0000739,0.544,0.528,83.991,4
spotify:track:1abXBvPKTs1RcSrkI9unUB,"Fuck All","Fuck All","4jay X Luci4",2021-07-06,85342,0,true,5o8x11qqf7lxqq5f4sirhivr4,2023-01-22T01:54:49Z,"hyperpop","Infernal Records",0.281,0.695,1,-7.445,0,0.0815,0.0362,0.000127,0.478,0.557,177.353,4
spotify:track:7HytU9V8vMCUayply0lYBq,"Champagne and Pools (feat. Blackbear & Kyle)","Happy Camper","Hoodie Allen;blackbear;Kyle",2016-01-22,214413,50,true,5o8x11qqf7lxqq5f4sirhivr4,2023-01-22T05:57:29Z,"","Hoodie Allen, LLC",0.61,0.641,9,-4.352,0,0.268,0.519,0,0.902,0.852,67.413,4
spotify:track:0W9XiGVbu8NXSTXhTqVGzG,"why dont u love me? - re-recorded","how can i pretend?","Wasia Project",2022-05-10,216612,0,false,5o8x11qqf7lxqq5f4sirhivr4,2023-01-22T20:04:58Z,"","1535998 Records DK",0.474,0.31,5,-12.151,1,0.0358,0.57,0.0000545,0.324,0.241,125.925,4
spotify:track:1muiZAUjjzd3KShPWYspQM,"U Deserve","U Deserve","Wasia Project",2020-10-04,218335,0,true,5o8x11qqf7lxqq5f4sirhivr4,2023-01-22T20:08:43Z,"","1535998 Records DK",0.461,0.12,0,-20.336,1,0.0442,0.75,0.0000965,0.321,0.134,75.622,4
spotify:track:58FUwmyGUqkt53YPUcm7cJ,"Knock You Down","In A Perfect World...","Keri Hilson;Kanye West;Ne-Yo",2009-01-01,326186,71,true,5o8x11qqf7lxqq5f4sirhivr4,2023-01-23T03:29:24Z,"rap","Mosley / Interscope",0.588,0.877,8,-4.78,1,0.16,0.00952,0,0.171,0.645,155.165,4
spotify:track:0COEYS1GQabK0jepAmOXM3,"DARE","DARE","Gorillaz",2005-06-20,213600,54,false,5o8x11qqf7lxqq5f4sirhivr4,2023-01-23T19:00:06Z,"","Parlophone UK",0.76,0.88,11,-7.135,0,0.0387,0.0279,0.0702,0.318,0.964,120.254,4
spotify:track:7tJzIEqZV5tzuvol0Voq7Z,"dont be afraid","1988","Knxwledge",2020-03-27,94380,47,false,5o8x11qqf7lxqq5f4sirhivr4,2023-01-24T01:35:35Z,"","Stones Throw Records",0.5,0.863,7,-4.762,1,0.528,0.0401,0.00193,0.381,0.579,118.87,4
spotify:track:78h9lBe6Eg1Au44Yujpjkh,"Sorry, i´m not into short guys - Get Off The Leash - Remix","Sorry, i´m not into short guys - Get Off The Leash (Remix)","A k i n a",2021-11-18,173708,0,false,5o8x11qqf7lxqq5f4sirhivr4,2023-01-24T01:46:30Z,"","3305028 Records DK",0.711,0.41,9,-11.365,1,0.282,0.0294,0.829,0.111,0.311,143.947,4
spotify:track:3IAfUEeaXRX9s9UdKOJrFI,"Envolver","Envolver","Anitta",2021-11-11,193805,71,false,5o8x11qqf7lxqq5f4sirhivr4,2023-01-24T03:07:01Z,"brazilian pop,funk pop,brazilian funk,funk carioca","WEA Latina",0.812,0.736,4,-5.421,0,0.0833,0.152,0.00254,0.0914,0.396,91.993,4
spotify:track:6lYY2HktYKpV1pUamfRlU1,"Messages from the Stars","Going Up","The Rah Band",1983,254080,75,false,5o8x11qqf7lxqq5f4sirhivr4,2023-01-24T18:00:19Z,"","Shocking Music",0.649,0.821,7,-2.957,1,0.0329,0.0562,0.00271,0.318,0.698,113.489,4
spotify:track:2s4AcE9n80mSHl87lp4gIm,"Wine Pon You (feat. Konshens)","Amala","Doja Cat;Konshens",2018-03-30,219004,79,true,5o8x11qqf7lxqq5f4sirhivr4,2023-01-24T18:00:35Z,"dancehall,soca,riddim,ragga,reggae,shatta","MAU Records",0.797,0.444,9,-7.738,0,0.0411,0.304,0.00126,0.107,0.138,95.035,4
spotify:track:6BQrmjAgPfPTwILoFEK3Hd,"I Wish you Roses","I Wish you Roses","Kali Uchis",2023-01-19,225947,58,false,5o8x11qqf7lxqq5f4sirhivr4,2023-01-24T18:00:38Z,"","Geffen Records",0.478,0.629,10,-8.402,0,0.0491,0.176,0.000423,0.0965,0.315,141.945,4
spotify:track:37N37WJQvXqplFdCwkNgX3,"Lujon","Mr. Lucky Goes Latin","Henry Mancini",1961-01-01,158360,62,false,5o8x11qqf7lxqq5f4sirhivr4,2023-01-26T14:56:01Z,"exotica,adult standards,easy listening","RCA/Legacy",0.515,0.15,10,-17.94,0,0.0274,0.901,0.822,0.124,0.634,99.758,4
spotify:track:3PA9dH8cT0wR5UW4XkC44Y,"Get Money (feat. Junior M.A.F.I.A.) - 2007 Remaster","Greatest Hits","The Notorious B.I.G.;Junior M.A.F.I.A.",2007-03-02,274440,68,true,5o8x11qqf7lxqq5f4sirhivr4,2023-01-26T21:45:05Z,"old school hip hop,gangster rap,east coast hip hop,hip hop","Bad Boy Records",0.711,0.871,2,-4.32,1,0.294,0.398,0.00000169,0.171,0.912,91.153,4
spotify:track:7JqXZgtuqIFwzREMFAJOOS,"Erykah’s Gun","Stashboxxx","DJ Harrison",2014-07-29,61333,0,false,5o8x11qqf7lxqq5f4sirhivr4,2023-01-26T22:43:12Z,"","Ropeadope",0.678,0.199,9,-18.326,1,0.087,0.797,0.956,0.112,0.964,90.326,4
spotify:track:1KO29IUHcexH583hBewKof,"Breathe","Breathe","Sam Wills",2021-06-04,91773,0,false,5o8x11qqf7lxqq5f4sirhivr4,2023-01-26T22:43:59Z,"","eOne Music UK",0.504,0.173,9,-18.548,0,0.0318,0.987,0.0755,0.355,0.116,142.113,4
spotify:track:1AGDAMGqgphzVwaK606wvx,"intro","Remember Your North Star","Yaya Bey",2022-06-17,76787,41,true,5o8x11qqf7lxqq5f4sirhivr4,2023-01-26T23:21:50Z,"","Big Dada",0.65,0.401,3,-7.585,0,0.283,0.844,0,0.112,0.515,74.957,3
spotify:track:4RduagyN6mPKY5h81Gzb8P,"Efficace Swing","Cortex, Vol. 2","Cortex",1977,178080,49,false,5o8x11qqf7lxqq5f4sirhivr4,2023-01-26T23:21:56Z,"jazz fusion,jazz funk","Sonodisc",0.718,0.314,7,-15.681,0,0.0361,0.968,0.939,0.117,0.725,103.925,4
spotify:track:7N3c9CKUmRqrt3dDvGWBWG,"Gotta Get Up - Interlude","Isolation","Kali Uchis",2018-04-06,113270,56,false,5o8x11qqf7lxqq5f4sirhivr4,2023-01-26T23:22:09Z,"","EMI",0.488,0.381,3,-8.095,0,0.0498,0.605,0.0872,0.0776,0.217,140.941,4
spotify:track:4sDt091Uz1G7Nnq9xTRtMn,"you up?","The Things I Can't Take With Me","Yaya Bey",2021-04-09,74303,38,true,5o8x11qqf7lxqq5f4sirhivr4,2023-01-26T23:22:25Z,"","Big Dada",0.756,0.313,2,-10.015,1,0.1,0.431,0,0.173,0.51,139.974,4
spotify:track:6WVSnyKQGzs1fosa2I3FMQ,"Shibuya (feat. Syd)","Free Nationals","Free Nationals;Syd",2019-12-13,136831,61,false,5o8x11qqf7lxqq5f4sirhivr4,2023-01-26T23:22:30Z,"alternative r&b","OBE, LLC / EMPIRE",0.76,0.665,4,-7.021,0,0.0612,0.105,0.399,0.0945,0.808,92.992,4
spotify:track:4JYJU761kWJEK91hyug33F,"Tree Among Shrubs","Untourable Album","Men I Trust",2021-08-25,188301,0,false,5o8x11qqf7lxqq5f4sirhivr4,2023-01-26T23:22:39Z,"bedroom pop,indie pop,dream pop","Independent",0.713,0.443,11,-11.704,0,0.0531,0.656,0.804,0.111,0.864,76.791,4
spotify:track:5RG1HRQocUAafoCrGd9lY5,"LIMB","Don't Throw Rocks At The Moon","Planet Giza",2021-02-12,104827,12,false,5o8x11qqf7lxqq5f4sirhivr4,2023-01-26T23:33:17Z,"","Planet Giza",0.467,0.272,8,-13.789,0,0.0382,0.879,0,0.272,0.372,87.262,4
spotify:track:5jjhDIxoYVuH7R8zvdzRpn,"alright","Remember Your North Star","Yaya Bey",2022-06-17,188396,40,false,5o8x11qqf7lxqq5f4sirhivr4,2023-01-26T23:46:07Z,"","Big Dada",0.545,0.465,6,-10.482,1,0.114,0.401,0.00372,0.0999,0.482,92.623,4
spotify:track:7oeNO6HoCTIHIuoNUp2Ur4,"kometostai.aintreallynootherwaytoputitro","Hud Dreems","Knxwledge",2015-05-05,73897,46,false,5o8x11qqf7lxqq5f4sirhivr4,2023-01-26T23:46:14Z,"","Stones Throw Records",0.576,0.636,4,-8.688,1,0.0755,0.399,0.0513,0.23,0.438,78.244,4
spotify:track:5KdfaHdg2mYtccCtPQrIhF,"FUNKENTOLOGY","BLK VINTAGE","BLK ODYSSY",2021-08-27,172829,46,true,5o8x11qqf7lxqq5f4sirhivr4,2023-01-26T23:46:22Z,"","EARTHCHILD / EMPIRE",0.514,0.474,7,-8.545,0,0.345,0.209,0.02,0.109,0.378,148.382,4
spotify:track:6Ijmj8Z0L31hCp5pLZnT5U,"Numb","Numb","Men I Trust",2019-04-12,219340,70,false,5o8x11qqf7lxqq5f4sirhivr4,2023-01-27T00:07:46Z,"bedroom pop,indie pop,dream pop","Independent",0.783,0.303,4,-14.393,1,0.0527,0.811,0.945,0.109,0.65,138.816,4
spotify:track:2xYbRymhDAW0q6OHujNF6u,"without you (interlude)","Getaway","Orion Sun",2022-03-11,90480,0,false,5o8x11qqf7lxqq5f4sirhivr4,2023-01-27T00:07:51Z,"alternative r&b,bedroom pop","Mom+Pop",0.397,0.142,10,-14.542,1,0.0395,0.945,0.00357,0.114,0.249,79.705,3
spotify:track:6BbAFjOCHA1AknMtIu3VjZ,"Thru My Hair","¿Téo?","¿Téo?",2018-09-13,100500,54,false,5o8x11qqf7lxqq5f4sirhivr4,2023-01-27T01:41:36Z,"","49 Digits LLC",0.782,0.544,9,-7.943,0,0.075,0.502,0.00438,0.0655,0.906,130.079,4
spotify:track:70LJDJUseObPU5czxfHYkB,"Hypnosis","Lucid","Raveena",2019-05-31,96000,49,false,5o8x11qqf7lxqq5f4sirhivr4,2023-01-27T01:41:58Z,"alternative r&b,indie soul","Moonstone Recordings, LLC / EMPIRE",0.276,0.247,9,-14.227,0,0.0329,0.954,0.171,0.127,0.188,99.212,3
spotify:track:5TuTHrKzN6NweeQaKkBNb7,"Relax","Vibes","Vacations",2016,158573,71,false,5o8x11qqf7lxqq5f4sirhivr4,2023-01-27T01:42:36Z,"","Nettwerk Music Group",0.471,0.881,11,-4.483,0,0.0467,0.0588,0.000378,0.26,0.544,169.898,4
spotify:track:5bj2XmbAU0WCGI14P4LsON,"Sunshine Girl - Demo","Sunshine Girl","Jakob",2018-07-13,128984,41,false,5o8x11qqf7lxqq5f4sirhivr4,2023-01-27T01:58:58Z,"bedroom pop","Playground Music",0.656,0.594,6,-9.463,1,0.0517,0.203,0.261,0.376,0.697,88.38,4
spotify:track:5ZoDwIP1ntHwciLjydJ8X2,"My Cherie Amour","My Cherie Amour","Stevie Wonder",1969-08-01,173306,69,false,5o8x11qqf7lxqq5f4sirhivr4,2023-01-27T01:59:07Z,"motown,classic soul,soul","Motown",0.574,0.507,6,-11.343,1,0.0258,0.228,0.00000457,0.279,0.514,101.085,4
spotify:track:0gDb9g0EqeFfNl122zVrwV,"innerg","innerg","hrlum",2021-02-26,125003,27,false,5o8x11qqf7lxqq5f4sirhivr4,2023-01-27T02:17:00Z,"","Planet Lum",0.452,0.286,1,-10.28,1,0.0891,0.174,0.0159,0.0935,0.69,125.622,1
spotify:track:2KvbRojbZGMsWr1Nuj5n2f,"You Might Be Sleeping","Bedroom Tapes","Jakob;Clairo",2017-06-16,147093,63,false,5o8x11qqf7lxqq5f4sirhivr4,2023-01-27T02:17:10Z,"bedroom pop","Playground Music",0.587,0.565,7,-9.249,1,0.0265,0.731,0.341,0.169,0.508,92.604,4
spotify:track:2xy3bvhsNfNgrkNyOUu3GC,"Rose Water","Mood Valiant","Hiatus Kaiyote",2021-06-25,239920,43,false,5o8x11qqf7lxqq5f4sirhivr4,2023-01-27T02:17:15Z,"neo soul,indie soul,alternative r&b","Brainfeeder",0.409,0.636,0,-8.525,1,0.0665,0.145,0.000309,0.315,0.243,121.897,5
spotify:track:4mWTAI8wYE4HpYIgPAASpV,"MOVIN'","MOVIN'","Bluestaeb;Mick Jenkins;Aréna",2021-07-07,153028,0,false,5o8x11qqf7lxqq5f4sirhivr4,2023-01-27T02:17:20Z,"jazz rap,jazz house,nu jazz","Jakarta",0.713,0.525,1,-10.334,1,0.267,0.673,0.0091,0.115,0.604,163.989,4
spotify:track:0jYfN0oxUjdYmAifDBORz9,"Friends","Vibes","Vacations",2016,152360,64,false,5o8x11qqf7lxqq5f4sirhivr4,2023-01-27T02:17:26Z,"","Nettwerk Music Group",0.585,0.802,11,-6.352,0,0.0294,0.000204,0.246,0.0779,0.393,89.92,4
spotify:track:0IJRZMfavEmJOx5AiuDSlm,"Blood And Marrow","Mood Valiant","Hiatus Kaiyote",2021-06-25,209960,35,false,5o8x11qqf7lxqq5f4sirhivr4,2023-01-27T02:26:43Z,"neo soul,indie soul,alternative r&b","Brainfeeder",0.618,0.403,4,-8.905,0,0.355,0.413,0.0000244,0.149,0.679,175.321,4
spotify:track:4BfINdTGi2L7gY57zbgByL,"Day Dreamin","Days","Vacations",2015,115470,51,false,5o8x11qqf7lxqq5f4sirhivr4,2023-01-27T02:26:51Z,"","Nettwerk Music Group",0.188,0.847,8,-3.268,1,0.034,0.0768,0.32,0.121,0.389,88.494,4
spotify:track:7EuktT4CgA637ci366IrYW,"Big Boss (Interlude)","JAGUAR","Victoria Monét",2020-08-07,91249,47,false,5o8x11qqf7lxqq5f4sirhivr4,2023-01-27T02:26:54Z,"alternative r&b","Tribe Records",0.75,0.289,1,-10.912,1,0.0512,0.979,0.0638,0.101,0.554,155.974,4
spotify:track:423EcxblW9F4nnQkqcqMlK,"Deja Vu (feat. JAY-Z)","B'Day Deluxe Edition","Beyoncé;JAŸ-Z",2007-05-29,240280,67,false,5o8x11qqf7lxqq5f4sirhivr4,2023-01-27T04:51:59Z,"hip hop,east coast hip hop,rap","Columbia",0.644,0.746,7,-4.941,1,0.341,0.0071,0.0000122,0.0743,0.355,105.253,4
spotify:track:7rMZLoNv83fqb5vY4eunmx,"Citrine","Citrine","Alé Araya;aisu",2022-08-12,150000,0,false,5o8x11qqf7lxqq5f4sirhivr4,2023-01-27T18:17:59Z,"","Rostrum Records",0.661,0.711,9,-7.685,0,0.0417,0.165,0.073,0.182,0.36,120.021,4
spotify:track:4TlIIHzB3LgHmrPofscKtv,"Janet","Janet","Alé Araya",2022-06-29,115764,0,false,5o8x11qqf7lxqq5f4sirhivr4,2023-01-27T18:18:03Z,"","Rostrum Records",0.54,0.618,8,-12.812,0,0.0758,0.675,0.715,0.115,0.328,169.902,4
spotify:track:3s4QIE9CMkTRCufw1q0evm,"Orange Juice","Orange Juice","Rozie Ramati;Alé Araya",2022-04-08,175750,38,false,5o8x11qqf7lxqq5f4sirhivr4,2023-01-27T18:18:10Z,"","ALT:Vision Records",0.397,0.393,8,-10.806,0,0.0319,0.736,0.000102,0.116,0.121,80.046,4
spotify:track:3dd00zN0zP5dpbBPZqwfIp,"CİKLET ♡","CİKLET ♡","aisu;Alé Araya;D3",2022-07-22,211667,55,false,5o8x11qqf7lxqq5f4sirhivr4,2023-01-27T19:15:29Z,"turkish hip hop","aisu333",0.435,0.698,9,-6.797,0,0.146,0.0214,0.00159,0.117,0.225,170.09,4
spotify:track:3d9hnkwJ7GFfXxRg0bfRwo,"treetops","treetops","Alé Araya",2022-11-11,230983,0,false,5o8x11qqf7lxqq5f4sirhivr4,2023-01-27T19:36:06Z,"","Rostrum Records",0.642,0.529,2,-9.209,1,0.0341,0.383,0.0061,0.321,0.317,110.992,4
spotify:track:6LrAY2rtKScghbUKD61MX1,"MEDUSE","MEDUSE","Nuvfr",2022-12-02,104768,53,false,5o8x11qqf7lxqq5f4sirhivr4,2023-01-27T23:11:44Z,"breakcore,jersey club","NvvV",0.458,0.646,1,-8.93,1,0.0346,0.00495,0.832,0.38,0.502,94.216,4
spotify:track:2XMAWynSTIst5KmLSv0Npf,"AMERICA HAS A PROBLEM","RENAISSANCE","Beyoncé",2022-07-29,198897,67,true,5o8x11qqf7lxqq5f4sirhivr4,2023-01-28T20:57:19Z,"","Parkwood Entertainment/Columbia",0.789,0.614,1,-6.491,1,0.0579,0.00348,0.00152,0.283,0.108,126.035,4
spotify:track:0edtKj1oW6rJ9f4wRtLPPH,"Traingazing","Breathe","Sam Wills;Honey Mooncie",2021-06-04,214159,0,false,5o8x11qqf7lxqq5f4sirhivr4,2023-01-29T15:41:15Z,"","eOne Music UK",0.848,0.364,11,-10.058,1,0.0637,0.697,0.00529,0.14,0.569,137.541,4
spotify:track:4u307txePIagFC4K67AdBA,"Easy Lovers","Camille 2000 (Original Motion Picture Soundtrack)","Piero Piccioni",1998-01-11,225573,64,false,5o8x11qqf7lxqq5f4sirhivr4,2023-01-29T16:22:09Z,"","Camille 3000",0.344,0.333,0,-13.945,0,0.0294,0.9,0.422,0.118,0.175,70.225,4
spotify:track:77gxBuREXp2aJI6FmqjaeC,"Mad Love","Mad Love","Infinity Song",2020-10-02,182093,35,false,5o8x11qqf7lxqq5f4sirhivr4,2023-01-29T17:38:01Z,"","Roc Nation Records, LLC",0.494,0.411,1,-9.194,0,0.064,0.056,0,0.0798,0.551,112.733,3
spotify:track:0yUaLqhsVsguBpoOPL4cO7,"In Ha Mood","In Ha Mood","Ice Spice",2023-01-06,129360,62,true,5o8x11qqf7lxqq5f4sirhivr4,2023-01-29T19:38:03Z,"","10K Projects/Capitol Records",0.767,0.722,0,-6.586,1,0.31,0.678,0.000011,0.231,0.52,141.075,4
spotify:track:25XdrevCWHftmb9dpapj6a,"L'Étoile D'Afrique - #18","L'Étoile D'Afrique - #18","Mineha",2022-12-27,105116,0,false,5o8x11qqf7lxqq5f4sirhivr4,2023-01-29T20:08:16Z,"","4623323 Records DK",0.645,0.861,0,-4.835,1,0.0363,0.000314,0.92,0.194,0.442,150.003,4
spotify:track:08MFgEQeVLF37EyZ7jcwLc,"Pano","Pano","Zack Tabudlo",2021-12-06,254400,68,false,5o8x11qqf7lxqq5f4sirhivr4,2023-01-30T22:38:27Z,"opm,harana,p-pop,kundiman,pinoy r&b,pinoy indie,parang","Universal Music Philippines Inc.",0.375,0.457,3,-7.018,1,0.0315,0.868,0.0145,0.191,0.415,174.839,3
spotify:track:0Ul2uDdg8Klr2yvciTnGVd,"Shameless - Speed Up","Shameless (Speed Up)","AA Records",2023-01-24,179792,0,false,5o8x11qqf7lxqq5f4sirhivr4,2023-02-02T20:57:57Z,"","AA Records",0.452,0.509,7,-10.788,0,0.0573,0.00255,0.698,0.611,0.175,155.922,4
spotify:track:3uouaAVXpQR3X8RYkJyitQ,"CYANIDE","CASE STUDY 01","Daniel Caesar",2019-06-28,194959,3,true,5o8x11qqf7lxqq5f4sirhivr4,2023-02-03T14:27:44Z,"","Golden Child Recordings",0.589,0.652,10,-7.498,1,0.373,0.704,0.00055,0.125,0.486,158.49,4
spotify:track:0X2bh8NVQ8svDQIn2AdCbW,"Consume (feat. Goon Des Garcons)","Chase Atlantic","Chase Atlantic;GOON DES GARCONS*",2017-10-04,267920,79,false,5o8x11qqf7lxqq5f4sirhivr4,2023-02-03T14:28:19Z,"","Warner Records",0.556,0.714,9,-5.322,0,0.158,0.07,0,0.261,0.434,146.113,4
spotify:track:2ogKhhoMClkFXek7ZgxAhN,"Shameless","Romance","Camila Cabello",2019-12-06,219733,84,false,5o8x11qqf7lxqq5f4sirhivr4,2023-02-03T20:42:30Z,"","Syco Music/Epic",0.377,0.651,4,-5.437,0,0.0589,0.0197,0.0000531,0.174,0.0851,129.607,4
spotify:track:47x551ZVn0hgo3zjHs6MN2,"Morning Dew","Flow","Flwr Chyld;MIA GLADSTONE",2020-08-21,81000,0,false,5o8x11qqf7lxqq5f4sirhivr4,2023-02-04T21:18:47Z,"indie r&b,alternative r&b,neo soul","Flwr Chyld",0.841,0.373,1,-10.772,1,0.12,0.0331,0.887,0.112,0.824,124.012,1
spotify:track:6TkMxzRiOhA3yXCZWnsQHS,"Groceries","Homegrown","CARRTOONS;Nigel Hall",2022-04-20,143606,0,false,5o8x11qqf7lxqq5f4sirhivr4,2023-02-04T21:46:23Z,"retro soul","Wichita",0.781,0.768,8,-5.64,1,0.0376,0.0127,0.00434,0.159,0.469,121.987,4
spotify:track:2nvYkq618H58EAP1bcswFR,"VIOLENCE IS NEVER THE ANSWER","VIOLENCE IS NEVER THE ANSWER","kittygonebaddest",2021-08-22,134373,20,true,5o8x11qqf7lxqq5f4sirhivr4,2023-02-04T21:46:33Z,"alternative r&b","3269971 Records DK",0.5,0.749,1,-7.535,1,0.0408,0.00913,0,0.114,0.162,174.963,4
spotify:track:0Lf2PlT8IPAaWc59a2fWU6,"For James","The Celestial Suite","Pale Jay",2021-10-22,83046,58,false,5o8x11qqf7lxqq5f4sirhivr4,2023-02-04T21:46:39Z,"retro soul,indie soul","PLYGRND",0.253,0.674,3,-6.929,0,0.0331,0.22,0.734,0.0986,0.436,81.871,4
spotify:track:6Crq3yX0pUdMaFAd3t60gH,"Chrome Hearts","Lost In You","JON VINYL",2021-10-01,81584,40,false,5o8x11qqf7lxqq5f4sirhivr4,2023-02-04T22:01:27Z,"","Vinyl Recordings, Inc.",0.646,0.191,2,-14.375,1,0.0434,0.864,0,0.114,0.448,95.139,4
spotify:track:6HkuQkaxR5QKc7TrUM4gy6,"WE ROCK IT!","WE ROCK IT!","kittygonebaddest;Aphrodite7",2022-04-08,96677,12,true,5o8x11qqf7lxqq5f4sirhivr4,2023-02-04T22:01:32Z,"alternative r&b","idontcare",0.635,0.762,11,-8.92,1,0.177,0.0266,0,0.817,0.429,140.899,4
spotify:track:0xta6Gah3inmeHbj0e3F9a,"Headshots (4r da Locals)","The House Is Burning","Isaiah Rashad",2021-07-30,193208,71,true,5o8x11qqf7lxqq5f4sirhivr4,2023-02-04T22:01:39Z,"","Top Dawg Entertainment/Warner Records",0.894,0.615,3,-6.269,1,0.0826,0.0308,0.00921,0.309,0.661,120,4
spotify:track:7DvlNrYFvmZieL8GdhJuoy,"Start Over","Don't Throw Rocks At The Moon","Planet Giza",2021-02-12,130369,13,false,5o8x11qqf7lxqq5f4sirhivr4,2023-02-04T22:01:52Z,"","Planet Giza",0.627,0.489,7,-9.838,1,0.298,0.0669,0,0.0823,0.842,81.475,4
spotify:track:1Lu6XoAbnngrTMhO4PXLU0,"kokoro no sekai","Kamisori Otome","Ichiko Aoba",2010-01-20,182226,45,false,5o8x11qqf7lxqq5f4sirhivr4,2023-02-04T22:23:44Z,"japanese indie,shibuya-kei","東雲録音",0.453,0.0915,5,-13.034,1,0.0333,0.986,0.0129,0.109,0.275,131.896,3
spotify:track:1wYIv0ySOwjMFWLOtrgtbo,"III. Urn","Because the Internet","Childish Gambino",2013-12-10,73386,1,true,5o8x11qqf7lxqq5f4sirhivr4,2023-02-04T22:36:24Z,"","Glassnote Entertainment Group LLC",0.59,0.446,0,-12.759,0,0.0731,0.621,0.00235,0.0731,0.399,140.081,4
spotify:track:5EwRVuWJpNNMYM4UkT561o,"Misery Moon","Duality","Luna Li",2022-03-04,68732,42,false,5o8x11qqf7lxqq5f4sirhivr4,2023-02-04T22:38:11Z,"","In Real Life Music",0.797,0.313,3,-12.42,0,0.0421,0.819,0.23,0.108,0.432,119.78,4
spotify:track:1KQc37jezhunxnOPhvdwSG,"Numb Little Bug","Egg in the Backseat","Em Beihold",2022-07-22,169237,72,false,5o8x11qqf7lxqq5f4sirhivr4,2023-02-05T07:05:50Z,"","Republic Records/Moon Projects, LLC.",0.742,0.527,8,-6.892,0,0.0769,0.327,0,0.25,0.638,84.974,4
spotify:track:2k2AJgV5PAA4pIl9jdJxqz,"I'm in Love","I'm in Love","Ted Fresco;Sushisingz;Isaiah Mendiola",2022-10-07,196343,48,false,5o8x11qqf7lxqq5f4sirhivr4,2023-02-05T07:07:34Z,"","Love Squad",0.728,0.756,10,-5.351,1,0.0309,0.31,0.00256,0.147,0.722,139.335,4
spotify:track:30hwT0deSgqiaBMxijn35R,"Action Figures Fighting","Action Figures Fighting","Hotel Ugly",2023-02-02,163413,37,false,5o8x11qqf7lxqq5f4sirhivr4,2023-02-06T20:31:05Z,"","Hotel Ugly under exclusive license to Amuseio AB",0.735,0.414,4,-11.178,0,0.0542,0.89,0.00014,0.233,0.753,120.003,4
spotify:track:62x5q8OrmPpmlA8PpjrQt3,"Tell Me","2 Different Tears","Wonder Girls",2010-05-15,219453,0,false,5o8x11qqf7lxqq5f4sirhivr4,2023-02-07T23:10:47Z,"k-pop","JYP Entertainment",0.814,0.93,6,-5.128,0,0.0364,0.105,0.00019,0.294,0.963,127.002,4
spotify:track:26zlrWTl45duRsgdxBin1T,"Another Believer","Meet the Robinsons (Original Motion Picture Soundtrack)","Rufus Wainwright",2007-03-27,279400,61,false,5o8x11qqf7lxqq5f4sirhivr4,2023-02-09T04:39:04Z,"singer-songwriter","Walt Disney Records",0.473,0.63,4,-9.514,1,0.0285,0.0936,0.00000643,0.102,0.403,89.018,4
spotify:track:3L41fBFUs9QnjejaLAftD6,"Playing dangerous","Playing dangerous","Hopez99",2022-12-05,62500,0,false,5o8x11qqf7lxqq5f4sirhivr4,2023-02-10T16:55:31Z,"","4629680 Records DK",0.57,0.831,10,-10.662,1,0.138,0.492,0.817,0.415,0.936,87.51,4
spotify:track:2osMu8c4ahjQGQ7gsRQw8I,"L'autre Valse D'amélie","Pop Ballads on Piano","Frédéric Schubert",2018-09-11,65681,55,false,5o8x11qqf7lxqq5f4sirhivr4,2023-02-14T18:51:03Z,"","Amico Records",0.258,0.279,1,-15.896,1,0.0613,0.954,0.907,0.114,0.0345,168.148,3
spotify:track:6K4Co1NQyOnoFEJMkZHkln,"James Joint","ANTI (Deluxe)","Rihanna",2016-01-28,72080,68,true,5o8x11qqf7lxqq5f4sirhivr4,2023-02-14T22:58:05Z,"","Roc Nation / Rihanna",0.385,0.203,4,-11.649,1,0.0298,0.66,0.000147,0.27,0.405,134.253,4
spotify:track:7aVKQJZwdqyEPkvKSyEuxj,"Baby","Last Day Of Summer","Summer Walker",2018-10-19,88186,59,false,5o8x11qqf7lxqq5f4sirhivr4,2023-02-14T22:58:25Z,"r&b","LVRN/Interscope Records",0.548,0.461,9,-10.17,0,0.0397,0.754,0.0522,0.11,0.64,84.723,4
spotify:track:1vJXQZA9AExnPIs4JPO8lr,"Pick Up Your Phone","Home Buddies","Play Nice",2020-07-23,157812,39,false,5o8x11qqf7lxqq5f4sirhivr4,2023-02-14T22:59:08Z,"alternative r&b","Play Nice",0.548,0.598,10,-8.544,0,0.209,0.433,0.000823,0.104,0.672,80.225,4
spotify:track:5tt7O3V5vwf8ltkr1Wgxrf,"Serenade of Water","Untourable Album","Men I Trust",2021-08-25,185660,0,false,5o8x11qqf7lxqq5f4sirhivr4,2023-02-14T22:59:19Z,"bedroom pop,indie pop,dream pop","Independent",0.647,0.414,8,-10.816,0,0.066,0.848,0.903,0.112,0.711,79.503,4
spotify:track:7AoCNArsiCSt4vr2dqAjJx,"Give It Up","Saturday Morning","CARRTOONS;Joanna Teters",2020-10-10,134742,38,false,5o8x11qqf7lxqq5f4sirhivr4,2023-02-14T22:59:31Z,"retro soul,neo soul,contemporary r&b","Rosendale Records",0.489,0.633,0,-5.932,0,0.0937,0.232,0.000448,0.294,0.359,69.595,4
spotify:track:1RaO7Jv7R2CmhKR9Ne7YBo,"Get Away","Get Away","Amaria",2023-02-03,183050,5,false,5o8x11qqf7lxqq5f4sirhivr4,2023-02-14T23:00:29Z,"alternative r&b,neo soul","Fashionably Early Records LLC",0.765,0.32,9,-7.957,0,0.0519,0.513,0.685,0.135,0.633,118.004,4
spotify:track:6m3T4RHAMaSIKUDsxko43y,"Placebo Effect","Placebo Effect","d4vd",2023-02-08,191493,58,false,5o8x11qqf7lxqq5f4sirhivr4,2023-02-14T23:00:34Z,"","D4VD ENT, LLC",0.448,0.246,4,-11.279,1,0.0291,0.841,0,0.11,0.0996,122.534,4
spotify:track:6q4yusLwjDYEcF6jXHdt7J,"Do You Like Me?","Do You Like Me?","Daniel Caesar",2023-01-27,227663,65,true,5o8x11qqf7lxqq5f4sirhivr4,2023-02-14T23:00:39Z,"","Republic Records",0.721,0.407,11,-6.569,1,0.038,0.473,0.0366,0.131,0.351,76.979,4
spotify:track:6ahcprEQ414ecRGODsVCU6,"Tell Meeeee","Son of a Sauce!","Salami Rose Joe Louis",2016-03-23,57931,36,false,5o8x11qqf7lxqq5f4sirhivr4,2023-02-14T23:00:45Z,"bedroom pop","Hot Record Societe",0.816,0.135,1,-19.233,0,0.171,0.747,0.909,0.106,0.775,144.978,4
spotify:track:37EATWuDC8BUrJ2Kt2JE5Q,"nice","nice","Amindi",2021-07-28,90447,29,true,5o8x11qqf7lxqq5f4sirhivr4,2023-02-14T23:42:14Z,"dancehall","THAT'S NASTY / Human Re Sources",0.834,0.57,6,-9.522,0,0.0585,0.28,0.683,0.171,0.687,133.986,4
spotify:track:0Ui4S8sgBCXv4Ao1HhTTun,"//aguardiente y limón %ᵕ‿‿ᵕ%","Sin Miedo (del Amor y Otros Demonios) ∞","Kali Uchis",2020-12-04,161539,59,false,5o8x11qqf7lxqq5f4sirhivr4,2023-02-15T01:02:39Z,"","EMI / Interscope",0.785,0.477,7,-8.755,1,0.0633,0.315,0.00133,0.141,0.572,121,4
spotify:track:5nnvTjA5yzhHlmVOVoGT49,"La madrague","Brigitte Bardot","Brigitte Bardot",2002-01-01,155800,61,false,5o8x11qqf7lxqq5f4sirhivr4,2023-02-15T01:20:06Z,"french jazz,french pop,chanson,variété française","Universal Music Division Mercury Records",0.529,0.374,7,-9.448,1,0.0349,0.78,0.00000181,0.141,0.6,113.336,4
spotify:track:1QrRuByqSfCxYS0JdZMlIf,"Lay Low","Lay Low","BLK ODYSSY;BNXN",2022-12-09,139586,52,false,5o8x11qqf7lxqq5f4sirhivr4,2023-02-15T15:03:16Z,"afrobeats,afrobeat,afropop,afro adura,afro r&b,afropiano,afroswing,alté,afro soul","EARTHCHILD / EMPIRE",0.482,0.605,10,-5.105,0,0.13,0.128,0.349,0.165,0.568,101.868,4
spotify:track:5crkOzXbUZ5SOSkSat7g4T,"Lou's Tune","Lou's Tune","DARGZ;Moses Boyd",2021-09-10,102634,61,false,5o8x11qqf7lxqq5f4sirhivr4,2023-02-15T16:39:16Z,"nu jazz,indie jazz,jazz","Papercup Records",0.527,0.643,10,-8.072,0,0.0355,0.0000761,0.725,0.174,0.844,75.036,4
spotify:track:2nQF3xgFXtXVUlaQNiUARI,"Naturally","Naturally","Tinashe",2022-02-14,194820,0,false,5o8x11qqf7lxqq5f4sirhivr4,2023-02-16T02:05:12Z,"alternative r&b","Equity Distribution",0.62,0.63,10,-5.578,0,0.198,0.171,0,0.0824,0.543,85.42,4
spotify:track:4qgMPzf9QOETWQFUcFkHD4,"Love Me","Love Me","RealestK",2022-02-18,207546,64,false,5o8x11qqf7lxqq5f4sirhivr4,2023-02-16T02:05:18Z,"","Columbia",0.569,0.325,7,-9.66,0,0.0376,0.67,0,0.141,0.274,122.051,3
spotify:track:5WjTrSEmsfIC1WDwIquuwT,"raw","soft thing","LOONY",2021-06-24,186432,51,true,5o8x11qqf7lxqq5f4sirhivr4,2023-02-16T02:05:26Z,"alternative r&b","LOONY",0.817,0.4,6,-6.516,0,0.165,0.334,0.0000337,0.0934,0.438,81.058,4
spotify:track:7vxLj7MREliG5i5vSnqSVr,"Body","Over It","Summer Walker",2019-10-04,193840,73,true,5o8x11qqf7lxqq5f4sirhivr4,2023-02-16T02:05:30Z,"r&b","LVRN/Interscope Records",0.555,0.507,11,-6.099,0,0.167,0.25,0,0.283,0.339,137.875,4
spotify:track:0wOtc2nY3NOohp4xSwOyTN,"We Might Even Be Falling In Love (Duet)","We Might Even Be Falling In Love (Duet)","Victoria Monét;Bryson Tiller",2023-02-14,90110,58,false,5o8x11qqf7lxqq5f4sirhivr4,2023-02-16T02:05:38Z,"alternative r&b,trap soul,r&b","Not specified",0.731,0.423,6,-10.147,1,0.0784,0.473,0.000413,0.129,0.78,76.964,4
spotify:track:5SMCxRA6hB2jEhroaYfw6N,"IT'S YOU (feat. keshi)","IT'S YOU (feat. keshi)","MAX;keshi",2022-09-09,173426,1,false,5o8x11qqf7lxqq5f4sirhivr4,2023-02-16T02:05:52Z,"","Warner Records",0.663,0.328,2,-11.579,1,0.0601,0.85,0.00019,0.141,0.446,89.892,4
spotify:track:4Dfil7i82oEyKthLhfv6A6,"Homegrown","Homegrown","CARRTOONS",2022-04-20,58487,0,false,5o8x11qqf7lxqq5f4sirhivr4,2023-02-17T22:30:17Z,"retro soul","Wichita",0.75,0.561,7,-8.898,1,0.0474,0.766,0.978,0.0945,0.964,167.36,3
spotify:track:0jpEBMDcYcm2l9sVhrAaS4,"Call You Right Back","Saturday Morning","CARRTOONS;Topaz Jones",2020-10-10,140115,18,false,5o8x11qqf7lxqq5f4sirhivr4,2023-02-17T22:30:34Z,"retro soul","Rosendale Records",0.649,0.648,2,-8.198,0,0.11,0.0866,0.0000251,0.319,0.396,92.863,4
spotify:track:4AwJSk491AvHk2AAJReGzZ,"Let Me Go","Let Me Go","Daniel Caesar",2023-02-10,216524,55,false,5o8x11qqf7lxqq5f4sirhivr4,2023-02-18T15:33:15Z,"","Republic Records",0.591,0.473,7,-8.122,0,0.0708,0.694,0.00334,0.108,0.451,152.88,4
spotify:track:6KEx5MkMRRx9d3bp7Ks0Us,"Tastes So Good","Archives & Lullabies","Sabrina Claudio",2023-02-10,186173,0,false,5o8x11qqf7lxqq5f4sirhivr4,2023-02-18T16:03:01Z,"","SC Entertainment",0.461,0.515,1,-7.04,1,0.0552,0.595,0.0000408,0.147,0.249,117.772,3
spotify:track:3QKJELWORZZ7rUZDWeMWSA,"Água de Beber","The Astrud Gilberto Album","Astrud Gilberto;Antônio Carlos Jobim",1965-01-01,138013,69,false,5o8x11qqf7lxqq5f4sirhivr4,2023-02-18T16:03:09Z,"bossa nova,brazilian jazz,latin jazz,vocal jazz,adult standards,mpb","Verve Reissues",0.653,0.319,4,-17.813,0,0.0364,0.439,0,0.0906,0.845,147.853,4
spotify:track:0upu46uBg7AYsg0RTW4JRc,"Homegirl","Archives & Lullabies","Sabrina Claudio",2023-02-10,166153,0,false,5o8x11qqf7lxqq5f4sirhivr4,2023-02-18T16:03:17Z,"","SC Entertainment",0.48,0.392,0,-7.673,0,0.0562,0.615,0.24,0.124,0.172,79.381,4
spotify:track:5TyqlrHJpJvdwzy89cFhza,"Earth Angel","Earth Angel","Alé Araya",2023-01-25,184285,0,false,5o8x11qqf7lxqq5f4sirhivr4,2023-02-18T16:03:22Z,"","Rostrum Records",0.578,0.816,1,-6.611,1,0.0534,0.239,0.0126,0.1,0.288,112.051,4
spotify:track:5nU7dvOfzYs9QVVL7YVNPE,"Corcovado (Quiet Nights Of Quiet Stars) - Single Version","Getz/Gilberto (Expanded Edition)","Stan Getz;João Gilberto;Astrud Gilberto;Antônio Carlos Jobim",1964-03-01,139986,62,false,5o8x11qqf7lxqq5f4sirhivr4,2023-02-18T16:15:42Z,"bossa nova,jazz,brazilian jazz,cool jazz,latin jazz,jazz ballads,samba,vocal jazz,adult standards,mpb","Verve Reissues",0.531,0.198,9,-15.811,0,0.039,0.952,0.00267,0.119,0.437,128.043,4
spotify:track:2bdVgAQgosGUJoViVDNeOV,"LIMBO","GABRIEL","keshi",2022-03-25,212784,74,true,5o8x11qqf7lxqq5f4sirhivr4,2023-02-19T13:37:49Z,"","Island Records",0.577,0.366,8,-11.792,1,0.0368,0.879,0.0000776,0.137,0.0841,129.923,4
spotify:track:252ZECHopILLs10pMfE76N,"Flip A Switch.","My 21st Century Blues","RAYE",2023-02-03,201373,65,true,5o8x11qqf7lxqq5f4sirhivr4,2023-02-19T13:49:13Z,"","Human Re Sources",0.704,0.535,1,-5.751,0,0.0405,0.0756,0.000264,0.229,0.463,94.018,4
spotify:track:7xppnRUOIfqpejKXqnGSzs,"Don’t Make Me Wait (Acoustic Version)","Archives & Lullabies","Sabrina Claudio",2023-02-10,173517,0,false,5o8x11qqf7lxqq5f4sirhivr4,2023-02-20T20:25:24Z,"","SC Entertainment",0.495,0.264,1,-11.165,1,0.0366,0.805,0.000918,0.108,0.301,137.903,4
spotify:track:1STmUsAVdjlNkf2vDMlOTG,"XTAYALIVE","XTAYALIVE","jnhygs;9lives",2023-02-19,126889,0,false,5o8x11qqf7lxqq5f4sirhivr4,2023-02-21T03:59:13Z,"jersey club,hyperpop","4990469 Records DK",0.339,0.891,6,-4.492,0,0.0572,0.000121,0,0.393,0.294,136.323,4
spotify:track:0W2CHYtNLuEBJCCuqOona7,"A Devil's Touch in the Midwest","An Old Smile","Macabre Plaza",2021-02-16,68006,0,false,5o8x11qqf7lxqq5f4sirhivr4,2023-02-21T14:30:19Z,"","Vada Vada",0.482,0.645,11,-15.798,1,0.0376,0.754,0.847,0.102,0.875,159.287,4
spotify:track:7rPl5mTGCDE1efIso9uBet,"Morning","Morning","Amaria",2020-01-01,148160,0,false,5o8x11qqf7lxqq5f4sirhivr4,2023-02-21T14:30:27Z,"alternative r&b,neo soul","Fashionably Early LLC",0.628,0.492,7,-12.184,0,0.0613,0.595,0.000745,0.176,0.815,81.047,4
spotify:track:2YK0aVNi4BX2wG0ZehtlTT,"synergy","Forest in the City","UMI",2022-05-26,208706,41,false,5o8x11qqf7lxqq5f4sirhivr4,2023-02-21T14:30:58Z,"","UMI/Keep Cool/RCA Records",0.43,0.393,7,-13.893,1,0.178,0.594,0.00163,0.168,0.213,153.988,3
spotify:track:3FwSGFXzoODJ3igRA06DhV,"Rare","Moonlight/Rare","Ralph Castelli",2021-12-08,184000,0,false,5o8x11qqf7lxqq5f4sirhivr4,2023-02-21T17:07:13Z,"bedroom pop","Ralph Castelli / Eat What You Kill",0.719,0.482,3,-11.691,0,0.0423,0.271,0.401,0.0655,0.71,119.961,4
spotify:track:5aJOyuvqhcCRpaUCubwXk9,"The Ballad of Eddie Jabuley","The Ballad of Eddie Jabuley","Hotel Ugly",2021-06-04,192000,70,false,5o8x11qqf7lxqq5f4sirhivr4,2023-02-21T17:13:54Z,"","Hotel Ugly, under exclusive license to Amuseio AB",0.77,0.539,4,-7.705,0,0.297,0.674,0.00000109,0.158,0.39,84.977,4
spotify:track:7BgyWwbbybJr2IbQoI1gzH,"Stevie Doesn't Wonder","Stevie Doesn't Wonder","Hotel Ugly",2021-12-07,164571,72,false,5o8x11qqf7lxqq5f4sirhivr4,2023-02-21T17:13:57Z,"","Hotel Ugly, under exclusive license to Amuseio AB",0.534,0.288,10,-13.232,0,0.0331,0.195,0.0000521,0.182,0.516,139.922,4
spotify:track:6ajuD3Vrq9kJ5viPyggvZM,"Weak for Your Love","Thee Sacred Souls","Thee Sacred Souls",2022-08-26,261306,0,false,5o8x11qqf7lxqq5f4sirhivr4,2023-02-21T17:43:16Z,"retro soul","Penrose / Daptone Records",0.744,0.422,11,-9.2,0,0.033,0.146,0.00145,0.0779,0.562,127.726,4
spotify:track:3U4SnnuP8xYApZsMByW1pW,"staywmecassette","Are U Down?","Spencer.",2021-09-10,101436,26,false,5o8x11qqf7lxqq5f4sirhivr4,2023-02-21T18:37:22Z,"bedroom pop,alternative r&b,indie r&b","4AD",0.618,0.543,7,-8.906,1,0.0315,0.803,0.761,0.103,0.45,74.021,4
spotify:track:70hlXOHvTylmKbRZLEtn8b,"","","",0000,0,0,false,5o8x11qqf7lxqq5f4sirhivr4,2023-02-21T18:37:27Z,"","",0.312,0.138,9,-21.295,0,0.0365,0.974,0.942,0.12,0.221,61.445,3
spotify:track:6zE2xJvFmHEPECsvLki2CE,"Linda","L'amica di mia madre (Colonna sonora originale del film)","Alberto Baldan Bembo",1975-09-05,63501,54,false,5o8x11qqf7lxqq5f4sirhivr4,2023-02-21T18:37:37Z,"jazz","Sonor Music Editions",0.577,0.137,7,-15.81,1,0.0399,0.858,0.875,0.115,0.232,132.704,4
spotify:track:3bSrcMTt2Er2IzvcPt7KYE,"Vicino A Te","Anonimo Veneziano (Original Motion Picture Soundtrack)","Stelvio Cipriani",2004,69426,46,false,5o8x11qqf7lxqq5f4sirhivr4,2023-02-21T18:37:47Z,"","Creazioni Artistiche Musicali",0.287,0.0841,9,-16.19,1,0.0387,0.991,0.864,0.144,0.0385,69.989,4
spotify:track:4b9ruyWFMtREf1oatvwa5N,"Darkseid","The House Is Burning","Isaiah Rashad",2021-07-30,126618,49,true,5o8x11qqf7lxqq5f4sirhivr4,2023-02-21T18:37:52Z,"","Top Dawg Entertainment/Warner Records",0.488,0.536,2,-11.221,1,0.412,0.412,0,0.23,0.581,81.55,4
spotify:track:0Wk3sHj5mwjuDkQX19Dyd0,"Resort For Blue - 2018 Remaster","FIRST LIGHT (+1; 2018 Remaster)","Makoto Matsushita",1982-04-21,83730,47,false,5o8x11qqf7lxqq5f4sirhivr4,2023-02-21T18:37:57Z,"city pop,jazz fusion,j-r&b","WM Japan",0.659,0.261,10,-14.287,1,0.0357,0.614,0.905,0.102,0.118,124.536,4
spotify:track:78ndblGlkOiMHUrrWPgBoL,"CYCLOPS","C BOTH SIDES","Amindi",2022-09-09,129882,0,true,5o8x11qqf7lxqq5f4sirhivr4,2023-02-21T18:38:05Z,"dancehall","EQT Recordings, LLC",0.628,0.545,10,-8.094,0,0.225,0.291,0,0.493,0.451,85.018,4
spotify:track:4LAa9a5VMkk3mN8BHhB93c,"Blue Velvet","L'amica di mia madre (Colonna sonora originale del film)","Alberto Baldan Bembo",1975-09-05,78576,59,false,5o8x11qqf7lxqq5f4sirhivr4,2023-02-21T18:38:20Z,"jazz","Sonor Music Editions",0.357,0.433,1,-12.126,1,0.0321,0.91,0.975,0.188,0.157,88.661,4
spotify:track:4QdKN37PLzNvwWvFcyHmt6,"All The Words We Don’t Say - Omari Jazz Remix","Mood Variant (The Remixes)","Hiatus Kaiyote;Omari Jazz",2022-04-08,70490,31,false,5o8x11qqf7lxqq5f4sirhivr4,2023-02-21T18:38:26Z,"neo soul,indie soul,alternative r&b,ambient jazz","Brainfeeder",0.605,0.57,6,-6.145,0,0.731,0.0318,0.878,0.147,0.922,104.755,5
spotify:track:1zsv1BLFCSedZ2CbkGBb4k,"I Won't Tell","I Won't Tell","Baby Rose;Smino",2023-02-09,219240,0,false,5o8x11qqf7lxqq5f4sirhivr4,2023-02-21T19:24:27Z,"alternative r&b","Secretly Canadian",0.88,0.49,1,-7.064,1,0.0943,0.0161,0.000162,0.891,0.62,123.027,4
spotify:track:4MH2AteLqADh4fialhend8,"You'll Be on My Mind","You'll Be on My Mind","Jakob",2016-01-15,203333,45,false,5o8x11qqf7lxqq5f4sirhivr4,2023-02-21T19:24:56Z,"bedroom pop","Playground Music",0.47,0.524,9,-7.228,1,0.0401,0.727,0.0000984,0.296,0.533,179.755,4
spotify:track:5f6esnDQcBiFAm8iMfkw12,"Silkk da Shocka (feat. Syd)","The Sun's Tirade","Isaiah Rashad;Syd",2016-09-02,166086,65,true,5o8x11qqf7lxqq5f4sirhivr4,2023-02-21T19:35:19Z,"alternative r&b","Top Dawg Entertainment",0.59,0.602,8,-8.195,1,0.413,0.577,0.00000659,0.643,0.72,121.986,4
spotify:track:1iVKApYHvyzsBSeB1eZJE1,"labyrinth","Lorana.mze","Sephe",2022-01-24,83644,0,true,5o8x11qqf7lxqq5f4sirhivr4,2023-02-22T14:12:12Z,"hyperpop","2827614 Records DK2",0.375,0.257,11,-15.726,0,0.263,0.00123,0.9,0.257,0.624,164.055,4
spotify:track:0FA4wrjDJvJTTU8AepZTup,"Watch This - ARIZONATEARS Pluggnb Remix","Watch This (ARIZONATEARS Pluggnb Remix)","Lil Uzi Vert;sped up nightcore;ARIZONATEARS",2023-02-05,163139,77,true,5o8x11qqf7lxqq5f4sirhivr4,2023-02-22T14:17:29Z,"melodic rap,rage rap,nightcore","sped up nightcore",0.686,0.897,11,-7.18,0,0.0386,0.0103,0.103,0.153,0.355,129.975,4
spotify:track:6luBKkFUt5wTwz7hpLhp12,"drive ME crazy!","Let’s Start Here.","Lil Yachty;Diana Gordon",2023-01-27,229804,76,true,5o8x11qqf7lxqq5f4sirhivr4,2023-02-22T14:20:06Z,"","Quality Control Music/Motown Records",0.497,0.825,10,-3.621,0,0.0925,0.172,0.00319,0.377,0.44,107.073,4
spotify:track:7JZ0lUmu8bYRNzSQqbHu52,"Lil Lude (Dark Embrace)","Swum Baby","Puma Blue",2017-06-14,111160,35,false,5o8x11qqf7lxqq5f4sirhivr4,2023-02-22T15:03:42Z,"bedroom pop","Inner City Float",0.781,0.0872,11,-14.597,1,0.0425,0.89,0.201,0.108,0.473,118.974,4
spotify:track:4sys6H7gj0kgsa2bUx0IeW,"A Bird's Last Look","Out With the Old in With the Taboo","Macabre Plaza",2022-04-21,69565,0,false,5o8x11qqf7lxqq5f4sirhivr4,2023-02-22T15:03:52Z,"","Vada Vada",0.552,0.715,2,-9.291,1,0.0524,0.0286,0.702,0.0669,0.858,113.861,4
spotify:track:2lo1vXxGJ86EYnDQ1c7MQM,"Mellow Drama","Iridescent Luv","Flwr Chyld;Grimm Lynn",2019-06-07,170400,0,true,5o8x11qqf7lxqq5f4sirhivr4,2023-02-22T15:04:01Z,"indie r&b,alternative r&b,neo soul","Flwr Chyld",0.752,0.374,2,-9.223,1,0.0848,0.448,0.0107,0.0579,0.541,100.128,4
spotify:track:3ppVO2tyWRRznNmONvt7Se,"Summers Over Interlude","Views","Drake;Majid Jordan",2016-05-06,106333,74,true,5o8x11qqf7lxqq5f4sirhivr4,2023-02-22T15:04:11Z,"rap","Cash Money Records/Young Money Ent./Universal Rec.",0.699,0.255,4,-8.647,0,0.0303,0.405,0.00242,0.0985,0.242,132.031,3
spotify:track:5yvhdo8FXbBsIllxv2Rr94,"Prom","Ctrl","SZA",2017-06-09,196120,71,true,5o8x11qqf7lxqq5f4sirhivr4,2023-02-22T15:04:20Z,"r&b","Top Dawg Entertainment/RCA Records",0.805,0.702,1,-4.877,1,0.0887,0.0639,0,0.123,0.225,120.048,4
spotify:track:2z7DeLqTHzcNFpUO4TKZuW,"Outro","Posh","Coco & Clair Clair;Graham",2017-05-01,69836,39,true,5o8x11qqf7lxqq5f4sirhivr4,2023-02-22T15:04:31Z,"","Nice Girl World via Alternate Side and Many Hats Distribution",0.763,0.54,8,-11.404,1,0.0806,0.0359,0.0149,0.26,0.645,125.112,4
spotify:track:0ObWRLMPIWIQljhJLvgZc3,"Hard","Hard","Dreamer Isioma",2020-02-26,152500,39,false,5o8x11qqf7lxqq5f4sirhivr4,2023-02-22T15:04:38Z,"alternative r&b","Fashionably Early LLC",0.676,0.554,5,-5.965,0,0.0728,0.26,0.0000484,0.1,0.43,89.007,4
spotify:track:0qw6ZnTxdfS9fj648bN9A5,"Nxwhere","Division","Jenevieve",2021-09-03,197000,53,false,5o8x11qqf7lxqq5f4sirhivr4,2023-02-22T16:02:34Z,"alternative r&b","Joyface Records/Interscope Records",0.621,0.312,9,-10.032,0,0.0357,0.372,0.0529,0.0667,0.195,133.972,4
spotify:track:0Tm7G3FNuVfUgeJ4SzPIAQ,"Long Time No See","Long Time No See","Yeek",2022-06-02,111934,0,true,5o8x11qqf7lxqq5f4sirhivr4,2023-02-22T16:07:46Z,"bedroom pop","Valencia House",0.724,0.897,9,-2.802,0,0.0714,0.0491,0.381,0.117,0.747,139.982,4
spotify:track:3rPaugbuZuIKJpVnF3b1RK,"honey baby (SPOILED!)","TO FEEL ALIVE EP","Kali Uchis",2020-04-24,124651,53,true,5o8x11qqf7lxqq5f4sirhivr4,2023-02-22T16:17:06Z,"","EMI",0.713,0.405,10,-9.886,0,0.037,0.802,0.00000103,0.0994,0.114,128.994,4
spotify:track:3BmaFHt6q91CmMrA7fLLRC,"Petals on the Moon","Petals on the Moon","Wasia Project",2023-02-10,256945,49,false,5o8x11qqf7lxqq5f4sirhivr4,2023-02-22T19:42:53Z,"","LAOLAO Records",0.645,0.771,2,-7.017,1,0.0531,0.202,0.0000201,0.124,0.578,147.955,4
spotify:track:5Dx8iEsMuNrf7aF9TMV0Xe,"i want war (BUT I NEED PEACE)","TO FEEL ALIVE EP","Kali Uchis",2020-04-24,159400,55,true,5o8x11qqf7lxqq5f4sirhivr4,2023-02-22T20:31:23Z,"","EMI",0.621,0.461,0,-13.047,0,0.0735,0.715,0.00111,0.0929,0.122,88.034,4
spotify:track:1iyg2VGc73ypcexY1qTXxq,"whatever u like","Forest in the City","UMI",2022-05-26,200853,37,false,5o8x11qqf7lxqq5f4sirhivr4,2023-02-22T20:50:07Z,"","UMI/Keep Cool/RCA Records",0.615,0.484,2,-9.938,1,0.045,0.361,0.0000111,0.154,0.489,91.92,4
spotify:track:11sfRkHdvsop5DdHVmGpt1,"Ring of Past","Ring of Past","Men I Trust",2023-02-16,201523,54,false,5o8x11qqf7lxqq5f4sirhivr4,2023-02-22T20:54:54Z,"bedroom pop,indie pop,dream pop","Independent",0.699,0.372,9,-13.396,1,0.0476,0.363,0.915,0.1,0.831,104.023,4
spotify:track:145RUOpe6C1LVskvuUZP0r,"Outro","Saturday Morning","CARRTOONS",2020-10-10,79107,14,false,5o8x11qqf7lxqq5f4sirhivr4,2023-02-22T21:43:02Z,"retro soul","Rosendale Records",0.614,0.675,6,-7.499,1,0.109,0.11,0.668,0.185,0.129,78.876,4
spotify:track:3QYuaQU2tCqRfBaUnHW763,"Gimme Your Love","Saturday Morning","CARRTOONS",2020-10-10,102724,15,false,5o8x11qqf7lxqq5f4sirhivr4,2023-02-22T22:07:59Z,"retro soul","Rosendale Records",0.494,0.943,3,-4.641,0,0.103,0.00221,0.811,0.598,0.593,82.632,4
spotify:track:1mWVPvMT8fTeBdP5r9JC6k,"Something About You","Saturday Morning","CARRTOONS;Will Heard",2020-10-10,187938,28,false,5o8x11qqf7lxqq5f4sirhivr4,2023-02-22T22:20:41Z,"retro soul","Rosendale Records",0.572,0.738,10,-4.551,0,0.0773,0.772,0.178,0.275,0.303,141.147,4
spotify:track:5wG3HvLhF6Y5KTGlK0IW3J,"Trance (with Travis Scott & Young Thug)","HEROES & VILLAINS","Metro Boomin;Travis Scott;Young Thug",2022-12-02,194786,84,true,5o8x11qqf7lxqq5f4sirhivr4,2023-02-23T01:46:08Z,"rap,melodic rap,trap","Republic Records",0.765,0.552,1,-7.524,0,0.309,0.175,0,0.193,0.492,119.476,4
spotify:track:0kitlUDARPIpnaIeUW16LN,"Assim","Sol","¿Téo?;Mirella Costa",2021-06-11,138946,55,false,5o8x11qqf7lxqq5f4sirhivr4,2023-02-23T16:34:45Z,"","49 Digits LLC",0.831,0.472,9,-9.124,1,0.226,0.133,0.000001,0.139,0.653,138.025,4
spotify:track:7CAgak4ycIZvKqtLZjtIKW,"Palm Trees","Pockets","¿Téo?",2018-04-05,226132,56,false,5o8x11qqf7lxqq5f4sirhivr4,2023-02-23T18:17:49Z,"","49 Digits LLC",0.719,0.499,7,-9.046,0,0.0318,0.229,0.000478,0.105,0.0439,108.017,4
spotify:track:67m18G4Co89QzraACs6TnN,"Gone - 0 Version","Gone (0 Version)","Sephe",2021-08-12,114155,0,false,5o8x11qqf7lxqq5f4sirhivr4,2023-02-23T20:13:07Z,"hyperpop","2827614 Records DK2",0.382,0.271,7,-20.012,1,0.144,0.538,0.573,0.284,0.264,103.855,1
spotify:track:49Q4EjrGxgllOt6jXJPfeI,"Abandoned Plaza","Out With the Old in With the Taboo","Macabre Plaza",2022-04-21,96363,0,false,5o8x11qqf7lxqq5f4sirhivr4,2023-02-24T00:52:17Z,"","Vada Vada",0.513,0.93,11,-7.575,0,0.0333,0.00853,0.78,0.0912,0.959,154.038,4
spotify:track:1QxTmNDHFmgaxgAolqqgAD,"22","22","JayO",2023-02-22,142120,64,true,5o8x11qqf7lxqq5f4sirhivr4,2023-02-24T15:20:12Z,"afroswing,afrobeats,afro r&b,alté,uk r&b,afrobeat","The Flight Club Records",0.534,0.821,5,-7.463,1,0.107,0.693,0.0000102,0.078,0.509,111.032,5
spotify:track:1QpwvWMQGdOgA8MXXfgs4H,"DICE","ENTWURF","NMIXX",2022-09-19,165746,0,false,5o8x11qqf7lxqq5f4sirhivr4,2023-02-24T23:14:00Z,"k-pop","JYP Entertainment",0.556,0.798,7,-3.331,1,0.254,0.0848,0,0.33,0.628,131.096,4
spotify:track:0h20OvcHKLzhEiQBY4Xgqe,"Dance","Dance","Jay Safari",2022-02-02,165485,26,true,5o8x11qqf7lxqq5f4sirhivr4,2023-02-26T16:16:01Z,"","Jay Safari",0.79,0.661,9,-8.295,0,0.0349,0.0321,0.00305,0.126,0.628,116.007,4
spotify:track:3xtrDOEsbccLH2jTTJl8Br,"Rain Falls","Rain Falls","Jay Safari",2022-09-07,129449,17,true,5o8x11qqf7lxqq5f4sirhivr4,2023-02-26T17:19:47Z,"","Jay Safari",0.706,0.771,2,-9.346,0,0.122,0.193,0,0.139,0.634,106.028,4
spotify:track:3JUeBSM4bsJGwYCVRqMeuC,"The Bakery","After School EP","Melanie Martinez",2020-09-25,154817,57,true,5o8x11qqf7lxqq5f4sirhivr4,2023-02-27T16:10:48Z,"","Atlantic Records",0.91,0.562,1,-5.608,0,0.0666,0.125,0.000048,0.0826,0.507,102.035,4
spotify:track:2tFTUUlBZeHGeI2Ys0nkci,"WYD","WYD","Planet Giza;Saba",2023-02-15,201904,29,true,5o8x11qqf7lxqq5f4sirhivr4,2023-02-27T22:47:41Z,"","Quiet Note",0.854,0.456,5,-9.941,0,0.124,0.0426,0,0.318,0.738,125.927,4
spotify:track:31Wlc9ZnraX3JxrvMg9e8H,"3 Boys","3 Boys","Omar Apollo",2023-02-17,209188,59,false,5o8x11qqf7lxqq5f4sirhivr4,2023-02-27T22:56:15Z,"bedroom pop","Warner Records",0.548,0.456,9,-5.979,1,0.0703,0.813,0.00464,0.122,0.53,173.839,3
spotify:track:1YxMfqTpk22khi8ZfmSK0G,"BUBBLY","BUBBLY","Ethan Low",2023-02-28,171130,43,true,5o8x11qqf7lxqq5f4sirhivr4,2023-02-28T06:35:24Z,"dark r&b","long days longer nights",0.714,0.406,11,-10.736,0,0.0342,0.235,0,0.124,0.331,114.986,4
spotify:track:3viGqgmswIMRcmGat5WYYq,"Hospital (One Man Down) (feat. Remi Wolf)","Hospital (One Man Down)","Madison Cunningham;Remi Wolf",2023-02-15,207016,30,false,5o8x11qqf7lxqq5f4sirhivr4,2023-03-01T13:30:49Z,"","Verve Forecast",0.601,0.82,5,-5.939,0,0.073,0.181,0,0.114,0.775,146.103,4
spotify:track:5UmFrOtMOFY8agZnNLVbRs,"Pensieri Del Passato","Anonimo Veneziano (Original Motion Picture Soundtrack)","Stelvio Cipriani",2004,82786,43,false,5o8x11qqf7lxqq5f4sirhivr4,2023-03-01T23:35:25Z,"","Creazioni Artistiche Musicali",0.183,0.152,7,-12.703,1,0.0323,0.619,0.958,0.0856,0.0842,68.292,4
spotify:track:1SV7FKtq8uOta3AizJ9bJc,"L I S A","ｇｅｔ　ａ　ｊｏｂ 林檎","ぬいぐるみクレヨン Lush Crayon",2019-08-19,76532,0,false,5o8x11qqf7lxqq5f4sirhivr4,2023-03-01T23:35:38Z,"vaporwave","ぬいぐるみクレヨン Lush Crayon",0.711,0.432,11,-16.996,0,0.0534,0.496,0.765,0.102,0.452,85.461,4
spotify:track:3bbBN2fYlIhX2rmRyjV4Cy,"Erika, Seq. 4","Erika (Original Motion Picture Soundtrack)","Roberto Pregadio",1971,105026,36,false,5o8x11qqf7lxqq5f4sirhivr4,2023-03-01T23:36:07Z,"","Creazioni Artistiche Musicali C.A.M. S.r.l",0.428,0.283,5,-21.241,1,0.0334,0.847,0.968,0.127,0.758,82.77,4
spotify:track:1zvBtLMnVZSnOaHp3BAxYK,"Touching Hands","The Set (Original Motion Picture Soundtrack) [Remastered]","Sven Libaek",2013-02-01,58000,40,false,5o8x11qqf7lxqq5f4sirhivr4,2023-03-01T23:36:14Z,"exotica","Trunk Records",0.449,0.0211,2,-34.558,0,0.0427,0.967,0.948,0.0964,0.0704,94.859,4
spotify:track:1lLRV5Ya7jD3vX8rKFhxy8,"Street Market / Love Scene","'klute' - Original Soundtrack Recording - Remastered","Michael Small",1971,74959,0,false,5o8x11qqf7lxqq5f4sirhivr4,2023-03-01T23:36:20Z,"","The Freak Emporium",0.45,0.25,0,-13.113,1,0.0252,0.967,0.89,0.126,0.342,95.054,4
spotify:track:5zPLEaf41KGZWV2AbZq0VI,"May 19","Things I Haven't Put on Spotify","lvusm",2020-09-07,64537,0,false,5o8x11qqf7lxqq5f4sirhivr4,2023-03-01T23:36:27Z,"","WISHNOMORE",0.93,0.435,6,-7.889,0,0.059,0.0353,0.857,0.261,0.934,118.964,4
spotify:track:7AD62SKq4XjpH92x6rPetX,"Wyoming","Wyoming","Elijah Fox",2022-01-14,82709,1,false,5o8x11qqf7lxqq5f4sirhivr4,2023-03-01T23:36:34Z,"","Sonder House",0.402,0.091,6,-25.85,0,0.0407,0.991,0.888,0.1,0.121,99.272,3
spotify:track:204t5SErksNRHRhU52g5JF,"Oncle Jazz","Oncle Jazz","Men I Trust",2019-09-13,57876,60,false,5o8x11qqf7lxqq5f4sirhivr4,2023-03-01T23:37:35Z,"bedroom pop,indie pop,dream pop","Independent",0.712,0.311,0,-16.776,0,0.0535,0.528,0.761,0.0812,0.242,139.959,4
spotify:track:1mQ3ryvTBSWeEMkH0Ul4gK,"Calibre","Lô Borges","Lô Borges",1972-01-01,89333,42,false,5o8x11qqf7lxqq5f4sirhivr4,2023-03-01T23:50:01Z,"mpb,brazilian jazz","EMI Brazil",0.583,0.418,1,-13.84,0,0.0296,0.797,0.96,0.103,0.695,122.853,4
spotify:track:1ccJr53u1pzlApnQNcUME9,"Dream 〜夢のパピー","L.O.L.","Ryuichi Sakamoto",2000-11-08,84800,34,false,5o8x11qqf7lxqq5f4sirhivr4,2023-03-01T23:50:06Z,"japanese classical,ambient","WM Japan",0.422,0.0824,3,-25.846,0,0.0423,0.978,0.892,0.104,0.0386,84.523,4
spotify:track:2Yw2vAU2CfwJQtlMuyNfOz,"Origami","Origami","Rozie Ramati",2023-02-10,174496,14,false,5o8x11qqf7lxqq5f4sirhivr4,2023-03-02T01:28:55Z,"","Rozie Ramati",0.672,0.398,0,-10.874,1,0.0435,0.657,0.000028,0.23,0.464,110.034,4
spotify:track:7IBzp33O4Hjr92wXtH3yQJ,"Honey","Changes","Vacations",2018,139605,68,false,5o8x11qqf7lxqq5f4sirhivr4,2023-03-02T01:29:02Z,"","Nettwerk Music Group",0.276,0.846,1,-7.561,0,0.0725,0.000244,0.311,0.197,0.668,157.458,4
spotify:track:275PIzY4ywV5EILyS5LYpe,"zone","zone","Axxad",2021-09-23,73907,35,true,5o8x11qqf7lxqq5f4sirhivr4,2023-03-02T01:29:09Z,"hyperpop","Infernal Records",0.303,0.771,11,-6.854,0,0.0609,0.00000179,0.967,0.427,0.628,122.933,4
spotify:track:1LBtQ5Ce1Oo3UHdfMEQ72n,"Parfum d'étoiles","Windswept Adan","Ichiko Aoba",2020-12-02,172722,0,false,5o8x11qqf7lxqq5f4sirhivr4,2023-03-02T01:29:19Z,"japanese indie,shibuya-kei","hermine",0.391,0.0658,9,-25.156,1,0.0358,0.942,0.87,0.147,0.223,77.919,3
spotify:track:2UxxDidNYPuTLiMNKBHMiK,"January","If I Am Only My Thoughts","Loving",2020-01-31,114211,0,false,5o8x11qqf7lxqq5f4sirhivr4,2023-03-02T01:29:28Z,"","Last Gang",0.539,0.621,3,-7.281,1,0.0259,0.834,0.922,0.256,0.696,106.14,4
spotify:track:6TRjT37UyRUVrGg3gTlIqb,"All Mine","Red Moon In Venus","Kali Uchis",2023-03-03,209063,59,false,5o8x11qqf7lxqq5f4sirhivr4,2023-03-04T00:21:58Z,"","Geffen Records",0.618,0.471,10,-8.863,0,0.0332,0.418,0.000113,0.145,0.502,94.313,4
spotify:track:2VxQqF52M7IPkiLd4XmTNi,"Como Te Quiero Yo","Red Moon In Venus","Kali Uchis",2023-03-03,134860,56,true,5o8x11qqf7lxqq5f4sirhivr4,2023-03-04T01:48:29Z,"","Geffen Records",0.531,0.428,0,-8.635,1,0.0288,0.633,0.00000439,0.32,0.339,88.799,4
spotify:track:3N0rdHyd2uyavMTaoTBOSZ,"I Wish You Love - Live at The Symphony","A Night At The Symphony","Laufey;Iceland Symphony Orchestra",2023-03-02,169133,52,false,5o8x11qqf7lxqq5f4sirhivr4,2023-03-04T22:29:07Z,"orchestral","Laufey",0.43,0.532,0,-5.912,1,0.0404,0.76,0,0.481,0.535,111.438,3
spotify:track:6RKeESxpM58GCfR5eRdfzY,"i dont wna cry (haste)","i dont wna cry","kurffew",2023-01-14,121296,56,false,5o8x11qqf7lxqq5f4sirhivr4,2023-03-06T20:05:43Z,"","kurffew",0.372,0.865,2,-6.054,0,0.108,0.000163,0.922,0.141,0.576,194.417,4
spotify:track:4ue41gFbAjoU0P1EberJWm,"We Not Humping - Remix","We Not Humping (Remix)","Monaleo;Flo Milli",2022-04-21,143325,59,true,5o8x11qqf7lxqq5f4sirhivr4,2023-03-08T18:59:24Z,"","Stomp Down",0.971,0.851,11,-5.586,0,0.269,0.0344,0,0.092,0.81,120.008,4
spotify:track:6cSDNYoWlMxzVfJLn6H301,"Crazy Girls","Crazy Girls","TOOPOOR",2019-02-08,194693,67,true,5o8x11qqf7lxqq5f4sirhivr4,2023-03-09T20:05:18Z,"","Autnmy Records / FAE",0.657,0.656,5,-3.925,0,0.0517,0.0386,0.000641,0.733,0.482,90.099,4
spotify:track:1vJXQZA9AExnPIs4JPO8lr,"Pick Up Your Phone","Home Buddies","Play Nice",2020-07-23,157812,39,false,5o8x11qqf7lxqq5f4sirhivr4,2023-03-09T21:37:54Z,"alternative r&b","Play Nice",0.548,0.598,10,-8.544,0,0.209,0.433,0.000823,0.104,0.672,80.225,4
spotify:track:1nR4rpaUiZlWG04jFVreOh,"Ben on the Run","Saturday Morning","CARRTOONS",2020-10-10,199594,16,false,5o8x11qqf7lxqq5f4sirhivr4,2023-03-13T15:36:40Z,"retro soul","Rosendale Records",0.532,0.498,1,-6.517,1,0.0362,0.0118,0.00137,0.0912,0.259,98.594,4
spotify:track:15cY6dQb7K28jKEIbPrJg7,"Stuck Inside (prodxvzn Remix)","Home Buddies","Play Nice;prodxvzn",2020-07-23,124798,15,false,5o8x11qqf7lxqq5f4sirhivr4,2023-03-13T23:21:28Z,"alternative r&b","Play Nice",0.84,0.545,1,-5.021,1,0.0867,0.0737,0.000868,0.118,0.463,124.903,4
spotify:track:5KiKFJdmU6m0QWxpW9xjOB,"You & Me Song","Be A Girl","The Wannadies",1994-11-25,170866,57,false,5o8x11qqf7lxqq5f4sirhivr4,2023-03-15T02:48:02Z,"britpop","Indolent Records",0.325,0.365,2,-8.252,1,0.0382,0.00638,0,0.0745,0.319,144.914,4
spotify:track:3ZDtcniZ6y0ZIwhzM2l2vy,"CAN I TALK 2U","CAN I TALK 2U","AMEN DENIRO",2023-03-03,150349,4,false,5o8x11qqf7lxqq5f4sirhivr4,2023-03-15T14:23:26Z,"","HigherLVL",0.741,0.518,2,-6.252,1,0.0483,0.0991,0,0.526,0.212,92.065,4
spotify:track:2dHHgzDwk4BJdRwy9uXhTO,"Creepin' (with The Weeknd & 21 Savage)","HEROES & VILLAINS","Metro Boomin;The Weeknd;21 Savage",2022-12-02,221520,84,true,5o8x11qqf7lxqq5f4sirhivr4,2023-03-15T14:34:48Z,"","Republic Records",0.716,0.613,1,-6.018,0,0.0522,0.391,0,0.0813,0.157,97.914,4
spotify:track:6GiCszfL4D2GlCU8tFU3sR,"Si Me Voy (with The Marías)","Si Me Voy (with The Marías)","Cuco;The Marías",2023-03-10,203219,66,false,5o8x11qqf7lxqq5f4sirhivr4,2023-03-15T18:25:32Z,"bedroom pop","Walk The Trail, Inc under exclusive license to Interscope Records",0.621,0.784,4,-8.29,1,0.0313,0.258,0.172,0.15,0.416,124.007,4
spotify:track:0trHOzAhNpGCsGBEu7dOJo,"N.Y. State of Mind","Illmatic","Nas",1994-04-19,294081,74,true,5o8x11qqf7lxqq5f4sirhivr4,2023-03-15T18:47:34Z,"old school hip hop,east coast hip hop,hip hop","Columbia",0.665,0.91,6,-4.682,0,0.223,0.0394,0,0.227,0.887,84.099,4
spotify:track:266Vb7ItE3o1q8HdJ9QOvn,"Verbatim","Touch Up","Mother Mother",2007-05-08,168320,1,true,5o8x11qqf7lxqq5f4sirhivr4,2023-03-15T21:10:13Z,"","Last Gang",0.827,0.58,7,-6.809,1,0.327,0.309,0,0.148,0.492,78.011,4
spotify:track:0ghflGGfVvifD3szXw4LwO,"Told you so","IRONEYE","Adja",2023-02-24,289946,35,false,5o8x11qqf7lxqq5f4sirhivr4,2023-03-15T21:40:00Z,"","SDBAN ULTRA",0.604,0.27,6,-8.597,0,0.0822,0.747,0,0.181,0.237,114.277,4
spotify:track:4qzulXfoTGX3FBqsW4AzRF,"Technicolor Love (feat. redveil)","Technicolor Love (feat. redveil)","Dreamer Isioma;redveil",2023-02-24,194029,14,true,5o8x11qqf7lxqq5f4sirhivr4,2023-03-16T00:50:53Z,"alternative r&b,alternative hip hop,experimental hip hop","Dreamer Isioma LLC",0.494,0.801,6,-8.815,0,0.132,0.639,0.92,0.673,0.293,83.965,4
spotify:track:74fQgHleHZ4V7Gm1XYcGkj,"One Night Only","One Night Only","Sonder",2018-02-09,195909,80,false,5o8x11qqf7lxqq5f4sirhivr4,2023-03-16T01:02:57Z,"dark r&b,r&b","Sonder Global / Human Re Sources",0.874,0.402,4,-5.786,1,0.0691,0.263,0.00094,0.147,0.764,119.99,4
spotify:track:2OwdUZPORY0EAdRBF9hSZD,"I love freaks","I love freaks","Lijay",2023-01-30,101198,2,true,5o8x11qqf7lxqq5f4sirhivr4,2023-03-16T01:16:53Z,"","New 11",0.689,0.461,2,-10.873,1,0.226,0.0983,0.0000128,0.111,0.26,142.014,4
spotify:track:08HGey7e94Ez3ZurG1IXTP,"next door (feat. ASTN)","next door (feat. ASTN)","Amelia Moore;ASTN",2022-09-23,208313,67,false,5o8x11qqf7lxqq5f4sirhivr4,2023-03-16T03:15:19Z,"","Capitol Records",0.768,0.488,6,-6.278,1,0.039,0.522,0.00358,0.108,0.631,102.002,4
spotify:track:2L9N0zZnd37dwF0clgxMGI,"ceilings","five seconds flat","Lizzy McAlpine",2022-04-08,182887,81,false,5o8x11qqf7lxqq5f4sirhivr4,2023-03-16T03:39:51Z,"","Harbour Artists & Music",0.516,0.322,9,-11.762,1,0.0292,0.473,0.00194,0.215,0.261,148.005,3
spotify:track:4LRPiXqCikLlN15c3yImP7,"As It Was","As It Was","Harry Styles",2022-03-31,167303,15,false,5o8x11qqf7lxqq5f4sirhivr4,2023-03-16T03:40:06Z,"","Columbia",0.52,0.731,6,-5.338,0,0.0557,0.342,0.00101,0.311,0.662,173.93,4
spotify:track:74f0dpqHhTeTJzs4pmZ1yq,"Pool House","When We Were Friends","The Backseat Lovers",2019-01-27,269411,71,false,5o8x11qqf7lxqq5f4sirhivr4,2023-03-16T18:52:07Z,"","The Backseat Lovers",0.594,0.355,7,-11.184,1,0.0305,0.0478,0.000109,0.0559,0.327,134.097,4
spotify:track:6uVZddXkgQIArp8myEHs4x,"Mercury","Gemini Rights","Steve Lacy",2022-07-15,295411,67,true,5o8x11qqf7lxqq5f4sirhivr4,2023-03-17T18:59:23Z,"","L-M Records/RCA Records",0.699,0.75,9,-6.481,0,0.0542,0.543,0.0137,0.333,0.887,151.035,3
spotify:track:1JjiTsqfpfMoukoIW9cM5O,"XTAYALIVE","XTAYALIVE","jnhygs;9lives",2023-02-22,126897,0,false,5o8x11qqf7lxqq5f4sirhivr4,2023-03-17T19:27:37Z,"jersey club,hyperpop","The System",0.247,0.869,6,-4.781,0,0.0958,0.000184,0.00000141,0.404,0.25,202.792,5
spotify:track:3fTBhwRN3TNlC7pBBSXSy6,"WHEN U COME AROUND","VISCERAL LOVE","Spencer.",2018-03-21,72015,35,false,5o8x11qqf7lxqq5f4sirhivr4,2023-03-17T19:33:02Z,"bedroom pop,alternative r&b,indie r&b","Bug's Eye View",0.732,0.367,4,-20.482,1,0.254,0.484,0.865,0.11,0.0472,159.923,4
spotify:track:04gSLX5nUhkKiMe1geeqnA,"Hands up!","Hands up!","6arelyhuman;kets4eki;Pixel Hood",2022-12-10,134544,0,true,5o8x11qqf7lxqq5f4sirhivr4,2023-03-18T21:41:50Z,"hyperpop,nightcore","Anuba",0.583,0.822,9,-5.215,1,0.0362,0.000156,0.000601,0.187,0.832,153.478,4
spotify:track:2eRfl2s6geT9o07sQC7tXF,"I Do","Home Buddies","Play Nice",2020-07-23,173798,19,false,5o8x11qqf7lxqq5f4sirhivr4,2023-03-18T23:44:58Z,"alternative r&b","Play Nice",0.538,0.331,8,-11.105,1,0.183,0.764,0.0524,0.216,0.395,109.922,4
spotify:track:5tqZJUHEuqdN12RZVq2l9p,"Hold On","Hive Mind","The Internet",2018-07-20,406432,69,false,5o8x11qqf7lxqq5f4sirhivr4,2023-03-19T23:58:18Z,"alternative r&b,neo soul","Columbia",0.7,0.414,0,-10.864,1,0.0373,0.849,0.0606,0.107,0.444,60.479,4
spotify:track:5IIq5uEYpUZoSjTEjqn7q1,"La Di Da","Hive Mind","The Internet",2018-07-20,207011,47,false,5o8x11qqf7lxqq5f4sirhivr4,2023-03-20T17:43:16Z,"alternative r&b,neo soul","Columbia",0.685,0.745,1,-6.659,1,0.117,0.259,0.0000311,0.107,0.834,103.119,4
spotify:track:0JADBJ42q1ab92VOULBh9V,"Stay the Night","Hive Mind","The Internet",2018-07-20,261639,48,false,5o8x11qqf7lxqq5f4sirhivr4,2023-03-20T17:48:11Z,"alternative r&b,neo soul","Columbia",0.746,0.422,9,-11.769,0,0.0352,0.755,0.117,0.104,0.604,93.002,4
spotify:track:2ohcmWDRv5L4jxEYHhghAp,"yasu club","yasu club","Lucy Bedroque",2022-06-10,148259,43,true,5o8x11qqf7lxqq5f4sirhivr4,2023-03-22T03:23:10Z,"hyperpop,rage rap,cloud rap","lostrushi",0.496,0.757,11,-7.963,0,0.804,0.0182,0.00148,0.371,0.181,158.146,4
spotify:track:7GyboGoqMl5JnieBy1uBPR,"AQUAFINA","AQUAFINA","Lucy Bedroque",2022-12-10,158552,0,true,5o8x11qqf7lxqq5f4sirhivr4,2023-03-22T15:46:21Z,"hyperpop,rage rap,cloud rap","lostrushi",0.419,0.675,2,-10.005,1,0.0624,0.201,0.0875,0.086,0.0505,155.958,4
spotify:track:6n05BgVkxxz2k5ICZYa2PH,"Fast Times","emails i can't send","Sabrina Carpenter",2022-07-15,174539,67,true,5o8x11qqf7lxqq5f4sirhivr4,2023-03-23T02:49:40Z,"pop","Island Records",0.721,0.666,1,-4.699,0,0.0408,0.0687,0,0.045,0.739,132.465,4
spotify:track:5G79sWJahVQQJWqOqtxJuW,"COLORWAY","COLORWAY","DESTIN CONRAD",2021-03-05,90000,40,false,5o8x11qqf7lxqq5f4sirhivr4,2023-03-23T03:03:12Z,"alternative r&b","DESTIN CONRAD",0.582,0.582,6,-5.706,1,0.0887,0.282,0.00863,0.317,0.658,76.864,4
spotify:track:4TLJNON6mZLpfZX3g4Oh8B,"IN THE AIR","COLORWAY","DESTIN CONRAD",2021-03-05,136695,60,false,5o8x11qqf7lxqq5f4sirhivr4,2023-03-23T03:03:16Z,"alternative r&b","DESTIN CONRAD",0.794,0.389,8,-6.132,1,0.0545,0.0375,0.00194,0.109,0.259,114.92,4
spotify:track:4NzDQkPYgeNrE2Q5UB5KQO,"Yellow Cabi","An Orange Colored Day","Arima Ederra",2022-10-07,117280,0,false,5o8x11qqf7lxqq5f4sirhivr4,2023-03-23T03:20:11Z,"","Arima's Lab",0.506,0.167,5,-16.757,0,0.0546,0.912,0.0038,0.0906,0.538,80.517,4
spotify:track:2IlT65thKQQw248mhk2PjQ,"JACKIE BROWN","WASTELAND","Brent Faiyaz",2022-07-08,169013,71,true,5o8x11qqf7lxqq5f4sirhivr4,2023-03-23T03:21:08Z,"r&b","Lost Kids LLC., Marketed by Venice / Stem",0.726,0.353,10,-10.273,1,0.105,0.65,0.002,0.224,0.503,137.66,4
spotify:track:5M8dl2PKb5zCs6jU4vfU0Z,"JACKIE BROWN (Sped Up) - Remix","JACKIE BROWN (Sped Up) [Remix]","Xanemusic",2023-03-17,146629,0,false,5o8x11qqf7lxqq5f4sirhivr4,2023-03-23T03:28:25Z,"","Xanemusic",0.707,0.352,7,-10.271,1,0.146,0.697,0.00444,0.212,0.337,76.506,4
spotify:track:3056PXg5LGeXQ0XwwI9qyP,"Park Stroll","Welcome To The Disco","Solomon",2022-06-17,195047,0,false,5o8x11qqf7lxqq5f4sirhivr4,2023-03-23T23:34:41Z,"","Solomon",0.24,0.548,5,-13.884,1,0.0388,0.00349,0.88,0.337,0.324,86.557,4
spotify:track:2rTYjT1y8gR95ak0Xyic68,"Remember You (feat. Olivia Olson & Tom Kenny)","Adventure Time, Vol. 2 (Original Soundtrack)","Adventure Time;Tom Kenny;Olivia Olson",2019-05-01,135682,58,false,5o8x11qqf7lxqq5f4sirhivr4,2023-03-24T01:37:27Z,"","Cartoon Network / WaterTower Music",0.368,0.267,5,-16.15,1,0.033,0.574,0.00567,0.137,0.065,107.537,4
spotify:track:0W4FJRyxu6MKl8kKk3p3sj,"Whoville","Music Inspired by Illumination & Dr. Seuss' The Grinch","Tyler, The Creator",2018-11-16,73866,42,false,5o8x11qqf7lxqq5f4sirhivr4,2023-03-24T04:00:44Z,"","Columbia",0.495,0.271,9,-10.082,1,0.0465,0.947,0.706,0.0929,0.201,180.3,3
spotify:track:6Atf08XRK8oAs1XfAi6SPq,"Golden Slumbers / Carry That Weight - From ""Sing"" Original Motion Picture Soundtrack","Sing (Original Motion Picture Soundtrack / Deluxe)","Jennifer Hudson",2016-12-09,220386,57,false,5o8x11qqf7lxqq5f4sirhivr4,2023-03-24T13:43:18Z,"","Republic/Universal Pictures/Sing",0.243,0.438,10,-7.417,1,0.0372,0.185,0.0000394,0.0942,0.179,163.787,4
spotify:track:6z0QK2UtSE5MjCG4iFDrhy,"Drowsy","Drowsy","Banes World",2016-03-01,164050,0,false,5o8x11qqf7lxqq5f4sirhivr4,2023-03-24T13:54:24Z,"bedroom pop,lo-fi indie","Banes World",0.582,0.187,8,-16.654,0,0.0316,0.956,0.00209,0.113,0.483,127.154,3
spotify:track:5SxlUF7J8tyFIEF22EomeP,"Pothole (feat. Jaden Smith)","Flower Boy","Tyler, The Creator;Alexander Brettin;Jaden",2017-07-21,237000,62,true,5o8x11qqf7lxqq5f4sirhivr4,2023-03-26T13:37:27Z,"","Columbia",0.543,0.572,11,-8.974,1,0.338,0.51,0.00000723,0.28,0.569,89.386,4
spotify:track:4lmGsSnTDvkSer7DkaK7HP,"Midnight Gospel (feat. Joseph Chilliams)","in visions","Alé Araya;Joseph Chilliams",2023-03-24,174055,0,false,5o8x11qqf7lxqq5f4sirhivr4,2023-03-26T23:29:30Z,"","Rostrum Records",0.563,0.843,5,-5.315,0,0.0379,0.224,0.0348,0.0834,0.851,159.023,4
spotify:track:43czZSFDYr2i6HDJw580n5,"CRISIS","CRISIS","Sam Ezeh",2020-10-16,193285,0,false,5o8x11qqf7lxqq5f4sirhivr4,2023-03-27T01:09:01Z,"alternative r&b","Sam Ezeh",0.76,0.509,4,-6.838,0,0.0354,0.0212,0.0000409,0.0308,0.869,139.986,4
spotify:track:1Rq4GtIucW9CAcF8B6PAbW,"I Serve the Base","DS2 (Deluxe)","Future",2015-07-17,190893,70,true,5o8x11qqf7lxqq5f4sirhivr4,2023-03-27T04:08:16Z,"rap","Epic/Freebandz/A1",0.636,0.57,1,-5.973,1,0.0571,0.011,0.00204,0.0677,0.0883,168.202,4
spotify:track:0xaFw2zDYf1rIJWl2dXiSF,"Open Arms (feat. Travis Scott)","SOS","SZA;Travis Scott",2022-12-09,239613,76,false,5o8x11qqf7lxqq5f4sirhivr4,2023-03-29T02:17:47Z,"r&b,rap","Top Dawg Entertainment/RCA Records",0.665,0.59,9,-7.608,1,0.161,0.763,0.0132,0.147,0.216,77.559,4
spotify:track:6UW10CbMTvqciT3X3Ldeox,"EVIL","PORTALS","Melanie Martinez",2023-03-31,246294,67,true,5o8x11qqf7lxqq5f4sirhivr4,2023-03-31T13:18:29Z,"","Atlantic Records",0.712,0.734,8,-4.91,1,0.0238,0.382,0.000173,0.0932,0.745,95.996,4
spotify:track:0WCD1LkvnVOQB5ic3eWu7O,"Luxxid Diamondz - Perfectly Pitched + Looped","Luxxid Diamondz (Perfectly Pitched + Looped)","VaporGod",2023-03-06,123433,0,false,5o8x11qqf7lxqq5f4sirhivr4,2023-03-31T17:16:23Z,"jersey club","5096514 Records DK",0.682,0.465,0,-16.265,1,0.0678,0.00000578,0.399,0.347,0.139,139.997,4
spotify:track:3jBJbxZSaVkaHRrUqEZ1eb,"BATTLE OF THE LARYNX","PORTALS","Melanie Martinez",2023-03-31,328942,56,false,5o8x11qqf7lxqq5f4sirhivr4,2023-03-31T18:18:30Z,"","Atlantic Records",0.587,0.753,11,-8.874,0,0.0527,0.142,0.00000238,0.331,0.322,93.983,4
spotify:track:19SwuhO0bMiAcg2kyJydmj,"THE CONTORTIONIST","PORTALS","Melanie Martinez",2023-03-31,200696,65,true,5o8x11qqf7lxqq5f4sirhivr4,2023-04-01T03:25:05Z,"","Atlantic Records",0.74,0.449,5,-9.392,0,0.0449,0.719,0.00000446,0.11,0.557,119.964,4
spotify:track:0Xmz2shisTG8peoqnFj5tu,"Sarah","Trick","Alex G",2012-11-05,176146,0,false,5o8x11qqf7lxqq5f4sirhivr4,2023-04-02T02:28:30Z,"","Lucky Number",0.65,0.686,4,-5.198,0,0.0314,0.514,0.000188,0.138,0.497,124.023,4
spotify:track:6g56vvpNt52RX65lcautxd,"Soulmate","The Way It Was Before","Johnny Stimson;Jeremy Passion",2023-02-03,191408,48,false,5o8x11qqf7lxqq5f4sirhivr4,2023-04-02T03:13:17Z,"","Johnny Stimson",0.415,0.434,7,-8.18,1,0.0752,0.819,0,0.101,0.338,141.922,4
spotify:track:0waxFBKHXcS20Ghc0DwVMD,"narcissistic gem Pt. 2","narcissistic gem Pt. 2","Marluxiam",2023-04-01,195510,0,false,5o8x11qqf7lxqq5f4sirhivr4,2023-04-03T00:40:06Z,"hyperpop,jersey club","DoortoDarkness",0.18,0.885,7,-6.66,1,0.248,0.336,0.00000503,0.833,0.183,146.383,4
spotify:track:7baKPNJlaNDTWmHIhqDg3B,"UDNTHAVE2KNOW","UDNTHAVE2KNOW","Marluxiam",2023-02-05,174682,0,false,5o8x11qqf7lxqq5f4sirhivr4,2023-04-03T00:47:28Z,"hyperpop,jersey club","DoortoDarkness",0.354,0.559,1,-12.574,1,0.0395,0.000187,0.887,0.376,0.138,169.275,4
spotify:track:1SiV9ERoyjtUPrNnuJCj21,"LUV (I KNOW I WANT THIS FOR REAL)","LUV (I KNOW I WANT THIS FOR REAL)","Q",2023-01-27,193400,0,false,5o8x11qqf7lxqq5f4sirhivr4,2023-04-04T02:49:23Z,"alternative r&b","Columbia",0.712,0.754,11,-7.044,0,0.041,0.00443,0.000202,0.168,0.659,122.003,4
spotify:track:1AUyzuh7CIr1yDYPTOgQQL,"MILK OF THE SIREN","PORTALS (Deluxe)","Melanie Martinez",2023-04-05,265463,62,true,5o8x11qqf7lxqq5f4sirhivr4,2023-04-05T12:50:53Z,"","Atlantic Records",0.632,0.6,8,-6.237,0,0.0474,0.169,0,0.43,0.366,121.955,3
spotify:track:3fopcCEKZaG9Mg6ZhNQzqm,"NYMPHOLOGY","PORTALS","Melanie Martinez",2023-03-31,306931,62,true,5o8x11qqf7lxqq5f4sirhivr4,2023-04-06T19:53:59Z,"","Atlantic Records",0.63,0.606,2,-7.157,1,0.0526,0.166,0.0000491,0.328,0.34,120.186,4
spotify:track:253Sq7utuR9vchbNWyjyE4,"Bloom","Mango","bLAck pARty",2016-10-14,302000,48,false,5o8x11qqf7lxqq5f4sirhivr4,2023-04-08T01:31:16Z,"indie soul,alternative r&b","Wolf & Rothstein",0.75,0.407,8,-7.486,1,0.0373,0.262,0.00918,0.0942,0.839,89.98,4
spotify:track:2rZQC2Hwy4sClylYHg2MXI,"I'm Baby (ft. Jvck James)","3000°","Ambré;JVCK JAMES",2022-06-17,202755,48,true,5o8x11qqf7lxqq5f4sirhivr4,2023-04-08T20:40:24Z,"alternative r&b,uk r&b","Roc Nation Records, LLC",0.521,0.565,11,-9.596,0,0.0681,0.136,0.00000165,0.134,0.261,114.562,4
spotify:track:1A2jraPUTSNtimD28NuWr1,"Open Water","Breathe","Sam Wills",2021-06-04,189853,0,false,5o8x11qqf7lxqq5f4sirhivr4,2023-04-12T16:14:49Z,"","eOne Music UK",0.46,0.0281,2,-20.839,0,0.0358,0.981,0.0127,0.111,0.144,91.715,4
spotify:track:4i2T7Nm4Q72sNnSlGADSm6,"light","light","wave to earth",2019-11-18,225949,0,false,5o8x11qqf7lxqq5f4sirhivr4,2023-04-14T22:41:45Z,"","we are not 0",0.419,0.621,11,-6.901,1,0.0305,0.252,0.0367,0.125,0.727,79.692,4
spotify:track:7caj6X6NMX3tlhWnu1du6V,"We Belong Together","Ritchie Valens","Ritchie Valens",1959,116626,75,false,5o8x11qqf7lxqq5f4sirhivr4,2023-04-16T04:56:03Z,"doo-wop,rock and roll","Rhino/Del-Fi",0.684,0.247,5,-13.71,1,0.0281,0.872,0.000166,0.113,0.768,106.522,3
spotify:track:79uXvsyNG97zMLLq4bloRa,"One More Shot","One More Shot","Cil",2022-10-05,141184,0,true,5o8x11qqf7lxqq5f4sirhivr4,2023-04-17T14:10:23Z,"","Warner Records",0.765,0.435,8,-6.224,1,0.0381,0.715,0,0.0784,0.562,109.969,3
spotify:track:6f6SbYsZtqP3DpPjR5OLiB,"Lucky Girl","Lucky Girl","Carlina",2023-02-07,227848,0,false,5o8x11qqf7lxqq5f4sirhivr4,2023-04-19T05:44:10Z,"","cartunes 2023",0.42,0.653,1,-3.981,0,0.068,0.414,0.00204,0.28,0.532,50.117,4
spotify:track:31Wlc9ZnraX3JxrvMg9e8H,"3 Boys","3 Boys","Omar Apollo",2023-02-17,209188,59,false,5o8x11qqf7lxqq5f4sirhivr4,2023-04-19T22:21:16Z,"bedroom pop","Warner Records",0.548,0.456,9,-5.979,1,0.0703,0.813,0.00464,0.122,0.53,173.839,3
spotify:track:2A9K8umLwHLCo1RKDdEkHG,"I Miss You So","I Miss You So","MINOVA",2023-01-27,214000,0,false,5o8x11qqf7lxqq5f4sirhivr4,2023-04-19T22:21:20Z,"","BABYBOY RECORDS",0.706,0.607,9,-11.122,1,0.0311,0.0457,0.0116,0.122,0.473,120.038,4
spotify:track:13b4mk5KeJxL0GllHLvtXQ,"WORTHLESS","WORTHLESS","d4vd",2023-03-09,163049,0,false,5o8x11qqf7lxqq5f4sirhivr4,2023-04-19T22:21:34Z,"","Darkroom/Interscope Records",0.66,0.782,4,-4.966,0,0.0571,0.0695,0,0.116,0.168,124.515,4
spotify:track:32FfL5hpFQdweMkxg8Z55o,"Les eaux de mars","Raconte-moi... (Bonus Edition)","Stacey Kent;Jim Tomlinson;Graham Harvey;Matt Skelton;John Parricelli;Jeremy Brown",2010-03-22,218293,64,false,5o8x11qqf7lxqq5f4sirhivr4,2023-04-20T00:03:03Z,"french jazz,vocal jazz,jazz,bossa nova,smooth jazz","Token Productions",0.736,0.276,1,-12.762,1,0.0438,0.868,0.0000122,0.0985,0.622,139.801,4
spotify:track:0kUYnVS6z9YhL22l9pDDcB,"Dolphin Dance","The Awakening","Ahmad Jamal Trio",1970,309200,53,false,5o8x11qqf7lxqq5f4sirhivr4,2023-04-20T00:03:07Z,"jazz,cool jazz,hard bop","Impulse!",0.469,0.232,4,-18.065,0,0.0309,0.868,0.924,0.101,0.131,74.844,4
spotify:track:5Ihx6oOsUBYF0Zp6zUC7fk,"I'm Confessin' (That I Love You)","Linger Awhile","Samara Joy",2022-09-16,304579,40,false,5o8x11qqf7lxqq5f4sirhivr4,2023-04-20T00:03:11Z,"vocal jazz,jazz","Verve",0.398,0.0908,7,-12.765,0,0.0381,0.975,0.0000303,0.102,0.244,182.797,3
spotify:track:3pfbQmD5xGH9Tcc7GqGfSL,"But Not For Me - Vocal Version","Chet Baker Sings","Chet Baker",1956,184466,64,false,5o8x11qqf7lxqq5f4sirhivr4,2023-04-20T00:03:16Z,"jazz,cool jazz,vocal jazz,jazz ballads","Blue Note Records",0.626,0.152,5,-14.182,0,0.0405,0.934,0.0000605,0.12,0.545,82.174,4
spotify:track:6yAnK8YECaJVnFRydwcG5s,"Nowhere","Nowhere","Nakkia Gold",2022-11-18,180353,13,true,5o8x11qqf7lxqq5f4sirhivr4,2023-04-20T14:56:16Z,"reggae","Saban Music Group, LLC",0.696,0.521,5,-10.687,0,0.044,0.119,0.00522,0.0992,0.568,79.976,4
spotify:track:41SwdQIX8Hy2u6fuEDgvWr,"10% (feat. Kali Uchis)","BUBBA","KAYTRANADA;Kali Uchis",2019-12-13,186680,68,true,5o8x11qqf7lxqq5f4sirhivr4,2023-04-21T18:22:06Z,"","KAYTRANADA/RCA Records",0.794,0.757,6,-6.644,0,0.123,0.0267,0.000306,0.0621,0.615,107.99,4
spotify:track:6m6R6O2BOZDCNymhJ45spI,"Loner","Por Vida","Kali Uchis",2015-02-04,212000,3,false,5o8x11qqf7lxqq5f4sirhivr4,2023-04-21T21:53:38Z,"","Kali Uchis LLC",0.722,0.675,1,-5.61,0,0.0776,0.873,0.118,0.305,0.506,120.012,4
spotify:track:6lvPiePF1kDmxY4SdCBcsP,"like that","start","tae?",2023-03-22,174785,0,true,5o8x11qqf7lxqq5f4sirhivr4,2023-04-22T00:07:41Z,"","raredotnet",0.64,0.427,10,-10.651,1,0.141,0.704,0,0.192,0.616,119.908,4
spotify:track:6N21iOdTYgYjDK1AyS0iUW,"","","",0000,0,0,true,5o8x11qqf7lxqq5f4sirhivr4,2023-04-22T19:13:32Z,"","",0.504,0.47,11,-11.818,1,0.296,0.128,0,0.587,0.709,118.676,3
spotify:track:4a1s8jkTbAoTlvj6x8pHK6,"la luz(Fín)","Sin Miedo (del Amor y Otros Demonios) ∞","Kali Uchis;JHAYCO",2020-12-04,180000,62,false,5o8x11qqf7lxqq5f4sirhivr4,2023-04-22T23:24:04Z,"reggaeton,trap latino,urbano latino","EMI / Interscope",0.732,0.457,11,-8.215,0,0.0969,0.0851,0.0000228,0.0805,0.58,166.012,4
spotify:track:6lvPiePF1kDmxY4SdCBcsP,"like that","start","tae?",2023-03-22,174785,0,true,5o8x11qqf7lxqq5f4sirhivr4,2023-04-25T03:52:47Z,"","raredotnet",0.64,0.427,10,-10.651,1,0.141,0.704,0,0.192,0.616,119.908,4
spotify:track:7ishyqC45Wi3Fe3fXoAYeE,"Love, Surround Me In Everything I Do","Love, Surround Me In Everything I Do","Girlhood",2023-03-10,240800,0,false,5o8x11qqf7lxqq5f4sirhivr4,2023-04-25T03:55:53Z,"","AntiFragile Music",0.422,0.753,7,-7.045,1,0.0577,0.00814,0.00000815,0.905,0.685,171.999,4
spotify:track:355eZ7ojdzc0ZHc7LeiwE8,"big flirt","dress up!","lil hero",2022-06-25,129494,35,false,5o8x11qqf7lxqq5f4sirhivr4,2023-04-25T16:29:06Z,"hyperpop","Geffen Records",0.562,0.733,8,-8.374,0,0.0481,0.238,0,0.0761,0.519,110.283,5
spotify:track:2SlEYb0ZQ56Xvfx2VzSjI9,"TO FEEL ALIVE","TO FEEL ALIVE EP","Kali Uchis",2020-04-24,177067,46,true,5o8x11qqf7lxqq5f4sirhivr4,2023-04-26T15:15:26Z,"","EMI",0.599,0.33,0,-10.195,1,0.0385,0.899,0,0.335,0.667,100.582,4
spotify:track:28yYqgatnEJFxN8JOmvxUk,"Don't Doubt It","Don't Doubt It","Sam Wills",2023-04-28,182493,0,false,5o8x11qqf7lxqq5f4sirhivr4,2023-04-29T00:24:45Z,"","MNRK Music",0.561,0.575,2,-10.594,1,0.0745,0.62,0.0152,0.0934,0.368,152.137,4
spotify:track:18lkWhwmY0fVVv40eCxohv,"Hatchback","Benbow Crescent","Cochise",2021-05-07,149145,65,true,5o8x11qqf7lxqq5f4sirhivr4,2023-04-29T19:32:41Z,"rage rap","Columbia",0.732,0.69,2,-6.41,0,0.0595,0.0215,0,0.224,0.325,78.005,4
spotify:track:3Excda2WSnnVzjKgMluTU1,"EMPATHY (feat. Matt Martians)","LOOPY","MIA GLADSTONE;Matt Martians",2022-10-14,113240,23,true,5o8x11qqf7lxqq5f4sirhivr4,2023-04-29T19:33:03Z,"","PINK BOX STUDIOS!",0.499,0.748,8,-7.292,1,0.05,0.0119,0.256,0.407,0.328,80.018,4
spotify:track:2QXvhG5wkzZthF2OTMIaNz,"Overthinking IT","WILLOW","WILLOW",2019-07-19,327266,49,false,5o8x11qqf7lxqq5f4sirhivr4,2023-04-29T19:35:27Z,"","MSFTSMusic / Roc Nation Records",0.369,0.665,0,-6.19,0,0.0695,0.0148,0.0131,0.37,0.323,95.885,5
spotify:track:3iv26BUAWSn83q8rhGKPE8,"Flight 22","Isolation","Kali Uchis",2018-04-06,216982,57,false,5o8x11qqf7lxqq5f4sirhivr4,2023-04-30T12:10:23Z,"","EMI",0.635,0.646,10,-5.246,1,0.0462,0.415,0.00055,0.42,0.344,117.956,3
spotify:track:3FwSGFXzoODJ3igRA06DhV,"Rare","Moonlight/Rare","Ralph Castelli",2021-12-08,184000,0,false,5o8x11qqf7lxqq5f4sirhivr4,2023-05-01T00:47:06Z,"bedroom pop","Ralph Castelli / Eat What You Kill",0.719,0.482,3,-11.691,0,0.0423,0.271,0.401,0.0655,0.71,119.961,4
spotify:track:05JIFzIzIFqS9Gms1b4TUr,"Show Her The Way","Show Her The Way","Full Crate;BJ The Chicago Kid",2023-04-20,242431,20,false,5o8x11qqf7lxqq5f4sirhivr4,2023-05-01T13:47:26Z,"","85 Oceans",0.626,0.686,0,-7.364,0,0.0565,0.214,0.0000574,0.171,0.387,112.099,4
spotify:track:2cDpmXyh3PE57jrnmmvzno,"Take Care","Take Care","KIRBY",2022-10-13,229992,0,false,5o8x11qqf7lxqq5f4sirhivr4,2023-05-01T13:47:31Z,"alternative r&b","KIRBY",0.621,0.488,2,-7.156,0,0.157,0.499,0.00229,0.105,0.565,77.912,4
spotify:track:0RPyKB5QejeLvdh1N7RJIN,"On the Run","On the Run","Farah Audhali;Blue Lab Beats",2023-02-24,231111,0,false,5o8x11qqf7lxqq5f4sirhivr4,2023-05-01T13:47:36Z,"soul jazz,uk r&b,indie soul,nu jazz,indie jazz","Blue Adventures Records",0.766,0.549,5,-6.405,0,0.0406,0.264,0.000319,0.0888,0.316,118.586,4
spotify:track:0ghflGGfVvifD3szXw4LwO,"Told you so","IRONEYE","Adja",2023-02-24,289946,35,false,5o8x11qqf7lxqq5f4sirhivr4,2023-05-01T13:47:55Z,"","SDBAN ULTRA",0.604,0.27,6,-8.597,0,0.0822,0.747,0,0.181,0.237,114.277,4
spotify:track:3CblJq8QQQ0bb7vwJu8c3v,"4EVA (feat. Pharrell Williams)","4EVA (feat. Pharrell Williams)","KAYTRAMINÉ;Aminé;KAYTRANADA;Pharrell Williams",2023-04-07,190373,51,true,5o8x11qqf7lxqq5f4sirhivr4,2023-05-01T15:37:28Z,"","CLBN LLC & Kaytranada Music & Publishing, Inc. under exclusive license to Venice Music",0.83,0.695,6,-9.445,0,0.0716,0.0248,0.0755,0.0573,0.536,112.046,4
spotify:track:59DqOEiZvbyRNHew4U6guS,"Space Jam - An Odyssey","A Collection of Fleeting Moments and Daydreams","Orion Sun",2020-01-06,221596,50,true,5o8x11qqf7lxqq5f4sirhivr4,2023-05-01T18:48:04Z,"alternative r&b,bedroom pop","orion sun",0.484,0.801,1,-3.799,0,0.189,0.415,0.000686,0.123,0.321,155.898,4
spotify:track:0IsApb8Y5tQT0MNBKIncja,"Trying","Hold Space For Me","Orion Sun",2020-03-27,175280,0,false,5o8x11qqf7lxqq5f4sirhivr4,2023-05-01T19:51:56Z,"alternative r&b,bedroom pop","Mom+Pop",0.601,0.523,1,-7.654,1,0.0289,0.696,0.0806,0.135,0.169,91.933,4
spotify:track:0RG9C2ML9HeoMzOu9JdcAA,"rewind","EXTC","greek;Marco Luka",2022-10-21,140869,46,true,5o8x11qqf7lxqq5f4sirhivr4,2023-05-02T03:47:59Z,"indie r&b","greek",0.519,0.517,4,-10.778,0,0.338,0.361,0,0.372,0.401,92.284,4
spotify:track:66MBHbC0oesKfPlg01jSAc,"Tomioka","Tomioka","Jay Eazy",2022-07-06,137586,0,true,5o8x11qqf7lxqq5f4sirhivr4,2023-05-02T11:21:18Z,"","SRG",0.723,0.558,9,-11.38,1,0.458,0.0944,0,0.0912,0.633,77.089,4
spotify:track:1w327AHTCoChRIkJUprAnV,"Mirage","A Collection of Fleeting Moments and Daydreams","Orion Sun",2020-01-06,57443,60,false,5o8x11qqf7lxqq5f4sirhivr4,2023-05-03T12:57:29Z,"alternative r&b,bedroom pop","orion sun",0.683,0.468,9,-10.058,0,0.0743,0.87,0.673,0.108,0.47,117.095,4
spotify:track:2LABRdDstu1xkm1A48PqX7,"Stressed - A COLORS SHOW","Stressed - A COLORS SHOW","Doechii",2022-10-10,186818,50,true,5o8x11qqf7lxqq5f4sirhivr4,2023-05-03T12:57:58Z,"","Top Dawg Entertainment/Capitol Records",0.693,0.718,2,-7.429,1,0.123,0.0337,0.0000135,0.0725,0.469,115.034,4
spotify:track:496vIKS2INz840xZaKncvR,"All Night Parking (with Erroll Garner) Interlude","30","Adele",2021-11-19,161829,63,false,5o8x11qqf7lxqq5f4sirhivr4,2023-05-03T12:58:02Z,"soft pop","Columbia",0.734,0.497,8,-9.666,1,0.166,0.67,0.0000235,0.194,0.307,127.989,3
spotify:track:3Qyz5OhjUzQFnjawpdrB1O,"Aspetto ancora un giorno","Quelle strane occasioni","Piero Piccioni",1977,147539,54,false,5o8x11qqf7lxqq5f4sirhivr4,2023-05-03T14:52:00Z,"","Cinevox",0.507,0.313,5,-16.27,1,0.0347,0.827,0.606,0.0995,0.743,80.171,4
spotify:track:1RHob2sw5X81Ukn4BYPbmF,"UNDERSTAND (feat. Baby Rose)","UNDERSTAND","Q;Baby Rose",2023-04-21,243866,0,false,5o8x11qqf7lxqq5f4sirhivr4,2023-05-03T14:52:23Z,"alternative r&b","Columbia",0.422,0.755,0,-6.082,1,0.0461,0.566,0.00103,0.267,0.426,92.61,4
spotify:track:1A2jraPUTSNtimD28NuWr1,"Open Water","Breathe","Sam Wills",2021-06-04,189853,0,false,5o8x11qqf7lxqq5f4sirhivr4,2023-05-03T15:22:51Z,"","eOne Music UK",0.46,0.0281,2,-20.839,0,0.0358,0.981,0.0127,0.111,0.144,91.715,4
spotify:track:3Qyz5OhjUzQFnjawpdrB1O,"Aspetto ancora un giorno","Quelle strane occasioni","Piero Piccioni",1977,147539,54,false,5o8x11qqf7lxqq5f4sirhivr4,2023-05-04T00:39:39Z,"","Cinevox",0.507,0.313,5,-16.27,1,0.0347,0.827,0.606,0.0995,0.743,80.171,4
spotify:track:7r1MqPAD09w24mCUUbxiCI,"Make You Mine","Give Or Take","GIVĒON",2022-06-24,200192,67,false,5o8x11qqf7lxqq5f4sirhivr4,2023-05-04T01:02:04Z,"r&b","Epic",0.551,0.37,5,-10.194,0,0.0551,0.87,0,0.122,0.241,137.265,4
spotify:track:5KfUqRRbm6ACSzLxUS57R2,"Sugar","Sugar","Unusual Demont",2022-07-27,114416,0,true,5o8x11qqf7lxqq5f4sirhivr4,2023-05-04T01:02:22Z,"alternative r&b","Avant Garden",0.841,0.354,9,-7.699,1,0.321,0.136,0.000706,0.0693,0.962,134.936,4
spotify:track:2a6dtqGypYvr9h1s6RDSNo,"Right My Wrongs","Right My Wrongs","Khamari",2023-04-14,140961,31,false,5o8x11qqf7lxqq5f4sirhivr4,2023-05-04T14:01:54Z,"indie r&b","RCA Records Label",0.333,0.421,7,-9.553,1,0.0343,0.526,0.0000644,0.2,0.0859,113.197,3
spotify:track:6KxgptZSrQC4Vv21ZBOG7S,"golden hour - Fujii Kaze Remix","golden hour (Fujii Kaze Remix)","JVKE;Fujii Kaze",2023-04-21,159000,61,false,5o8x11qqf7lxqq5f4sirhivr4,2023-05-04T14:02:02Z,"j-pop","JVKE",0.333,0.582,4,-5.499,1,0.0383,0.612,0.000765,0.152,0.311,93.777,3
spotify:track:3Hu3EPU5S3ftac3ulsEw7d,"Gimme A Chance","Princess Forever","Dreamer Isioma",2023-04-21,211875,37,true,5o8x11qqf7lxqq5f4sirhivr4,2023-05-04T14:50:25Z,"alternative r&b","Dreamer Isioma LLC",0.718,0.663,9,-7.499,1,0.0956,0.0114,0.00173,0.317,0.532,101.004,4
spotify:track:5EpYV90mGlnTrA5Lp2ie5U,"Venus Versus Mars","Princess Forever","Dreamer Isioma",2023-04-21,175725,26,false,5o8x11qqf7lxqq5f4sirhivr4,2023-05-04T15:16:42Z,"alternative r&b","Dreamer Isioma LLC",0.592,0.439,1,-7.834,0,0.0342,0.496,0.000762,0.201,0.43,87.958,4
spotify:track:5ix9dfzxMJzzfuRMWdBbFb,"TURNINUP","NO STYLIST","Destroy Lonely",2022-08-12,190992,0,true,5o8x11qqf7lxqq5f4sirhivr4,2023-05-04T21:31:32Z,"rage rap","Opium",0.543,0.546,11,-7.113,0,0.308,0.0313,0,0.181,0.497,132.161,4
spotify:track:6PadQidABni2peo3kYKW0M,"GOOD LOYAL THOTS","GOOD LOYAL THOTS","Odetari",2023-03-15,102556,0,true,5o8x11qqf7lxqq5f4sirhivr4,2023-05-04T21:31:51Z,"hyperpop","Odetari Records",0.585,0.86,6,-5.274,1,0.116,0.0566,0.000142,0.18,0.607,146.441,4
spotify:track:7qXu5zUjLP4ZAP12QOZRX5,"Slow Down","Homegrown","VanJess",2021-02-05,229000,42,false,5o8x11qqf7lxqq5f4sirhivr4,2023-05-13T05:05:26Z,"alternative r&b","Keep Cool/RCA Records",0.7,0.543,8,-7.033,0,0.0414,0.187,0.000315,0.388,0.382,113.03,4
spotify:track:4SCnCPOUOUXUmCX2uHb3r7,"Outta Time (feat. Drake)","A N N I V E R S A R Y","Bryson Tiller;Drake",2020-10-02,198821,69,false,5o8x11qqf7lxqq5f4sirhivr4,2023-05-13T14:56:20Z,"trap soul,r&b,rap","TrapSoul/RCA Records",0.714,0.582,5,-7.272,0,0.0808,0.0129,0,0.0774,0.338,92.819,4
spotify:track:6z9zXftDgpnyZYL2KiRTHZ,"Manic Pixie Dream Girl","Manic Pixie Dream Girl","EASHA",2021-09-10,160870,48,false,5o8x11qqf7lxqq5f4sirhivr4,2023-05-18T00:52:55Z,"bedroom pop","EASHA",0.692,0.545,4,-4.903,0,0.0493,0.065,0,0.103,0.478,99.97,4
spotify:track:2BcMwX1MPV6ZHP4tUT9uq6,"Knife Talk (with 21 Savage ft. Project Pat)","Certified Lover Boy","Drake;21 Savage;Project Pat",2021-09-03,242965,77,true,5o8x11qqf7lxqq5f4sirhivr4,2023-05-19T01:30:12Z,"rap,southern hip hop,crunk,gangster rap","OVO",0.849,0.424,5,-9.579,0,0.324,0.0635,0,0.0834,0.153,145.887,4
spotify:track:6Kj17Afjo1OKJYpf5VzCeo,"Pain 1993 (with Playboi Carti)","Dark Lane Demo Tapes","Drake;Playboi Carti",2020-05-01,149077,73,true,5o8x11qqf7lxqq5f4sirhivr4,2023-05-19T12:42:27Z,"rap,rage rap","OVO",0.825,0.373,5,-5.532,0,0.108,0.163,0,0.368,0.12,77.271,4
spotify:track:3DlgDXIYtnWtJKiB8bZQMv,"Photosynthesis","Bucket List Project","Saba;Jean Deaux",2016-10-27,201732,1,true,5o8x11qqf7lxqq5f4sirhivr4,2023-05-19T20:11:16Z,"alternative r&b","Saba Pivot, LLC",0.777,0.662,7,-8.393,1,0.27,0.536,0.00000461,0.593,0.634,111.13,4
spotify:track:17f5ApIrWujuPuJb3rYtdX,"Saturn Ring","Princess Forever","Dreamer Isioma",2023-04-21,128739,19,true,5o8x11qqf7lxqq5f4sirhivr4,2023-05-19T20:11:20Z,"alternative r&b","Dreamer Isioma LLC",0.596,0.644,8,-8.882,1,0.194,0.621,0.000312,0.282,0.569,82.048,4
spotify:track:4gEQcoKNoLFLyhory3Y5Zr,"If You Let Me","Sunbeam","Alina Baraz",2021-09-24,135346,0,false,5o8x11qqf7lxqq5f4sirhivr4,2023-05-21T03:40:03Z,"","Alina Baraz LLC under exclusive license to UnitedMasters LLC",0.605,0.686,5,-8.605,1,0.0439,0.55,0.438,0.145,0.467,138.088,4
spotify:track:6QPXtvzU5L5nrCwh6UViyB,"Water (Antidote, Pt. 2)","A Collection of Fleeting Moments and Daydreams","Orion Sun",2020-01-06,126380,29,false,5o8x11qqf7lxqq5f4sirhivr4,2023-05-21T03:57:00Z,"alternative r&b,bedroom pop","orion sun",0.507,0.57,1,-5.99,0,0.0485,0.63,0.00618,0.122,0.485,151.761,4
spotify:track:0iI2cOHpX6xmwKD15Q5ynd,"Breakfast in Bed","Love Me Like","Rayana Jay",2019-03-22,116059,59,true,5o8x11qqf7lxqq5f4sirhivr4,2023-05-21T03:57:09Z,"alternative r&b","All Angles / EMPIRE",0.635,0.327,2,-9.77,1,0.436,0.576,0,0.0865,0.552,82.686,4
spotify:track:5h0uJbjD9QEvXwigegc5O5,"Party Girls (feat. Buju Banton)","Party Girls (feat. Buju Banton)","Victoria Monét;Buju Banton",2023-05-10,243094,44,false,5o8x11qqf7lxqq5f4sirhivr4,2023-05-21T03:57:20Z,"alternative r&b,reggae,dancehall,ragga,lovers rock,roots reggae,soca","Lovett Music/RCA Records",0.435,0.785,9,-5.946,0,0.239,0.296,0.000886,0.346,0.742,79.301,4
spotify:track:1cCbsojaA6GIT7Y3zuMJ1q,"Nangs","Currents","Tame Impala",2015-07-17,107533,76,false,5o8x11qqf7lxqq5f4sirhivr4,2023-05-21T03:57:33Z,"neo-psychedelic,indie","Universal Music Australia Pty. Ltd.",0.536,0.526,0,-9.754,1,0.181,0.159,0.847,0.128,0.434,167.608,4
spotify:track:1SV7FKtq8uOta3AizJ9bJc,"L I S A","ｇｅｔ　ａ　ｊｏｂ 林檎","ぬいぐるみクレヨン Lush Crayon",2019-08-19,76532,0,false,5o8x11qqf7lxqq5f4sirhivr4,2023-05-21T03:58:42Z,"vaporwave","ぬいぐるみクレヨン Lush Crayon",0.711,0.432,11,-16.996,0,0.0534,0.496,0.765,0.102,0.452,85.461,4
spotify:track:0P7Y6z5DZ3rFn4ccTm9xD2,"Complete Intro (Until It's Done)","Audacity Complete","Kevin Ross",2020-12-11,76300,45,false,5o8x11qqf7lxqq5f4sirhivr4,2023-05-21T03:58:49Z,"neo soul","Art Society Music Group (AMG) / EMPIRE",0.598,0.457,10,-9.77,0,0.11,0.205,0.0197,0.163,0.476,87.026,4
spotify:track:32orMIfAOS1qMNolgJEGi7,"Yoga","Yoga","LLusion",2019-08-19,128000,28,false,5o8x11qqf7lxqq5f4sirhivr4,2023-05-21T03:59:01Z,"","664764 Records DK2",0.815,0.27,4,-17.664,0,0.169,0.832,0.921,0.0905,0.29,89.983,4
spotify:track:404yVo6lGe0xVIcvdtM7G2,"mandelev's quest","mandelev's quest","Tevomxntana",2022-01-30,90932,0,true,5o8x11qqf7lxqq5f4sirhivr4,2023-05-21T03:59:14Z,"","Tevomxntana",0.173,0.405,0,-14.657,1,0.0555,0.106,0.778,0.361,0.0525,75.37,4
spotify:track:5467KZaTToEB680WvOd9w5,"Ocean Prime (feat. Boldy James)","Yacht Rock 2","The Alchemist;Boldy James",2019-08-30,99906,60,true,5o8x11qqf7lxqq5f4sirhivr4,2023-05-21T04:15:07Z,"alternative hip hop,jazz rap,experimental hip hop,boom bap","ALC",0.583,0.604,2,-8.437,1,0.456,0.735,0,0.724,0.691,49.305,5
spotify:track:1mBToWURDHxWQOC07foZGo,"Intoxicated","A Collection of Fleeting Moments and Daydreams","Orion Sun",2020-01-06,102922,38,false,5o8x11qqf7lxqq5f4sirhivr4,2023-05-21T04:16:16Z,"alternative r&b,bedroom pop","orion sun",0.561,0.614,10,-8.707,1,0.0461,0.687,0.0000995,0.286,0.412,153.864,4
spotify:track:6pJhWNF3K9VFLeWlp34c5W,"Love Song - 1","Purple Naked Ladies","The Internet",2011-12-20,89240,38,false,5o8x11qqf7lxqq5f4sirhivr4,2023-05-21T12:09:47Z,"alternative r&b,neo soul","Odd Future",0.8,0.499,11,-10.369,0,0.173,0.0305,0.265,0.0778,0.645,171.942,4
spotify:track:3cn94Lk8pmA6CN8K25dIdM,"Situationship","- Ugh, those feels again","Snoh Aalegra",2019-08-16,215293,52,true,5o8x11qqf7lxqq5f4sirhivr4,2023-05-21T12:10:25Z,"alternative r&b","Artium Recordings, LLC",0.776,0.753,6,-6.137,0,0.106,0.0366,0.00128,0.107,0.424,89.956,4
spotify:track:3BayTfpCa3l50eq5u5RIW7,"Decoy","God's Trashmen Sent to Right the Mess","Fievel Is Glauque",2021-01-01,122693,0,false,5o8x11qqf7lxqq5f4sirhivr4,2023-05-21T16:31:27Z,"shibuya-kei","MATH",0.757,0.568,7,-9.071,0,0.0921,0.846,0.0402,0.391,0.835,150.441,4
spotify:track:4zIeRcsaho6lZuaXEYR1y3,"Easier Said Than Done","Thee Sacred Souls","Thee Sacred Souls",2022-08-26,174706,71,false,5o8x11qqf7lxqq5f4sirhivr4,2023-05-21T16:43:52Z,"retro soul","Penrose / Daptone Records",0.547,0.399,10,-9.808,1,0.0246,0.668,0.00000281,0.132,0.563,84.127,4
spotify:track:2Z2MAil7tpZhHOB2noIJUd,"jersey luv","jersey luv","GROOVY;B Jack$",2023-02-01,231106,0,true,5o8x11qqf7lxqq5f4sirhivr4,2023-05-22T00:16:19Z,"jersey club,sexy drill","VWO Records.",0.345,0.674,1,-6.765,0,0.156,0.494,0,0.133,0.318,155.957,4
spotify:track:1JocT3fOlAF126cXZn0IMN,"Touch Your Soul (feat. Merlyn Wood)","Princess Forever","Dreamer Isioma;Merlyn Wood",2023-04-21,189232,25,true,5o8x11qqf7lxqq5f4sirhivr4,2023-05-22T01:01:38Z,"alternative r&b","Dreamer Isioma LLC",0.673,0.514,4,-12.549,0,0.0643,0.276,0.00415,0.0967,0.324,88.007,4
spotify:track:78MI7mu1LV1k4IA2HzKmHe,"Dream A Little Dream Of Me - Single Version","Love, Ella","Ella Fitzgerald;Louis Armstrong",2007-05-03,185160,67,false,5o8x11qqf7lxqq5f4sirhivr4,2023-05-29T15:14:38Z,"jazz,vocal jazz,swing music,big band,christmas","Verve Reissues",0.443,0.104,0,-17.042,1,0.101,0.913,0,0.191,0.394,76.474,4
spotify:track:72SCW1yw8VacvXKU2WEcBi,"Dream A Little Dream Of Me","Jazz Fruits Music, Vol. 1","Jazz Fruits Music",2023-04-21,138948,27,false,5o8x11qqf7lxqq5f4sirhivr4,2023-05-29T15:14:44Z,"jazz,jazz beats,lo-fi","Fruits Music",0.498,0.0207,7,-28.429,1,0.0403,0.886,0.811,0.288,0.113,110.352,4
spotify:track:2ZZ740IbT60P05sDmBmQLy,"Nuestro Planeta (feat. Reykon)","Nuestro Planeta (feat. Reykon)","Kali Uchis;Reykon",2017-08-25,202754,33,true,5o8x11qqf7lxqq5f4sirhivr4,2023-06-01T15:49:39Z,"reggaeton,trap latino","EMI",0.87,0.552,0,-6.114,0,0.061,0.0912,0.000764,0.0779,0.454,96.013,4
spotify:track:4LmjZEYH8HuM3o2DiQroLu,"Build Me Up","Mother","Cleo Sol",2021-08-20,482122,45,false,5o8x11qqf7lxqq5f4sirhivr4,2023-06-01T18:37:42Z,"neo soul,alternative r&b,uk r&b","Forever Living Originals",0.376,0.179,2,-17.14,1,0.0372,0.789,0.185,0.108,0.19,140.25,4
spotify:track:47s5hKfwGXliAAB8wKMiNo,"When I'm in Your Arms","Rose in the Dark","Cleo Sol",2020-03-27,335310,70,false,5o8x11qqf7lxqq5f4sirhivr4,2023-06-01T18:37:49Z,"neo soul,alternative r&b,uk r&b","Forever Living Originals",0.596,0.462,0,-10.605,1,0.0589,0.476,0.0581,0.112,0.655,173.866,4
spotify:track:3HyR1j49TY5ACP2lseF1jx,"SUMMER RENAISSANCE","RENAISSANCE","Beyoncé",2022-07-29,273997,63,true,5o8x11qqf7lxqq5f4sirhivr4,2023-06-02T15:57:03Z,"","Parkwood Entertainment/Columbia",0.674,0.625,1,-9.593,1,0.0514,0.0843,0.0015,0.11,0.208,120.004,4
spotify:track:6G4ICKUrsPb117ULGyrQ5N,"Na Na Na","Na Na Na","Lay Bankz",2023-04-26,100793,1,false,5o8x11qqf7lxqq5f4sirhivr4,2023-06-02T17:50:02Z,"jersey club","Artist Partner Group, Inc.",0.742,0.92,7,-5.365,1,0.108,0.00169,0.0000251,0.0581,0.932,154.939,4
spotify:track:17Zg56ioo8ay1hQOR0LvkE,"Honest","Audacity Complete","Kevin Ross",2020-12-11,181632,12,true,5o8x11qqf7lxqq5f4sirhivr4,2023-06-03T20:12:42Z,"neo soul","Art Society Music Group (AMG) / EMPIRE",0.551,0.601,1,-8.934,0,0.209,0.516,0,0.107,0.374,74.637,4
spotify:track:6HexNTb392JS071DoTGo0y,"Hummingbird (Metro Boomin & James Blake)","METRO BOOMIN PRESENTS SPIDER-MAN: ACROSS THE SPIDER-VERSE (SOUNDTRACK FROM AND INSPIRED BY THE MOTION PICTURE)","Metro Boomin;James Blake",2023-06-02,319493,69,false,5o8x11qqf7lxqq5f4sirhivr4,2023-06-04T15:50:47Z,"","Republic Records",0.596,0.63,6,-7.807,1,0.102,0.378,0.00407,0.19,0.24,81.408,4
spotify:track:1YrURynMOeAEEShKLi91cR,"free drugs","Pulp","Ambré",2019-11-08,312960,35,true,5o8x11qqf7lxqq5f4sirhivr4,2023-06-04T19:43:53Z,"alternative r&b","Roc Nation Records",0.401,0.466,10,-10.863,0,0.167,0.0993,0.00619,0.37,0.342,81.996,4
spotify:track:0JmO3EBtl9qhnLkzr4FiP0,"Speed","Por Vida","Kali Uchis",2015-02-04,255183,2,false,5o8x11qqf7lxqq5f4sirhivr4,2023-06-05T01:49:52Z,"","Kali Uchis LLC",0.583,0.508,9,-6.676,0,0.0619,0.0776,0,0.245,0.183,169.978,3
spotify:track:3RBubtMyzlp9MPZegNcDRK,"4 Me (feat. Kali Uchis)","4 Me (feat. Kali Uchis)","Don Toliver;Kali Uchis",2023-02-15,160013,41,false,5o8x11qqf7lxqq5f4sirhivr4,2023-06-05T01:52:41Z,"","Cactus Jack / Atlantic",0.65,0.714,5,-5.517,0,0.13,0.151,0,0.479,0.769,119.223,5
spotify:track:5Gcvy4sBxYdpWj2f54K2ua,"Kool Aid","Sis.","KIRBY",2020-01-31,153441,52,false,5o8x11qqf7lxqq5f4sirhivr4,2023-06-05T19:11:30Z,"alternative r&b","KIRBY",0.566,0.728,4,-4.546,0,0.121,0.183,0.00425,0.11,0.467,155.251,3
spotify:track:1LGqJ3nvxpVXDWpEzq4DJD,"All of Me","Lady Day: The Complete Billie Holiday On Columbia (1933-1944)","Billie Holiday",2001-10-01,181440,61,false,5o8x11qqf7lxqq5f4sirhivr4,2023-06-05T19:11:39Z,"jazz,vocal jazz,big band,swing music","Columbia/Legacy",0.504,0.0644,2,-14.754,0,0.0408,0.972,0.00000436,0.174,0.403,106.994,5
spotify:track:0gE63HwMeWgK30ONO4witM,"Bewitched, Bothered, And Bewildered","Ella Fitzgerald Sings The Rodgers And Hart Song Book","Ella Fitzgerald",1956-01-01,423493,20,false,5o8x11qqf7lxqq5f4sirhivr4,2023-06-05T19:11:43Z,"jazz,vocal jazz,swing music,big band,christmas","Verve Reissues",0.344,0.108,5,-16.631,1,0.0475,0.971,0,0.0961,0.263,61.188,4
spotify:track:0zDVclPMSsjeyvbnqhWOmt,"La vie en rose - Single Version","Satchmo Serenades","Louis Armstrong",1952-04-01,203760,67,false,5o8x11qqf7lxqq5f4sirhivr4,2023-06-05T19:11:49Z,"jazz,swing music,vocal jazz,big band","Verve",0.52,0.0405,0,-16.396,1,0.0663,0.875,0.000301,0.0845,0.28,70.136,4
spotify:track:2IdwQxhJn9ZE4zIotcCefR,"Stormy Weather","At Last!","Etta James",1960,187666,71,false,5o8x11qqf7lxqq5f4sirhivr4,2023-06-05T19:11:54Z,"soul,soul blues,blues,vocal jazz","Geffen*",0.262,0.356,0,-8.031,0,0.0303,0.613,0,0.175,0.426,174.177,3
spotify:track:7moJWeYfMTr7iWgSHvwF7Y,"I Wish You Love - 2004 Remastered/Remixed","Something Wonderful","Nancy Wilson",2004-01-01,120133,60,false,5o8x11qqf7lxqq5f4sirhivr4,2023-06-05T19:12:01Z,"vocal jazz,jazz,jazz ballads","Blue Note Records",0.659,0.248,10,-11.169,0,0.0573,0.861,0,0.19,0.647,115.118,4
spotify:track:7CIERzyqIwLVKGp00YbHRO,"Pain","Pain","PinkPantheress",2021-06-07,98544,63,false,5o8x11qqf7lxqq5f4sirhivr4,2023-06-05T19:12:11Z,"bedroom pop","Parlophone UK",0.829,0.617,1,-8.497,1,0.14,0.227,0.00306,0.0618,0.81,125.605,4
spotify:track:6cyOEQBfXRO7RofaFpzlT4,"Don't Let It Go to Your Head","Mother","Cleo Sol",2021-08-20,259786,57,false,5o8x11qqf7lxqq5f4sirhivr4,2023-06-05T19:12:24Z,"neo soul,alternative r&b,uk r&b","Forever Living Originals",0.66,0.298,10,-15.745,0,0.0516,0.494,0.16,0.113,0.534,92.385,4
spotify:track:3BMlmrl2wPum9rX5fQlAko,"You Can Meet Me at My Hotel","You Can Meet Me at My Hotel","mcvert",2023-05-29,115542,0,true,5o8x11qqf7lxqq5f4sirhivr4,2023-06-06T01:51:35Z,"jersey club","mcvert",0.578,0.455,9,-14.81,0,0.0723,0.183,0.0101,0.432,0.573,135.848,4
spotify:track:37CoOXIsgF3NzbK1zHZetk,"Mona Lisa (Spider-Man: Across the Spider-Verse)","Mona Lisa (Spider-Man: Across the Spider-Verse)","Dominic Fike",2023-06-02,186066,65,false,5o8x11qqf7lxqq5f4sirhivr4,2023-06-06T14:49:15Z,"","Columbia",0.759,0.646,1,-7.603,1,0.12,0.231,0,0.161,0.445,111.043,4
spotify:track:5dEJc0rHuTVxtl1xljDbRv,"oh my love","CAPRISONGS","FKA twigs",2022-01-14,225653,62,true,5o8x11qqf7lxqq5f4sirhivr4,2023-06-07T17:48:24Z,"art pop,alternative r&b","Atlantic Records",0.907,0.592,8,-6.44,0,0.0858,0.532,0,0.289,0.545,108.052,4
spotify:track:2pkDvFyDw9J0GxAta8spSb,"Off the Wall","Off the Wall","Chenayder",2023-04-26,212289,27,false,5o8x11qqf7lxqq5f4sirhivr4,2023-06-07T17:48:37Z,"","Alamo",0.611,0.433,3,-9.16,0,0.0515,0.662,0.0000658,0.101,0.206,85.017,4
spotify:track:7j0JiUpuwvPQDtBinFct6E,"Concentrate (feat. Dua Saleh)","Concentrate (feat. Dua Saleh)","Billy Lemos;Dua Saleh",2022-12-06,134060,25,false,5o8x11qqf7lxqq5f4sirhivr4,2023-06-07T17:48:47Z,"bedroom pop,alternative r&b","Billy Lemos Music, LLC",0.563,0.814,6,-6.457,1,0.0754,0.202,0.003,0.153,0.633,153.914,4
spotify:track:0WtSBij3WrxbY7BNnWJcqH,"lived to love","lived to love","808vic",2021-10-20,255517,34,false,5o8x11qqf7lxqq5f4sirhivr4,2023-06-07T17:48:53Z,"alté","we are in soup",0.714,0.798,9,-10.997,0,0.0532,0.835,0.0133,0.0969,0.562,115.972,4
spotify:track:0TP1mvSLxP2NK4gzOJEd6T,"Forever","Forever","Cxrno",2023-02-28,148800,14,false,5o8x11qqf7lxqq5f4sirhivr4,2023-06-07T19:51:45Z,"afroswing,afro r&b,uk r&b,alté","nine.testimony",0.514,0.419,1,-9.105,0,0.0544,0.301,0,0.108,0.463,99.255,4
spotify:track:5vprsDWNcHMEMH95sbJkH2,"Want U Around (feat. Ruel)","Want U Around (feat. Ruel)","Omar Apollo;Ruel",2020-10-12,247720,48,false,5o8x11qqf7lxqq5f4sirhivr4,2023-06-07T22:26:06Z,"bedroom pop","Warner Records",0.571,0.443,0,-6.76,1,0.0451,0.3,0.00000695,0.101,0.621,143.923,3
spotify:track:2cue4DdCwO7himRLESpWk5,"Tell Me It's Over (feat. Summer Walker & 6LACK)","Sincerely For You","Jacquees;Summer Walker;6LACK",2022-12-16,281013,61,true,5o8x11qqf7lxqq5f4sirhivr4,2023-06-07T22:45:38Z,"r&b,trap soul","Republic Records",0.707,0.459,5,-6.488,1,0.0616,0.38,0,0.112,0.441,122.07,4
spotify:track:7KQPINPzT8M3ynLnWhl45M,"No Feelings","No Feelings","JON VINYL",2023-04-21,169428,28,true,5o8x11qqf7lxqq5f4sirhivr4,2023-06-07T22:45:55Z,"","Vinyl Recordings, Inc.",0.539,0.516,7,-7.557,0,0.0549,0.57,0,0.132,0.403,120.758,4
spotify:track:6VFKuuqSbA1GpMEosUgTwQ,"Nobody But You","Nobody But You","Sonder;Jorja Smith",2021-04-09,213214,73,true,5o8x11qqf7lxqq5f4sirhivr4,2023-06-07T23:09:26Z,"dark r&b,r&b,uk r&b","Sonder Global",0.637,0.299,7,-11.314,1,0.0366,0.742,0,0.359,0.364,83.872,4
spotify:track:2WZd0URpbwvEULyUpXoehN,"The Girl from Ipanema","That Girl from Ipanema","Astrud Gilberto",1977-02-18,196293,40,false,5o8x11qqf7lxqq5f4sirhivr4,2023-06-08T01:46:39Z,"bossa nova,brazilian jazz,latin jazz,vocal jazz,adult standards","Audio Fidelity",0.668,0.727,1,-11.53,1,0.0392,0.171,0.0048,0.083,0.805,126.382,4
spotify:track:3xBBEYCKA3OzCvr7UphG32,"fresh white tee","girls like me don't cry (deluxe)","thủy",2023-05-24,167589,31,false,5o8x11qqf7lxqq5f4sirhivr4,2023-06-10T13:57:33Z,"","thuy",0.847,0.634,5,-5.752,0,0.0406,0.0562,0.0000505,0.0906,0.475,118.04,4
spotify:track:4dPnyaHuSuazWDvIXRBRZo,"L'amore dice Ciao (Slow Take) - Remastered","La Matriarca - The Libertine (Original Motion Picture Soundtrack)","Armando Trovajoli;Andee Silver",1968-01-02,258105,59,false,5o8x11qqf7lxqq5f4sirhivr4,2023-06-11T15:42:04Z,"","EMI General Music srl",0.421,0.282,5,-16.523,1,0.0294,0.93,0.357,0.106,0.255,62.419,3
spotify:track:1acVBP8BcK6LTeNeFjfxnh,"seasons","summer flows 0.02","wave to earth",2020-08-04,256000,2,false,5o8x11qqf7lxqq5f4sirhivr4,2023-06-11T17:01:53Z,"","we are not 0",0.333,0.275,7,-10.638,1,0.0272,0.78,0.0587,0.218,0.16,59.157,4
spotify:track:5m4HdQxM81GHtLhyQjEPkh,"Garage Rooftop","The Shave Experiment (Director's Cut)","Q",2021-06-04,264910,49,false,5o8x11qqf7lxqq5f4sirhivr4,2023-06-11T22:06:15Z,"alternative r&b","Columbia",0.476,0.525,11,-8.418,0,0.0825,0.151,0.00124,0.0853,0.313,104.973,4
spotify:track:6KZOm8qhzI55JGXilaoqXO,"VVS","VVS","mal sounds",2021-11-10,200547,35,true,5o8x11qqf7lxqq5f4sirhivr4,2023-06-11T22:06:22Z,"bedroom pop","Flexible Distribution",0.547,0.412,2,-11.406,0,0.0355,0.0219,0.0593,0.0831,0.353,145.98,4
spotify:track:53cvnLRalWWOb42dcHL0yZ,"Verbs (feat. Steve Lacy)","Verbs (feat. Steve Lacy)","Peyton;Steve Lacy",2020-07-07,213800,0,false,5o8x11qqf7lxqq5f4sirhivr4,2023-06-12T20:30:42Z,"alternative r&b","Peyton",0.66,0.735,1,-7.571,1,0.0987,0.265,0.0378,0.559,0.458,98.972,4
spotify:track:5d4njBTnGHcaSvjDnicA3N,"Are You In The Room","Are You In The Room","CLUB INDGO;Sança;Ill Addicts",2022-05-11,187383,52,true,5o8x11qqf7lxqq5f4sirhivr4,2023-06-12T20:30:58Z,"","CLUB INDGO",0.647,0.415,11,-12.316,1,0.172,0.394,0.00000222,0.191,0.81,83.026,4
spotify:track:0e2lVYFeMmWa5jD1cVwRCD,"Muchuu","Muchuu","Mei Semones",2022-01-11,145674,32,false,5o8x11qqf7lxqq5f4sirhivr4,2023-06-13T14:11:38Z,"japanese indie,indie jazz","1076489 Records DK",0.407,0.337,1,-10.625,1,0.0331,0.728,0.0000115,0.112,0.228,154.948,4
spotify:track:3J2WUEn6oFN8eDPZov7w9I,"deep in it","deep in it","berlioz;Ted Jasper",2023-03-10,154862,1,false,5o8x11qqf7lxqq5f4sirhivr4,2023-06-13T15:10:09Z,"jazz house,jazz","berlioz",0.567,0.415,3,-11.901,0,0.0499,0.972,0.885,0.0999,0.273,118.967,4
spotify:track:1VRT5DPHFgfi7azDIOVBfA,"In My Dreams","Strange Harbors","Matt Block;Morton Block;Benny Benack III",2022-09-30,253838,40,false,5o8x11qqf7lxqq5f4sirhivr4,2023-06-13T15:10:17Z,"vocal jazz","La Reserve Records",0.455,0.263,5,-15.041,0,0.0278,0.82,0.000166,0.106,0.39,95.313,4
spotify:track:4z11brnmIkePDnP3L1siz5,"Versos de Placer","Versos de Placer","maye",2021-07-09,168095,56,false,5o8x11qqf7lxqq5f4sirhivr4,2023-06-13T15:10:32Z,"latin indie,latin alternative","Pink Poetry & EO Entertainment",0.672,0.658,6,-8.919,1,0.0865,0.565,0.0016,0.118,0.556,160.05,4
spotify:track:79oft65PDY4LL7MoLQ6Nxp,"Day By Day","Trail Mix Tape","grentperez",2022-09-30,187850,46,false,5o8x11qqf7lxqq5f4sirhivr4,2023-06-13T15:10:40Z,"","Fast Friends",0.616,0.709,1,-6.819,1,0.0738,0.673,0.00198,0.0657,0.907,162.042,4
spotify:track:1U675HGzKcVxVjdz522XYI,"Stuck On You","When We Were Younger","grentperez",2023-06-02,159477,47,false,5o8x11qqf7lxqq5f4sirhivr4,2023-06-14T18:45:26Z,"","Fast Friends",0.589,0.679,7,-6.139,1,0.0528,0.0769,0.000456,0.553,0.779,150.02,4
spotify:track:5pbvGqYDZYj81ULeHQyYXV,"24 Songs","24 Songs","paxed;xxero",2023-03-23,225175,0,true,5o8x11qqf7lxqq5f4sirhivr4,2023-06-14T21:41:24Z,"","kraken files",0.451,0.49,8,-9.728,1,0.0499,0.565,0.000181,0.144,0.291,145.033,4
spotify:track:7IL8PSVwLOJxqYne6azxQv,"Pretty Boy","Chip Chrome & The Mono-Tones","The Neighbourhood",2020-09-25,234093,78,false,5o8x11qqf7lxqq5f4sirhivr4,2023-06-14T23:30:17Z,"","Columbia",0.578,0.386,6,-11.464,1,0.0278,0.208,0.0453,0.307,0.569,154.902,4
spotify:track:6EeuY84I1Q3UJvpPN6iSzw,"meta angel","CAPRISONGS","FKA twigs",2022-01-14,259466,52,true,5o8x11qqf7lxqq5f4sirhivr4,2023-06-16T18:20:27Z,"art pop,alternative r&b","Atlantic Records",0.568,0.369,8,-8.758,1,0.127,0.81,0.0000177,0.168,0.243,134.789,4
spotify:track:3O8G8eVrhfXTGttyQ1xVuq,"CASE 143","MAXIDENT","Stray Kids",2022-10-07,191964,73,false,5o8x11qqf7lxqq5f4sirhivr4,2023-06-18T21:00:15Z,"k-pop,noise music","Republic Records - Stray Kids",0.812,0.89,6,-2.661,0,0.209,0.0961,0,0.0222,0.69,100.006,4
spotify:track:281hW1bpZ523dJdtspABeh,"Not My N*gga Extended","Not My N*gga Extended","KenTheMan",2023-03-03,181024,0,true,5o8x11qqf7lxqq5f4sirhivr4,2023-06-19T00:04:22Z,"","Independent",0.977,0.57,1,-7.396,1,0.241,0.0102,0,0.11,0.773,117.983,4
spotify:track:46VVoWOGRZpTle9HxaRwZl,"24 songs (i fell on my face)","24 songs (i fell on my face)","ilostmyself",2023-06-12,239183,0,true,5o8x11qqf7lxqq5f4sirhivr4,2023-06-20T02:52:39Z,"","ilostmyself",0.315,0.502,7,-12.925,1,0.0455,0.577,0.000393,0.103,0.176,137.571,4
spotify:track:1EMWN9uomtQxEw2mZKrb2C,"girls like me don't cry (sped up)","girls like me don't cry (sped up)","thủy",2022-12-16,164718,54,false,5o8x11qqf7lxqq5f4sirhivr4,2023-06-21T03:03:25Z,"","thuy, Distributed by Venice Music",0.827,0.8,7,-4.821,0,0.11,0.383,0.00164,0.102,0.514,142.667,4
spotify:track:2DtUUBwYwEzKMTMDrc5EiO,"girls like me don't cry","girls like me don't cry","thủy",2022-10-06,213640,65,false,5o8x11qqf7lxqq5f4sirhivr4,2023-06-21T03:03:34Z,"","thuy",0.857,0.557,0,-5.713,0,0.0394,0.403,0,0.0932,0.462,109.987,4
spotify:track:3MUmPh3UxWs9p25e6B3M7N,"Love Is Ugly (Feat. Hwa Sa)","Yesterday","Jay Park;HWASA",2023-02-13,223214,47,false,5o8x11qqf7lxqq5f4sirhivr4,2023-06-22T13:37:59Z,"k-rap,k-pop","MORE VISION",0.55,0.515,10,-6.827,0,0.0545,0.186,0,0.125,0.462,81.564,4
spotify:track:35GFLQHlJQy9N27GsNX0Fo,"dance! - sped up vers","dance! (sped up vers)","deyluvkirby;eddyoetty",2023-05-21,119465,0,true,5o8x11qqf7lxqq5f4sirhivr4,2023-06-23T23:59:48Z,"","3718568 Records DK2",0.297,0.897,0,-5.637,0,0.125,0.387,0.0246,0.232,0.324,197.938,4
spotify:track:4E81SihDBIqEjdsbJu8WD1,"(deyluvkirby & eddyoetty) dance!","(deyluvkirby & eddyoetty) dance!","deyluvkirby",2023-05-19,120218,0,true,5o8x11qqf7lxqq5f4sirhivr4,2023-06-24T00:01:11Z,"","3718568 Records DK2",0.315,0.839,11,-5.141,0,0.151,0.372,0.00845,0.186,0.548,179.906,4
spotify:track:6FRiFD0r9Mnv9VFnW4A7wB,"JERK!","JERK!","jnhygs;9lives",2023-06-23,131262,55,true,5o8x11qqf7lxqq5f4sirhivr4,2023-06-24T00:02:04Z,"jersey club,hyperpop","25/7 Records LLC.",0.594,0.553,5,-4.595,0,0.0273,0.000656,0,0.2,0.209,94.556,4
spotify:track:6E0d534IEAkuYWHPvdh2lC,"The Falls","The Falls","Chxrry",2022-04-08,172278,26,true,5o8x11qqf7lxqq5f4sirhivr4,2023-06-24T03:17:41Z,"","XO Records",0.571,0.638,4,-6.207,0,0.0656,0.218,0,0.113,0.481,65.916,4
spotify:track:1SnxAnrMHLBBl2O6ZwoWfT,"strike","strike","bxnji",2023-06-16,128663,28,false,5o8x11qqf7lxqq5f4sirhivr4,2023-06-26T03:51:24Z,"jersey club","bxnji",0.654,0.773,8,-5.068,1,0.035,0.00035,0.651,0.098,0.754,152.998,4
spotify:track:39MK3d3fonIP8Mz9oHCTBB,"Annihilate (Spider-Man: Across the Spider-Verse) (Metro Boomin & Swae Lee, Lil Wayne, Offset)","METRO BOOMIN PRESENTS SPIDER-MAN: ACROSS THE SPIDER-VERSE (SOUNDTRACK FROM AND INSPIRED BY THE MOTION PICTURE)","Metro Boomin;Swae Lee;Lil Wayne;Offset",2023-06-02,231746,75,false,5o8x11qqf7lxqq5f4sirhivr4,2023-06-26T13:40:39Z,"rap,hip hop","Republic Records",0.591,0.5,11,-6.206,0,0.0529,0.22,0,0.175,0.201,145.819,4
spotify:track:5qgYXoxmd6FdGfpmdjsHoj,"Slippin","Slippin","Danni Baylor",2023-06-23,196250,26,false,5o8x11qqf7lxqq5f4sirhivr4,2023-06-29T02:37:54Z,"christian r&b,retro soul","Sonic Bay Productions",0.682,0.728,4,-4.234,1,0.0284,0.131,0.00734,0.214,0.903,80.031,4
spotify:track:7qSDQUp6Ihm9YIgw5hK7xW,"u should feel special","girls like me don't cry (deluxe)","thủy",2023-05-24,157199,21,true,5o8x11qqf7lxqq5f4sirhivr4,2023-06-29T21:47:41Z,"","thuy",0.781,0.54,5,-5.192,0,0.0309,0.207,0,0.146,0.476,110.051,4
spotify:track:4DXmPeP0QOU20KQOvZOTf4,"trust (feat. RINI)","girls like me don't cry (deluxe)","thủy;RINI",2023-05-24,197557,18,false,5o8x11qqf7lxqq5f4sirhivr4,2023-06-29T21:59:11Z,"","thuy",0.758,0.554,0,-7.145,0,0.0403,0.126,0,0.0814,0.632,95.087,4
spotify:track:1FQJSuqXclVv2R0ZuAQDmB,"i got it","girls like me don't cry (deluxe)","thủy",2023-05-24,184421,48,false,5o8x11qqf7lxqq5f4sirhivr4,2023-06-29T22:12:24Z,"","thuy",0.754,0.729,1,-6.136,1,0.04,0.0895,0,0.076,0.795,105.013,4
spotify:track:2FgdYV9AnS0CTjwoHY42E3,"Fnaf 1 - Big Band Version","Fnaf 1 (Big Band Version)","The 8-Bit Big Band",2020-12-12,222028,50,false,5o8x11qqf7lxqq5f4sirhivr4,2023-06-30T20:31:35Z,"big band","Team Chuck Records",0.629,0.705,10,-5.64,0,0.056,0.494,0,0.335,0.757,91.511,4
spotify:track:0BK9AhqBOiVt0FfhMhJ0N9,"Undecided","Indigo (Extended)","Chris Brown",2019-10-04,185000,44,true,5o8x11qqf7lxqq5f4sirhivr4,2023-06-30T23:22:11Z,"r&b","Chris Brown Entertainment/RCA Records",0.407,0.612,5,-4.387,0,0.13,0.288,0,0.198,0.488,96.943,4
spotify:track:741UUVE2kuITl0c6zuqqbO,"Barbie World (with Aqua) [From Barbie The Album]","Barbie World (with Aqua) [From Barbie The Album]","Nicki Minaj;Ice Spice;Aqua",2023-06-23,109750,71,true,5o8x11qqf7lxqq5f4sirhivr4,2023-07-03T17:09:40Z,"europop,eurodance","Atlantic Records",0.77,0.58,0,-8.393,1,0.247,0.519,0.000127,0.233,0.753,144.072,4
spotify:track:7eqoqGkKwgOaWNNHx90uEZ,"Nights","Blonde","Frank Ocean",2016-08-20,307151,87,true,5o8x11qqf7lxqq5f4sirhivr4,2023-07-04T02:32:36Z,"","Boys Don't Cry",0.457,0.551,5,-9.36,0,0.167,0.427,0.00000115,0.113,0.428,89.87,4
spotify:track:1VZLEW5ZfcAbKZ94XQiSZF,"Close To You","Blonde","Frank Ocean",2016-08-20,85754,67,false,5o8x11qqf7lxqq5f4sirhivr4,2023-07-04T02:40:07Z,"","Boys Don't Cry",0.855,0.663,5,-8.401,0,0.2,0.194,0.0013,0.146,0.815,77.978,4
spotify:track:3W4xqKFMKBauuU517t8NIb,"Weak for Your Love","Thee Sacred Souls","Thee Sacred Souls",2022-08-26,261306,71,false,5o8x11qqf7lxqq5f4sirhivr4,2023-07-04T02:40:22Z,"retro soul","Penrose / Daptone Records",0.744,0.422,11,-9.2,0,0.033,0.146,0.00145,0.0779,0.562,127.726,4
spotify:track:1U40FhITl39l6flp0Hrc17,"orange juice","orange juice","BETWEEN FRIENDS",2022-04-15,163333,0,false,5o8x11qqf7lxqq5f4sirhivr4,2023-07-04T02:40:26Z,"","10K Projects",0.758,0.526,4,-7.167,1,0.0336,0.512,0,0.364,0.886,124.987,4
spotify:track:3nRhH5u3TE6HtvBH6mNwzY,"Romanticist","Heaven To A Tortured Mind","Yves Tumor",2020-04-03,106102,52,false,5o8x11qqf7lxqq5f4sirhivr4,2023-07-04T02:40:28Z,"","Warp Records",0.583,0.703,7,-7.233,0,0.0837,0.0211,0.00000161,0.535,0.65,94.011,4
spotify:track:6zTl1HyJZfPGzc7jjgcpeq,"IMMORTAL","IMMORTAL","Ricki Monique;yourbeautifulruin",2022-01-25,185298,40,true,5o8x11qqf7lxqq5f4sirhivr4,2023-07-04T02:40:32Z,"jazz rap","Tangible Records",0.718,0.704,7,-9.199,1,0.199,0.134,0.0000461,0.554,0.773,88.981,4
spotify:track:7twY0ucjaUFUNfjkCHj1Cs,"Hey Boy (feat. Kali Uchis)","Apolonio","Omar Apollo;Kali Uchis",2020-10-16,102160,53,true,5o8x11qqf7lxqq5f4sirhivr4,2023-07-04T02:40:36Z,"bedroom pop","Warner Records",0.751,0.511,0,-10.481,0,0.39,0.478,0.00552,0.0802,0.653,151.618,4
spotify:track:2LMkwUfqC6S6s6qDVlEuzV,"White Ferrari","Blonde","Frank Ocean",2016-08-20,248807,87,false,5o8x11qqf7lxqq5f4sirhivr4,2023-07-04T02:44:32Z,"","Boys Don't Cry",0.501,0.0958,0,-15.605,1,0.0433,0.77,0,0.298,0.204,108.741,4
spotify:track:34xTFwjPQ1dC6uJmleno7x,"Godspeed","Blonde","Frank Ocean",2016-08-20,177922,80,false,5o8x11qqf7lxqq5f4sirhivr4,2023-07-04T02:52:14Z,"","Boys Don't Cry",0.399,0.0969,6,-12.578,1,0.0509,0.929,0.000168,0.121,0.0758,109.54,4
spotify:track:5k8LB57xOq8UUNVaKWSqrf,"Futura Free","Blonde","Frank Ocean",2016-08-20,564165,67,true,5o8x11qqf7lxqq5f4sirhivr4,2023-07-04T03:00:33Z,"","Boys Don't Cry",0.266,0.678,1,-12.364,1,0.508,0.769,0.0000937,0.503,0.201,83.434,4
spotify:track:2q0VexHJirnUPnEOhr2DxK,"Biking","Biking","Frank Ocean;JAŸ-Z;Tyler, The Creator",2017-04-10,277520,67,true,5o8x11qqf7lxqq5f4sirhivr4,2023-07-04T04:12:21Z,"hip hop,east coast hip hop,rap","Blonded",0.673,0.463,2,-7.247,1,0.191,0.681,0.0000049,0.0907,0.268,147.981,4
spotify:track:6gpcs5eMhJwax4mIfKDYQk,"Slide (feat. Frank Ocean & Migos)","Slide (feat. Frank Ocean & Migos)","Calvin Harris;Frank Ocean;Migos",2017-02-24,230813,70,true,5o8x11qqf7lxqq5f4sirhivr4,2023-07-04T04:12:29Z,"edm,trap","Columbia",0.736,0.795,1,-3.299,0,0.0545,0.498,0.00000121,0.254,0.511,104.066,4
spotify:track:7zbX1txfcs42K2PlhFJNNE,"Weary","A Seat at the Table","Solange",2016-09-30,194254,51,false,5o8x11qqf7lxqq5f4sirhivr4,2023-07-04T21:49:35Z,"alternative r&b,neo soul","Saint Records/Columbia",0.507,0.466,1,-11.966,1,0.0862,0.655,0.363,0.0929,0.11,157.013,4
spotify:track:2aR6SYRJxy2QsBxA459ATF,"F.U.B.U. (feat. The-Dream & BJ The Chicago Kid)","A Seat at the Table","Solange;THE-DREAM;BJ The Chicago Kid",2016-09-30,313892,45,true,5o8x11qqf7lxqq5f4sirhivr4,2023-07-05T17:06:08Z,"alternative r&b,neo soul,r&b","Saint Records/Columbia",0.475,0.499,0,-6.818,1,0.185,0.84,0,0.111,0.454,142.867,4
spotify:track:2TyCAfhwu5tRqFW8VnGMIL,"Don't Touch My Hair (feat. Sampha)","A Seat at the Table","Solange;Sampha",2016-09-30,257538,53,true,5o8x11qqf7lxqq5f4sirhivr4,2023-07-05T17:57:15Z,"alternative r&b,neo soul,indie soul","Saint Records/Columbia",0.823,0.411,0,-7.061,1,0.0557,0.409,0.00135,0.649,0.397,90.997,4
spotify:track:7qV4QQXBn0SjMM1CjUBXM0,"Flavors","Flavors","Tsundere Twintails",2022-03-04,207918,0,false,5o8x11qqf7lxqq5f4sirhivr4,2023-07-05T22:41:18Z,"","tsundere labs inc",0.815,0.394,6,-9.571,1,0.226,0.434,0.0446,0.0848,0.978,157.026,4
spotify:track:4Nngx0azfbJibdS5oT3dG8,"Penitentiary Philosophy","Mama's Gun","Erykah Badu",2000-10-31,369826,48,false,5o8x11qqf7lxqq5f4sirhivr4,2023-07-06T02:48:26Z,"neo soul,r&b","Motown (Kedar)",0.508,0.505,6,-7.839,0,0.0912,0.0513,0.0797,0.0989,0.623,161.111,4
spotify:track:6mJ5aZdCeaPR4HotnWpqxe,"Don't Keep Me Waiting","Don't Keep Me Waiting","Play Nice",2020-10-22,184363,19,false,5o8x11qqf7lxqq5f4sirhivr4,2023-07-06T17:30:58Z,"alternative r&b","Play Nice",0.634,0.366,1,-13.477,1,0.0684,0.438,0.00000186,0.103,0.174,110.2,3
spotify:track:6zfVYM5Nne0EzpjzYfJKwp,"I'll Call U Back","But You Caint Use My Phone (Mixtape)","Erykah Badu",2015-11-27,117976,63,true,5o8x11qqf7lxqq5f4sirhivr4,2023-07-06T23:44:35Z,"neo soul,r&b","Erykah Badu",0.909,0.445,10,-8.893,0,0.0459,0.816,0.000103,0.083,0.767,135.009,4
spotify:track:3whY26FqEAhCSP7YeEluNL,"Andromeda","Andromeda","Ethel",2022-05-06,123000,20,false,5o8x11qqf7lxqq5f4sirhivr4,2023-07-07T03:55:50Z,"","+1 Records",0.72,0.614,11,-5.441,1,0.136,0.518,0.045,0.111,0.491,83.041,4
spotify:track:6ZTdY17jfTZBvgAOFfYzXu,"sour haribos (with Jaybexo)","sour haribos (with Jaybexo)","Jaybexo;venny",2023-07-03,129985,0,true,5o8x11qqf7lxqq5f4sirhivr4,2023-07-07T21:51:04Z,"jersey club","The System",0.824,0.524,1,-9.87,0,0.141,0.364,0,0.101,0.314,133.018,4
spotify:track:6pWVce5c6JXqFfl7JfJBnl,"VENUS","LONGO MAÏ","Enchantée Julia",2022-06-03,183963,27,false,5o8x11qqf7lxqq5f4sirhivr4,2023-07-08T04:10:18Z,"french r&b,french indie pop","Maison La Chapelle",0.584,0.472,6,-9.076,0,0.286,0.345,0.272,0.111,0.128,139.576,4
spotify:track:5CD3QaGXZElKiGUIVwMxo6,"Rei sem coroa (ao vivo no Sesc)","Relicário: João Gilberto (Ao Vivo no Sesc 1998)","João Gilberto",2023-04-26,166479,42,false,5o8x11qqf7lxqq5f4sirhivr4,2023-07-08T04:41:22Z,"bossa nova,brazilian jazz,samba,latin jazz,cool jazz,jazz","Selo Sesc [dist. Tratore]",0.473,0.289,2,-19.8,0,0.273,0.906,0.0982,0.694,0.487,129.237,1
spotify:track:0tpkkmyNjiOTPpR6Rwju4R,"Bad","Prologue : Love","So!YoON!",2023-02-17,282680,0,false,5o8x11qqf7lxqq5f4sirhivr4,2023-07-09T00:51:13Z,"","MAGIC STRAWBERRY SOUND",0.52,0.68,1,-7.912,1,0.132,0.683,0.000907,0.0998,0.422,159.911,4
spotify:track:16OllYHVDFajq4NZ8ih1Ap,"SABOTAGE","SABOTAGE","hyejin",2022-12-23,150000,34,true,5o8x11qqf7lxqq5f4sirhivr4,2023-07-09T00:51:18Z,"","hyejin",0.464,0.479,5,-8.276,0,0.0677,0.568,0.000194,0.365,0.575,119.305,4
spotify:track:0IgZmeYaezq5hZwODyCbWn,"Addicted","Addicted","Natalie Red",2022-07-15,136000,34,false,5o8x11qqf7lxqq5f4sirhivr4,2023-07-09T00:51:25Z,"hyperpop","Blue Wind Records",0.756,0.566,5,-9.412,0,0.058,0.0945,0.33,0.104,0.439,74.978,4
spotify:track:5sXzZGwjqK0hYtLpMgvZQs,"Tweakin' Together - Acoustic","Love Nirvana (Acoustic)","BKTHERULA",2023-06-16,96000,24,true,5o8x11qqf7lxqq5f4sirhivr4,2023-07-09T01:55:17Z,"","Warner Records",0.322,0.489,3,-7.459,1,0.0437,0.754,0.00000172,0.119,0.743,71.946,4
spotify:track:4LadsagnXZM7SEOpHjHIHA,"Looking For The Hoes (Ain’t My Fault)","Hood Hottest Princess","Sexyy Red",2023-06-09,130707,72,true,5o8x11qqf7lxqq5f4sirhivr4,2023-07-09T02:13:02Z,"","Open Shift/gamma.",0.738,0.608,8,-6.727,0,0.321,0.0267,0,0.359,0.485,75.511,4
spotify:track:0WFryfbNKPXVtVQlz5dZ8H,"hotline (edit)","hotline (edit)","Billie Eilish",2023-05-09,60719,74,false,5o8x11qqf7lxqq5f4sirhivr4,2023-07-09T02:15:21Z,"","Darkroom/Interscope Records",0.516,0.254,9,-16.027,0,0.0589,0.816,0.855,0.189,0.304,56.829,4
spotify:track:3G9tyuUoBVNTDXY0icrUVf,"Out of Me Head","The Lo-Fis","Steve Lacy",2020-12-04,141055,66,false,5o8x11qqf7lxqq5f4sirhivr4,2023-07-09T02:15:30Z,"","L-M Records",0.799,0.39,8,-14.592,1,0.102,0.397,0.711,0.107,0.978,88.509,4
spotify:track:0W4NhJhcqKCqEP2GIpDCDq,"Love","The Way It Is","Keyshia Cole",2005-01-01,255333,86,false,5o8x11qqf7lxqq5f4sirhivr4,2023-07-09T02:16:03Z,"r&b","A&M (UC)",0.688,0.518,5,-4.285,1,0.0283,0.0642,0,0.1,0.314,116.714,4
spotify:track:6FtIK0IkmG33lKbc1pyAlZ,"AMAZING","AMAZING","Rex Orange County",2022-02-14,209200,59,false,5o8x11qqf7lxqq5f4sirhivr4,2023-07-09T03:01:20Z,"bedroom pop","Rex Orange County",0.719,0.461,8,-8.191,1,0.0454,0.279,0,0.0875,0.548,123.915,4
spotify:track:2Cg9T9AvAQH25jGgydexrk,"Is It A Crime?","Is It A Crime? EP","No Guidnce",2023-06-02,142041,17,false,5o8x11qqf7lxqq5f4sirhivr4,2023-07-09T15:17:55Z,"uk r&b","North West Sound Recordings",0.65,0.541,10,-7.156,0,0.0508,0.397,0,0.0838,0.447,77.011,4
spotify:track:3gnAYzkjWYJv110852CKfa,"UDNTHAVE2KNOW PT 2","UDNTHAVE2KNOW PT 2","Marluxiam",2023-06-23,141268,49,false,5o8x11qqf7lxqq5f4sirhivr4,2023-07-09T19:08:10Z,"hyperpop,jersey club","25/7 Records LLC.",0.439,0.838,1,-9.777,1,0.353,0.000703,0.68,0.249,0.243,161.127,4
spotify:track:24Wv2UuvcrTz2Lbl1o5efz,"2GOOD4U","2GOOD4U","Marluxiam",2023-06-30,122971,49,false,5o8x11qqf7lxqq5f4sirhivr4,2023-07-09T19:08:15Z,"hyperpop,jersey club","25/7 Records LLC.",0.274,0.942,11,-3.786,0,0.297,0.092,0.000705,0.379,0.205,103.304,4
spotify:track:4PS1e8f2LvuTFgUs1Cn3ON,"The Christmas Song (Merry Christmas To You)","The Christmas Song (Expanded Edition)","Nat King Cole",2018-09-21,192160,55,false,5o8x11qqf7lxqq5f4sirhivr4,2023-07-09T20:38:55Z,"christmas,adult standards,vocal jazz","CAPITOL CATALOG MKT (C92)",0.32,0.21,6,-15.231,1,0.0345,0.92,0.0000801,0.138,0.208,73.196,5
spotify:track:6HZILIRieu8S0iqY8kIKhj,"DNA.","DAMN.","Kendrick Lamar",2017-04-14,185946,81,true,5o8x11qqf7lxqq5f4sirhivr4,2023-07-10T03:01:17Z,"hip hop,west coast hip hop","Aftermath",0.638,0.523,1,-6.664,1,0.357,0.00454,0,0.0842,0.422,139.913,4
spotify:track:6FWxFrGQ9YboLvC8vvrT07,"Call Me By Your Name","Call Me By Your Name","Sophie Castillo",2022-03-02,168021,46,false,5o8x11qqf7lxqq5f4sirhivr4,2023-07-10T14:12:21Z,"","Sophie Castillo Records",0.718,0.579,0,-9.011,0,0.082,0.427,0.0000634,0.0911,0.552,128.055,4
spotify:track:709p9UGPAuyImWf1Z3vjRo,"Let You Break My Heart Again","Let You Break My Heart Again","Laufey;Philharmonia Orchestra",2021-08-13,269066,81,false,5o8x11qqf7lxqq5f4sirhivr4,2023-07-11T04:08:34Z,"opera,classical,orchestral","Laufey",0.299,0.142,2,-15.134,1,0.0369,0.965,0.113,0.111,0.123,76.748,4
spotify:track:70kdJnm1X6eEM8DbWa8Mnc,"YOU'RE THE ONE","99.9%","KAYTRANADA;Syd",2016-05-06,227706,73,false,5o8x11qqf7lxqq5f4sirhivr4,2023-07-11T18:13:15Z,"alternative r&b","XL Recordings",0.824,0.396,2,-9.663,1,0.332,0.0323,0.00286,0.108,0.253,118.048,4
spotify:track:16cssMSjVqPJeBxRLy9FrF,"Pyjamas (feat. Remi Wolf)","Young Hearts","Benny Sings;Remi Wolf",2023-03-24,168240,0,false,5o8x11qqf7lxqq5f4sirhivr4,2023-07-11T18:19:00Z,"","Stones Throw Records",0.906,0.462,7,-9.487,1,0.0939,0.172,0.0775,0.136,0.7,97.085,4
spotify:track:0ZC3ZpisUVQa8AXFFHbvuv,"Let It Off","Let It Off","YTK",2021-05-07,102010,0,true,5o8x11qqf7lxqq5f4sirhivr4,2023-07-11T18:22:12Z,"","Montebello Lake",0.762,0.406,11,-8.673,0,0.294,0.238,0,0.586,0.952,66.986,4
spotify:track:1bcuTWxBskaPXHwZdzZMkq,"Suite Life (Familiar) - Bonus Track","3 of Us","FLO;Bellah",2023-07-07,154392,0,true,5o8x11qqf7lxqq5f4sirhivr4,2023-07-11T18:26:39Z,"uk r&b","Universal-Island Records Ltd.",0.625,0.601,0,-5.477,1,0.0331,0.307,0,0.156,0.642,139.898,4
spotify:track:5a5q1sFcpMoPRk5fRGWq2W,"In My Head","Far Away","Take Van",2022-03-31,104571,43,false,5o8x11qqf7lxqq5f4sirhivr4,2023-07-11T18:36:31Z,"","Take Van",0.709,0.504,2,-5.913,0,0.0311,0.224,0.772,0.146,0.651,139.973,4
spotify:track:3zQHfHufmH496jyJmRrccJ,"Gonna Bleach My Eyebrows","Gonna Bleach My Eyebrows","Alemeda",2021-10-03,134545,49,true,5o8x11qqf7lxqq5f4sirhivr4,2023-07-11T18:36:38Z,"","Alemeda",0.854,0.794,1,-6.617,1,0.0571,0.00722,0.0724,0.103,0.53,131.984,4
spotify:track:3ZpqeV6u8cheGopIXQlHfH,"All My Friends Know","to hell with it","PinkPantheress",2021-10-15,118813,63,false,5o8x11qqf7lxqq5f4sirhivr4,2023-07-11T18:36:48Z,"bedroom pop","Parlophone UK",0.719,0.549,10,-8.297,1,0.147,0.327,0.148,0.117,0.192,102.092,4
spotify:track:190fPjBiTtTKbfOSuJOjhv,"Stop Calling The Police On Me","The Leo Sun Sets","Dreamer Isioma",2020-12-02,146865,46,false,5o8x11qqf7lxqq5f4sirhivr4,2023-07-11T18:36:54Z,"alternative r&b","Dreamer Isioma LLC",0.681,0.58,8,-9.496,1,0.0612,0.319,0.0000377,0.099,0.368,100.506,4
spotify:track:4YsnwsPURRSvprBHBY1BCd,"Disillusioned (with serpentwithfeet)","NEVER ENOUGH","Daniel Caesar;serpentwithfeet",2023-04-07,241232,82,true,5o8x11qqf7lxqq5f4sirhivr4,2023-07-11T19:02:09Z,"","Republic Records",0.792,0.548,9,-3.899,1,0.0366,0.0754,0.0000102,0.0581,0.619,97,4
spotify:track:02wNtFxlr9dLmZXKT5TIF5,"Over the Moon","Superclean, Vol. II","The Marías",2018-09-28,182900,72,false,5o8x11qqf7lxqq5f4sirhivr4,2023-07-11T19:37:58Z,"bedroom pop","Superclean Records",0.684,0.232,0,-13.249,1,0.0297,0.86,0.404,0.135,0.387,73.518,4
spotify:track:2CBtdZVcpSwaxOcLUi1AGo,"Care For You","Care For You","The Marías",2020-10-16,156026,65,false,5o8x11qqf7lxqq5f4sirhivr4,2023-07-12T01:10:43Z,"bedroom pop","Superclean Records",0.879,0.413,1,-9.161,0,0.0575,0.816,0.221,0.318,0.869,109.988,4
spotify:track:6rdkCkjk6D12xRpdMXy0I2,"New Jeans","NewJeans 'Super Shy'","NewJeans",2023-07-07,108986,81,false,5o8x11qqf7lxqq5f4sirhivr4,2023-07-12T16:07:26Z,"k-pop","ADOR",0.807,0.721,4,-6.211,0,0.0508,0.51,0.00216,0.115,0.532,134.014,4
spotify:track:5sdQOyqq2IDhvmx2lHOpwd,"Super Shy","NewJeans 'Super Shy'","NewJeans",2023-07-07,154666,82,false,5o8x11qqf7lxqq5f4sirhivr4,2023-07-12T16:07:29Z,"k-pop","ADOR",0.776,0.817,5,-6.018,0,0.0748,0.18,0.0000344,0.146,0.515,149.921,4
spotify:track:3TPvrMAd1hbPRXuHCRX0Pl,"AEAO","A Giant Step","Dynamicduo;DJ Premier",2014-07-16,316944,75,false,5o8x11qqf7lxqq5f4sirhivr4,2023-07-12T16:07:51Z,"k-rap,k-pop,east coast hip hop","Stone Music Entertainment",0.446,0.764,2,-6.479,1,0.181,0.057,0,0.141,0.576,152.604,4
spotify:track:3PFaFVWq5wucLu6s4baj9D,"Girl (feat. KAYTRANADA)","Ego Death","The Internet;KAYTRANADA",2015-06-26,416322,65,true,5o8x11qqf7lxqq5f4sirhivr4,2023-07-12T16:16:26Z,"alternative r&b,neo soul","Odd Future",0.568,0.42,7,-11.169,0,0.276,0.536,0.124,0.101,0.453,79.89,4
spotify:track:0nZd24LkczGKvmA94s3ZUp,"L a y I t D o w n n n","L a y I t D o w n n n","Panicdancing",2020-08-06,193499,0,false,5o8x11qqf7lxqq5f4sirhivr4,2023-07-15T15:20:53Z,"","Panicdancing",0.597,0.714,8,-7.976,1,0.0668,0.0696,0,0.0692,0.903,178.93,4
spotify:track:3IxGpAFxBAAfCQ6dv6sBiw,"SHAKE SUMN (with Sexyy Red) - REMIX","SHAKE SUMN (with Sexyy Red) [REMIX]","DaBaby;Sexyy Red",2023-07-07,124805,69,true,5o8x11qqf7lxqq5f4sirhivr4,2023-07-15T18:18:38Z,"","South Coast Music Group/Interscope Records",0.774,0.733,11,-7.539,0,0.21,0.00692,0,0.259,0.342,142.992,4
spotify:track:4rXLjWdF2ZZpXCVTfWcshS,"fukumean","a Gift & a Curse","Gunna",2023-06-16,125040,81,true,5o8x11qqf7lxqq5f4sirhivr4,2023-07-16T03:32:39Z,"melodic rap","300 Entertainment",0.847,0.622,1,-6.747,0,0.0903,0.119,0,0.285,0.22,130.001,4
spotify:track:3HXw7XwOtmHSTbUXOqvtwA,"squeeze me (feat. Xert!)","Hero's Greatest Hits:","lil hero;Xert!",2022-02-17,142514,41,true,5o8x11qqf7lxqq5f4sirhivr4,2023-07-16T14:54:48Z,"hyperpop","Geffen Records",0.599,0.576,8,-11.564,0,0.0467,0.151,0,0.108,0.553,138.014,4
spotify:track:4fuQgiENvxGezAzzRW1K6v,"inna mud","Hero's Greatest Hits:","lil hero",2022-02-17,155072,39,true,5o8x11qqf7lxqq5f4sirhivr4,2023-07-16T23:15:54Z,"hyperpop","Geffen Records",0.581,0.571,1,-12.191,1,0.0333,0.0174,0.00000786,0.263,0.513,143.997,4
spotify:track:1Eytlq1Q4PkDT8cK8apihP,"rock n' roll","Hero's Greatest Hits:","lil hero",2022-02-17,116649,36,true,5o8x11qqf7lxqq5f4sirhivr4,2023-07-16T23:16:19Z,"hyperpop","Geffen Records",0.545,0.393,0,-13.122,1,0.0343,0.0011,0.00000317,0.222,0.11,135.024,4
spotify:track:7jYd6GwT72RhhKMTZ64Z1H,"big ballin","big ballin","lil hero",2022-08-30,135788,31,false,5o8x11qqf7lxqq5f4sirhivr4,2023-07-16T23:31:41Z,"hyperpop","Geffen Records",0.584,0.676,11,-7.193,0,0.0755,0.0000972,0,0.37,0.34,140.732,4
spotify:track:6eaVsqo6fYuHnDr9cSNYmd,"In Place of You","dress up!","lil hero",2022-06-25,153057,39,true,5o8x11qqf7lxqq5f4sirhivr4,2023-07-16T23:31:46Z,"hyperpop","Geffen Records",0.613,0.714,1,-12.274,1,0.0396,0.000554,0.0336,0.379,0.781,138.009,4
spotify:track:4wx3jt0cWGrHK5EK3z62RW,"fasho fashizzy","dress up!","lil hero",2022-06-25,109898,46,true,5o8x11qqf7lxqq5f4sirhivr4,2023-07-16T23:31:55Z,"hyperpop","Geffen Records",0.359,0.659,5,-7.665,1,0.0368,0.257,0,0.185,0.534,144.934,4
spotify:track:6fpBjPf37z4b55lAiaIReL,"easy going down","easy going down","lil hero",2023-07-07,146186,29,false,5o8x11qqf7lxqq5f4sirhivr4,2023-07-16T23:32:00Z,"hyperpop","Simple Stupid Records",0.564,0.943,8,-3.734,1,0.146,0.00296,0.00000221,0.172,0.515,135.768,4
spotify:track:3NBnCQuFNoQu4rwvYXG6fg,"fasho fashizzy","fasho fashizzy","lil hero",2022-04-22,109898,22,false,5o8x11qqf7lxqq5f4sirhivr4,2023-07-16T23:32:04Z,"hyperpop","Geffen Records",0.359,0.659,5,-7.665,1,0.0368,0.257,0,0.185,0.534,144.934,4
spotify:track:2CmUklrFzrlGjNqsdpudvo,"freeze!","Hero's Greatest Hits:","lil hero",2022-02-17,155413,40,true,5o8x11qqf7lxqq5f4sirhivr4,2023-07-16T23:32:12Z,"hyperpop","Geffen Records",0.216,0.507,0,-11.547,0,0.0402,0.049,0,0.0946,0.465,75.988,5
spotify:track:0YPPnLR3TS4ZIAKCQOLZhK,"Wavy (Interlude) (feat. James Fauntleroy)","Ctrl (Deluxe)","SZA;James Fauntleroy",2022-06-09,75810,50,true,5o8x11qqf7lxqq5f4sirhivr4,2023-07-17T05:22:57Z,"r&b","Top Dawg Entertainment/RCA Records",0.629,0.509,0,-8.1,0,0.0809,0.475,0,0.0727,0.389,78.99,1
spotify:track:5CzhAD9QczjC4IYwmlfDPH,"スウェイ・イット・フラ・ガール","Bossa Hula Nova","Lisa Ono",2001-07-11,265933,56,false,5o8x11qqf7lxqq5f4sirhivr4,2023-07-19T00:55:55Z,"bossa nova,bolero","Universal Music LLC",0.677,0.324,10,-12.724,1,0.0411,0.865,0.0325,0.182,0.694,120.781,4
spotify:track:2FLYX2Vpal3XjFJBGLNafu,"DRIVES","SENSES VOL. 1","James Tillman;Musella Creative",2022-08-26,101354,21,false,5o8x11qqf7lxqq5f4sirhivr4,2023-07-19T15:58:56Z,"indie jazz,neo soul","Musella Creative",0.74,0.457,4,-10.962,0,0.139,0.325,0.0204,0.188,0.481,128.111,4
spotify:track:4wPyzd0zhyYBQO7LMfmzCg,"Fate","Foot of the Hill","elise",2021-08-20,125744,24,false,5o8x11qqf7lxqq5f4sirhivr4,2023-07-19T15:59:00Z,"","BLVCK Kosher Independents",0.495,0.484,5,-14.844,0,0.0534,0.429,0.00125,0.366,0.526,188.09,4
spotify:track:75w90hoCMVISvw80Kqbznq,"U","Forward","Paul Grant;Brayla",2023-06-16,169500,50,false,5o8x11qqf7lxqq5f4sirhivr4,2023-07-19T16:17:45Z,"jazz beats,nu jazz,neo soul","DeepMatter Records",0.611,0.649,7,-7.117,1,0.0688,0.83,0.339,0.214,0.402,80.011,4
spotify:track:348NF6vX0Yh22xvH0EZEro,"NIGHT DANCER","NIGHT DANCER","imase",2022-08-19,210948,76,false,5o8x11qqf7lxqq5f4sirhivr4,2023-07-19T21:33:35Z,"j-pop","Universal Music LLC",0.911,0.585,7,-8.078,0,0.0735,0.0945,0,0.134,0.851,117.06,4
spotify:track:0NaUT74rJ0NHS62fewzatU,"I LOVE YOU HOE (w/ 9lives)","3x3","Odetari;9lives",2023-07-12,126600,68,true,5o8x11qqf7lxqq5f4sirhivr4,2023-07-21T01:02:05Z,"hyperpop,jersey club","APG Inc. - Odetari",0.477,0.565,1,-8.3,1,0.0334,0.000195,0.0011,0.193,0.0399,151.928,4
spotify:track:4PZaWcsoVF1w6ZjH77Llm6,"ICE SPICE HMU (w/ 9lives)","3x3","Odetari;9lives",2023-07-12,129600,48,true,5o8x11qqf7lxqq5f4sirhivr4,2023-07-21T01:17:39Z,"hyperpop,jersey club","APG Inc. - Odetari",0.4,0.937,9,-6.42,0,0.372,0.0175,0.00000373,0.367,0.514,75.134,4
spotify:track:3E0qbzENHXGixehNHr6Hsr,"Joint 3","Some Things Take Time","Cisco Swank;Luke Titus;Malaya",2022-04-15,135000,21,true,5o8x11qqf7lxqq5f4sirhivr4,2023-07-21T14:08:35Z,"","Sooper Records",0.66,0.736,1,-6.093,1,0.038,0.0641,0.000107,0.113,0.672,103.863,4
spotify:track:02wk5BttM0QL38ERjLPQJB,"Cool With You","NewJeans 2nd EP 'Get Up'","NewJeans",2023-07-21,147880,75,false,5o8x11qqf7lxqq5f4sirhivr4,2023-07-21T14:47:48Z,"k-pop","ADOR",0.752,0.65,5,-6.683,0,0.12,0.653,0.00136,0.105,0.532,134.993,4
spotify:track:1wUnuiXMMvhudmzvcCtlZP,"Get Up","NewJeans 2nd EP 'Get Up'","NewJeans",2023-07-21,36226,72,false,5o8x11qqf7lxqq5f4sirhivr4,2023-07-21T15:39:22Z,"k-pop","ADOR",0.525,0.526,5,-7.03,1,0.0534,0.634,0.127,0.103,0.562,85.274,3
spotify:track:5JYPXqMwYc0zTODQdjMEZN,"Deli","Like..? (Deluxe)","Ice Spice",2023-07-21,126857,71,true,5o8x11qqf7lxqq5f4sirhivr4,2023-07-21T21:18:17Z,"","10K Projects/Capitol Records",0.793,0.768,1,-6.244,1,0.144,0.118,0.0000365,0.114,0.261,140.141,4
spotify:track:4QhnNyKDsAkXPwHkSnuc89,"Eve, Psyche & The Bluebeard’s wife","UNFORGIVEN","LE SSERAFIM",2023-05-01,185538,74,false,5o8x11qqf7lxqq5f4sirhivr4,2023-07-21T22:23:00Z,"k-pop","SOURCE MUSIC",0.663,0.872,11,-5.056,1,0.2,0.0153,0,0.0519,0.626,142.951,4
spotify:track:4QDkb8jDDi2M9MWyQbF6UL,"U could tëll","Up 2 Më","Yeat",2021-09-10,148793,63,true,5o8x11qqf7lxqq5f4sirhivr4,2023-07-22T12:40:20Z,"rage rap","TwizzyRich",0.709,0.527,11,-9.371,0,0.283,0.0553,0,0.108,0.342,142.043,4
spotify:track:1L9QMIM4agEbJzJiRCd9ZB,"Cordeiro de Nanã","Brazil","João Gilberto;Caetano Veloso;Gilberto Gil",2013-10-29,76293,0,false,5o8x11qqf7lxqq5f4sirhivr4,2023-07-22T18:28:24Z,"bossa nova,brazilian jazz,samba,latin jazz,cool jazz,jazz,mpb,forró tradicional","West Wind",0.636,0.159,2,-22.981,0,0.0559,0.977,0.389,0.0831,0.334,113.477,4
spotify:track:7MTmPkKezlfu5imj1irLpH,"Eastside","Eastside","DAISY",2021-10-08,334360,28,true,5o8x11qqf7lxqq5f4sirhivr4,2023-07-23T02:59:21Z,"","Nice Work",0.628,0.376,4,-6.75,1,0.0428,0.44,0.00000152,0.293,0.507,71.949,4
spotify:track:5nsNIkhHNiatcdavaoGkly,"About A Gemini, Pt. 3","Into The Blue Light","ImaniCarolyn;SZA",2022-07-27,218054,38,true,5o8x11qqf7lxqq5f4sirhivr4,2023-07-23T02:59:58Z,"r&b","SQUIDSWORLD",0.413,0.395,8,-10.262,0,0.068,0.803,0,0.107,0.208,178.074,4
spotify:track:4fVXcxsXPW5lhy5ut9biHB,"Lose Control","Bittersweet","Amaria",2021-08-18,181831,28,false,5o8x11qqf7lxqq5f4sirhivr4,2023-07-23T03:20:45Z,"alternative r&b,neo soul","Fashionably Early Records LLC",0.782,0.385,0,-8.325,1,0.0544,0.424,0.0000233,0.0993,0.644,129.072,4
spotify:track:1Ry0wBREk2niZzLB9OfbdG,"picnic","picnic","DAISY WORLD",2021-12-10,239178,21,false,5o8x11qqf7lxqq5f4sirhivr4,2023-07-23T03:20:49Z,"","Independent",0.342,0.285,2,-11.398,0,0.0316,0.798,0.000823,0.111,0.17,117.663,4
spotify:track:1iGOI54dl6Ps1kYlSpPZzg,"Overseas","It Is What It Is","Thundercat;Zack Fox",2020-04-03,88453,52,false,5o8x11qqf7lxqq5f4sirhivr4,2023-07-23T03:20:57Z,"","Brainfeeder",0.849,0.604,2,-8.464,0,0.0338,0.44,0.0915,0.78,0.714,119.945,4
spotify:track:4tiAINaX0N8uHN9yFLfd9V,"Swing My Way","Foot of the Hill","elise",2021-08-20,166903,21,false,5o8x11qqf7lxqq5f4sirhivr4,2023-07-23T03:21:07Z,"","BLVCK Kosher Independents",0.469,0.376,4,-14.283,0,0.038,0.89,0.328,0.112,0.0694,94.938,4
spotify:track:1LsGcCJQcB9fTjjf4nOb0P,"Do I Make You Nervous","Do I Make You Nervous","Dreamer Isioma",2019-08-15,190080,42,false,5o8x11qqf7lxqq5f4sirhivr4,2023-07-23T03:21:08Z,"alternative r&b","Dreamer Isioma LLC",0.473,0.422,7,-11.454,1,0.191,0.134,0.00057,0.143,0.656,130.922,4
spotify:track:0QcS4DBl3Dhfv0F0nARK3M,"ego talkin'","lost a friend","Saint Harison",2023-05-03,174637,56,false,5o8x11qqf7lxqq5f4sirhivr4,2023-07-23T04:45:01Z,"uk r&b","Platoon",0.501,0.486,5,-7.893,1,0.0379,0.0545,0.00000719,0.104,0.0783,132.066,4
spotify:track:4QzZVJc6qPTtTkPem7qZRo,"The Lamp Is Low","Classical Current","Laurindo Almeida",1969-09-15,170790,68,false,5o8x11qqf7lxqq5f4sirhivr4,2023-07-23T05:12:56Z,"brazilian jazz,bossa nova","Warner Records, Inc.",0.486,0.313,7,-14.323,1,0.0252,0.894,0.948,0.167,0.199,102.605,4
spotify:track:1S7O1gj876LSrgGqvuYhv3,"Wait On You","Two4Two","Jay Worthy;Leven Kali;Na-Kel Smith",2021-10-23,112495,51,true,5o8x11qqf7lxqq5f4sirhivr4,2023-07-23T17:32:49Z,"g-funk,west coast hip hop,experimental hip hop","GDF Records / EMPIRE",0.739,0.707,1,-7.766,1,0.283,0.645,0.00000738,0.104,0.833,78.97,4
spotify:track:1LlQI0PyVcf9iiDPbSLxFp,"Luna, amore e no","Amore mio aiutami (Original Motion Picture Soundtrack)","Piero Piccioni",1969,122066,56,false,5o8x11qqf7lxqq5f4sirhivr4,2023-07-25T02:08:09Z,"","Universal Music Publishing Ricordi srl",0.17,0.265,3,-13.989,1,0.0343,0.968,0.927,0.294,0.19,86.968,4
spotify:track:4CCrZzRdeWYrWJ0DoN4XCa,"FreakyT","I Can't Wait","TiaCorine",2022-09-09,134322,0,true,5o8x11qqf7lxqq5f4sirhivr4,2023-07-25T22:42:26Z,"","South Coast Music Group, LLC",0.81,0.541,0,-7.482,0,0.0631,0.237,0.00049,0.121,0.14,142.885,4
spotify:track:6WzRpISELf3YglGAh7TXcG,"Popular (with Playboi Carti & Madonna) - From The Idol Vol. 1 (Music from the HBO Original Series)","Popular (Music from the HBO Original Series)","The Weeknd;Playboi Carti;Madonna",2023-06-02,215466,84,true,5o8x11qqf7lxqq5f4sirhivr4,2023-07-26T01:53:22Z,"rage rap","XO / Republic Records",0.854,0.674,1,-6.23,1,0.184,0.0517,0.0000853,0.509,0.848,99.022,4
spotify:track:3rv9CRv3T4sz3u4JMooWY4,"HIROGARU-NAMIDA","For Lovers","Lamp",2004-02-11,274200,48,false,5o8x11qqf7lxqq5f4sirhivr4,2023-07-26T05:03:59Z,"shibuya-kei,japanese indie,city pop","Botanical House",0.504,0.545,6,-5.285,0,0.0274,0.751,0.0000062,0.249,0.425,113.881,4
spotify:track:4IdQZXMOooaIRoP7N2qCn8,"My Neighbor Totoro","My Neighbor Totoro Image Song Collection","Azumi Inoue",1987,258826,56,false,5o8x11qqf7lxqq5f4sirhivr4,2023-07-26T05:05:54Z,"anime","Joe Hisaishi",0.703,0.713,5,-7.89,1,0.0281,0.564,0,0.082,0.925,129.193,4
spotify:track:23uUytja1B1mUOOIoygf6u,"Angels in Tibet","Fountain Baby","Amaarae",2023-06-09,142613,68,true,5o8x11qqf7lxqq5f4sirhivr4,2023-07-26T17:15:59Z,"alté,afrobeats,afro r&b","Golden Angel/ Interscope Records",0.798,0.664,5,-6.043,0,0.102,0.282,0.294,0.135,0.555,140.038,4
spotify:track:0rD5giObodw4ahrR9i4rpl,"Di Di Di","Di Di Di","Braulio Fogon;Don Forty Five;Yomel El Meloso",2021-11-24,193639,42,false,5o8x11qqf7lxqq5f4sirhivr4,2023-07-27T02:22:30Z,"dembow","Napoles Record",0.849,0.676,1,-8.54,1,0.371,0.00508,0,0.0537,0.337,113.95,4
spotify:track:14Vsn26hOxfbgVb4etM9jd,"LDR - Sped Up","Shoti Sped Up","Shoti",2023-05-13,165427,0,false,5o8x11qqf7lxqq5f4sirhivr4,2023-07-28T21:50:15Z,"","7th Street Records",0.795,0.406,9,-10.286,1,0.0571,0.64,0.000228,0.0972,0.281,127.695,4
spotify:track:76gcXhY3Zv6wW0BTe9nHJo,"TIL FURTHER NOTICE (feat. James Blake & 21 Savage)","UTOPIA","Travis Scott;James Blake;21 Savage",2023-07-28,314836,75,true,5o8x11qqf7lxqq5f4sirhivr4,2023-07-29T15:15:38Z,"rap","Cactus Jack/Epic",0.65,0.659,3,-6.522,0,0.123,0.174,0.00772,0.126,0.154,76.985,4
spotify:track:7oyZBFN3b4fwWocws5NBcY,"Against Me","I Used To Know Her","H.E.R.",2019-08-30,270712,46,true,5o8x11qqf7lxqq5f4sirhivr4,2023-07-29T18:08:27Z,"r&b","MBK Entertainment/RCA Records",0.477,0.344,6,-11.695,0,0.388,0.378,0,0.146,0.0831,46.54,3
spotify:track:3RcN17kIelCyGUxaEKVVJS,"BELIEVE","LVL5 P1","BKTHERULA",2023-02-17,130285,34,true,5o8x11qqf7lxqq5f4sirhivr4,2023-07-29T22:47:48Z,"","Warner Records",0.546,0.447,5,-8.22,0,0.0317,0.0469,0.000305,0.0921,0.081,139.556,4
spotify:track:6xwQS49tTYgLQNPGnfWV2H,"Thinkin Bout You","LOG","KATIE",2019-05-22,263592,49,false,5o8x11qqf7lxqq5f4sirhivr4,2023-07-29T22:51:13Z,"","AXIS",0.74,0.373,0,-6.53,1,0.0366,0.606,0,0.0944,0.321,120.105,4
spotify:track:609E1JCInJncactoMmkDon,"BESO","RR","ROSALÍA;Rauw Alejandro",2023-03-24,194543,81,false,5o8x11qqf7lxqq5f4sirhivr4,2023-07-30T00:19:02Z,"latin,reggaeton,urbano latino,trap latino","Columbia Records/Duars Entertainment/Sony Music Latin",0.768,0.644,5,-6.671,0,0.136,0.736,0.000837,0.173,0.53,95.05,4
spotify:track:0k4C2siRScZQAb7eIEQDI5,"Talk To Me Nice","Talk To Me Nice","Tinashe",2023-07-21,229844,38,false,5o8x11qqf7lxqq5f4sirhivr4,2023-07-30T15:30:34Z,"alternative r&b","Tinashe Music Inc., under exclusive license to Nice Life Recording Company",0.803,0.49,8,-8.4,1,0.0617,0.61,0.0289,0.112,0.207,75.515,4
spotify:track:0OEe83mMZ5kaNw5uZQ7ilG,"DELRESTO (ECHOES) (feat. Beyoncé)","UTOPIA","Travis Scott;Beyoncé",2023-07-28,274137,61,false,5o8x11qqf7lxqq5f4sirhivr4,2023-07-30T15:30:39Z,"rap","Cactus Jack/Epic",0.674,0.609,2,-6.306,0,0.045,0.461,0,0.328,0.509,116.066,4
spotify:track:5U5QLfYdaDd6frf5I70Xqs,"L.O.V.E. (feat. EARTHGANG, Jon Batiste & Sherwyn)","Groove Continental: Side A","Yung Bae;EARTHGANG;Jon Batiste;Sherwyn",2022-03-04,169200,34,false,5o8x11qqf7lxqq5f4sirhivr4,2023-07-30T16:03:08Z,"vaporwave,city pop,nu disco","Arista Records",0.81,0.786,9,-4.833,1,0.0485,0.000312,0,0.23,0.642,111.056,4
spotify:track:05d3KM9JTyNnnWIjo8PKvf,"Haupe","Anatomy of a Murder","Duke Ellington",1959,156306,46,false,5o8x11qqf7lxqq5f4sirhivr4,2023-07-30T16:06:28Z,"jazz,big band,swing music,cool jazz,jazz ballads","Columbia/Legacy",0.415,0.0187,10,-20.209,1,0.0363,0.905,0.194,0.0979,0.14,111.42,4
spotify:track:4mRU47hwfoUSKqAZAUWUbk,"Remain","Borderline","Christian Kuria",2020-01-29,195200,52,false,5o8x11qqf7lxqq5f4sirhivr4,2023-07-30T17:48:04Z,"","Arimé / Christian Kuria",0.692,0.495,2,-9.078,0,0.0335,0.713,0.00443,0.0889,0.435,74.975,4
spotify:track:7wCeO9tpXC1o9tksvqzOLc,"Pass the Water","Pass the Water","Raé Luna",2021-08-07,194673,0,true,5o8x11qqf7lxqq5f4sirhivr4,2023-07-31T20:04:58Z,"","Equity Distribution",0.482,0.53,5,-7.514,1,0.178,0.898,0,0.248,0.384,78.917,4
spotify:track:6dBUzqjtbnIa1TwYbyw5CM,"Lovers Rock","French Exit","TV Girl",2014-06-05,213920,89,false,5o8x11qqf7lxqq5f4sirhivr4,2023-07-31T20:11:57Z,"","TV Girl",0.559,0.871,5,-5.338,0,0.0397,0.00000753,0.00545,0.096,0.572,104.97,4
spotify:track:1De7cOMrdUnVpjWBaowMg4,"Ex For A Reason (with JT from City Girls)","Still Over It","Summer Walker;JT;City Girls",2021-11-05,225502,65,true,5o8x11qqf7lxqq5f4sirhivr4,2023-07-31T21:16:51Z,"r&b","LVRN/Interscope Records",0.726,0.728,11,-5.775,0,0.0408,0.239,0,0.177,0.566,115.047,4
spotify:track:0dlP9SnqQa5k1A9mReybFb,"Treat Me Like A Slut","Slut Pop","Kim Petras",2022-02-11,118153,64,true,5o8x11qqf7lxqq5f4sirhivr4,2023-08-03T15:42:02Z,"","Republic Records",0.914,0.696,11,-4.482,0,0.134,0.00225,0.0000797,0.0979,0.572,130.028,4
spotify:track:7IWJTrZvS11K1ziaS3JvYT,"Nice Body (feat. Jorja Smith)","Beautiful And Brutal Yard","J Hus;Jorja Smith",2023-07-14,214266,51,true,5o8x11qqf7lxqq5f4sirhivr4,2023-08-03T22:53:09Z,"afroswing,grime,uk grime,afrobeats,uk r&b","Black Butter",0.52,0.528,10,-7.549,0,0.16,0.0285,0,0.115,0.285,137.966,4
spotify:track:5QDGKcQLqOJvoiu8eScEaM,"Let Em' Know","T R A P S O U L","Bryson Tiller",2015-10-02,261878,79,true,5o8x11qqf7lxqq5f4sirhivr4,2023-08-03T23:51:21Z,"trap soul,r&b","TrapSoul/RCA Records",0.489,0.406,9,-11.44,1,0.232,0.0336,0,0.344,0.178,110.551,4
spotify:track:6htWGNhskc5f0Xke88Vn5z,"Turn Your Phone Off","Turn Your Phone Off","PinkPantheress;Destroy Lonely",2023-07-14,176160,58,false,5o8x11qqf7lxqq5f4sirhivr4,2023-08-04T00:29:27Z,"bedroom pop,rage rap","Warner Records",0.665,0.633,6,-9.163,1,0.0504,0.00199,0.392,0.0795,0.577,174.775,4
spotify:track:4PzxlHzDM3bDafkHjg1XCX,"Muñekita (with El Alfa & JT)","Muñekita (with El Alfa & JT)","Kali Uchis;El Alfa;JT",2023-08-04,219642,63,true,5o8x11qqf7lxqq5f4sirhivr4,2023-08-04T14:48:21Z,"dembow,urbano latino,latin","Geffen Records",0.784,0.819,0,-3.417,1,0.168,0.0663,0.000896,0.292,0.546,111.976,4
spotify:track:7r2DoJ1tzl12CJ3fbsmoUT,"anatomy","anatomy","kenzie",2023-07-21,182073,58,false,5o8x11qqf7lxqq5f4sirhivr4,2023-08-05T05:28:10Z,"","Hollywood Records",0.51,0.202,0,-13.051,1,0.0477,0.883,0.00000159,0.119,0.139,104.967,4
spotify:track:3t844ssjXzE9M3SDtUxTI4,"Eternal Sunshine","Souled Out (Deluxe)","Jhené Aiko",2014-09-08,210640,59,false,5o8x11qqf7lxqq5f4sirhivr4,2023-08-06T18:20:38Z,"r&b","Def Jam Recordings",0.448,0.406,2,-11.42,1,0.0483,0.791,0.00231,0.112,0.0504,147.912,4
spotify:track:1rqduvolf1CVHSzY519bPp,"Hello","But You Caint Use My Phone (Mixtape)","Erykah Badu",2015-11-27,319958,52,true,5o8x11qqf7lxqq5f4sirhivr4,2023-08-09T14:18:20Z,"neo soul,r&b","Erykah Badu",0.437,0.526,11,-5.876,0,0.174,0.643,0,0.325,0.394,76.162,4
spotify:track:2YeKQ7zSBbalFl5K0EpEgH,"Uno Dos","¿Téo?","¿Téo?;Jaden Smith",2018-09-13,170125,57,false,5o8x11qqf7lxqq5f4sirhivr4,2023-08-10T02:17:25Z,"","49 Digits LLC",0.812,0.663,6,-10.283,0,0.0636,0.353,0.000236,0.0855,0.707,140.006,4
spotify:track:2jIeTDKCMcpyEzR3KCnIfW,"Uno Se Cura","El Sonero Quel El Pueblo Prefiere","Raulin Rosendo",1998,332493,68,false,5o8x11qqf7lxqq5f4sirhivr4,2023-08-10T02:17:40Z,"salsa","A&E Latin Music",0.803,0.703,7,-7.58,1,0.0365,0.566,0.00066,0.0711,0.875,99.426,4
spotify:track:4KUaf1EKWp9YsNMJlH6PcE,"SOS","LONGO MAÏ","Enchantée Julia",2022-06-03,163853,18,false,5o8x11qqf7lxqq5f4sirhivr4,2023-08-10T04:02:21Z,"french r&b,french indie pop","Maison La Chapelle",0.656,0.507,11,-10.408,0,0.0787,0.686,0.0736,0.0788,0.275,132.992,4
spotify:track:6ygEPi8EtVkUO0Xarcgs63,"MOTOMAMI","MOTOMAMI","ROSALÍA",2022-03-18,61422,57,false,5o8x11qqf7lxqq5f4sirhivr4,2023-08-12T01:53:16Z,"latin","Columbia",0.887,0.331,2,-7.669,1,0.465,0.637,0.00532,0.0958,0.686,120.022,4
spotify:track:24FIB4DsWiwN05nviYNXZh,"Link Up","Songs For You","Tinashe",2019-11-21,208329,0,true,5o8x11qqf7lxqq5f4sirhivr4,2023-08-12T05:36:13Z,"alternative r&b","Tinashe Music Inc, under exclusive license to Equity Distribution",0.861,0.554,8,-7.279,1,0.0915,0.0453,0.00475,0.101,0.749,82.497,1
spotify:track:4CqSF73VXQcpDTXsCy97CV,"Tryna Smoke","Chilombo","Jhené Aiko;Micahfonecheck",2020-03-06,269853,47,true,5o8x11qqf7lxqq5f4sirhivr4,2023-08-14T03:16:02Z,"r&b","Def Jam Recordings",0.643,0.451,8,-11.078,1,0.154,0.39,0.000042,0.593,0.779,149.85,4
spotify:track:187zHzb6JDM4YDSFNGkQ9u,"LANCEY OR LANCEY","LIFE IN HELL","Lancey Foux",2022-10-28,187893,57,true,5o8x11qqf7lxqq5f4sirhivr4,2023-08-15T16:07:42Z,"rage rap","PSYKE. / Human Re Sources",0.456,0.571,1,-4.431,1,0.185,0.0354,0,0.148,0.121,159.929,4
spotify:track:5dFG12OQz10CbUFZIYH0gv,"Un Millón","CINEMA","The Marías",2021-06-25,167386,65,false,5o8x11qqf7lxqq5f4sirhivr4,2023-08-16T04:34:47Z,"bedroom pop","Nice Life/Atlantic",0.748,0.464,0,-8.527,1,0.135,0.24,0.0747,0.0726,0.226,176.026,4
spotify:track:2OtTD3gAHMkPKZK9BHZQ7p,"HYPNOTIC","HYPNOTIC","REHMA",2023-08-17,134260,31,false,5o8x11qqf7lxqq5f4sirhivr4,2023-08-17T04:09:17Z,"","REHMA",0.36,0.627,0,-7.529,0,0.0568,0.0641,0.0000574,0.147,0.087,125.375,4
spotify:track:36lVpg8hgy37iZEazTOJBb,"Blue Gangsta","XSCAPE","Michael Jackson",2014-05-09,253826,77,false,5o8x11qqf7lxqq5f4sirhivr4,2023-08-17T15:01:37Z,"","Epic/MJJ",0.624,0.701,6,-4.122,0,0.0527,0.177,0,0.0506,0.327,124.047,4
spotify:track:3liiZRlJxa8GeLUgWMoIeu,"Once Upon a Dream - From ""Maleficent"" / Pop Version","Once Upon a Dream (from ""Maleficent"") [Original Motion Picture Soundtrack]","Lana Del Rey",2014-01-01,203080,71,false,5o8x11qqf7lxqq5f4sirhivr4,2023-08-17T18:41:05Z,"","Walt Disney Records",0.289,0.274,5,-16.574,1,0.0353,0.659,0.0166,0.109,0.167,119.997,3
spotify:track:4UpBPaIMx7OoFpjeNdXfMn,"Young Love","Rose in the Dark","Cleo Sol",2020-03-27,264710,56,false,5o8x11qqf7lxqq5f4sirhivr4,2023-08-18T01:21:54Z,"neo soul,alternative r&b,uk r&b","Forever Living Originals",0.477,0.484,0,-7.821,1,0.0529,0.633,0.00000183,0.11,0.573,135.592,4
spotify:track:33cVecSipAUO7S6T1OCBty,"Slow Running","Slow Running","Miso",2021-05-06,226363,31,false,5o8x11qqf7lxqq5f4sirhivr4,2023-08-19T02:33:36Z,"","Universal Music Ltd.",0.582,0.438,6,-8.698,1,0.0803,0.782,0.00974,0.0921,0.396,88.015,4
spotify:track:2ZePtlVh7zuwJuRsyDf0wv,"Satellite","Satellite","quickly, quickly",2023-04-11,179776,18,false,5o8x11qqf7lxqq5f4sirhivr4,2023-08-19T02:33:42Z,"lo-fi,lo-fi beats,lo-fi hip hop","Ghostly International",0.582,0.676,7,-9.548,0,0.11,0.267,0.477,0.652,0.501,139.012,4
spotify:track:1el1feH98jWUrPpYmu5jN8,"Sunshine","Mother","Cleo Sol",2021-08-20,262960,68,false,5o8x11qqf7lxqq5f4sirhivr4,2023-08-20T03:34:12Z,"neo soul,alternative r&b,uk r&b","Forever Living Originals",0.626,0.265,2,-15.297,0,0.0738,0.623,0.0689,0.125,0.054,86.106,4
spotify:track:6S5dMjMifQYmyTu1mX4f8P,"Blame","Blame","Bryson Tiller",2019-07-26,127028,64,true,5o8x11qqf7lxqq5f4sirhivr4,2023-08-21T02:44:24Z,"trap soul,r&b","TrapSoul/RCA Records",0.729,0.38,11,-8.558,0,0.099,0.0319,0.0000501,0.119,0.323,114.975,4
spotify:track:34lGv6KdMFWZtsvvVcnp8S,"BABY I'M HOME (w/ Kanii & 9lives)","BABY I'M HOME (w/ Kanii & 9lives)","Odetari;Kanii;9lives",2023-08-16,208938,55,true,5o8x11qqf7lxqq5f4sirhivr4,2023-08-21T23:11:49Z,"hyperpop,jersey club","APG Inc. - Odetari",0.685,0.705,6,-5.466,0,0.0323,0.0143,0.000205,0.111,0.202,90.475,4
spotify:track:2p1qmpFg41n0XMBNGuMzoE,"A New Kind Of Love - Demo","Off Cuts","Frou Frou;Imogen Heap;Guy Sigsworth",2022-06-03,260733,68,false,5o8x11qqf7lxqq5f4sirhivr4,2023-08-22T05:39:24Z,"","Megaphonic",0.673,0.481,9,-13.296,1,0.0334,0.16,0.00467,0.122,0.342,132.965,4
spotify:track:1zLABxSjlk4AQbbXvDGADY,"Kill 'Em With A Stare","Room Thirteen","Thin Blue Collective",2022-08-19,175664,1,true,5o8x11qqf7lxqq5f4sirhivr4,2023-08-22T16:53:17Z,"","Dirty Bleu Records",0.87,0.586,11,-6.402,0,0.225,0.0691,0.00408,0.21,0.512,122.967,4
spotify:track:2xC3aQCmwgsW7ChDlJxLca,"Back On 74","Back On 74","Jungle",2023-07-27,209482,0,false,5o8x11qqf7lxqq5f4sirhivr4,2023-08-23T03:10:01Z,"","Caiola Records",0.62,0.761,10,-7.282,0,0.175,0.207,0.000147,0.269,0.194,146.003,4
spotify:track:6DoGtGyDgv5mVxeCpP92tX,"Kitty Kat","Something for Thee Hotties","Megan Thee Stallion",2021-10-29,125030,70,true,5o8x11qqf7lxqq5f4sirhivr4,2023-08-24T03:28:18Z,"","300 Entertainment",0.983,0.86,9,-3.583,1,0.0829,0.0131,0,0.0859,0.88,126.039,4
spotify:track:18yYhT8fTVjFK9IBPiows6,"Read My Mind","Lianne La Havas","Lianne La Havas",2020-07-17,288453,50,false,5o8x11qqf7lxqq5f4sirhivr4,2023-08-25T06:13:37Z,"alternative r&b,soul,pop soul","Warner Records",0.65,0.445,4,-9.621,0,0.0542,0.148,0.000145,0.38,0.442,94.015,4
spotify:track:0oDQjpCMDxJpV3oFMAbWZJ,"Cameo","HYPNOS","Ravyn Lenae",2022-05-20,84426,38,true,5o8x11qqf7lxqq5f4sirhivr4,2023-08-25T06:13:43Z,"alternative r&b,indie soul","Atlantic Records",0.482,0.443,1,-6.52,1,0.0436,0.436,0.00601,0.0587,0.405,153.808,3
spotify:track:4uEqDPi2ZC7S4RabDJ2lnr,"Like That!","Like That!","Laila!",2023-03-02,169403,0,false,5o8x11qqf7lxqq5f4sirhivr4,2023-08-25T06:13:50Z,"sexy drill","5002529 Records DK",0.525,0.577,4,-8.952,1,0.073,0.261,0,0.122,0.141,119.983,4
spotify:track:6LCSYQNqqXMVNWPoc2q8UE,"i do luv u","i do luv u","okayceci",2023-05-04,148775,40,false,5o8x11qqf7lxqq5f4sirhivr4,2023-08-25T06:13:57Z,"bedroom pop","Opposition",0.658,0.48,3,-9.641,0,0.025,0.749,0.00639,0.267,0.346,98.004,4
spotify:track:1axghhfOmj6V4vPCbJtSqX,"Like It Like That (feat. Chief Adjuah)","Nova","Terrace Martin;James Fauntleroy;Chief Adjuah",2023-08-25,188186,0,false,5o8x11qqf7lxqq5f4sirhivr4,2023-08-30T21:15:42Z,"neo soul,jazz,experimental jazz,nu jazz","BMG Rights Management (US) LLC",0.719,0.499,4,-11.902,0,0.0566,0.0117,0.318,0.14,0.471,103.997,4
spotify:track:00zk0uua6s2ifh0Nc3ppfW,"Nun id change","AftërLyfe","Yeat",2023-02-24,211253,71,true,5o8x11qqf7lxqq5f4sirhivr4,2023-08-31T19:54:00Z,"rage rap","Field Trip Recordings/Geffen Records",0.768,0.575,2,-12.155,1,0.0927,0.0346,0.722,0.123,0.145,100.003,4
spotify:track:5aIVCx5tnk0ntmdiinnYvw,"Water","Water","Tyla",2023-07-28,200255,86,false,5o8x11qqf7lxqq5f4sirhivr4,2023-08-31T19:54:05Z,"afrobeats","FAX Records/Epic",0.673,0.722,3,-3.495,0,0.0755,0.0856,0,0.137,0.519,117.187,4
spotify:track:0cJTBlSiodwtdA5vdIbHhB,"Pretend Lovers","Her Love Still Haunts Me Like a Ghost","Montell Fish",2022-10-28,193671,43,false,5o8x11qqf7lxqq5f4sirhivr4,2023-08-31T20:20:34Z,"christian lo-fi","Lord’s Child, LLC",0.647,0.387,8,-7.173,1,0.25,0.925,0.0288,0.104,0.397,120.039,5
spotify:track:0iTrYSvCB4NDvQR3DsFt6T,"supїdo","supїdo","фрози",2023-08-11,110125,60,false,5o8x11qqf7lxqq5f4sirhivr4,2023-09-01T20:26:48Z,"","фрози",0.702,0.744,7,-8.41,0,0.0427,0.00922,0.841,0.23,0.197,134.963,4
spotify:track:5C9anXz5T3PY3A5YkH66cn,"Pretty Little Thing","Volcano","Jungle;Bas",2023-08-11,181599,52,true,5o8x11qqf7lxqq5f4sirhivr4,2023-09-01T20:38:55Z,"","Caiola Records",0.722,0.417,2,-7.707,1,0.103,0.661,0.0268,0.1,0.28,81.895,4
spotify:track:6u7gmPOz7pzzaeR9xSBpsR,"my hair","Positions","Ariana Grande",2020-10-30,158436,66,false,5o8x11qqf7lxqq5f4sirhivr4,2023-09-02T20:19:14Z,"pop","Republic Records",0.686,0.526,0,-6.842,1,0.0374,0.0815,0.00000775,0.144,0.372,92.013,4
spotify:track:6KfO5tEll4owFUX2vbFcVG,"Intro","Christmas & Chill","Ariana Grande",2015-12-18,65693,43,false,5o8x11qqf7lxqq5f4sirhivr4,2023-09-03T19:03:57Z,"pop","Universal Records",0.707,0.325,2,-11.774,0,0.0458,0.000462,0,0.119,0.313,118.975,4
spotify:track:0P11qKeHWhUy0rDPeY8dyB,"Out Loud (feat. Kehlani)","Broken Hearts Club","Syd;Kehlani",2022-04-08,203036,47,false,5o8x11qqf7lxqq5f4sirhivr4,2023-09-04T18:35:38Z,"alternative r&b","Columbia",0.565,0.364,6,-9.512,1,0.2,0.328,0,0.108,0.527,155.705,3
spotify:track:7qS84IugBScFPcE3WYVHR9,"The Girl From Ipanema","Guitar From Ipanema","Laurindo Almeida",1964-01-01,139600,34,false,5o8x11qqf7lxqq5f4sirhivr4,2023-09-04T18:39:18Z,"brazilian jazz,bossa nova","Capitol Records",0.58,0.233,8,-17.448,1,0.0591,0.925,0.931,0.163,0.643,80.821,4
spotify:track:60jQTAr2OkFcV4SWSRz3st,"Emotions","Emotions","Brenda Lee",1961-04-03,171226,65,false,5o8x11qqf7lxqq5f4sirhivr4,2023-09-04T19:38:30Z,"christmas","MCA Nashville",0.466,0.416,5,-8.249,1,0.026,0.742,0.00000504,0.249,0.516,98.78,3
spotify:track:6rqj2zeKhLy3exkuFi6mSz,"Answer","Wolf","Tyler, The Creator",2013-04-01,230090,72,true,5o8x11qqf7lxqq5f4sirhivr4,2023-09-04T20:14:31Z,"","Odd Future",0.352,0.838,8,-6.465,0,0.0496,0.00329,0.00000574,0.115,0.475,72.291,4
spotify:track:1jf3wYtynxiPOdhqAp3cUN,"The Masquerade Is Over","Nancy Wilson/Cannonball Adderley","Nancy Wilson;Cannonball Adderley",1962,258106,55,false,5o8x11qqf7lxqq5f4sirhivr4,2023-09-04T22:02:41Z,"vocal jazz,jazz,jazz ballads,hard bop,bebop,cool jazz","Blue Note Records",0.341,0.0446,10,-18.109,1,0.0348,0.909,0.00785,0.157,0.128,174.365,3
spotify:track:4d1GZHzLa51BDMW8LO9BlW,"Angelina","Angelina","Tommy Genesis",2023-08-09,130298,51,true,5o8x11qqf7lxqq5f4sirhivr4,2023-09-04T23:26:31Z,"","Ultra Records, LLC",0.891,0.412,10,-7.61,0,0.063,0.148,0.0013,0.109,0.578,139.999,4
spotify:track:4uvsFVpFwARxx5lEfcpPmM,"Mulholland","Girl Eats Sun","Hope Tala;sky",2020-11-13,224048,42,true,5o8x11qqf7lxqq5f4sirhivr4,2023-09-05T14:54:25Z,"alternative r&b","EMI",0.838,0.615,7,-5.531,1,0.0617,0.634,0.000522,0.111,0.704,130.032,4
spotify:track:0NVxFntUSEYwPn27lX2J7r,"Doesn't Matter","Doesn't Matter","BENEE",2021-10-27,203685,40,false,5o8x11qqf7lxqq5f4sirhivr4,2023-09-06T13:24:11Z,"","Republic Records",0.681,0.453,7,-8.389,1,0.0358,0.594,0.00012,0.145,0.234,87.995,4
spotify:track:0z3ZZ2JKusRpapstADTxVf,"Dive Into You","Hot Sauce - The 1st Album","NCT DREAM",2021-05-10,192826,57,false,5o8x11qqf7lxqq5f4sirhivr4,2023-09-10T16:13:23Z,"k-pop,noise music","SM Entertainment",0.767,0.715,4,-3.171,1,0.0493,0.23,0,0.139,0.584,75.968,4
spotify:track:3ISOK4T54v6O1g1AB8FiEK,"INVITATION (Feat. Gaeko)","INVITATION (Feat. Gaeko)","JUNNY;Gaeko",2023-07-06,191359,64,false,5o8x11qqf7lxqq5f4sirhivr4,2023-09-12T04:05:51Z,"k-rap","mauve company",0.799,0.849,4,-3.04,0,0.0704,0.0726,0,0.116,0.913,124.032,4
spotify:track:1gXWkgtY1JNOLzjB5ypm1l,"Undertow","Spongebob Hits","Jeremy Wakefield;Sage Guyton",2005,25812,0,false,5o8x11qqf7lxqq5f4sirhivr4,2023-09-12T20:54:06Z,"exotica","Jeremy Wakefield",0.469,0.278,9,-14.916,0,0.0466,0.807,0.93,0.123,0.414,95.815,4
spotify:track:1ljJzwUHz2yslZka3xajtU,"all night","all night","lucidbeatz;Sophia Habib",2023-09-01,182074,47,false,5o8x11qqf7lxqq5f4sirhivr4,2023-09-12T21:22:42Z,"nightcore","Next Chapter Music",0.772,0.24,5,-16.09,0,0.0422,0.897,0.00218,0.109,0.321,116.008,4
spotify:track:6ulEymrJ2Azx1uo3YHSE5w,"Bent","Bent","41;Kyle Richh;Jenn Carter;TaTa",2023-08-04,170267,62,true,5o8x11qqf7lxqq5f4sirhivr4,2023-09-12T21:58:16Z,"new york drill,drill,sexy drill,jersey club,brooklyn drill","Republic Records",0.861,0.617,2,-7.381,1,0.291,0.401,0,0.402,0.258,124.053,4
spotify:track:3NJG6vMH1ZsectZkocMEm0,"Tiimmy Turner","Tiimmy Turner","Desiigner",2016-07-22,239853,67,true,5o8x11qqf7lxqq5f4sirhivr4,2023-09-12T22:46:14Z,"","Getting Out Our Dreams Inc. (G.O.O.D.) Music / IDJ",0.602,0.725,6,-3.054,1,0.0393,0.174,0,0.0786,0.304,122.803,4
spotify:track:7I1T2USneJfcr4zzuGxER1,"Mint","Mint","Floyd Fuji;syd B",2020-03-26,169411,34,true,5o8x11qqf7lxqq5f4sirhivr4,2023-09-13T01:09:59Z,"","Wood On Concrete",0.546,0.488,8,-9.774,1,0.0659,0.615,0.00827,0.114,0.447,67.78,4
spotify:track:66ISooe1vng3OshIhENM1e,"Are You in Love?","Projectors","Kyle Lux",2020-10-28,246176,45,false,5o8x11qqf7lxqq5f4sirhivr4,2023-09-13T01:42:55Z,"","Kyle Lux",0.572,0.442,9,-8.015,0,0.0641,0.273,0.00000226,0.0901,0.203,176.852,3
spotify:track:1kXUjeEyOBgASxve7SLbrd,"Mood Romantica","Tokyo Utopia Tsushin","Lamp",2011-02-09,217600,50,false,5o8x11qqf7lxqq5f4sirhivr4,2023-09-13T01:43:27Z,"shibuya-kei,japanese indie,city pop","P.S.C.",0.584,0.814,0,-5.07,1,0.0365,0.809,0.0605,0.18,0.853,120.63,4
spotify:track:65leXqfkdViSssEVN23uYL,"Mama's Boy","Mama's Boy","Dominic Fike",2023-06-23,155721,70,false,5o8x11qqf7lxqq5f4sirhivr4,2023-09-17T02:21:01Z,"","Columbia",0.807,0.354,9,-7.554,1,0.0321,0.15,0.713,0.186,0.602,78.964,4
spotify:track:2FF003rfmlKnWH7nBbJimw,"O Pato","O Pato","Ebony Loren",2021-05-13,166276,46,false,5o8x11qqf7lxqq5f4sirhivr4,2023-09-17T17:06:43Z,"","Sunflower Records",0.575,0.446,6,-10.704,0,0.0606,0.807,0.0000773,0.112,0.673,165.852,4
spotify:track:3bi38Ij1hlTBjp62XipZr6,"Homesick","Self Portrait","Victor Franco;Hope Tala",2023-08-04,161860,5,false,5o8x11qqf7lxqq5f4sirhivr4,2023-09-18T17:39:27Z,"alternative r&b","TaylaMade Records, Distributed by Venice Music",0.618,0.495,0,-9.307,1,0.148,0.598,0,0.112,0.44,171.95,4
spotify:track:4cwJYLZeVMTjF6o0Nzk9nq,"Floating (feat. Hope Tala)","Lucid","Raveena;Hope Tala",2019-05-31,290866,49,false,5o8x11qqf7lxqq5f4sirhivr4,2023-09-18T17:39:36Z,"alternative r&b,indie soul","Moonstone Recordings, LLC / EMPIRE",0.629,0.361,5,-12.433,1,0.0691,0.832,0.266,0.0695,0.253,86.046,4
spotify:track:34sOdxWu9FljH84UXdRwu1,"all-american bitch","GUTS","Olivia Rodrigo",2023-09-08,165833,78,true,5o8x11qqf7lxqq5f4sirhivr4,2023-09-19T16:19:55Z,"","Olivia Rodrigo PS",0.421,0.695,6,-4.346,1,0.0428,0.218,0.00000297,0.155,0.45,156.344,4
spotify:track:2nh3NYEH0SDwjr0qJAQiDl,"Natural Disaster","Raging Bull (STAMINA)","Romeo + Juliet",2023-07-18,172000,0,false,5o8x11qqf7lxqq5f4sirhivr4,2023-09-20T04:33:57Z,"","The Syndicate",0.558,0.72,4,-7.247,0,0.0416,0.384,0.00158,0.0954,0.531,120.066,4
spotify:track:7FrZRHCFpS6aCLrgmGEd2f,"Favourite","Favourite","SOMOH",2023-08-16,150402,36,false,5o8x11qqf7lxqq5f4sirhivr4,2023-09-20T14:10:43Z,"","Tiny Library Records Under Exclusive Licence To Dance To The Radio",0.626,0.805,7,-6.037,0,0.0749,0.00733,0.0044,0.458,0.754,152.035,4
spotify:track:2R2hUKAdr1ubbKlXsTDkZl,"Blue Voyage","Blue Voyage","SERAPHINE NOIR;REIA",2023-09-01,254080,40,false,5o8x11qqf7lxqq5f4sirhivr4,2023-09-20T21:19:32Z,"jazz fusion,experimental jazz,jazz house","Hip Dozer",0.527,0.661,7,-10.509,0,0.0707,0.26,0.262,0.116,0.338,120.115,4
spotify:track:2Yf0HjCklkx54C4wQzhvzH,"This Night Has Opened My Eyes - 2011 Remaster","Louder Than Bombs","The Smiths",1987,221533,59,false,5o8x11qqf7lxqq5f4sirhivr4,2023-09-22T23:04:59Z,"new wave,madchester,jangle pop","WM UK",0.696,0.628,2,-8.407,1,0.0274,0.00102,0.428,0.272,0.701,100.038,4
spotify:track:1y1FwIRWL6L1idlN8uCA3k,"I'm Good","I'm Good","Ebony Loren",2021-08-30,194933,35,false,5o8x11qqf7lxqq5f4sirhivr4,2023-09-24T23:38:54Z,"","Sunflower Records",0.767,0.327,2,-9.858,1,0.0342,0.27,0,0.122,0.617,85.996,4
spotify:track:0ZDwhNFZnPx9EIPCcwGUHC,"Hell N Back (feat. Summer Walker)","Hell N Back (feat. Summer Walker)","Bakar;Summer Walker",2023-09-21,195147,72,true,5o8x11qqf7lxqq5f4sirhivr4,2023-09-29T01:29:26Z,"r&b","Black Butter",0.64,0.673,5,-4.519,0,0.563,0.288,0.00000215,0.113,0.736,209.942,4
spotify:track:2KnuaZYoGzDoHiBTNYOTXG,"Billie Bossa Nova","Happier Than Ever","Billie Eilish",2021-07-30,196730,78,false,5o8x11qqf7lxqq5f4sirhivr4,2023-09-29T15:51:46Z,"","Darkroom/Interscope Records",0.895,0.389,7,-11.036,0,0.11,0.222,0.0346,0.105,0.549,110.023,4
spotify:track:1dajUab0oDgujkV4hFOD2n,"so much better (feat. Frex)","Take What You Need","Amindi;Frex",2023-09-22,184134,0,true,5o8x11qqf7lxqq5f4sirhivr4,2023-09-29T23:22:36Z,"dancehall","EQT Recordings, LLC",0.762,0.404,8,-5.566,0,0.112,0.606,0.138,0.112,0.644,129.561,4
spotify:track:10EvjZQPysh93UvXgCQ4n1,"Suite: Jonny","Car Therapy Sessions","Faye Webster",2022-04-29,436640,54,false,5o8x11qqf7lxqq5f4sirhivr4,2023-09-30T18:20:45Z,"","Secretly Canadian",0.175,0.255,9,-12.745,0,0.036,0.681,0.026,0.244,0.0987,80.938,3
spotify:track:3iHtZFKpQ0fChtvIzCTZqt,"EN ROUTE","HADJA BANGOURA","HAWA",2022-11-04,125142,14,true,5o8x11qqf7lxqq5f4sirhivr4,2023-09-30T18:36:00Z,"","4AD",0.638,0.604,0,-9.113,1,0.125,0.658,0.00000161,0.101,0.151,139.752,3
spotify:track:5jpp5lgBYjC38ut9XWVK8R,"Belong","Belong","Andrea Chahayed",2022-08-12,186480,49,false,5o8x11qqf7lxqq5f4sirhivr4,2023-09-30T18:36:08Z,"","Andrea Chahayed",0.799,0.573,3,-9.314,0,0.0429,0.377,0.000126,0.317,0.63,125.047,4
spotify:track:4ykxlLzlR2B7OhpkPBMhUW,"Ease Up","Most Wanted (Deluxe)","Jean Deaux;Masego",2022-06-03,221538,36,true,5o8x11qqf7lxqq5f4sirhivr4,2023-09-30T20:58:06Z,"alternative r&b","Duality Records / EMPIRE",0.639,0.54,6,-9,0,0.0613,0.539,0.00000108,0.098,0.376,117.003,4
spotify:track:6oxv6Isn0x28fZh43pviCn,"two door tiffany","quinn","osquinn",2022-07-22,186485,34,true,5o8x11qqf7lxqq5f4sirhivr4,2023-09-30T20:58:20Z,"hyperpop,glitch","deadAir",0.578,0.831,1,-8.214,0,0.15,0.00452,0.804,0.293,0.555,171.499,4
spotify:track:0U0Yhn4VLwnHvACOPKsgJ5,"CLEARED - Remix","Meet The Lilithz","Lilithzplug",2023-06-10,123435,0,false,5o8x11qqf7lxqq5f4sirhivr4,2023-10-01T15:01:03Z,"","4625037 Records DK",0.631,0.658,11,-7.826,0,0.0698,0.662,0.0896,0.107,0.437,129.868,4
spotify:track:1xjGMWxSfbo7Eyjeb3mzNs,"テ・キエロ・ディヒステ","Romance Latino vol.1 -Los Boleros Al Estilo De Bossanova-","Lisa Ono",2005-06-29,236106,54,false,5o8x11qqf7lxqq5f4sirhivr4,2023-10-02T03:29:37Z,"bossa nova,bolero","EMI MUSIC JAPAN INC.",0.673,0.326,11,-15.312,1,0.0468,0.932,0.0138,0.129,0.0757,95.66,4
spotify:track:3OgdnA3LYpJ6vxrfk6X3p4,"Alright","JAGUAR II","Victoria Monét",2023-08-25,173913,63,true,5o8x11qqf7lxqq5f4sirhivr4,2023-10-02T04:01:40Z,"alternative r&b","Lovett Music/RCA Records",0.788,0.528,11,-6.688,1,0.0729,0.279,0.00257,0.103,0.464,107.941,4
spotify:track:0aMV8FHAqGZIZ0Vuh0H7LY,"Venus","Contact","JEY",2023-07-28,115426,0,false,5o8x11qqf7lxqq5f4sirhivr4,2023-10-02T04:38:31Z,"k-rap","ADA Korea",0.927,0.57,6,-4.533,0,0.0726,0.257,0.000047,0.0954,0.506,124.992,4
spotify:track:1Zej3ztnuVElDfYGYBBhJP,"Smoke (feat. Lucky Daye)","JAGUAR II","Victoria Monét;Lucky Daye",2023-08-25,187058,54,true,5o8x11qqf7lxqq5f4sirhivr4,2023-10-02T04:41:19Z,"alternative r&b","Lovett Music/RCA Records",0.803,0.385,2,-5.837,0,0.0664,0.224,0.00000127,0.181,0.509,136.028,4
spotify:track:4sqUNxl5X6fF2wCQwYZH1D,"Breaking Point (feat. Victoria Monét) [Remix]","Electric Dusk","Leon Thomas;Victoria Monét",2023-08-18,310892,53,false,5o8x11qqf7lxqq5f4sirhivr4,2023-10-02T23:22:09Z,"alternative r&b","EZMNY Records/Motown Records",0.537,0.46,1,-9.68,1,0.0493,0.172,0,0.148,0.289,56.233,4
spotify:track:1JQQJiQRK3zmc1EXBLJOj1,"My Will","Electric Dusk","Leon Thomas",2023-08-18,173142,46,true,5o8x11qqf7lxqq5f4sirhivr4,2023-10-03T00:45:44Z,"","EZMNY Records/Motown Records",0.643,0.729,9,-4.569,0,0.0566,0.00652,0.000089,0.251,0.207,140.058,4
spotify:track:4IRFgmgjszhcoQvrQdDJ0r,"Like Dat Remix (feat. JT)","Like Dat Remix (feat. JT)","Stunna Girl;JT",2023-08-18,165960,52,true,5o8x11qqf7lxqq5f4sirhivr4,2023-10-04T21:07:07Z,"","Stunna Girl Media LLC",0.661,0.389,1,-15.127,1,0.258,0.00964,0.0000522,0.253,0.309,94.46,4
spotify:track:2CQvzYmMqkSUuRIj9O9M09,"Washing Away","Blu","Frex",2018-06-22,165647,16,true,5o8x11qqf7lxqq5f4sirhivr4,2023-10-05T14:15:09Z,"","Steak Worldwide",0.521,0.63,4,-3.209,0,0.0476,0.834,0.082,0.172,0.531,141.86,4
spotify:track:1yeB8MUNeLo9Ek1UEpsyz6,"Rich Baby Daddy (feat. Sexyy Red & SZA)","For All The Dogs","Drake;Sexyy Red;SZA",2023-10-06,319191,81,true,5o8x11qqf7lxqq5f4sirhivr4,2023-10-08T04:11:17Z,"rap,r&b","OVO/Republic",0.636,0.729,2,-4.495,1,0.055,0.0458,0,0.384,0.141,146.009,4
spotify:track:3vkCueOmm7xQDoJ17W1Pm3,"My Love Mine All Mine","The Land Is Inhospitable and So Are We","Mitski",2023-09-15,137773,88,false,5o8x11qqf7lxqq5f4sirhivr4,2023-10-08T13:31:16Z,"","Dead Oceans",0.504,0.308,9,-14.958,1,0.0321,0.868,0.135,0.158,0.121,113.95,4
spotify:track:5RenZaGD1tKMzISvceeTE3,"FEELING LUCKY","GOT ME LIKE","berryblue",2023-06-23,219428,0,true,5o8x11qqf7lxqq5f4sirhivr4,2023-10-10T15:08:23Z,"hyperpop","blueproductions",0.857,0.709,10,-10.572,0,0.0477,0.15,0.00235,0.0651,0.827,104.979,4
spotify:track:3xMnPIvsaWwzHzqqzaihEX,"Nonviolent Communication (Metro Boomin & James Blake, A$AP Rocky, 21 Savage)","METRO BOOMIN PRESENTS SPIDER-MAN: ACROSS THE SPIDER-VERSE (SOUNDTRACK FROM AND INSPIRED BY THE MOTION PICTURE)","Metro Boomin;James Blake;A$AP Rocky;21 Savage",2023-06-02,209533,61,false,5o8x11qqf7lxqq5f4sirhivr4,2023-10-10T16:51:10Z,"rap","Republic Records",0.858,0.371,1,-9.117,1,0.129,0.243,0.000172,0.121,0.072,123.62,4
spotify:track:6Op8uyzVH11oJGcCK8yyEn,"Can't Wait","Scarlet","Doja Cat",2023-09-20,235361,48,true,5o8x11qqf7lxqq5f4sirhivr4,2023-10-11T20:07:55Z,"","Kemosabe Records/RCA Records",0.623,0.79,6,-4.352,0,0.302,0.309,0.00000137,0.0712,0.841,79.062,4
spotify:track:7N3wyYCiyIEMsFdaL9BcRF,"Colors","Colors","Anaïs Cardot",2023-06-02,248759,36,false,5o8x11qqf7lxqq5f4sirhivr4,2023-10-11T20:08:29Z,"afro r&b,french r&b,alté","Platoon",0.549,0.532,9,-9.623,0,0.116,0.879,0.0113,0.125,0.207,136.993,4
spotify:track:7GfNOvMCTRh2WR1n6gUt0A,"VIRGINIA CREEPER","VIRGINIA CREEPER","greek",2023-06-23,172307,34,false,5o8x11qqf7lxqq5f4sirhivr4,2023-10-11T20:08:42Z,"indie r&b","greek",0.756,0.599,1,-10.057,0,0.33,0.463,0.0000189,0.275,0.412,116.989,4
spotify:track:2Zco4iCyaoZwlUBjCWCyZk,"IF WE NEVER TRY","JUST A TASTE","DACEY",2023-07-28,235340,19,false,5o8x11qqf7lxqq5f4sirhivr4,2023-10-11T20:08:47Z,"indie r&b","DACEY",0.53,0.629,6,-8.553,0,0.342,0.265,0.00000165,0.324,0.529,148.347,4
spotify:track:0z5l7DO1gTxysQagz2ze8M,"Let's Go to Trader Joe's","Quiet Music For Young People","Dana and Alden;Cinya Khan",2023-08-04,156026,0,false,5o8x11qqf7lxqq5f4sirhivr4,2023-10-11T20:08:50Z,"indie jazz","Sauna Boys",0.594,0.519,10,-6.886,1,0.0507,0.585,0.588,0.471,0.34,90.906,4
spotify:track:4zJD8PyDnzzA3WCi8Eg0jc,"Charismatic","Charismatic","Hailey Knox",2023-05-12,184736,0,true,5o8x11qqf7lxqq5f4sirhivr4,2023-10-11T20:08:55Z,"","Hailey Knox",0.62,0.628,10,-7.745,0,0.0653,0.294,0.0779,0.114,0.503,152.09,4
spotify:track:2bVZGuKUU6MEf45VlCLfTi,"michelin man","michelin man","Nick Mono",2023-05-19,239624,40,true,5o8x11qqf7lxqq5f4sirhivr4,2023-10-11T20:09:06Z,"","Boom.Records",0.54,0.508,10,-7.686,0,0.0577,0.314,0,0.15,0.556,79.929,4
spotify:track:5pLLiyazbpDHplZz7JCvNm,"Hot in NY","Hot in NY","Malcolm Todd",2023-08-25,118787,55,false,5o8x11qqf7lxqq5f4sirhivr4,2023-10-11T20:09:15Z,"","Columbia",0.859,0.679,9,-7.642,0,0.0442,0.204,0.034,0.222,0.838,98.993,4
spotify:track:3FM0krwj4HkhilemtYGhtq,"Where R We Now","Where R We Now","Jay Wile;Jay James",2023-06-13,161054,22,false,5o8x11qqf7lxqq5f4sirhivr4,2023-10-11T20:09:34Z,"indie r&b,alternative r&b,indie soul","JYL Media LLC",0.721,0.529,1,-4.778,1,0.0374,0.426,0.0000196,0.123,0.504,101.916,4
spotify:track:67ngp6fHtPNrUGuGu4cvcm,"Lying To You","All For You","Amaria;Amber Navran",2023-04-28,238571,21,false,5o8x11qqf7lxqq5f4sirhivr4,2023-10-11T20:09:44Z,"alternative r&b,neo soul,contemporary r&b","Fashionably Early Records LLC",0.727,0.456,10,-9.324,0,0.0564,0.252,0.121,0.0884,0.783,84.018,4
spotify:track:4GtQzAbXfJgMC66Or275vQ,"Keep Moving","Swings & Roundabouts","Hilts;Ben B.C",2023-08-30,274787,34,false,5o8x11qqf7lxqq5f4sirhivr4,2023-10-15T18:45:09Z,"uk garage,alternative r&b","Well Overdue Recordings",0.591,0.598,1,-8.648,0,0.146,0.626,0,0.316,0.404,93.768,4
spotify:track:341nbKUAxzQ4MWsAVmSpu1,"I Stay in Bed These Days Too Much","Chapters of Zdenka","Salami Rose Joe Louis",2020-12-11,116000,39,false,5o8x11qqf7lxqq5f4sirhivr4,2023-10-15T18:45:14Z,"bedroom pop","Brainfeeder",0.668,0.481,10,-17.023,0,0.0285,0.904,0.974,0.164,0.44,99.981,4
spotify:track:0eFMbKCRw8KByXyWBw8WO7,"Still With You","Still With You","Jung Kook",2020-06-05,239905,82,false,5o8x11qqf7lxqq5f4sirhivr4,2023-10-15T18:45:28Z,"k-pop","BIGHIT MUSIC",0.529,0.469,1,-6.967,0,0.0358,0.0899,0.0000153,0.831,0.344,87.864,4
spotify:track:7c3Wxliv52zuse64aBolFx,"Amore","Amore","Maria-Therese",2023-04-28,174939,18,false,5o8x11qqf7lxqq5f4sirhivr4,2023-10-19T19:48:42Z,"","FTE",0.608,0.532,8,-5.047,0,0.0511,0.156,0,0.179,0.371,82.822,4
spotify:track:6mzguPPGxYkrXoPCMaG7zF,"Your Eyes Tell Lies","Your Eyes Tell Lies","Liltrxptendo;FAE'S HAVEN;Sherren Olivia",2022-12-06,196368,7,false,5o8x11qqf7lxqq5f4sirhivr4,2023-10-24T22:04:56Z,"","Liltrxptendo, LLC under exclusive license to TENDOSWORLD! RECORDINGS",0.63,0.669,0,-6.137,1,0.0426,0.254,0.000104,0.113,0.31,125.946,4
spotify:track:0zzePeqwaCTJxqgkIVcivx,"Overslept (feat. mei ehara)","I Know I'm Funny haha","Faye Webster;mei ehara",2021-06-25,209986,57,false,5o8x11qqf7lxqq5f4sirhivr4,2023-10-25T01:07:02Z,"japanese indie,shibuya-kei,city pop","Secretly Canadian",0.694,0.141,7,-17.538,1,0.0427,0.463,0.00232,0.0784,0.282,137.524,4
spotify:track:39sDitIeCMrVX2QyXHY46t,"Blue Hair","Death of a Party Girl","TV Girl",2018-05-08,217000,85,false,5o8x11qqf7lxqq5f4sirhivr4,2023-10-29T04:52:21Z,"","TV Girl",0.751,0.72,4,-6.376,1,0.0303,0.554,0.0497,0.258,0.884,135.73,4
,"undefined","undefined","undefined",,,,,5o8x11qqf7lxqq5f4sirhivr4,2023-11-02T20:59:21Z,"","undefined",,,,,,,,,,,,
spotify:track:6aSdfeuUMtk7XOEHn93kkP,"Pretty Girl Hi Reimagined","Introspection Reimagined","UMI",2021-03-26,213205,33,false,5o8x11qqf7lxqq5f4sirhivr4,2023-11-08T21:58:31Z,"","UMI/Keep Cool/RCA Records",0.437,0.299,1,-9.787,1,0.0338,0.976,0.00000383,0.099,0.334,101.047,1
spotify:track:1MkiFsxFXCtrQT6EJc84jR,"'Round Midnight","Legacy","Adam Blackstone;Jazmine Sullivan",2022-09-23,252616,33,false,5o8x11qqf7lxqq5f4sirhivr4,2023-11-08T21:58:40Z,"christian jazz,vocal jazz,r&b","BASSic Black Entertainment Records / Anderson Music Group / EMPIRE",0.324,0.424,10,-8.629,0,0.0353,0.761,0.00000798,0.0876,0.199,136.134,4
spotify:track:1o3amYz7RPk7OpVLbarVcQ,"Where I Found You (One Star)","Ceres & Calypso in the Deep Time","Candy Claws",2013-06-25,187143,39,false,5o8x11qqf7lxqq5f4sirhivr4,2023-11-08T21:59:00Z,"shoegaze,dream pop,neo-psychedelic,slowcore","Twosyllable Records",0,0.196,9,-6.241,1,0,0.335,0.974,0.0481,0,0,0
spotify:track:3fcX3E9l1gVnfKeWaEzHHv,"Love Galore (Alt Version)","Ctrl (Deluxe)","SZA",2022-06-09,273777,66,true,5o8x11qqf7lxqq5f4sirhivr4,2023-11-13T03:59:38Z,"r&b","Top Dawg Entertainment/RCA Records",0.827,0.439,9,-10.278,0,0.0784,0.0743,0,0.106,0.463,134.961,4
spotify:track:4JCv9Nx6Lx4cTwu7Aty5qd,"Talk Too Much","Snow Angel (Deluxe)","Reneé Rapp",2023-11-17,196679,41,true,5o8x11qqf7lxqq5f4sirhivr4,2023-11-22T01:15:35Z,"","Interscope Records",0.688,0.504,11,-6.96,0,0.0536,0.0313,0,0.134,0.836,112.601,4
spotify:track:4Lrz9Fg8L1yncuCjjKjD4D,"Hedemo Ne-Yo - LASA edit","LOVE ALL SERVE ALL","Fujii Kaze",2022-03-23,188946,51,false,5o8x11qqf7lxqq5f4sirhivr4,2023-11-27T07:04:02Z,"j-pop","Universal Music LLC",0.506,0.861,0,-5.899,1,0.15,0.0615,0.0000189,0.387,0.647,175.966,4
spotify:track:0HD8mbiPjp3o94X3EaZp0o,"exes","exes","Tate McRae",2023-11-17,159400,5,true,5o8x11qqf7lxqq5f4sirhivr4,2023-11-29T01:22:47Z,"","RCA Records Label",0.822,0.578,5,-6.542,0,0.0582,0.164,0.000252,0.11,0.627,136.966,4
spotify:track:0K3zl00a6QuUoD30bXipRC,"Court of Love","American Love Call","Durand Jones & The Indications;Aaron Frazer",2019-03-01,224893,43,false,5o8x11qqf7lxqq5f4sirhivr4,2023-12-03T03:17:33Z,"retro soul","Dead Oceans",0.306,0.469,4,-7.391,0,0.0404,0.825,0.0857,0.174,0.403,78.196,3
spotify:track:799qRvMDh0VCMVrl9owjZr,"Nobody Knows","Gravy","BJ The Chicago Kid",2023-11-10,133693,12,false,5o8x11qqf7lxqq5f4sirhivr4,2023-12-03T03:17:37Z,"","RTW Records/RCA Records",0.68,0.591,9,-7.551,0,0.0619,0.0648,0,0.111,0.684,92.121,4
spotify:track:3zdLeOuOhJn5M3dLETL4ZU,"So Beautiful So Lonely","So Beautiful So Lonely","FiFi Zhang",2023-01-13,128626,38,false,5o8x11qqf7lxqq5f4sirhivr4,2023-12-10T06:20:50Z,"","Gum Studio",0.68,0.658,2,-9.554,1,0.0534,0.487,0.245,0.149,0.733,86.997,4
spotify:track:2TQEizKBJTJNJ1mHYxG6j7,"Beach Song - Demo","Beach Song (Demo)","Leonie Biney",2023-10-18,195111,42,false,5o8x11qqf7lxqq5f4sirhivr4,2023-12-10T06:21:02Z,"","Platoon",0.533,0.191,11,-14.038,1,0.0368,0.925,0.00000452,0.132,0.374,134.94,4
spotify:track:4Facyp7HAmhm1pXogmqeyC,"Cafuné","Cafuné","Gabriel da Rosa",2023-12-04,160712,0,false,5o8x11qqf7lxqq5f4sirhivr4,2023-12-11T03:31:50Z,"bossa nova","Stones Throw Records",0.458,0.636,7,-8.597,1,0.0597,0.0621,0.0172,0.233,0.642,94.178,4
spotify:track:0uZFcsx96wzbixsULmrg8o,"Pasilyo","Pasilyo","SunKissed Lola",2022-10-28,270250,77,false,5o8x11qqf7lxqq5f4sirhivr4,2023-12-13T00:44:42Z,"opm,harana,pinoy indie,p-pop,parang","Independent",0.716,0.61,2,-4.674,1,0.0348,0.42,0.0000277,0.177,0.41,120.069,3
spotify:track:2n3IsOUF3qp6tHHozmEKGy,"Never Doubt","Never Doubt","Blue Lab Beats",2023-11-24,250399,16,false,5o8x11qqf7lxqq5f4sirhivr4,2023-12-20T04:24:59Z,"nu jazz,indie jazz","Universal Music Division Decca Records France",0.517,0.877,1,-6.168,1,0.0511,0.1,0.832,0.145,0.191,75.017,4
spotify:track:6qXJEnPg8I9tTPqMiUhjTK,"100 Degrees","100 Degrees","Quinn Oulton;Reuben James;Linden Jay",2023-07-06,154814,41,false,5o8x11qqf7lxqq5f4sirhivr4,2023-12-20T04:25:06Z,"uk r&b,neo soul","DeepMatter Records",0.727,0.254,1,-13.025,1,0.216,0.541,0.848,0.0943,0.506,81.025,4
spotify:track:58quPIMybO4MAZFFIlq6TW,"Christmas Cactus","Christmas Cactus","Summer Salt",2023-12-08,200259,13,false,5o8x11qqf7lxqq5f4sirhivr4,2023-12-29T05:01:27Z,"","2023 Summer Salt",0.516,0.671,5,-7.461,0,0.034,0.0483,0.0359,0.131,0.52,154.179,4
spotify:track:2RBt0qVLDmXc5kpDluo3Ge,"As Days Go By","As Days Go By","Paulade",2022-10-07,222654,0,false,5o8x11qqf7lxqq5f4sirhivr4,2023-12-29T05:01:36Z,"christian r&b","Kingside Records",0.608,0.459,4,-12.453,0,0.0447,0.439,0.000327,0.082,0.461,124.056,4
spotify:track:6Mu5GUXeYsfCsQ5WHdE8RH,"Goodbye","Goodbye","Chenayder",2023-12-01,167884,24,false,5o8x11qqf7lxqq5f4sirhivr4,2023-12-31T05:38:11Z,"","Alamo",0.613,0.37,10,-10.327,1,0.0252,0.928,0.00157,0.121,0.189,103.98,3
spotify:track:618OKP1lBkNJL8uZdNSvQE,"MANIAC","The 4th Mini Album 'VERSUS'","VIVIZ",2023-11-02,195520,2,false,5o8x11qqf7lxqq5f4sirhivr4,2024-01-07T02:24:49Z,"k-pop","BIGPLANETMADE",0.753,0.579,9,-4.514,1,0.071,0.19,0,0.0931,0.818,114.961,4
spotify:track:2IMPPA9UZpqTnnVIy9lDHU,"Love Me Back","Love Me Back (From ""Operation: True Love"")","fromis_9",2023-10-11,186293,67,false,5o8x11qqf7lxqq5f4sirhivr4,2024-01-07T02:33:35Z,"k-pop,bubblegum pop","MOST CONTENTS",0.72,0.842,11,-4.41,1,0.0493,0.35,0,0.336,0.894,112.026,4
spotify:track:0DWdj2oZMBFSzRsi2Cvfzf,"TQG","MAÑANA SERÁ BONITO","KAROL G;Shakira",2023-02-24,197933,84,true,5o8x11qqf7lxqq5f4sirhivr4,2024-01-07T03:51:57Z,"reggaeton,latin,urbano latino,latin pop","BICHOTA RECORDS / INTERSCOPE RECORDS / UNIVERSAL MUSIC LATINO",0.587,0.647,4,-3.385,0,0.327,0.619,0,0.106,0.686,90.123,4
spotify:track:1IxfE1rd0ngSFP8MSqYiv0,"Mine","Mine","Alex Isley;Jack Dine",2020-10-21,212571,56,false,5o8x11qqf7lxqq5f4sirhivr4,2024-01-07T04:41:40Z,"neo soul,alternative r&b","Isley & Dine Records",0.347,0.395,6,-9.278,0,0.0567,0.828,0.0000106,0.125,0.133,67.492,4
spotify:track:34D6FJysnQioVingDKufuf,"N 2 Deep","Certified Lover Boy","Drake;Future",2021-09-03,273577,70,true,5o8x11qqf7lxqq5f4sirhivr4,2024-01-07T17:01:51Z,"rap","OVO",0.507,0.429,2,-7.726,1,0.326,0.0518,0,0.109,0.0744,91,3
spotify:track:1AURqIgJsZcFRNfp1GQOdN,"Murder","Birds Fly By Night","Danger Incorporated",2017-10-20,139185,39,true,5o8x11qqf7lxqq5f4sirhivr4,2024-01-07T17:02:40Z,"emo rap","Awful Records/RCA Records",0.499,0.38,0,-7.11,1,0.0706,0.14,0.0000324,0.209,0.187,57.114,4
spotify:track:6fvNQAjbTdqEBjCoCx7v2U,"Look What You've Done","Look What You've Done","Dayo Bello",2023-02-14,312727,21,false,5o8x11qqf7lxqq5f4sirhivr4,2024-01-13T22:52:46Z,"uk r&b","Dayo Bello",0.697,0.387,0,-10.024,1,0.0361,0.725,0.735,0.0937,0.398,132.057,4
spotify:track:3Ku8Zc9cnCkKwvXs7qErVQ,"Glory","Glory","Yuna",2023-08-25,165230,0,false,5o8x11qqf7lxqq5f4sirhivr4,2024-01-15T02:48:15Z,"malay,malaysian pop","YRR / Independent",0.428,0.454,4,-7.892,0,0.0637,0.773,0.00253,0.143,0.21,129.72,4
spotify:track:43umglJJM00CgFIOWBdxwU,"Kaleidoscope","Kaleidoscope","rhyu",2023-10-13,207625,39,false,5o8x11qqf7lxqq5f4sirhivr4,2024-01-16T15:21:10Z,"","PK Records/New Mongrels Music Imprint & TONGTONG Asia",0.787,0.354,5,-10.205,0,0.0712,0.701,0.000013,0.115,0.652,120.067,4
spotify:track:7DGEGsOUG0lbPUlymrH4uJ,"Called it Love","Called it Love","Gen Neo",2023-05-31,186290,40,true,5o8x11qqf7lxqq5f4sirhivr4,2024-01-16T15:23:07Z,"chinese r&b,c-pop,taiwanese indie,mandopop","Monster Entertainment Group",0.697,0.376,8,-9.451,0,0.183,0.783,0.0000202,0.108,0.319,124.041,3
spotify:track:2jZ2S5GX5hrXTD8ZfR80hF,"To the Moon","The Vibetape","Smile High;Chloe Angelides;The Main Squeeze",2023-11-24,224624,46,false,5o8x11qqf7lxqq5f4sirhivr4,2024-01-17T22:04:31Z,"lo-fi beats,future bass,melodic bass,retro soul,jam band,funk","Nettwerk Music Group",0.778,0.376,1,-7.785,0,0.0653,0.304,0.192,0.105,0.498,137.087,4
spotify:track:0Da3eqAgSgLp4UiVdCjJJ1,"Day by Day - A COLORS SHOW","Day by Day - A COLORS SHOW","Amaria;COLORS",2023-09-28,230823,40,false,5o8x11qqf7lxqq5f4sirhivr4,2024-01-17T22:05:26Z,"alternative r&b,neo soul","COLORSxSTUDIOS",0.736,0.617,11,-9.497,0,0.148,0.244,0.00305,0.13,0.636,84.999,4
spotify:track:08vlprFBmwh9TQnjXUtZDG,"FAMJAM4000","FORWARD","Jordan Ward",2023-03-03,158133,66,false,5o8x11qqf7lxqq5f4sirhivr4,2024-01-17T22:05:42Z,"alternative r&b","ARTium Recordings, LLC/Interscope Records",0.871,0.57,6,-7.421,0,0.0676,0.434,0.452,0.145,0.711,116.563,4
spotify:track:64KfS9mXJBi6ZLWzlKA45i,"Samba Paixão","Samba Paixão","Murart;Revna",2023-08-03,152666,49,false,5o8x11qqf7lxqq5f4sirhivr4,2024-01-20T20:04:27Z,"","Murart",0.786,0.414,4,-9.67,1,0.109,0.564,0.00000467,0.0967,0.664,90.078,4
spotify:track:24i3ftE5sMEGsGtclPQPSc,"The Two of Us","Apolonio","Omar Apollo",2020-10-16,152066,49,false,5o8x11qqf7lxqq5f4sirhivr4,2024-01-20T20:05:42Z,"bedroom pop","Warner Records",0.528,0.653,10,-6.965,0,0.0632,0.599,0.0339,0.247,0.592,178.236,4
spotify:track:4A4EI3YNaHhDiAgpQlCZkk,"Kiss U Right Now","SuperGood","Duckwrth",2020-08-21,194776,57,true,5o8x11qqf7lxqq5f4sirhivr4,2024-01-20T20:05:48Z,"","Republic Records",0.855,0.331,7,-8.652,1,0.07,0.41,0.00131,0.152,0.652,98.03,4
spotify:track:4le3EvudUItKuuIj6YEpNi,"ACHE","MIND","emawk",2021-04-27,297333,50,false,5o8x11qqf7lxqq5f4sirhivr4,2024-01-20T20:05:52Z,"alternative r&b","emawk",0.475,0.631,4,-8.892,0,0.0742,0.26,0.000122,0.0677,0.384,88.711,4
spotify:track:5uUjYnzcjEgiIFWR0av19g,"Kamikaze","Apolonio","Omar Apollo",2020-10-16,210914,57,true,5o8x11qqf7lxqq5f4sirhivr4,2024-01-20T20:05:56Z,"bedroom pop","Warner Records",0.705,0.734,2,-5.08,0,0.184,0.28,0.0000714,0.093,0.457,94.996,4
spotify:track:7wdzLe2Gsx1RGqbvYZHASz,"i","i","Kendrick Lamar",2014-09-23,231933,71,true,5o8x11qqf7lxqq5f4sirhivr4,2024-01-20T20:16:35Z,"hip hop,west coast hip hop","Aftermath",0.755,0.884,10,-5.296,0,0.0638,0.0208,0.00000297,0.248,0.897,121.927,4
spotify:track:4Fuf1v4kPQ6RIvEGlUfvaq,"Grey","Grey","Yung Filly",2024-01-26,169051,65,false,5o8x11qqf7lxqq5f4sirhivr4,2024-02-01T22:12:52Z,"afrobeats","Warner Records",0.681,0.836,5,-3.325,0,0.0625,0.278,0.00000242,0.0718,0.891,93.893,4
spotify:track:1x4CYMn8vexAXb5ZgenZqu,"What's Left?","blanket","Sylo",2023-01-11,171440,21,false,5o8x11qqf7lxqq5f4sirhivr4,2024-02-08T04:19:10Z,"alternative r&b","Muk Posh",0.703,0.387,6,-15.138,0,0.061,0.889,0.0265,0.116,0.465,89.989,4
spotify:track:5rs8M4TwPZEOMXxw3XAo0n,"Internet baby (interlude)","Heaven knows","PinkPantheress",2023-11-10,131773,57,false,5o8x11qqf7lxqq5f4sirhivr4,2024-02-18T21:06:00Z,"bedroom pop","Warner Records",0.631,0.71,1,-7.787,1,0.0476,0.0735,0.0107,0.149,0.401,165.067,4
spotify:track:4eNhlwQKsXKDUOJhOOHjJB,"Make Your Move","Make Your Move","H33RA",2023-07-28,190468,33,false,5o8x11qqf7lxqq5f4sirhivr4,2024-02-18T21:06:04Z,"uk r&b","H33RA",0.5,0.438,5,-8.241,0,0.186,0.144,0.00000158,0.103,0.912,183.929,4
spotify:track:5mfTEJE7J0HoZslX1qRHIm,"SWEET N SOUR","SWEET N SOUR","Julia Cooper",2023-01-18,137528,35,false,5o8x11qqf7lxqq5f4sirhivr4,2024-02-18T21:06:09Z,"bedroom pop","Too Lost",0.457,0.411,0,-10.657,1,0.107,0.748,0.0295,0.0995,0.259,178.176,4
spotify:track:2wG9CUSBZaF15R2ohLAnoe,"Juice","War + Raindrops - EP","iyla",2018-10-12,208024,48,true,5o8x11qqf7lxqq5f4sirhivr4,2024-02-18T21:06:14Z,"alternative r&b","3T Entertainment / Astra Velum / EMPIRE",0.744,0.428,0,-6.723,1,0.0943,0.532,0,0.161,0.378,116.059,4
spotify:track:0o3ua5ufFK7nfRzbDUNoGA,"don't wanna break up again","eternal sunshine","Ariana Grande",2024-03-08,174006,74,true,5o8x11qqf7lxqq5f4sirhivr4,2024-03-08T06:55:59Z,"pop","Republic Records",0.513,0.73,9,-5.09,0,0.253,0.397,0,0.113,0.574,129.3,5
spotify:track:1Rweq7vNjK4kZBbGrmxQsl,"bye","eternal sunshine","Ariana Grande",2024-03-08,164927,81,false,5o8x11qqf7lxqq5f4sirhivr4,2024-03-08T06:56:05Z,"pop","Republic Records",0.606,0.645,2,-4.835,0,0.0333,0.204,0,0.14,0.453,110.016,4
spotify:track:0Lmbke3KNVFXtoH2mMSHCw,"the boy is mine","eternal sunshine","Ariana Grande",2024-03-08,173639,82,true,5o8x11qqf7lxqq5f4sirhivr4,2024-03-08T06:56:14Z,"pop","Republic Records",0.795,0.63,7,-5.854,0,0.0434,0.157,0,0.0732,0.447,97.998,4
spotify:track:2o1pb13quMReXZqE7jWsgq,"intro (end of the world)","eternal sunshine","Ariana Grande",2024-03-08,92400,79,true,5o8x11qqf7lxqq5f4sirhivr4,2024-03-08T06:56:18Z,"pop","Republic Records",0.506,0.362,10,-9.48,1,0.0416,0.67,0,0.176,0.385,84.726,4
spotify:track:4VfjUbKtTaZsQriNud6Iz2,"Favourite","Favourite","ELHAE;Xavier Omär",2023-08-18,176000,0,false,5o8x11qqf7lxqq5f4sirhivr4,2024-03-26T02:03:54Z,"trap soul,jersey club,alternative r&b","XO creative club / Every Life Music",0.74,0.542,9,-7.909,0,0.0379,0.0683,0.000551,0.14,0.462,120.017,4
spotify:track:5FgmgpMES8hknCpvbHXc3Y,"noir","noir","sho",2024-02-06,97711,0,false,5o8x11qqf7lxqq5f4sirhivr4,2024-03-27T04:00:20Z,"","6506795 Records DK",0.485,0.826,7,-4.25,1,0.0302,0.0000831,0.622,0.0757,0.0529,93.418,4
spotify:track:1ObrUCFugAMJoXcvpggbOd,"Tell më","2093","Yeat",2024-02-16,243664,63,true,5o8x11qqf7lxqq5f4sirhivr4,2024-03-27T04:00:28Z,"rage rap","Field Trip Recordings/Capitol Records",0.511,0.5,1,-11.005,1,0.0537,0.217,0.00148,0.558,0.154,130.974,4
spotify:track:5BCaPnsHqowMxitUiMZZF2,"pretty","pretty","Amie Blu",2024-03-28,160000,27,false,5o8x11qqf7lxqq5f4sirhivr4,2024-03-29T00:39:37Z,"","0207 Def Jam",0.954,0.418,9,-7.55,1,0.0467,0.292,0.0000282,0.109,0.848,102.982,4
spotify:track:4Wos0h9ECU2Z3oJMTQxpbc,"Read your Mind","emails i can't send","Sabrina Carpenter",2022-07-15,207849,74,false,5o8x11qqf7lxqq5f4sirhivr4,2024-04-01T04:49:59Z,"pop","Island Records",0.672,0.803,3,-5.061,0,0.049,0.0111,0,0.0782,0.578,120.058,4
spotify:track:7e1arKsP7vPjdwssVPHgZk,"Poison Poison","Snow Angel","Reneé Rapp",2023-08-18,191451,60,true,5o8x11qqf7lxqq5f4sirhivr4,2024-04-01T04:50:04Z,"","Interscope Records",0.821,0.497,7,-6.876,1,0.0392,0.176,0.0000102,0.101,0.669,111.024,4
spotify:track:2Zo1PcszsT9WQ0ANntJbID,"Feather","emails i can’t send fwd:","Sabrina Carpenter",2023-03-17,185552,83,true,5o8x11qqf7lxqq5f4sirhivr4,2024-04-01T04:50:23Z,"pop","Island Records",0.791,0.694,6,-4.332,0,0.0335,0.0736,0.00000175,0.0958,0.826,123.508,4
spotify:track:12UQIJePnGeLmpVReYpG2w,"Sunny day","Beatopia","beabadoobee",2022-07-15,160493,69,false,5o8x11qqf7lxqq5f4sirhivr4,2024-04-01T04:50:27Z,"bedroom pop","Dirty Hit",0.751,0.595,6,-6.422,0,0.0274,0.209,0.00268,0.0881,0.713,92.999,4
spotify:track:4oRKi9fFWVTdunVNknTtYn,"Communicate","Communicate","Ariana Rey",2023-10-10,114892,0,false,5o8x11qqf7lxqq5f4sirhivr4,2024-04-01T04:50:32Z,"","5975821 Records DK",0.825,0.531,8,-9.077,0,0.21,0.195,0,0.154,0.883,150.007,4
spotify:track:4h5x3XHLVYFJaItKuO2rhy,"Ghost in the Machine (feat. Phoebe Bridgers)","SOS","SZA;Phoebe Bridgers",2022-12-09,218586,69,true,5o8x11qqf7lxqq5f4sirhivr4,2024-04-01T04:50:36Z,"r&b","Top Dawg Entertainment/RCA Records",0.624,0.433,6,-9.572,1,0.0467,0.837,0.0294,0.113,0.589,124.979,4
spotify:track:76RVMGUn5zpjDcLETRDgeJ,"CALONE","CALONE","Tiffany Day",2021-06-04,176516,46,true,5o8x11qqf7lxqq5f4sirhivr4,2024-04-01T04:50:42Z,"hyperpop","Tiffany Day",0.942,0.509,6,-6.918,0,0.155,0.157,0.000015,0.0822,0.91,141.97,4
spotify:track:0RClHiQfVvceW1mmrR1Byw,"a song to make out to","a song to make out to","Stevie Matthew;Olivia Holt",2023-11-17,144911,25,false,5o8x11qqf7lxqq5f4sirhivr4,2024-04-01T04:50:54Z,"","Snafu Records",0.65,0.507,7,-6.428,0,0.0448,0.556,0,0.171,0.426,129.949,4
spotify:track:1RAeuvRyRzCweAK3jUT0ZW,"bet u wanna","emails i can't send","Sabrina Carpenter",2022-07-15,191025,64,false,5o8x11qqf7lxqq5f4sirhivr4,2024-04-01T04:50:58Z,"pop","Island Records",0.589,0.632,11,-6.818,0,0.16,0.0121,0,0.403,0.46,102.311,4
spotify:track:5sA3i6SGkILMiZW6Fhx4wv,"the way things go","the way things go","beabadoobee",2023-07-18,187800,77,false,5o8x11qqf7lxqq5f4sirhivr4,2024-04-01T04:51:06Z,"bedroom pop","Dirty Hit",0.528,0.513,9,-8.266,1,0.0306,0.848,0.0127,0.326,0.463,131.952,4
spotify:track:6Szgu8v7CAapag3XuuJX0b,"Too Well","Everything To Everyone","Reneé Rapp",2022-11-11,156631,65,true,5o8x11qqf7lxqq5f4sirhivr4,2024-04-01T04:51:10Z,"","Interscope Records",0.688,0.602,10,-4.71,1,0.045,0.117,0,0.115,0.343,121.023,4
spotify:track:0iO2iCAjtX0t5duvczNQt6,"Oscar Winning Tears.","My 21st Century Blues","RAYE",2023-02-03,183653,76,true,5o8x11qqf7lxqq5f4sirhivr4,2024-04-01T04:51:16Z,"","Human Re Sources",0.522,0.42,5,-6.805,0,0.0997,0.448,0,0.137,0.326,141.693,3
spotify:track:2o2R6ghiVJfAqEXnlmOihz,"Honeymoon Fades","Honeymoon Fades","Sabrina Carpenter",2020-02-14,195161,55,false,5o8x11qqf7lxqq5f4sirhivr4,2024-04-01T04:51:25Z,"pop","Hollywood Records",0.503,0.516,5,-7.545,0,0.212,0.427,0.0000586,0.115,0.353,114.679,5
spotify:track:5siyKak9GFCcddVK6wypXr,"My Patience","My Patience","Emerson Azarian",2023-07-19,201857,0,false,5o8x11qqf7lxqq5f4sirhivr4,2024-04-01T04:51:31Z,"","EMERSON AZARIAN XOXO",0.823,0.718,7,-7.179,1,0.119,0.00887,0.00000356,0.155,0.363,104.979,4
spotify:track:2FEZf5JDtGyXfQk7mPzRGX,"Back To You","Summer Mixtape","THE DRIVER ERA",2022-09-16,122074,39,false,5o8x11qqf7lxqq5f4sirhivr4,2024-04-01T04:51:36Z,"","TOO Records",0.663,0.788,3,-5.441,0,0.043,0.052,0.0000191,0.123,0.639,127.969,4
spotify:track:1ekAgx1qOdnVoSlmkHghKq,"Talk Too Much","Snow Angel","Reneé Rapp",2023-08-18,196679,60,true,5o8x11qqf7lxqq5f4sirhivr4,2024-04-01T04:51:42Z,"","Interscope Records",0.688,0.504,11,-6.96,0,0.0536,0.0313,0,0.134,0.836,112.601,4
spotify:track:0IGjUHYbwnK6Bo8u79d2E3,"Walk Like This","Walk Like This","FLO",2024-03-08,197493,47,true,5o8x11qqf7lxqq5f4sirhivr4,2024-04-01T04:51:46Z,"uk r&b","Universal-Island Records Ltd.",0.642,0.753,6,-6.414,0,0.0577,0.0509,0,0.154,0.794,98.443,4
spotify:track:3RwWW7KeVhHGayYJgUL5eZ,"eternal sunshine","eternal sunshine","Ariana Grande",2024-03-08,210200,78,false,5o8x11qqf7lxqq5f4sirhivr4,2024-04-01T04:51:52Z,"pop","Republic Records",0.654,0.503,9,-7.065,1,0.0982,0.533,0,0.101,0.347,160.011,4
spotify:track:2A6wArvnvzSSSrAtTgQL4x,"Cognitive Dissonance","Cognitive Dissonance","Sophie Holohan",2022-07-15,176000,0,false,5o8x11qqf7lxqq5f4sirhivr4,2024-04-01T04:52:05Z,"","SELENE",0.647,0.591,1,-7.09,0,0.0304,0.0456,0.0108,0.143,0.512,127.999,4
spotify:track:7lhAowB1rRlp1UfVkHqpD2,"In My Room","Something To Give Each Other","Troye Sivan;Guitarricadelafuente",2023-10-13,193262,59,true,5o8x11qqf7lxqq5f4sirhivr4,2024-04-01T04:52:10Z,"","EMI Recorded Music Australia Pty Ltd",0.708,0.557,3,-7.361,0,0.0454,0.0389,0.000127,0.391,0.621,110.969,4
spotify:track:6CagMrZXJUdGGIw6Eaepos,"Exhale","Singular Act II","Sabrina Carpenter",2019-07-19,164708,56,false,5o8x11qqf7lxqq5f4sirhivr4,2024-04-01T04:52:16Z,"pop","Hollywood Records",0.513,0.266,7,-10.611,1,0.0357,0.879,0,0.123,0.276,74.009,4
spotify:track:3cgYpm8W6JB9uIMpfyg9j1,"Messy","Snow Angel (Deluxe)","Reneé Rapp",2023-11-16,189451,48,false,5o8x11qqf7lxqq5f4sirhivr4,2024-04-01T04:52:21Z,"","Interscope Records",0.702,0.623,2,-6.39,1,0.0752,0.103,0.00000214,0.069,0.479,147.921,4
spotify:track:6vX00oaG3bMuNBKxapoPYO,"Kollage","The Loveliest Time","Carly Rae Jepsen",2023-07-28,256528,52,false,5o8x11qqf7lxqq5f4sirhivr4,2024-04-01T04:52:30Z,"","Silent Records IGA",0.604,0.538,2,-7.85,0,0.033,0.306,0.001,0.0829,0.368,151.658,4
spotify:track:2lNb0SzyOEHizMxlpT9HM6,"IF I DON'T TEXT YOU FIRST","IF I DON'T TEXT YOU FIRST","Tiffany Day",2021-06-21,133547,54,true,5o8x11qqf7lxqq5f4sirhivr4,2024-04-01T04:52:42Z,"hyperpop","Tiffany Day",0.76,0.492,9,-6.802,1,0.0824,0.269,0,0.305,0.677,104.987,4
spotify:track:1gdfNi8uXMJNWPvlFRPbUW,"dirty dancing","dirty dancing","CODY JON;Charley",2022-07-14,159804,45,false,5o8x11qqf7lxqq5f4sirhivr4,2024-04-01T04:52:47Z,"","Saint Lucky Records",0.732,0.56,0,-5.921,1,0.145,0.0577,0,0.471,0.517,148.094,4
spotify:track:142PiXzA84lmEw2RstFHFa,"supernatural","eternal sunshine","Ariana Grande",2024-03-08,163381,84,false,5o8x11qqf7lxqq5f4sirhivr4,2024-04-01T04:52:54Z,"pop","Republic Records",0.58,0.714,8,-6.924,1,0.117,0.0969,0,0.16,0.522,76.496,4
spotify:track:5125gTidGz2jJSSDpUvdMt,"Gemini Moon","Snow Angel","Reneé Rapp",2023-08-18,160579,52,true,5o8x11qqf7lxqq5f4sirhivr4,2024-04-01T04:52:58Z,"","Interscope Records",0.467,0.264,11,-8.395,1,0.0469,0.87,0,0.118,0.208,136.366,4
spotify:track:5Eh1nj7IjV9lwpcKAkidyY,"One Of Your Girls","Something To Give Each Other","Troye Sivan",2023-10-13,181481,76,false,5o8x11qqf7lxqq5f4sirhivr4,2024-04-01T04:53:04Z,"","EMI Recorded Music Australia Pty Ltd",0.635,0.648,11,-7.78,0,0.0548,0.101,0.00426,0.198,0.8,93,4
spotify:track:79nkN1EmB1B03uZi9DcS4w,"Sugar","Juno (Deluxe)","Remi Wolf",2022-06-03,196720,56,false,5o8x11qqf7lxqq5f4sirhivr4,2024-04-01T04:53:12Z,"","Island Records",0.633,0.744,6,-6.79,0,0.0476,0.0546,0.00000411,0.34,0.634,92.023,4
spotify:track:4xdBrk0nFZaP54vvZj0yx7,"HOT TO GO!","The Rise and Fall of a Midwest Princess","Chappell Roan",2023-09-22,184841,77,false,5o8x11qqf7lxqq5f4sirhivr4,2024-04-01T04:53:17Z,"","Chappell Roan PS/ Island",0.742,0.757,6,-4.981,1,0.0421,0.0187,0,0.305,0.957,139.982,4
spotify:track:1bjeWoagtHmUKputLVyDxQ,"Saturn","Saturn","SZA",2024-02-22,186191,78,false,5o8x11qqf7lxqq5f4sirhivr4,2024-04-01T04:53:21Z,"r&b","Top Dawg Entertainment/RCA Records",0.411,0.619,1,-6.834,1,0.0368,0.62,0,0.11,0.337,177.937,4
spotify:track:6XXKB32Om6WuXg3uEWwTob,"imperfect for you","eternal sunshine","Ariana Grande",2024-03-08,182566,73,true,5o8x11qqf7lxqq5f4sirhivr4,2024-04-01T04:53:26Z,"pop","Republic Records",0.624,0.38,4,-7.426,1,0.0301,0.496,0,0.437,0.251,150.14,3
spotify:track:6dgUya35uo964z7GZXM07g,"Nonsense","emails i can't send","Sabrina Carpenter",2022-07-15,163648,85,false,5o8x11qqf7lxqq5f4sirhivr4,2024-04-01T04:53:32Z,"pop","Island Records",0.74,0.697,8,-4.912,1,0.034,0.0268,0,0.224,0.732,138.992,4
spotify:track:3WLW76a7K7krnGyF9s4lIk,"Tummy Hurts (feat. Coco Jones) - Remix","Snow Angel (Deluxe)","Reneé Rapp;Coco Jones",2023-11-17,167948,57,true,5o8x11qqf7lxqq5f4sirhivr4,2024-04-01T04:53:39Z,"","Interscope Records",0.585,0.638,4,-6.885,1,0.21,0.757,0.00000118,0.121,0.397,149.903,3
spotify:track:30TMiaI1TpsUzJAI8ZIduk,"pick your brain","to love in the 21st century","Lyn Lapid",2023-06-23,219800,53,false,5o8x11qqf7lxqq5f4sirhivr4,2024-04-01T04:53:45Z,"","Republic Records",0.63,0.589,10,-8.377,1,0.0283,0.613,0.00632,0.165,0.56,135.98,4
spotify:track:2WkrEyLzATbOK8U3xt8Ggq,"Feather - Sped Up","Feather (Sped Up)","Sabrina Carpenter",2023-08-04,153087,51,true,5o8x11qqf7lxqq5f4sirhivr4,2024-04-01T04:53:51Z,"pop","Island Records",0.72,0.668,0,-5.093,1,0.0375,0.0692,0.00000671,0.0411,0.884,149.99,4
spotify:track:14kyXBpg91RVq8bNRDS1q2,"true story","eternal sunshine","Ariana Grande",2024-03-08,163278,70,false,5o8x11qqf7lxqq5f4sirhivr4,2024-04-01T04:53:58Z,"pop","Republic Records",0.698,0.53,9,-6.136,0,0.086,0.468,0.0000076,0.313,0.423,137.954,4
spotify:track:54SXW7yYS36p8rOMFGmcoN,"One More Shot","One More Shot (One Take Version)","Cil",2023-03-03,141184,64,true,5o8x11qqf7lxqq5f4sirhivr4,2024-04-01T04:54:04Z,"","Warner Records",0.765,0.435,8,-6.224,1,0.0381,0.715,0,0.0784,0.562,109.969,3
spotify:track:0h3BFerMyzUaYYh2nwGiX3,"SIDEKICK (with Joyce Wrice) - BONUS","FORWARD","Jordan Ward;Joyce Wrice",2023-03-03,134013,55,true,5o8x11qqf7lxqq5f4sirhivr4,2024-04-01T04:54:21Z,"alternative r&b","ARTium Recordings, LLC/Interscope Records",0.548,0.622,5,-6.103,0,0.0629,0.119,0.00832,0.125,0.677,107.43,4
spotify:track:6mLNU3uGKZ1fLcJv9J1u7G,"Summer Love","Mango","bLAck pARty",2016-10-14,74318,47,false,5o8x11qqf7lxqq5f4sirhivr4,2024-04-01T04:54:25Z,"indie soul,alternative r&b","Wolf & Rothstein",0.617,0.604,3,-7.79,0,0.0345,0.591,0.000751,0.334,0.855,159.861,3
spotify:track:1T39YsnUTKbqlyKwu5aycZ,"More","Siren","Chxrry",2023-10-27,196400,47,true,5o8x11qqf7lxqq5f4sirhivr4,2024-04-01T04:54:32Z,"","XO Records",0.58,0.731,7,-6.706,1,0.195,0.0859,0.00000111,0.105,0.46,138.926,4
spotify:track:59acp1OhcvxwVBwQJBYKuX,"Loose","Freudian","Daniel Caesar",2017-08-25,185522,5,false,5o8x11qqf7lxqq5f4sirhivr4,2024-04-01T04:54:40Z,"","Golden Child Recordings",0.198,0.162,1,-15.815,1,0.0343,0.926,0.00896,0.135,0.0527,70.453,1
spotify:track:1VAKnb1btGrQXcVZVSRkPe,"Good & Plenty","Good & Plenty","Alex Isley;Masego;Jack Dine",2020-07-17,204705,65,false,5o8x11qqf7lxqq5f4sirhivr4,2024-04-01T04:54:45Z,"neo soul,alternative r&b","Isley & Dine Records",0.658,0.619,9,-7.316,0,0.0772,0.788,0.0667,0.0951,0.354,136.077,4
spotify:track:5wGNr5ba22SSZLIUdRRGUN,"Eden","Starry Ache","Hope Tala",2018-10-03,213000,29,false,5o8x11qqf7lxqq5f4sirhivr4,2024-04-01T04:54:50Z,"alternative r&b","Hope Tala Music",0.827,0.229,9,-9.766,0,0.461,0.195,0.00000752,0.0912,0.519,77.995,4
spotify:track:5Jqp5YuySyuTOTfFBLkY6K,"Between Us","Sunbeam","Alina Baraz",2021-09-24,188026,47,false,5o8x11qqf7lxqq5f4sirhivr4,2024-04-01T04:54:55Z,"","Alina Baraz LLC under exclusive license to UnitedMasters LLC",0.596,0.481,3,-9.375,1,0.0351,0.761,0.00135,0.194,0.529,97.04,4
spotify:track:35SgQqtdsqYboHWgGWzxZM,"Wanderlust","Wanderlust","Chase",2023-01-06,108000,23,false,5o8x11qqf7lxqq5f4sirhivr4,2024-04-01T04:55:03Z,"","Chase",0.728,0.271,3,-11.657,0,0.0457,0.626,0.0228,0.109,0.249,119.022,4
spotify:track:1qC6px1TOZgQFoTSOFUaBr,"Tonight","Over It","Summer Walker",2019-10-04,176506,69,false,5o8x11qqf7lxqq5f4sirhivr4,2024-04-01T04:55:14Z,"r&b","LVRN/Interscope Records",0.715,0.534,1,-6.536,1,0.0428,0.169,0.00000618,0.0931,0.215,105.97,4
spotify:track:0JmnkIqdlnUzPaf8sqBRs3,"Moonlight","Red Moon In Venus","Kali Uchis",2023-03-03,187723,82,false,5o8x11qqf7lxqq5f4sirhivr4,2024-04-01T04:55:21Z,"","Geffen Records",0.642,0.706,7,-6.832,0,0.0507,0.518,0,0.243,0.86,136.854,4
spotify:track:2WFPw4XpswToe0t3MhzhCN,"SAME MISTAKE","SUBMISSIVE2","DESTIN CONRAD;Alex Isley",2024-01-19,178909,53,false,5o8x11qqf7lxqq5f4sirhivr4,2024-04-01T04:55:26Z,"alternative r&b,neo soul","Above Ground Entertainment",0.654,0.367,7,-10.471,0,0.104,0.394,0.00000206,0.162,0.191,109.708,4
spotify:track:6P76Ve1pRObGGpuUTbYwsA,"Wherever I Go","Larger Than Life","Brent Faiyaz",2023-10-27,181063,58,true,5o8x11qqf7lxqq5f4sirhivr4,2024-04-01T04:55:35Z,"r&b","ISO Supremacy under exclusive license to UnitedMasters LLC",0.649,0.522,3,-9.02,0,0.0774,0.458,0.00000206,0.388,0.458,73.981,4
spotify:track:5dVfBpvcz0LYoY6KFyitCk,"Oyster","Oyster","HMLT;Eric Ryan;Julles",2023-09-08,120000,28,false,5o8x11qqf7lxqq5f4sirhivr4,2024-04-01T04:55:40Z,"indie soul","Takes A Village Music",0.526,0.506,9,-8.556,1,0.132,0.698,0.0658,0.1,0.482,144.038,4
spotify:track:4s3RSUwPDxCeWaLEiNOPq3,"Homiesexual (with Ty Dolla $ign)","NEVER ENOUGH","Daniel Caesar;Ty Dolla $ign",2023-04-07,230379,65,true,5o8x11qqf7lxqq5f4sirhivr4,2024-04-01T04:55:45Z,"trap soul","Republic Records",0.633,0.472,8,-10.783,0,0.0406,0.0907,0.00000217,0.1,0.298,99.9,4
spotify:track:6FBzhcfgGacfXF3AmtfEaX,"C U Girl","C U Girl","Steve Lacy",2015-02-15,129697,79,false,5o8x11qqf7lxqq5f4sirhivr4,2024-04-01T04:55:51Z,"","L-M Records",0.414,0.473,11,-8.911,0,0.116,0.663,0.0523,0.128,0.409,100,4
spotify:track:01XlfD9gD7LPpm65rhSPQh,"Smoke + Mirrors","Smoke + Mirrors","Leo Waters",2023-12-15,122115,51,true,5o8x11qqf7lxqq5f4sirhivr4,2024-04-01T04:55:58Z,"","Key Records",0.645,0.543,1,-7.07,0,0.127,0.782,0.0000131,0.104,0.348,126.105,4
spotify:track:59ak5RmKdyspU26ifSg0rW,"Tu Corazón Es Mío...","ORQUÍDEAS","Kali Uchis",2024-01-12,165845,55,false,5o8x11qqf7lxqq5f4sirhivr4,2024-04-01T04:56:04Z,"","Geffen Records",0.696,0.57,6,-6.945,0,0.0289,0.321,0.0000144,0.15,0.385,106.032,4
spotify:track:1Mza2sr6tPhy6jjI3HB9fW,"Hold Me Down","Freudian","Daniel Caesar",2017-08-25,231267,4,false,5o8x11qqf7lxqq5f4sirhivr4,2024-04-01T04:56:09Z,"","Golden Child Recordings",0.463,0.427,8,-9.799,0,0.0549,0.628,0.000565,0.0911,0.231,116.059,4
spotify:track:2YIIDMcF9zWJ2xcFSA99lH,"Charge It","We Go Again","ENNY",2023-04-13,185715,67,true,5o8x11qqf7lxqq5f4sirhivr4,2024-04-01T04:56:24Z,"uk r&b,alternative r&b","FAMM",0.783,0.542,8,-6.793,0,0.114,0.347,0.593,0.201,0.622,127.047,4
spotify:track:2bP5xbCWVyzJNkZoC59yGu,"Serotonin","Serotonin","Tash",2022-08-05,172837,0,false,5o8x11qqf7lxqq5f4sirhivr4,2024-04-01T04:56:29Z,"","Hitmakers Entertainment, LLC",0.708,0.57,7,-7.029,1,0.0832,0.0656,0.0000897,0.0984,0.618,88.863,4
spotify:track:4OPcKAVpIquCyW94TEaD3A,"i don't wanna fall in love, it's too late now","It'll Be Fine","Chase Shakur",2022-06-24,55048,1,true,5o8x11qqf7lxqq5f4sirhivr4,2024-04-01T04:56:34Z,"dark r&b,r&b","Forever N September",0.352,0.344,9,-7.467,0,0.0355,0.773,0,0.377,0.341,107.722,3
spotify:track:6YIlJumm3UYeXvkR8d5hC6,"Rachel and Ross","Rachel and Ross","Tash",2023-10-13,166093,0,false,5o8x11qqf7lxqq5f4sirhivr4,2024-04-01T04:56:44Z,"","Hitmakers Entertainment, LLC",0.749,0.497,8,-9.582,1,0.245,0.146,0.0000902,0.147,0.659,96.005,4
spotify:track:27hke6Xwc5BvW0Juhk3yb2,"BUBBLY (Sped Up)","BUBBLY (Alt Versions)","Ethan Low",2023-03-31,155573,26,true,5o8x11qqf7lxqq5f4sirhivr4,2024-04-01T04:56:50Z,"dark r&b","long days longer nights",0.694,0.439,11,-10.442,0,0.0324,0.183,0,0.121,0.508,126.556,4
spotify:track:2zwmugV2IbUwKq5JgOWEpv,"Mary Jane (All Night Long)","My Life","Mary J. Blige",1994-01-01,279240,70,false,5o8x11qqf7lxqq5f4sirhivr4,2024-04-01T04:56:55Z,"r&b","Uptown",0.784,0.298,5,-9.549,0,0.0543,0.127,0.0000327,0.0678,0.845,87.172,4
spotify:track:0gmviE2bUkRUlEaQer08Ie,"Unstoppable","NEVER ENOUGH","Daniel Caesar",2023-04-07,247805,58,true,5o8x11qqf7lxqq5f4sirhivr4,2024-04-01T04:57:01Z,"","Republic Records",0.597,0.66,1,-5.911,1,0.127,0.675,0.0158,0.303,0.544,77.626,4
spotify:track:6vcYqLsAJLK2UuG98DrFuU,"Girls Need Love (Girls Mix) (feat. Victoria Monét)","Girls Need Love (Girls Mix)","Summer Walker;Victoria Monét",2023-10-20,158350,40,true,5o8x11qqf7lxqq5f4sirhivr4,2024-04-01T04:57:12Z,"r&b,alternative r&b","LVRN/Interscope Records",0.713,0.356,6,-11.291,0,0.419,0.439,0,0.101,0.139,96.906,4
spotify:track:6goWg0ZCPHgDThVR8thWNX,"I Could Imagine","Sunbeam","Alina Baraz",2021-09-24,159160,49,false,5o8x11qqf7lxqq5f4sirhivr4,2024-04-01T04:57:16Z,"","Alina Baraz LLC under exclusive license to UnitedMasters LLC",0.613,0.467,8,-10.312,0,0.0386,0.552,0.000234,0.0862,0.444,147.95,3
spotify:track:0lpo9c5J9uOZqMsXEei1gV,"Through The Night (feat. Free Nationals)","When I Hear Your Name","Maeta;Free Nationals",2023-06-09,258023,59,false,5o8x11qqf7lxqq5f4sirhivr4,2024-04-01T04:57:29Z,"indie r&b","Roc Nation Records, LLC",0.468,0.38,1,-6.326,1,0.0309,0.689,0.0000598,0.114,0.406,129.897,3
spotify:track:09OeD94T28n7ku4RqPa6wZ,"Anna Mae","Over It","Summer Walker",2019-10-04,137773,58,true,5o8x11qqf7lxqq5f4sirhivr4,2024-04-01T04:57:35Z,"r&b","LVRN/Interscope Records",0.582,0.491,5,-7.975,0,0.0452,0.136,0,0.176,0.695,88.938,4
spotify:track:3RleMgz4iO0BNezGdSxDnY,"Diosa","ORQUÍDEAS","Kali Uchis",2024-01-12,156037,61,false,5o8x11qqf7lxqq5f4sirhivr4,2024-04-01T04:57:40Z,"","Geffen Records",0.797,0.853,5,-5.518,0,0.0668,0.0675,0.000101,0.078,0.698,107.994,4
spotify:track:6WRR6i9cJDO7FW2AbBGBAl,"Distance","Home Buddies","Play Nice",2020-07-23,211139,23,false,5o8x11qqf7lxqq5f4sirhivr4,2024-04-01T04:57:46Z,"alternative r&b","Play Nice",0.559,0.418,6,-10.027,0,0.0681,0.821,0.0229,0.111,0.369,118.453,3
spotify:track:0e0JshRej2NwT7jahEmv52,"ROLLING STONE","WASTELAND","Brent Faiyaz",2022-07-08,162006,71,true,5o8x11qqf7lxqq5f4sirhivr4,2024-04-01T04:57:56Z,"r&b","Lost Kids LLC., Marketed by Venice / Stem",0.462,0.273,11,-11.768,0,0.0622,0.903,0.0000371,0.101,0.334,141.33,3
spotify:track:6U0FIYXCQ3TGrk4tFpLrEA,"SUGAR","GINGER","BROCKHAMPTON",2019-08-23,204541,72,true,5o8x11qqf7lxqq5f4sirhivr4,2024-04-01T04:58:12Z,"","Question Everything/RCA Records",0.453,0.538,1,-8.212,1,0.0638,0.449,0,0.19,0.516,122.973,4
spotify:track:43AkwjzRPBKbFrGM7Rn9JF,"More","More","Chxrry",2023-08-21,196399,25,true,5o8x11qqf7lxqq5f4sirhivr4,2024-04-01T04:58:16Z,"","XO / Republic Records",0.511,0.706,11,-6.544,0,0.218,0.0986,0.0000179,0.102,0.401,138.826,4
spotify:track:1q3IPJtWFRfUNaRGEGGVQa,"Endless Sky (feat. greek)","in visions","Alé Araya;greek",2023-03-24,174769,0,false,5o8x11qqf7lxqq5f4sirhivr4,2024-04-01T04:58:22Z,"indie r&b","Rostrum Records",0.215,0.564,9,-8.535,1,0.0748,0.334,0.0000703,0.114,0.163,76.782,4
spotify:track:4QMGInAtqzpZDNEuEsfhF3,"BELLA","BELLA","Alé Araya",2024-03-08,149279,0,false,5o8x11qqf7lxqq5f4sirhivr4,2024-04-01T04:58:28Z,"","Rostrum Records",0.639,0.679,7,-7.566,0,0.105,0.0178,0.242,0.0974,0.153,159.924,4
spotify:track:55TjrzpNTh67khSEpZ6BCq,"Fuck Your Friend","When I Hear Your Name","Maeta",2023-06-09,164738,36,true,5o8x11qqf7lxqq5f4sirhivr4,2024-04-01T04:58:33Z,"indie r&b","Roc Nation Records, LLC",0.551,0.597,3,-8.376,0,0.0649,0.495,0.00186,0.121,0.503,85.126,4
spotify:track:0zP8VSgyYSVqrSXTYTn9Su,"Leave the Club (feat. Lil Durk & GloRilla)","Love Sick","Don Toliver;Lil Durk;GloRilla",2023-02-24,222386,59,true,5o8x11qqf7lxqq5f4sirhivr4,2024-04-01T04:58:40Z,"chicago drill,drill","Cactus Jack / Atlantic",0.499,0.734,2,-4.782,1,0.0994,0.219,0,0.207,0.322,104.97,4
spotify:track:0SmOA3Fb5OTMVkG1k99Uo1,"Counting Thunder","LOONY","LOONY",2024-03-22,198578,23,false,5o8x11qqf7lxqq5f4sirhivr4,2024-04-06T02:52:18Z,"alternative r&b","LOONY",0.575,0.758,7,-5.35,1,0.198,0.493,0.000704,0.689,0.608,143.925,4
spotify:track:2SQ9RmQAOxGICUSt9T5dIX,"No More What Ifs","Persona 5 Royal: Original Soundtrack","Lyn",2022-02-22,240666,60,false,5o8x11qqf7lxqq5f4sirhivr4,2024-04-06T19:47:23Z,"japanese vgm","株式会社アトラス",0.83,0.352,2,-13.2,1,0.0372,0.276,0.0194,0.112,0.493,139.952,4
spotify:track:2U8r2hDQGAJ5ir6IrmK4cC,"Doing Tonight","Doing Tonight","Afroham;Misha;GINGE",2023-02-23,174000,25,false,5o8x11qqf7lxqq5f4sirhivr4,2024-04-12T03:17:39Z,"lo-fi beats,lo-fi hip hop,lo-fi,jazz beats,indie r&b","Melting Pot Music",0.647,0.429,9,-9.881,0,0.307,0.246,0.00884,0.112,0.228,72.405,4
spotify:track:5YZVINXGdthlMIrQAJKvKS,"when ur around","when ur around","Takayoshi",2022-12-07,101694,0,false,5o8x11qqf7lxqq5f4sirhivr4,2024-04-12T03:17:53Z,"","Takayoshi",0.804,0.421,2,-13.737,1,0.0636,0.591,0.4,0.107,0.914,117.993,4
spotify:track:2qSkIjg1o9h3YT9RAgYN75,"Espresso","Espresso","Sabrina Carpenter",2024-04-12,175459,87,true,5o8x11qqf7lxqq5f4sirhivr4,2024-04-12T13:13:08Z,"pop","Island Records",0.701,0.76,0,-5.478,1,0.0285,0.107,0.0000654,0.185,0.69,103.969,4
spotify:track:33Qa5hM4hSlJY3bbpoFl9G,"violet","violet","Marianne Ross",2023-12-13,110322,39,false,5o8x11qqf7lxqq5f4sirhivr4,2024-04-15T00:14:23Z,"","Marianne Ross",0.718,0.166,8,-14.195,1,0.0434,0.902,0.0000518,0.11,0.32,123.991,4
spotify:track:0gvHiQLsM6Uj7M39Hpfcec,"Whateva U Need","Body (EP)","Grimm Lynn",2021-02-12,237037,22,false,5o8x11qqf7lxqq5f4sirhivr4,2024-04-15T00:14:30Z,"neo soul,alternative r&b,indie r&b","The Lovers Club",0.557,0.595,1,-9.946,1,0.0367,0.269,0.86,0.109,0.327,81.014,4
spotify:track:6X1e8vitsmstMQIC2wrETx,"If You Were Mine","If You Were Mine","MINOVA",2023-02-27,218800,56,false,5o8x11qqf7lxqq5f4sirhivr4,2024-04-17T02:49:21Z,"","MINOVA",0.602,0.314,7,-9.915,1,0.0284,0.691,0.00493,0.1,0.155,110.099,4
spotify:track:2lEmZ8yN2yKnt7sWvMjmmj,"bird's eye view","Forest in the City","UMI",2022-05-26,248026,30,true,5o8x11qqf7lxqq5f4sirhivr4,2024-04-21T05:28:50Z,"","UMI/Keep Cool/RCA Records",0.609,0.404,11,-11.659,0,0.087,0.61,0.000647,0.849,0.165,119.83,4
spotify:track:3linBtGF8ouzEncml6s2ux,"Good Things (Remix)","Good Things (Remix)","Jay Glavany;Benita",2022-11-23,217443,0,false,5o8x11qqf7lxqq5f4sirhivr4,2024-04-21T05:29:00Z,"","GLAVANY",0.656,0.421,1,-11.229,1,0.0421,0.0833,0.00824,0.0683,0.485,157.943,4
spotify:track:5b9h3qSZj7TOm2TSRSFsXD,"Silk Sheets","Silk Sheets","Daizha",2023-01-20,200000,0,true,5o8x11qqf7lxqq5f4sirhivr4,2024-04-21T05:29:11Z,"neo soul","DAY ONE ENT.",0.467,0.378,10,-8.439,0,0.0312,0.876,0.00149,0.117,0.311,131.725,3
spotify:track:3zeyP0JnzXEx3uZLmpOdtP,"Brokenhearted","Brandy","Brandy",1994,352733,42,false,5o8x11qqf7lxqq5f4sirhivr4,2024-04-21T05:29:19Z,"r&b,contemporary r&b","Rhino Atlantic",0.635,0.33,1,-11.928,1,0.0299,0.317,0.000027,0.0765,0.29,139.896,4
spotify:track:5sGGlfbqdGlJr3ZMMjODoy,"She Won't Go Away","Faye Webster","Faye Webster",2017-05-12,185646,70,false,5o8x11qqf7lxqq5f4sirhivr4,2024-04-21T13:44:52Z,"","Secretly Canadian",0.71,0.394,9,-9.306,1,0.0295,0.309,0.00000257,0.105,0.447,92.977,4
spotify:track:6AzzMupvtP4u4B8d5OWVUi,"Brokenhearted (feat. Wanya Morris) - Single Version","The Best of Brandy","Brandy;Wanya Morris",2005-04-05,286493,48,false,5o8x11qqf7lxqq5f4sirhivr4,2024-04-21T14:34:23Z,"r&b,contemporary r&b","Rhino Atlantic",0.329,0.517,6,-7.178,1,0.0353,0.488,0,0.0985,0.408,149.758,4
spotify:track:6HUO25AttZZCoKAY0vUVtc,"You Know Wassup","You Know Wassup","Kehlani",2019-11-22,201142,61,true,5o8x11qqf7lxqq5f4sirhivr4,2024-04-21T14:34:37Z,"","TSNMI / Atlantic",0.475,0.404,0,-8.899,1,0.0946,0.65,0,0.1,0.463,104.513,4
spotify:track:2oap3QptGISyIvwKpnJJId,"Experience","JAGUAR","Victoria Monét;Khalid;SG Lewis",2020-08-07,176773,57,false,5o8x11qqf7lxqq5f4sirhivr4,2024-04-21T18:24:06Z,"alternative r&b","Tribe Records",0.614,0.809,9,-4.749,1,0.0738,0.0105,0.000353,0.148,0.354,112.023,4
spotify:track:0TYhf0MgEj4YJaKwo5c4Km,"Wicked Games","Selfless","Kiana Ledé",2018-07-13,181266,64,true,5o8x11qqf7lxqq5f4sirhivr4,2024-04-22T03:12:05Z,"","Republic Records",0.772,0.435,6,-7.042,0,0.0591,0.445,0,0.135,0.475,146.123,3
spotify:track:4rjQxlKAIXbEqHzjrnYZ7x,"Shutcho","Scarlet","Doja Cat",2023-09-22,187408,56,true,5o8x11qqf7lxqq5f4sirhivr4,2024-04-23T18:15:54Z,"","Kemosabe Records/RCA Records",0.763,0.441,1,-9.043,1,0.11,0.0343,0,0.132,0.409,145.926,4
spotify:track:6Hby7av6VUMOyWGlXzMHPi,"Addiction","Addiction","LARA'",2023-02-03,168893,16,false,5o8x11qqf7lxqq5f4sirhivr4,2024-04-23T18:16:17Z,"","EARTHCHILD / EMPIRE",0.64,0.443,3,-10.287,1,0.325,0.245,0.0171,0.109,0.522,80.69,4
spotify:track:6CTdEvRD18xnL8qIumOaSU,"snakelike (the stars collide)","snakelike (the stars collide)","whatsaheart",2024-04-19,163282,67,true,5o8x11qqf7lxqq5f4sirhivr4,2024-04-25T20:42:23Z,"shoegaze","whatsaheart",0.372,0.948,1,-4.366,1,0.0847,0.0000122,0.00000116,0.402,0.398,88.045,4
spotify:track:6bWGTqdG9L8s2crvedq94m,"Lucky Girl","Lucky Girl","Carlina",2023-02-07,227848,59,false,5o8x11qqf7lxqq5f4sirhivr4,2024-04-26T16:58:14Z,"","cartunes 2023",0.42,0.653,1,-3.981,0,0.068,0.414,0.00204,0.28,0.532,50.117,4
spotify:track:3Q3kB5uskRw5o1ffwFO3G0,"Come With Me","Come With Me","Chloe Bodur;BODUR",2022-06-28,232814,48,false,5o8x11qqf7lxqq5f4sirhivr4,2024-04-27T20:29:37Z,"uk r&b,neo soul","Chloe Bodur",0.742,0.434,11,-9.722,0,0.0325,0.542,0.542,0.109,0.268,118.88,4
spotify:track:4PeKSxoaivD8IqXNjd4uuz,"I Just Want My Bitches To Fly (IJWMBTF)","I Just Want My Bitches To Fly (IJWMBTF)","Livt;Daizha",2023-09-20,166022,0,true,5o8x11qqf7lxqq5f4sirhivr4,2024-04-27T20:29:43Z,"neo soul","DAY ONE ENT.",0.692,0.478,5,-9.533,0,0.0496,0.72,0.000039,0.141,0.39,130.074,4
spotify:track:7G8NW1IfiuHgvJ8UfzyOWF,"lovergirl","lovergirl","saturra",2021-06-16,135883,51,false,5o8x11qqf7lxqq5f4sirhivr4,2024-04-27T20:29:58Z,"","saturra",0.427,0.312,1,-18.109,0,0.0359,0.917,0.166,0.111,0.82,183.838,4
spotify:track:1lACKJGohovPJO3gf2zFuQ,"Falling","Falling","Raelle",2023-04-21,291053,16,false,5o8x11qqf7lxqq5f4sirhivr4,2024-04-29T00:52:09Z,"uk r&b,neo soul","Raelle Records",0.478,0.413,8,-8.259,1,0.0317,0.383,0.511,0.244,0.391,87.766,4
spotify:track:2Ywj9tz58lak0U2xjI9lkw,"PLEASE WAIT FOR ME","PLEASE WAIT FOR ME","LCN!",2023-10-27,150517,45,false,5o8x11qqf7lxqq5f4sirhivr4,2024-04-29T00:52:16Z,"","Elsian's room",0.592,0.322,7,-12.771,1,0.0482,0.666,0,0.105,0.435,181.052,3
spotify:track:66TOWpCGqNqSF1aILu1sNy,"Astronomical","Astronomical (feat. Jords)","Bea Anderson;Jords",2023-07-28,209882,13,false,5o8x11qqf7lxqq5f4sirhivr4,2024-04-29T00:52:23Z,"uk r&b","CMP RECORDS",0.557,0.799,10,-5.169,0,0.369,0.625,0.0000165,0.127,0.521,175.925,4
spotify:track:7i3bX66nKJyCwMKBewFElH,"Teleport","He's Mine","Etta Bond",2019-03-29,199372,36,false,5o8x11qqf7lxqq5f4sirhivr4,2024-04-30T02:11:17Z,"uk r&b,alternative r&b","OddChild Music",0.805,0.37,2,-8.043,1,0.066,0.393,0.0627,0.112,0.238,139.945,4
spotify:track:3l5OFU1tiqryc4NTBKkxZa,"Show Up","Don't Look Back","Aáyanna",2023-10-27,147538,17,true,5o8x11qqf7lxqq5f4sirhivr4,2024-05-02T00:34:57Z,"","Avant Garden",0.819,0.392,10,-6.43,1,0.0773,0.0268,0.00111,0.092,0.79,131.972,4
spotify:track:1cEOphTW8fouffS5Yjgraq,"Daze / Over","Daze / Over","Dreamer Isioma",2023-10-26,138957,23,true,5o8x11qqf7lxqq5f4sirhivr4,2024-05-05T01:24:14Z,"alternative r&b","Dreamer Isioma LLC",0.588,0.74,6,-8.943,0,0.0284,0.00182,0.795,0.14,0.35,110.001,4
spotify:track:7Bi4OrBlggm1PaobdxW9Up,"Time Apart","The Burden of Fever Dreams","Ethel",2024-03-22,160475,6,false,5o8x11qqf7lxqq5f4sirhivr4,2024-05-05T01:24:19Z,"","+1 Records",0.503,0.621,4,-8.5,0,0.31,0.592,0.0479,0.185,0.648,87.215,4
spotify:track:7y4voxIo9QJT9ZODjKEBLS,"open","open","Merges",2023-06-14,142362,41,true,5o8x11qqf7lxqq5f4sirhivr4,2024-05-05T17:46:44Z,"","Over Everything",0.363,0.43,6,-9.92,0,0.0394,0.884,0.000233,0.166,0.264,71.619,3
spotify:track:0uKS4j9eDCRoPHnBVmwbPu,"That Juicy Star","That Juicy Star","ch6ntal",2024-04-24,104350,0,true,5o8x11qqf7lxqq5f4sirhivr4,2024-05-07T00:55:32Z,"","7013703 Records DK",0.638,0.567,0,-6.122,1,0.0547,0.0197,0.142,0.0773,0.615,169.96,4
spotify:track:6tsOcBnaKgzK22yEiqRh8P,"MONOPOLY (with Victoria Monét)","MONOPOLY","Ariana Grande;Victoria Monét",2019-04-01,158586,63,true,5o8x11qqf7lxqq5f4sirhivr4,2024-05-07T19:29:36Z,"pop,alternative r&b","Republic Records",0.893,0.507,0,-8.282,1,0.378,0.702,0.0000314,0.109,0.695,143.969,4
spotify:track:0XTnNSfnSoH8cOOUoaaKgg,"Sex On GPS","Sex On GPS","Maesu",2023-01-24,160011,0,true,5o8x11qqf7lxqq5f4sirhivr4,2024-05-07T21:38:39Z,"alté","Maesu",0.875,0.296,6,-12.828,0,0.164,0.276,0.0123,0.0889,0.343,108.02,4
spotify:track:2mdEsXPu8ZmkHRRtAdC09e,"Cinnamon Girl","Norman Fucking Rockwell!","Lana Del Rey",2019-08-30,300683,90,false,5o8x11qqf7lxqq5f4sirhivr4,2024-05-07T21:38:47Z,"","Polydor Records",0.294,0.337,6,-10.614,0,0.036,0.814,0.414,0.14,0.135,91.781,5
spotify:track:0IGP3iaYDLV5XJyGKeQ0cv,"2million","JENA","Felix Ames",2023-10-20,176066,26,true,5o8x11qqf7lxqq5f4sirhivr4,2024-05-07T21:39:08Z,"retro soul","Def Jam Recordings",0.52,0.426,1,-8.977,1,0.076,0.866,0,0.145,0.712,143.428,4
spotify:track:65yvPCD5zeoEmo0yIzFDqf,"Honey Berry Love","My Abstract Mental","Eimizah",2023-01-18,131000,26,true,5o8x11qqf7lxqq5f4sirhivr4,2024-05-09T17:28:29Z,"","Rose Records",0.69,0.636,1,-6.892,0,0.053,0.795,0.000798,0.41,0.629,120.011,4
spotify:track:29dLm7RhrSMQi6niCNRCut,"Fantasy (Give It All)","Fantasy (Give It All)","Dende;Sebastian Kamae;Hoofy Baby",2023-08-11,177534,23,false,5o8x11qqf7lxqq5f4sirhivr4,2024-05-11T20:23:56Z,"lo-fi hip hop,lo-fi,lo-fi beats","MadeUp Records",0.423,0.275,9,-13.862,0,0.18,0.942,0.0118,0.135,0.192,80.416,3
spotify:track:49aBr2lBFh0LkR84IbsIQz,"Colors","Colors","Chenayder;MAVI",2024-04-25,186666,43,true,5o8x11qqf7lxqq5f4sirhivr4,2024-05-11T20:24:02Z,"experimental hip hop,alternative hip hop","Alamo",0.811,0.631,1,-8.497,1,0.0512,0.64,0.0383,0.12,0.74,99.039,4
spotify:track:7mY5JDCruMgDqNmXStBMyG,"Changing","Heartbreak Hill","JON VINYL",2023-11-03,142771,17,true,5o8x11qqf7lxqq5f4sirhivr4,2024-05-11T20:24:10Z,"","Vinyl Recordings, Inc.",0.573,0.389,9,-8.626,1,0.0454,0.839,0,0.117,0.541,84.257,4
spotify:track:7whRnyXkGLSkwluSMe1JH5,"Feelings 4 You","Feelings 4 You","Xavier Omär",2022-05-20,256202,0,false,5o8x11qqf7lxqq5f4sirhivr4,2024-05-11T20:24:19Z,"alternative r&b","Independent",0.652,0.312,8,-7.399,0,0.0495,0.367,0.00000415,0.134,0.203,117.702,3
spotify:track:6Gt65Ye6Ra5XrDIz9zJ4Bt,"Do You Wanna","Do You Wanna","Binta",2023-02-20,166355,0,false,5o8x11qqf7lxqq5f4sirhivr4,2024-05-12T20:54:50Z,"uk r&b","Mind of a Genius",0.718,0.692,1,-4.439,1,0.206,0.255,0.00748,0.122,0.706,79.942,4
spotify:track:5f1hCTY2bQk6rVbr9N0AzG,"Range 95’","I Came Home Late","Ama",2023-09-01,179560,34,true,5o8x11qqf7lxqq5f4sirhivr4,2024-05-12T20:55:02Z,"uk r&b,alternative r&b","Interscope Records",0.593,0.582,0,-7.339,0,0.19,0.204,0,0.267,0.439,166.054,4
spotify:track:5Cc0Pe8p7c2OJxMj07ywvc,"Strangers","Preacher’s Daughter","Ethel Cain",2022-05-12,344344,71,false,5o8x11qqf7lxqq5f4sirhivr4,2024-05-14T03:15:49Z,"southern gothic","Daughters of Cain Records",0.373,0.321,0,-8.932,1,0.0289,0.3,0.0000203,0.0816,0.181,102.03,4
spotify:track:6mz49W2hyCbQ3eTkTEWyOZ,"SOLA CON LA LUNA","SOLA CON LA LUNA","Alé Araya",2024-05-22,232758,0,true,5o8x11qqf7lxqq5f4sirhivr4,2024-05-22T04:52:04Z,"","Rostrum Records",0.589,0.642,0,-8.499,0,0.0418,0.195,0.689,0.12,0.206,116.006,5
spotify:track:1CBeJZjm49VMbbgBR2lH2O,"Love You So","Love You So","Leonie Biney;Rin",2024-05-22,202338,0,false,5o8x11qqf7lxqq5f4sirhivr4,2024-05-22T19:03:07Z,"","Platoon",0.418,0.125,0,-15.871,1,0.0338,0.939,0,0.111,0.263,139.78,3
spotify:track:3SDJGyVK6sDBkwan0Sxj6R,"Love For You","Love For You","LOVELI LORI;ovg!",2024-05-22,170233,0,false,5o8x11qqf7lxqq5f4sirhivr4,2024-05-22T19:03:15Z,"phonk","The System",0.721,0.647,1,-9.494,1,0.0472,0.0606,0.272,0.179,0.547,109.254,4
spotify:track:3cxCBoboAnw7m3Z2srEe8E,"Gordon's Gardenparty","Life (Remastered)","The Cardigans",1995-01-01,201989,56,false,5o8x11qqf7lxqq5f4sirhivr4,2024-05-24T03:54:23Z,"swedish pop","Universal Music AB",0.706,0.51,2,-10.39,1,0.0525,0.585,0.0000232,0.0631,0.695,105.444,4
spotify:track:7JNRbAGTrJVjx88GvHBaUP,"From The Window","Soyokaze Apartment Room 201","Lamp",2003-04-09,218013,57,false,5o8x11qqf7lxqq5f4sirhivr4,2024-05-24T04:21:00Z,"shibuya-kei,japanese indie,city pop","Botanical House",0.814,0.696,2,-6.86,1,0.0347,0.572,0.000535,0.209,0.648,137.966,4
spotify:track:3Os1431WclqyKxWqMzRESE,"someone like u - interlude","Positions (Deluxe)","Ariana Grande",2021-02-19,76742,60,false,5o8x11qqf7lxqq5f4sirhivr4,2024-05-30T23:40:03Z,"pop","Republic Records",0.639,0.544,5,-9.5,0,0.0383,0.175,0.0000244,0.14,0.179,118.158,4
spotify:track:7xagQoIf776ukUlgH4TyyB,"I Don't Care","Dangerous Woman","Ariana Grande",2016-05-20,178026,58,true,5o8x11qqf7lxqq5f4sirhivr4,2024-05-31T02:33:58Z,"pop","Universal Records",0.591,0.403,0,-8.284,1,0.0431,0.728,0.00000137,0.153,0.288,111.934,4
spotify:track:4E6lIWu8JziilMhkY5mmog,"POISON FLIP - LeeJi Remix","GOT ME LIKE","berryblue;LeeJi",2023-06-23,119097,0,true,5o8x11qqf7lxqq5f4sirhivr4,2024-05-31T02:34:21Z,"hyperpop","blueproductions",0.874,0.497,10,-10.232,1,0.0407,0.0956,0.000124,0.0879,0.532,132.992,4
spotify:track:5jIPK0iZ3wzCHWsEze021Z,"Hold Up","Hold Up","Sasha Keable",2024-04-11,148750,55,true,5o8x11qqf7lxqq5f4sirhivr4,2024-06-04T04:33:58Z,"uk r&b","The Flight Club Records",0.603,0.607,1,-5.322,0,0.409,0.435,0.00000313,0.0661,0.416,87.911,4
spotify:track:6z3kWf0vcfBanjd05m9Vec,"Hustle That Cat","Essential, Vol. 3","RuPaul",2024-01-05,186266,49,false,5o8x11qqf7lxqq5f4sirhivr4,2024-06-04T04:34:38Z,"ballroom vogue","RuCo",0.709,0.795,10,-5.586,0,0.0672,0.343,0.00000194,0.25,0.705,105.001,4
spotify:track:7zgEoBci3rKmEkLdsZ8ZKJ,"Intergalactic Janet","Intergalactic Janet","Ley Soul",2023-11-09,160440,1,false,5o8x11qqf7lxqq5f4sirhivr4,2024-06-04T05:48:19Z,"","Ley Soul",0.766,0.475,10,-10.639,0,0.0342,0.48,0.00159,0.113,0.853,139.97,4
spotify:track:7ddVpLW467CLYffbPRQNmH,"Take A Bite","Take A Bite","beabadoobee",2024-05-09,158866,0,false,5o8x11qqf7lxqq5f4sirhivr4,2024-06-04T21:42:12Z,"bedroom pop","Dirty Hit",0.537,0.631,0,-6.558,1,0.0263,0.0453,0.003,0.325,0.491,91.007,4
spotify:track:1jHq0Xqbb49WLRUq0kMFzz,"ALL THAT U WANT","ALL THAT U WANT","Unusual Demont",2023-11-08,140241,0,false,5o8x11qqf7lxqq5f4sirhivr4,2024-06-15T20:13:33Z,"alternative r&b","Avant Garden",0.672,0.35,1,-8.179,0,0.105,0.243,0.0452,0.111,0.515,94.935,4
spotify:track:5utUZ5nv6y6dR8irsnOQEj,"Bloom","Bloom","Aqyila",2024-02-09,175057,60,false,5o8x11qqf7lxqq5f4sirhivr4,2024-06-15T20:13:48Z,"","Sony Music Canada",0.325,0.804,10,-4.439,1,0.168,0.573,0.00001,0.281,0.441,157.168,4
spotify:track:5FnAAoSWZzBQ3gAM71hxoG,"Oddity","Oddity","Tash",2020-10-23,216160,0,false,5o8x11qqf7lxqq5f4sirhivr4,2024-06-15T23:45:25Z,"","Facebook, Inc",0.546,0.45,11,-6.261,0,0.208,0.293,0.0000013,0.164,0.469,111.957,4
spotify:track:7e3Gyj77i9ydZRD9rolGsy,"Honestly","Tash Volume 2","Tash",2020-12-04,223829,0,false,5o8x11qqf7lxqq5f4sirhivr4,2024-06-15T23:47:22Z,"","Facebook, Inc",0.6,0.5,11,-7.437,1,0.19,0.0221,0,0.086,0.645,140.927,3
spotify:track:5uXg4XeAKkW66P3GTqLdgO,"Love Potions","Cum n Cocaine","BJ Lips;princess paparazzi",2021-08-02,173165,0,true,5o8x11qqf7lxqq5f4sirhivr4,2024-06-16T03:51:32Z,"","3722699 Records DK",0.662,0.833,11,-5.621,1,0.0318,0.0996,0,0.204,0.457,121.938,4
spotify:track:7jflYNzZ9xnk2Snt4Q2EJO,"For The First Time","For The First Time","Tash",2023-02-24,193214,0,false,5o8x11qqf7lxqq5f4sirhivr4,2024-06-16T04:49:12Z,"","Hitmakers Entertainment, LLC",0.795,0.533,1,-6.61,1,0.0726,0.0117,0.0000195,0.0892,0.677,104.959,4
spotify:track:1prRgvsF1hNFw84SuUnCCZ,"グッド・ラック","あなたもロボットになれる feat. かもめ児童合唱団 c/w グッド・ラック","Shintaro Sakamoto",2014-11-07,247306,2,false,5o8x11qqf7lxqq5f4sirhivr4,2024-06-18T18:53:02Z,"japanese indie,shibuya-kei,city pop","zelone records",0.595,0.658,5,-4.972,1,0.0233,0.208,0.0000681,0.0944,0.714,98.931,4
spotify:track:1NAG1AiDx6FR4JbinPWzzi,"VIBES: IMMACULATE","VIBES: IMMACULATE","KALLITECHNIS",2024-01-12,163076,13,false,5o8x11qqf7lxqq5f4sirhivr4,2024-06-20T04:43:12Z,"indie r&b","SOUL OVER EGO",0.618,0.563,6,-5.813,0,0.0381,0.227,0.0000202,0.1,0.562,155.974,4
spotify:track:1tZAEXxVr3W1XHPQZslOEI,"UCKERS","UCKERS","Shygirl",2019-06-12,115000,39,true,5o8x11qqf7lxqq5f4sirhivr4,2024-06-20T04:43:28Z,"hyperpop","Shygirl Ltd.",0.768,0.555,4,-7.169,0,0.0627,0.0147,0.00814,0.319,0.503,97.994,4
spotify:track:1YhNljrEyPYaYNgBNsWap5,"Turn it up","Turn it up","PinkPantheress",2024-05-24,147020,64,false,5o8x11qqf7lxqq5f4sirhivr4,2024-06-20T04:43:35Z,"bedroom pop","Warner Records",0.771,0.565,7,-9.407,1,0.0299,0.672,0.000112,0.195,0.444,132.339,4
spotify:track:5pJK4zHDOdUxAZDEXx8dDO,"Get Wid Lemonade","Get Wid Lemonade","[Kyle Davis]",2024-02-15,136881,59,true,5o8x11qqf7lxqq5f4sirhivr4,2024-06-26T19:51:42Z,"","broke",0.812,0.558,8,-9.221,1,0.365,0.097,0.00000641,0.113,0.387,89.19,4
spotify:track:4oPLjuY1WgGTL0Ja1doDOn,"Magic Johnson","Valedictorian [Deluxe]","ian",2024-06-07,137158,74,true,5o8x11qqf7lxqq5f4sirhivr4,2024-06-27T23:59:15Z,"","Bu Vision",0.911,0.689,1,-6.176,1,0.265,0.00119,0,0.0704,0.546,140.034,4
spotify:track:0z46PalheHjshVcPN0yuVx,"Love Me","Soft Spot","JMSN",2023-10-11,273010,0,false,5o8x11qqf7lxqq5f4sirhivr4,2024-07-01T17:43:06Z,"","White Room Records",0.626,0.335,10,-10.184,0,0.0437,0.228,0,0.783,0.444,80.521,4
spotify:track:1GTn7gpcSSP7yHkiAPHUWw,"Everyday Feels Like Sunday","Everyday Feels Like Sunday","Jesse Barrera;Albert Posis",2022-07-29,139930,54,false,5o8x11qqf7lxqq5f4sirhivr4,2024-07-01T21:00:35Z,"","THE JB CAVE Records",0.718,0.45,11,-8.136,0,0.0357,0.779,0.00000122,0.126,0.568,89.933,4
spotify:track:3WGlIWGvNbuXQjwqps80T7,"STARBURST","CHRYSALIS","Unusual Demont",2023-12-08,147770,0,false,5o8x11qqf7lxqq5f4sirhivr4,2024-07-01T21:00:42Z,"alternative r&b","Avant Garden",0.656,0.637,2,-6.422,1,0.0657,0.591,0,0.102,0.442,86.064,4
spotify:track:3CQtiTqFo66lAzLBvD7p17,"Gone (0 Version)","Gone (0 Version)","Sephe",2021-08-12,139546,5,true,5o8x11qqf7lxqq5f4sirhivr4,2024-07-03T05:00:55Z,"hyperpop","Sephe",0.357,0.263,1,-20.012,1,0.135,0.553,0.637,0.198,0.304,95.915,5
spotify:track:7MDfN1ldfTMtuXXdVz2Pzc,"Tears Dry On Their Own","Back To Black (Deluxe Edition)","Amy Winehouse",2006,186440,68,true,5o8x11qqf7lxqq5f4sirhivr4,2024-07-04T04:20:55Z,"","Universal-Island Records Ltd.",0.634,0.543,1,-13.391,0,0.182,0.525,0,0.232,0.468,121.56,4
spotify:track:7frnIAN3f3zYa0diArisoa,"Element","Bigger Dreams","Nia Sultana",2022-06-02,171875,38,false,5o8x11qqf7lxqq5f4sirhivr4,2024-07-04T20:01:24Z,"","#JUSTAREGULARDAY/Interscope Records",0.596,0.514,11,-7.163,0,0.158,0.37,0.00163,0.102,0.423,81.012,4
spotify:track:6A46jG17UumVQLqodsFxuV,"Show Me How (Album V)","Oncle Jazz","Men I Trust",2019-09-13,215110,51,false,5o8x11qqf7lxqq5f4sirhivr4,2024-07-04T20:01:31Z,"bedroom pop,indie pop,dream pop","Independent",0.812,0.212,9,-15.267,0,0.0606,0.765,0.849,0.0959,0.463,166.025,4
spotify:track:0naQNORRwtw32V8sQXMhAx,"ONLY-1","004DAISY","DIXSON",2022-09-16,218040,31,true,5o8x11qqf7lxqq5f4sirhivr4,2024-07-04T20:01:37Z,"","Roc Nation Records, LLC",0.59,0.482,9,-10.157,1,0.0828,0.456,0.000922,0.103,0.311,96.088,4
spotify:track:6muso4v5TtE4TtCKQQ97S8,"La Ciruela","Desilusión","Nico Play",2022-11-02,197166,0,true,5o8x11qqf7lxqq5f4sirhivr4,2024-07-06T06:42:03Z,"","Nico Play",0.657,0.164,3,-10.995,0,0.0511,0.873,0.000174,0.115,0.364,133.691,3
spotify:track:5XWlyfo0kZ8LF7VSyfS4Ew,"Drama","Drama - The 4th Mini Album","aespa",2023-11-10,214973,76,false,5o8x11qqf7lxqq5f4sirhivr4,2024-07-06T17:21:46Z,"k-pop","SM Entertainment / Warner Records",0.644,0.872,6,-1.54,0,0.0417,0.164,0,0.363,0.378,131.016,4
spotify:track:1LnEy9O3sYTeO6KiPHKGHq,"Birthday","ENERGY (Deluxe)","Disclosure;Kehlani;Syd",2020-08-28,219520,45,false,5o8x11qqf7lxqq5f4sirhivr4,2024-07-08T03:30:15Z,"house,alternative r&b","Universal-Island Records Ltd.",0.692,0.728,5,-8.686,0,0.0822,0.0926,0.00000458,0.125,0.668,136.205,4
spotify:track:2dono2Koz7DEvGwxUsmMLq,"Linger - SiriusXM Session","Linger / Heading For The Door (Sirius XM Session)","Royel Otis",2024-05-31,186000,78,false,5o8x11qqf7lxqq5f4sirhivr4,2024-07-08T04:11:49Z,"indie","OURNESS PTY LTD",0.404,0.393,2,-6.607,1,0.0262,0.806,0.000443,0.0938,0.403,98.217,4
spotify:track:0YEN61J5AvIRxRalXKQqBM,"Sweetness (feat. Leon Thomas)","Sweetness (feat. Leon Thomas)","Elmiene;Leon Thomas",2024-05-17,251326,60,false,5o8x11qqf7lxqq5f4sirhivr4,2024-07-08T04:11:56Z,"uk r&b","Polydor Records",0.45,0.398,1,-8.379,1,0.0573,0.757,0,0.088,0.347,141.545,4
spotify:track:3ZW48z429TwTJlEN9vxs8u,"Mystery","Mystery","Ralph Castelli",2021-04-01,177600,0,false,5o8x11qqf7lxqq5f4sirhivr4,2024-07-08T04:12:05Z,"bedroom pop","Ralph Castelli",0.832,0.603,6,-10.546,0,0.0416,0.106,0.0688,0.132,0.165,100.002,4
spotify:track:0gEyKnHvgkrkBM6fbeHdwK,"Linger","Everybody Else Is Doing It, So Why Can't We?","The Cranberries",1993-03-01,274706,75,false,5o8x11qqf7lxqq5f4sirhivr4,2024-07-08T04:12:22Z,"","Island Records",0.439,0.434,7,-14.918,1,0.0265,0.0783,0.0000518,0.14,0.204,94.843,4
spotify:track:46j76ZoimljoNL55h26U70,"En El Olvido","Ivory","Omar Apollo",2022-04-08,146786,46,false,5o8x11qqf7lxqq5f4sirhivr4,2024-07-09T01:10:16Z,"bedroom pop","Warner Records",0.632,0.198,7,-9.281,1,0.041,0.809,0,0.111,0.72,171.353,3
spotify:track:3JCaq3KDSROg3TXhdiDa9n,"Ley Seca","Timelezz","JHAYCO;Anuel AA",2021-09-03,263253,75,false,5o8x11qqf7lxqq5f4sirhivr4,2024-07-11T01:36:04Z,"reggaeton,trap latino,urbano latino,latin","N&E Entertainment LLC",0.759,0.842,8,-3.758,1,0.096,0.101,0,0.134,0.584,105.059,4
spotify:track:5sMEEjviCkH6Rp5X2ZvIIc,"Everything is romantic","BRAT","Charli xcx",2024-06-07,203482,68,false,5o8x11qqf7lxqq5f4sirhivr4,2024-07-11T19:22:12Z,"hyperpop,art pop","Atlantic Records",0.485,0.638,2,-6.962,0,0.139,0.309,0.0000413,0.137,0.421,149.99,4
spotify:track:1yhFfvsXLCagHMJuPZllJD,"AUCTION","AUCTION","Sasha Keable;DESTIN CONRAD",2024-06-27,200500,56,true,5o8x11qqf7lxqq5f4sirhivr4,2024-07-12T01:10:22Z,"uk r&b,alternative r&b","The Flight Club Records",0.746,0.605,1,-8.505,1,0.111,0.306,0.000189,0.106,0.379,117.998,3
spotify:track:4V1Dk6gZ3U6qmrdJX4RQEg,"WEATHERED","WEATHERED","SAILORR",2023-12-01,109279,55,false,5o8x11qqf7lxqq5f4sirhivr4,2024-07-12T01:12:50Z,"","Outdoor Records",0.43,0.408,1,-12.021,1,0.0761,0.905,0.0425,0.107,0.218,77.807,4
spotify:track:2mWfVxEo4xZYDaz0v7hYrN,"Juna","Charm","Clairo",2024-07-12,195109,80,false,5o8x11qqf7lxqq5f4sirhivr4,2024-07-12T17:44:47Z,"bedroom pop","Clairo",0.606,0.714,3,-6.244,1,0.0339,0.238,0.098,0.106,0.448,141.512,4
spotify:track:5FFUDCkMjxuK6XQZNumN55,"Love Me Like (feat. DUCKWRTH)","Love Me Like","Rayana Jay;Duckwrth",2019-03-22,164746,52,true,5o8x11qqf7lxqq5f4sirhivr4,2024-07-13T07:53:57Z,"alternative r&b","All Angles / EMPIRE",0.874,0.558,5,-9.814,0,0.225,0.731,0.000638,0.106,0.451,118.021,4
spotify:track:1x0OUPKa4Rcj1jCoLI66bZ,"Penthouse Cloud","Ego Death","The Internet",2015-06-26,284187,43,false,5o8x11qqf7lxqq5f4sirhivr4,2024-07-13T08:59:50Z,"alternative r&b,neo soul","Odd Future",0.503,0.416,8,-11.5,1,0.0721,0.426,0.0166,0.164,0.266,88.9,4
spotify:track:2FhsKmQJ3HtxZWYxUzz235,"Red Balloon","Feel Good","The Internet",2013-09-23,145080,35,false,5o8x11qqf7lxqq5f4sirhivr4,2024-07-13T09:02:33Z,"alternative r&b,neo soul","Odd Future",0.687,0.365,0,-13.93,1,0.0777,0.696,0.844,0.11,0.569,170.058,4
spotify:track:2ZHCPqe01ABLoNAD4Nv6UW,"Commitment (SIDE A)","Commitment Issues","Zachkary",2024-01-26,191809,37,false,5o8x11qqf7lxqq5f4sirhivr4,2024-07-13T20:33:53Z,"","5974711 Records DK2",0.645,0.684,9,-6.264,1,0.027,0.448,0.0000742,0.185,0.688,134.996,4
spotify:track:1yVcR2iCY72vGJSRLnypr4,"Baby Back","Baby Back","Franchika",2024-01-03,180427,0,true,5o8x11qqf7lxqq5f4sirhivr4,2024-07-20T18:29:12Z,"j-r&b","Franchika",0.591,0.907,6,-7.056,0,0.496,0.646,0.000398,0.0611,0.861,146.071,4
spotify:track:3nKrgkNMJGqBQT0QP9rArg,"No Recognition","No Recognition","Aaron May",2022-06-25,147441,5,true,5o8x11qqf7lxqq5f4sirhivr4,2024-07-24T15:57:35Z,"","MOVEINTHEAM",0.717,0.454,2,-10.401,1,0.155,0.19,0,0.134,0.75,118.566,4
spotify:track:4ImeysCxPlYmM4LRFp7z9f,"X's","X's","Cigarettes After Sex",2024-07-12,183761,1,true,5o8x11qqf7lxqq5f4sirhivr4,2024-07-25T19:45:56Z,"dream pop","Partisan Records",0.587,0.442,11,-10.837,0,0.0296,0.445,0.816,0.109,0.215,133.251,4
spotify:track:5Wdyg2LLFZPPlYUntexViV,"Dawn in the Adan","Windswept Adan","Ichiko Aoba",2020-12-02,285504,63,false,5o8x11qqf7lxqq5f4sirhivr4,2024-07-26T16:34:19Z,"japanese indie,shibuya-kei","hermine",0.543,0.226,6,-15.921,0,0.0339,0.958,0.656,0.118,0.2,110.005,4
spotify:track:1VMdwVq0yaTc4DeqSCi7DO,"White","channel ORANGE","Frank Ocean;John Mayer",2012-07-10,76280,63,false,5o8x11qqf7lxqq5f4sirhivr4,2024-07-27T04:38:00Z,"singer-songwriter","Red Zone Entertainment / IDJ",0.608,0.0664,1,-18.857,1,0.0596,0.758,0.945,0.0978,0.294,139.232,4
spotify:track:05IOuexttkZG6eQLFi3v40,"New Bottega","New Bottega","Torren Foot;Azealia Banks",2023-03-10,188915,66,true,5o8x11qqf7lxqq5f4sirhivr4,2024-07-28T01:48:59Z,"tech house,ballroom vogue,hip house","Sweat It Out",0.888,0.948,0,-5.658,1,0.189,0.068,0.00357,0.24,0.51,127.001,4
spotify:track:2x3itjuAmJkxaLyfHJMAQp,"Terrified","Traumatic Livelihood","Jazmin Bean",2024-02-23,185981,43,true,5o8x11qqf7lxqq5f4sirhivr4,2024-07-29T00:37:32Z,"","Universal-Island Records Ltd.",0.431,0.812,9,-5.571,1,0.0335,0.00508,0,0.121,0.607,90.002,4
spotify:track:0kQANryNS3gaQ1OAA1yPNg,"Say","Say","keshi",2024-07-12,181602,1,false,5o8x11qqf7lxqq5f4sirhivr4,2024-07-29T00:57:53Z,"","Island Records",0.671,0.659,5,-7.961,0,0.0374,0.418,0.00115,0.125,0.628,102.035,4
spotify:track:3iHpwGD3h3Bj87KrJEBMI4,"One Wish (feat. Childish Gambino)","One Wish (feat. Childish Gambino)","Ravyn Lenae;Childish Gambino",2024-07-26,195502,50,false,5o8x11qqf7lxqq5f4sirhivr4,2024-08-01T02:03:21Z,"alternative r&b,indie soul","Atlantic Records",0.407,0.548,9,-9.403,1,0.0617,0.247,0.00885,0.0608,0.52,138.4,4
spotify:track:7jEpRsSusmGqKFISucMnV7,"Please Don't Fall In Love With Me","Please Don't Fall In Love With Me","Khalid",2024-04-05,177562,61,false,5o8x11qqf7lxqq5f4sirhivr4,2024-08-01T02:05:51Z,"","Right Hand Music Group, LLC/RCA Records",0.665,0.578,1,-5.856,1,0.0398,0.374,0.00215,0.115,0.223,109.961,4
spotify:track:4lovbNtAeIxtXWy9bwEsQk,"Steps Beach","Bando Stone and The New World","Childish Gambino",2024-07-19,228896,54,false,5o8x11qqf7lxqq5f4sirhivr4,2024-08-01T21:55:18Z,"","Wolf+Rothstein/RCA Records",0.648,0.397,11,-10.437,0,0.0586,0.622,0.00000618,0.476,0.362,99.644,4
spotify:track:5YHx8mzmmAiuAPtA8MMIVf,"Son Tantas Noches","Son Tantas Noches","Chila Jatun;Edwin Castellanos",2022-04-17,232833,22,false,5o8x11qqf7lxqq5f4sirhivr4,2024-08-02T03:07:18Z,"folclor andino,latin folklore,huayno,latin folk","Redes del Tunari",0.689,0.682,9,-4.173,0,0.0369,0.479,0,0.0901,0.678,128.924,3
spotify:track:2vFqgOXbBkeJ53eeYiuJed,"Trip","Where Have I Been?","Jade Novah",2024-03-01,208160,27,false,5o8x11qqf7lxqq5f4sirhivr4,2024-08-02T03:07:28Z,"","Let There Be Art",0.681,0.416,0,-7.488,1,0.0477,0.312,0.000107,0.0773,0.513,120.028,4
spotify:track:2WeRBKZ6Sj4XUAjbbVr1lA,"Take My Number","Daydream","Asi Kemera",2020-05-11,149135,1,true,5o8x11qqf7lxqq5f4sirhivr4,2024-08-03T19:44:13Z,"","Asi Kemera LLC.",0.65,0.309,6,-17.43,1,0.0327,0.647,0.0203,0.109,0.429,117.975,4
spotify:track:15U5RHzuLMPNFThQqfKL0U,"COLMILLO","DATA","Tainy;J Balvin;Young Miko;Jowell & Randy",2023-06-29,265999,73,true,5o8x11qqf7lxqq5f4sirhivr4,2024-08-06T22:06:29Z,"reggaeton,latin,trap latino,urbano latino","Insolito LLC",0.564,0.874,1,-1.353,0,0.105,0.119,0.000039,0.24,0.809,121.001,4
spotify:track:3nNmRE0DxHC6ZaKkrpUumS,"FINA","nadie sabe lo que va a pasar mañana","Bad Bunny;Young Miko",2023-10-13,216327,78,true,5o8x11qqf7lxqq5f4sirhivr4,2024-08-06T22:10:49Z,"reggaeton,trap latino,latin,urbano latino","Rimas Entertainment LLC",0.847,0.724,1,-5.41,1,0.298,0.0869,0.00000111,0.118,0.396,94.601,4
spotify:track:0qU3XhIH9xczYPUWV6OopS,"Forgive Me","Ungodly Hour","Chloe x Halle",2020-06-12,157866,52,true,5o8x11qqf7lxqq5f4sirhivr4,2024-08-07T16:33:28Z,"r&b","Parkwood Entertainment/Columbia",0.707,0.651,4,-3.156,0,0.0669,0.0406,0.00000595,0.449,0.562,137.017,4
spotify:track:70SJ1NcI81LRV1JGKadcBB,"Adicto","ORQUÍDEAS PARTE 2 (Deluxe)","Kali Uchis",2024-08-09,172490,49,true,5o8x11qqf7lxqq5f4sirhivr4,2024-08-09T22:52:57Z,"","Capitol Records",0.48,0.694,11,-6.947,0,0.272,0.113,0,0.112,0.172,168.143,4
spotify:track:0MI4U8nhdfJ1FPRAgYhXxC,"Five Star Hotels. (feat. Mahalia)","My 21st Century Blues","RAYE;Mahalia",2023-02-03,204440,59,true,5o8x11qqf7lxqq5f4sirhivr4,2024-08-11T04:18:20Z,"uk r&b,alternative r&b","Human Re Sources",0.71,0.43,11,-8.447,0,0.0656,0.472,0,0.196,0.25,131.841,4
spotify:track:2kqzcjGNnYNPzunUxRXqRt,"All I Need","All I Need","DYVN;Kabwasa",2022-02-25,62926,39,false,5o8x11qqf7lxqq5f4sirhivr4,2024-08-12T15:23:55Z,"jazz beats,lo-fi beats,lo-fi","Jasi",0.764,0.46,10,-9.253,0,0.132,0.625,0.00000685,0.153,0.61,82.181,4
spotify:track:5PG0KLm66uabwKFWSGNe5U,"Noche No Te Vayas","Los Tres Caballeros","Los Tres Caballeros",2002-05-09,178677,56,false,5o8x11qqf7lxqq5f4sirhivr4,2024-08-15T20:52:43Z,"bolero","Musart-Balboa",0.643,0.371,2,-11.007,1,0.0658,0.814,0.0000565,0.551,0.675,89.944,4
spotify:track:2c7z5oRcPBbqRaBY2mLWcf,"NEW DROP","HARDSTONE PSYCHO","Don Toliver",2024-06-14,217333,84,true,5o8x11qqf7lxqq5f4sirhivr4,2024-08-16T22:18:57Z,"","Cactus Jack / Atlantic",0.757,0.628,4,-6.715,0,0.101,0.189,0.0209,0.221,0.321,119.98,4
spotify:track:7mrFGO24hccC48c2hQzyEC,"L o s e M y M i n d","PARTYNEXTDOOR 4 (P4)","PARTYNEXTDOOR",2024-04-26,183990,67,true,5o8x11qqf7lxqq5f4sirhivr4,2024-08-21T01:52:22Z,"dark r&b,r&b,trap soul","OVO Sound",0.433,0.477,4,-8.028,0,0.0448,0.0583,0.0000185,0.228,0.144,170.312,4
spotify:track:26nkboSGZauLZQJo2Ni1vA,"ベサメ・ムーチョ","Romance Latino vol.3 -Cuba Caliente Y Su Ritmo Sabroso-","Lisa Ono",2005-08-19,199973,65,false,5o8x11qqf7lxqq5f4sirhivr4,2024-08-24T00:59:51Z,"bossa nova,bolero","EMI MUSIC JAPAN INC.",0.913,0.29,0,-13.444,0,0.0504,0.738,0.00389,0.0949,0.804,113.047,4
spotify:track:1mSviQV9iQnGSRyvTIuxAj,"Problemón","Felicilandia","Alvaro Diaz;Rauw Alejandro",2021-10-29,192613,73,false,5o8x11qqf7lxqq5f4sirhivr4,2024-08-25T14:29:17Z,"reggaeton,urbano latino,trap latino,latin","UMG Recordings, Inc./Universal Music Latino",0.706,0.739,10,-3.753,1,0.0586,0.266,0.0000262,0.126,0.371,91.906,4
spotify:track:7s4emXHJwAuo5VvGBXmnBL,"offline","att.","Young Miko;Feid",2024-04-05,201935,75,true,5o8x11qqf7lxqq5f4sirhivr4,2024-08-25T14:29:28Z,"trap latino,reggaeton,urbano latino","The Wave Music Group",0.794,0.729,4,-5.424,0,0.111,0.181,0,0.105,0.54,92.967,4
spotify:track:0pvgbTB2y9DNDDXb9T7FJW,"All Roads","All Roads","Lucy Park",2023-08-04,197120,56,false,5o8x11qqf7lxqq5f4sirhivr4,2024-08-26T21:16:27Z,"indie r&b,alternative r&b","After Dinner Records",0.869,0.634,8,-9.29,0,0.19,0.35,0.439,0.0878,0.785,104.042,4
spotify:track:1sbNEFiURUYfy024cJX8JG,"Ferxxo 100","FELIZ CUMPLEAÑOS FERXXO TE PIRATEAMOS EL ÁLBUM","Feid",2022-09-14,167760,75,false,5o8x11qqf7lxqq5f4sirhivr4,2024-08-26T21:16:43Z,"reggaeton,urbano latino","UMLE - Latino",0.705,0.562,8,-3.378,0,0.0674,0.257,0,0.137,0.569,163.893,4
spotify:track:5oYVxFt2k4SkVp6wzVsFWN,"Ride Or Die, Pt. 2 (with Villano Antillano & Tokischa)","Ride Or Die, Pt. 2","Sevdaliza;Villano Antillano;Tokischa",2024-04-18,158728,78,true,5o8x11qqf7lxqq5f4sirhivr4,2024-08-26T21:16:48Z,"neoperreo,dembow","Twisted Elegance",0.767,0.72,5,-6.577,0,0.0659,0.0877,0.00105,0.0985,0.552,139.995,4
spotify:track:2fsNaBCGmTsKnFGrit9s4q,"serenity","FRANCIS","ESTA.;Brandon Banks;Mack Keane",2024-06-07,239389,34,false,5o8x11qqf7lxqq5f4sirhivr4,2024-08-26T21:17:00Z,"alternative r&b,indie r&b","Paradis",0.579,0.571,0,-8.13,0,0.0575,0.231,0.000341,0.11,0.567,71.998,4
spotify:track:6jTytYwbjNGK0dRQMSJZRq,"HONEY (feat. bLAck pARty)","PINS & NEEDLES","Asha Imuno;bLAck pARty",2024-03-01,195257,13,false,5o8x11qqf7lxqq5f4sirhivr4,2024-08-26T21:17:10Z,"indie soul,alternative r&b","Guin Records LLC",0.613,0.825,0,-7.375,1,0.0951,0.267,0.265,0.202,0.836,100.871,4
spotify:track:4jnzloLGQNJy7sYjabVSaZ,"My Girl","Girl","Coco & Clair Clair",2024-08-30,165000,47,true,5o8x11qqf7lxqq5f4sirhivr4,2024-08-31T04:11:09Z,"","Many Hats Distribution",0.579,0.659,9,-7.645,1,0.038,0.0000251,0.82,0.361,0.884,120.031,4
spotify:track:6uds9pTQMLD2IjaoTObvRn,"Gold Chains","Gold Chains","Rosa Cecilia",2022-05-26,165009,31,false,5o8x11qqf7lxqq5f4sirhivr4,2024-09-03T15:34:05Z,"","First Pressing Records",0.777,0.502,9,-9.404,0,0.0755,0.601,0.0105,0.0904,0.282,96.068,4
spotify:track:6sPUQOYM3gPHt6V6tUOGPD,"cloud 11","cloud 11","thủy",2024-08-30,153142,38,false,5o8x11qqf7lxqq5f4sirhivr4,2024-09-03T18:13:28Z,"","thuy",0.648,0.746,9,-3.271,1,0.0416,0.05,0,0.13,0.521,105.059,4
spotify:track:5rhneBPYMdfbeapETTW0vT,"The Palisades","Kauai","Childish Gambino;Christian Rich",2014-10-03,190906,0,false,5o8x11qqf7lxqq5f4sirhivr4,2024-09-04T12:52:56Z,"","Glassnote Entertainment Group LLC",0.736,0.708,8,-6.093,1,0.0617,0.00947,0,0.128,0.499,100.049,4
spotify:track:5dlfvkyZOuBCFP1KbzRHUx,"Orange Moon","Mama's Gun","Erykah Badu",2000-10-31,430000,62,false,5o8x11qqf7lxqq5f4sirhivr4,2024-09-13T01:26:01Z,"neo soul,r&b","Motown (Kedar)",0.414,0.149,5,-13.976,0,0.037,0.463,0.000273,0.152,0.124,97.638,3
spotify:track:6wsqVwoiVH2kde4k4KKAFU,"I KNOW ?","UTOPIA","Travis Scott",2023-07-28,211582,81,true,5o8x11qqf7lxqq5f4sirhivr4,2024-09-14T20:29:54Z,"rap","Cactus Jack/Epic",0.927,0.619,5,-4.441,0,0.0539,0.0186,0,0.104,0.817,117.995,4
spotify:track:5fDUoqo9mb7cRpwZPC5txX,"Despues de Las Seis","La Rana","Agustin Pereyra Lucena",1980,174330,55,false,5o8x11qqf7lxqq5f4sirhivr4,2024-09-18T02:53:20Z,"bossa nova,brazilian jazz","Far Out Recordings",0.597,0.188,3,-17.908,1,0.033,0.992,0.91,0.113,0.342,94.235,4
spotify:track:6xHMi6HSt7yJvm3n81JZn6,"Magic Hour","Luna","¿Téo?",2023-08-18,75200,54,false,5o8x11qqf7lxqq5f4sirhivr4,2024-09-18T17:31:35Z,"","49 Digits LLC",0.641,0.546,1,-9.776,0,0.043,0.243,0.978,0.594,0.885,106.071,4
spotify:track:0YpSG4cQfV7kG9Gt9kc4Xl,"Wya!","Wya!","Autumn!",2019-11-29,182282,28,true,5o8x11qqf7lxqq5f4sirhivr4,2024-09-24T02:47:04Z,"underground hip hop","Autumn!",0.562,0.354,10,-12.121,0,0.0361,0.0243,0.258,0.522,0.62,145.185,3
spotify:track:3ISKxnCGKc5B9zr9CTUB3v,"Bags - Recorded At Electric Lady Studios","Live at Electric Lady","Clairo",2023-05-12,279413,70,false,5o8x11qqf7lxqq5f4sirhivr4,2024-10-01T15:53:21Z,"bedroom pop","Republic Records",0.669,0.657,10,-6.462,0,0.0276,0.114,0.0916,0.0725,0.598,109.998,4
spotify:track:47IXLhp3c6mu7NqvpuhuLi,"Can't Feel My Legs","Heaven Or Hell","Don Toliver",2020-03-13,180674,65,true,5o8x11qqf7lxqq5f4sirhivr4,2024-10-10T00:53:47Z,"","We Run It Ent./Cactus Jack/Atlantic",0.703,0.653,11,-6.226,0,0.079,0.237,0,0.199,0.414,140.044,4
spotify:track:0eaVIYo2zeOaGJeqZ5TwYz,"No Pole","Love Sick (Deluxe)","Don Toliver",2023-02-28,187613,89,true,5o8x11qqf7lxqq5f4sirhivr4,2024-10-10T05:09:14Z,"","Cactus Jack / Atlantic",0.328,0.631,5,-5.169,0,0.0465,0.0714,0,0.567,0.382,85.262,4
spotify:track:4lbsLvKz3HJuAebmPP2G3R,"RIVER","ACCELERATOR","greek",2024-06-28,246708,34,false,5o8x11qqf7lxqq5f4sirhivr4,2024-10-13T21:37:45Z,"indie r&b","greek",0.205,0.354,0,-8.195,1,0.0308,0.901,0.0013,0.115,0.0846,172.863,3
spotify:track:0ML7t5SEmI5zVpzYZY5oes,"Illusion","Illusion","Eimizah",2023-11-16,189100,15,true,5o8x11qqf7lxqq5f4sirhivr4,2024-10-15T03:08:59Z,"","Rose Records",0.484,0.546,2,-10.017,0,0.0373,0.248,0,0.16,0.227,87.007,4
spotify:track:2iksjpqL3eraxCBKqNHuqd,"YES IT IS","MUTT","Leon Thomas",2024-09-27,228047,72,true,5o8x11qqf7lxqq5f4sirhivr4,2024-10-26T05:50:56Z,"","EZMNY Records/Motown Records",0.755,0.642,5,-6.105,0,0.141,0.593,0.000301,0.122,0.293,121.945,4
spotify:track:3A1u9eHJwL4d0AzhT6AN5q,"Retrograde","Retrograde","YAZ",2024-08-23,147401,31,false,5o8x11qqf7lxqq5f4sirhivr4,2024-10-26T20:26:20Z,"breakcore","YAZ",0.682,0.403,1,-7.084,1,0.0482,0.349,0.00000398,0.127,0.406,126.823,4
spotify:track:7wgZCec9TpT6OPH8gKK0fG,"ROCKET","ROCKET","Doechii",2024-06-28,166315,55,false,5o8x11qqf7lxqq5f4sirhivr4,2024-10-26T20:26:27Z,"","Top Dawg Entertainment/Capitol Records",0.622,0.78,1,-6.441,1,0.341,0.0702,0.00233,0.331,0.755,113.184,4
spotify:track:0p72li6MndeHXC1tsCsjgD,"Barcelona","Barcelona","Elijah Fox;Al Strong",2020-09-18,151700,31,false,5o8x11qqf7lxqq5f4sirhivr4,2024-10-26T20:26:44Z,"bebop","Elijah Fox",0.559,0.56,1,-10.486,1,0.39,0.886,0.00738,0.142,0.591,180.065,4
spotify:track:26SZ1qJihhDqvzjVjOKiQ0,"Bi Fren","Apolonio","Omar Apollo",2020-10-16,171560,37,true,5o8x11qqf7lxqq5f4sirhivr4,2024-10-30T23:45:07Z,"bedroom pop","Warner Records",0.7,0.829,7,-7.072,1,0.357,0.279,0,0.112,0.311,83.888,4
spotify:track:7BaxYnTazocAOK3istsW1z,"You're Not The Only One I Know","Reading, Writing And Arithmetic","The Sundays",1990,230167,66,false,5o8x11qqf7lxqq5f4sirhivr4,2024-10-31T00:05:24Z,"dream pop,jangle pop","Geffen",0.516,0.447,0,-12.263,1,0.0266,0.191,0,0.316,0.682,98.002,4
spotify:track:4CjrpPOtuLq3aadXJOsxqE,"I Want You","I Want You","Haeil",2021-07-04,217105,40,false,5o8x11qqf7lxqq5f4sirhivr4,2024-11-09T01:59:34Z,"","SME Korea Inc.",0.581,0.599,2,-7.088,0,0.0509,0.256,0.0000435,0.122,0.734,152.068,4
spotify:track:7bwjz7kAc8nt2qzQkkU5O9,"Letter","Letter","Milena",2021-12-17,211999,41,false,5o8x11qqf7lxqq5f4sirhivr4,2024-11-09T02:00:06Z,"","WAVY",0.457,0.402,9,-9.475,1,0.112,0.83,0.0261,0.108,0.217,98.579,4
spotify:track:2a0rr6LVmgGk6oY1sYQFau,"Give","Give","Genia",2024-09-20,136971,54,false,5o8x11qqf7lxqq5f4sirhivr4,2024-11-14T02:44:18Z,"","Def Jam Recordings",0.858,0.729,10,-4.567,0,0.0361,0.0158,0.00427,0.0819,0.683,112.019,4
spotify:track:4WFgvKVfEhb3IUAFGrutTR,"Love Me Not","Bird's Eye","Ravyn Lenae",2024-08-09,213466,92,false,5o8x11qqf7lxqq5f4sirhivr4,2024-11-21T02:13:01Z,"alternative r&b,indie soul","Atlantic Records",0.779,0.731,0,-6.176,1,0.0306,0.296,0,0.128,0.814,114.001,4
spotify:track:2TzPpF0yA5g8kzE0F59iX2,"Into Sands","Into Sands","Ley Soul",2024-09-18,241739,5,false,5o8x11qqf7lxqq5f4sirhivr4,2024-11-21T19:11:45Z,"","Ley Soul",0.539,0.796,2,-9.08,0,0.0345,0.226,0.943,0.367,0.536,138.017,4
spotify:track:3iumIu1ZrzJV3E1q2wBvbJ,"A Cruel Affair","This Is How Tomorrow Moves","beabadoobee",2024-08-09,152040,58,false,5o8x11qqf7lxqq5f4sirhivr4,2024-11-22T20:09:22Z,"bedroom pop","Dirty Hit",0.642,0.692,2,-7.862,1,0.0387,0.0632,0.000771,0.863,0.589,122.066,4
spotify:track:3d9hnkwJ7GFfXxRg0bfRwo,"treetops","treetops","Alé Araya",2022-11-11,230983,0,false,5o8x11qqf7lxqq5f4sirhivr4,2024-12-04T05:51:03Z,"","Rostrum Records",0.642,0.529,2,-9.209,1,0.0341,0.383,0.0061,0.321,0.317,110.992,4
spotify:track:1eTaznNW4Xxtx9za2SMTXB,"DENIAL IS A RIVER","Alligator Bites Never Heal","Doechii",2024-08-30,159586,78,true,5o8x11qqf7lxqq5f4sirhivr4,2024-12-04T05:51:03Z,"","Top Dawg Entertainment/Capitol Records",0.825,0.644,6,-3.24,0,0.33,0.0905,0,0.0795,0.622,93.292,4
spotify:track:2m3RjRXib3un5AEh08k8Fe,"Recap (with VanJess & Channel Tres)","Recap (with VanJess & Channel Tres)","Kito;VanJess;Channel Tres",2021-02-02,177725,49,true,5o8x11qqf7lxqq5f4sirhivr4,2024-12-04T05:51:03Z,"alternative r&b,hip house","Astralwerks",0.771,0.553,11,-8.741,0,0.121,0.0166,0.0000378,0.145,0.484,115.002,4
spotify:track:0Cu1FFIqiLPHXDLCxTUUnR,"POOKIE'S REQUIEM","POOKIE'S REQUIEM","SAILORR",2024-11-07,108791,0,true,5o8x11qqf7lxqq5f4sirhivr4,2024-12-04T05:51:03Z,"","SAILORR",0.511,0.704,11,-5.426,0,0.399,0.508,0,0.153,0.626,132.344,3
spotify:track:32BdPuMcOzowmFjRR8Rb84,"NOSEBLEED","NOSEBLEED","DESTIN CONRAD",2024-11-15,141415,37,false,5o8x11qqf7lxqq5f4sirhivr4,2024-12-04T05:51:03Z,"alternative r&b","Above Ground Entertainment",0.386,0.302,7,-9.82,0,0.0672,0.56,0,0.468,0.406,167.774,5
spotify:track:2xA7S4x2DXV3AZeeGLiasy,"VIRGINIA CREEPER","ACCELERATOR","greek",2024-06-28,172119,55,false,5o8x11qqf7lxqq5f4sirhivr4,2024-12-04T05:51:03Z,"indie r&b","greek",0.74,0.672,1,-8.143,0,0.275,0.38,0.00000177,0.342,0.418,117.085,4
spotify:track:5rv9k7djjWFq8LzsnMkINx,"Mangosteen (feat. Sailorr & Biako)","DON'T GROW UP TOO SOON","Nascent;SAILORR;Biako",2024-04-26,189334,54,false,5o8x11qqf7lxqq5f4sirhivr4,2024-12-04T05:51:03Z,"","Don't Grow Up Too Soon/COLTURE",0.686,0.473,8,-8.179,1,0.066,0.856,0.0000157,0.114,0.324,108.098,4
spotify:track:1D5h1T0D8zO8G6MG1rGXC1,"A LA MISMA VEZ","A LA MISMA VEZ","Alé Araya;Flor",2024-10-25,219840,0,false,5o8x11qqf7lxqq5f4sirhivr4,2024-12-04T05:51:03Z,"","Rostrum Records",0.609,0.624,0,-6.608,0,0.114,0.605,0.00442,0.0949,0.328,125,4
spotify:track:2wG9CUSBZaF15R2ohLAnoe,"Juice","War + Raindrops - EP","iyla",2018-10-12,208024,48,true,5o8x11qqf7lxqq5f4sirhivr4,2024-12-04T05:51:03Z,"alternative r&b","3T Entertainment / Astra Velum / EMPIRE",0.744,0.428,0,-6.723,1,0.0943,0.532,0,0.161,0.378,116.059,4
spotify:track:7piMQmCeoMwT3jwJcLroN3,"WHITE CROCS (with Ryan Trey)","moreward(FORWARD)","Jordan Ward;Ryan Trey",2023-08-25,147773,59,true,5o8x11qqf7lxqq5f4sirhivr4,2024-12-04T05:51:03Z,"alternative r&b,dark r&b,trap soul","ARTium Recordings, LLC/Interscope Records",0.707,0.429,1,-9.486,1,0.0305,0.585,0.000326,0.25,0.111,92.032,4
spotify:track:6OsQQuoRJqGftuHHJfKNMw,"Soft","Access All Areas","FLO",2024-11-15,130119,49,false,5o8x11qqf7lxqq5f4sirhivr4,2024-12-04T05:51:03Z,"uk r&b","Universal-Island Records Ltd.",0.39,0.467,7,-7.309,0,0.197,0.201,0,0.735,0.269,87.636,5
spotify:track:68kyb7chCkl4CmmNkXiuKM,"PUSHING BUTTONS","PINS & NEEDLES","Asha Imuno",2024-03-01,172307,15,false,5o8x11qqf7lxqq5f4sirhivr4,2024-12-04T05:51:03Z,"","Guin Records LLC",0.664,0.6,4,-7.358,0,0.0465,0.513,0.0000434,0.151,0.28,156.051,4
spotify:track:2EpxQyOEKiqQ7KRnN5mlnT,"RIPCORD","ACCELERATOR","greek",2024-06-28,163384,57,true,5o8x11qqf7lxqq5f4sirhivr4,2024-12-04T05:51:03Z,"indie r&b","greek",0.4,0.626,8,-6.366,1,0.207,0.674,0,0.418,0.438,182.668,3
spotify:track:3FQb9Ybqr2FsWJrb499pg0,"WAR!","SUBMISSIVE2","DESTIN CONRAD",2024-01-19,118588,38,true,5o8x11qqf7lxqq5f4sirhivr4,2024-12-04T05:51:03Z,"alternative r&b","Above Ground Entertainment",0.541,0.464,0,-7.389,1,0.324,0.0196,0.000501,0.088,0.522,83.858,4
spotify:track:4lmGsSnTDvkSer7DkaK7HP,"Midnight Gospel (feat. Joseph Chilliams)","in visions","Alé Araya;Joseph Chilliams",2023-03-24,174055,0,false,5o8x11qqf7lxqq5f4sirhivr4,2024-12-04T05:51:03Z,"","Rostrum Records",0.563,0.843,5,-5.315,0,0.0379,0.224,0.0348,0.0834,0.851,159.023,4
spotify:track:4K1FN7JaYTCgjKOxyjkurf,"INSIDE","INSIDE","Floyd Fuji",2022-01-26,234615,0,false,5o8x11qqf7lxqq5f4sirhivr4,2024-12-04T05:51:03Z,"","Snafu Records",0.591,0.562,6,-6.428,0,0.0765,0.16,0.0154,0.218,0.492,78.021,4
spotify:track:0h3BFerMyzUaYYh2nwGiX3,"SIDEKICK (with Joyce Wrice) - BONUS","FORWARD","Jordan Ward;Joyce Wrice",2023-03-03,134013,55,true,5o8x11qqf7lxqq5f4sirhivr4,2024-12-04T05:51:03Z,"alternative r&b","ARTium Recordings, LLC/Interscope Records",0.548,0.622,5,-6.103,0,0.0629,0.119,0.00832,0.125,0.677,107.43,4
spotify:track:4WFgvKVfEhb3IUAFGrutTR,"Love Me Not","Bird's Eye","Ravyn Lenae",2024-08-09,213466,92,false,5o8x11qqf7lxqq5f4sirhivr4,2024-12-04T05:51:03Z,"alternative r&b,indie soul","Atlantic Records",0.779,0.731,0,-6.176,1,0.0306,0.296,0,0.128,0.814,114.001,4
spotify:track:3ykCgF5yiwxBR66RMSbu3T,"OVR","OVR","3ee",2024-09-13,176537,40,false,5o8x11qqf7lxqq5f4sirhivr4,2024-12-04T05:51:03Z,"","Boom.Records",0.745,0.385,1,-9.413,0,0.0618,0.176,0.159,0.114,0.483,104.032,4
spotify:track:4fC8mW8ZFQanmSHq30mgWz,"hmu","EXTC","greek",2022-10-21,235801,62,false,5o8x11qqf7lxqq5f4sirhivr4,2024-12-04T05:51:03Z,"indie r&b","greek",0.419,0.419,3,-11.201,0,0.202,0.338,0.0163,0.108,0.447,149.919,3
spotify:track:5ZGtz47SLA2atQ6pgzfzx8,"WEATHERED","WEATHERED","SAILORR",2023-10-25,109279,0,false,5o8x11qqf7lxqq5f4sirhivr4,2024-12-04T05:51:03Z,"","Outdoor Records",0.43,0.409,1,-12.021,1,0.0737,0.901,0.0422,0.107,0.216,77.885,4
spotify:track:1hcJX6IXmlQVqqhMuBwTf8,"SOMEBODY","INTUITION","Alé Araya;Frank Sativa",2024-11-15,127200,0,false,5o8x11qqf7lxqq5f4sirhivr4,2024-12-04T05:51:03Z,"","Rostrum Records",0.704,0.502,8,-7.046,1,0.0738,0.361,0.155,0.1,0.539,133.184,5
spotify:track:7cjUFCh2aWX9E9bXig3nV7,"On & On","Access All Areas","FLO",2024-11-15,201722,58,false,5o8x11qqf7lxqq5f4sirhivr4,2024-12-04T05:51:03Z,"uk r&b","Universal-Island Records Ltd.",0.595,0.708,7,-3.986,1,0.0375,0.0485,0,0.0729,0.683,147.85,4
spotify:track:6Z5uPpziQpf1a5TkozcHMT,"Lotus","SOLAR SONATAS VOL. 1","Dreamer Isioma;The Celestials!",2024-02-08,156964,23,false,5o8x11qqf7lxqq5f4sirhivr4,2024-12-04T05:51:03Z,"alternative r&b","Dreamer Isioma LLC",0.539,0.751,6,-8.016,0,0.049,0.0168,0.00355,0.341,0.254,140.106,4
spotify:track:4JhKLjRioxSZ9AkrL8pPcM,"Charismatic","Charismatic","Hailey Knox",2023-05-12,184736,57,false,5o8x11qqf7lxqq5f4sirhivr4,2024-12-04T05:51:03Z,"","10K Projects",0.627,0.629,10,-7.759,0,0.0659,0.295,0.0751,0.115,0.499,152.076,4
spotify:track:3bnEbEdttscDToE3I8yOZD,"WAIT","Alligator Bites Never Heal","Doechii",2024-08-30,184894,58,true,5o8x11qqf7lxqq5f4sirhivr4,2024-12-04T05:51:03Z,"","Top Dawg Entertainment/Capitol Records",0.806,0.764,7,-6.969,0,0.079,0.728,0.000198,0.113,0.81,88.997,4
spotify:track:1LWfSjRW9AS4mWnO67bdYp,"IT'S ONLY YOU","SUBMISSIVE2","DESTIN CONRAD",2024-01-19,148800,38,true,5o8x11qqf7lxqq5f4sirhivr4,2024-12-04T05:51:03Z,"alternative r&b","Above Ground Entertainment",0.711,0.468,6,-9.876,0,0.0652,0.204,0.000602,0.146,0.589,99.935,4
spotify:track:2z35KR0NuYAERVFHx1j0Mg,"DANCE","ACCELERATOR","greek",2024-06-28,203076,48,false,5o8x11qqf7lxqq5f4sirhivr4,2024-12-04T05:51:03Z,"indie r&b","greek",0.69,0.8,9,-7.489,0,0.301,0.154,0.0000723,0.0884,0.421,116.931,4
spotify:track:0L7Bf4EFPQwBZr1zMnchbk,"END OF THE EARTH","INTUITION","Alé Araya;Avara",2024-11-15,124407,0,false,5o8x11qqf7lxqq5f4sirhivr4,2024-12-04T05:51:03Z,"","Rostrum Records",0.391,0.359,0,-12.213,0,0.0598,0.707,0.0671,0.181,0.183,105.763,4
spotify:track:1L4yfmrfmvasbDilnIHayg,"How Do You Like The Food?","Crazy, Stupid, Love","Romeo + Juliet",2023-10-03,133469,36,false,5o8x11qqf7lxqq5f4sirhivr4,2024-12-04T05:51:03Z,"","The Syndicate",0.746,0.632,6,-8.289,1,0.21,0.507,0.0000779,0.0867,0.725,97.989,4
spotify:track:6mnnWzRl1C6LABvoUar9tF,"Jaguar","JAGUAR","Victoria Monét",2020-08-07,211114,52,false,5o8x11qqf7lxqq5f4sirhivr4,2024-12-04T05:51:03Z,"alternative r&b","Tribe Records",0.723,0.628,6,-7.41,1,0.0553,0.00902,0.00131,0.0812,0.364,106.017,4
spotify:track:7r4toh1ghDDuLB1P2TBE2T,"Forever (feat. Orion Sun)","Forever (feat. Orion Sun)","Nascent;Orion Sun;Loshendrix",2020-09-11,200824,40,false,5o8x11qqf7lxqq5f4sirhivr4,2024-12-04T05:51:03Z,"alternative r&b,bedroom pop","Don't Grow Up Too Soon",0.746,0.579,11,-6.667,1,0.0755,0.432,0.000719,0.0948,0.202,86.972,4
spotify:track:3bV45mBTw4x0O8XNr361KE,"Just Sayin' Shit","Just Sayin' Shit","Flower in Bloom",2021-02-15,61717,38,true,5o8x11qqf7lxqq5f4sirhivr4,2024-12-04T05:51:03Z,"","steady:hyperactive LLC",0.558,0.546,1,-9.408,0,0.278,0.561,0.0158,0.0885,0.657,79.389,4
spotify:track:4vy1EFZOSZ5yN0fdRaIG57,"SKIPP","Alligator Bites Never Heal","Doechii",2024-08-30,100646,54,true,5o8x11qqf7lxqq5f4sirhivr4,2024-12-04T05:51:03Z,"","Top Dawg Entertainment/Capitol Records",0.639,0.56,9,-9.172,1,0.278,0.0291,0.129,0.225,0.223,123.31,4
spotify:track:1YrURynMOeAEEShKLi91cR,"free drugs","Pulp","Ambré",2019-11-08,312960,35,true,5o8x11qqf7lxqq5f4sirhivr4,2024-12-04T05:51:03Z,"alternative r&b","Roc Nation Records",0.401,0.466,10,-10.863,0,0.167,0.0993,0.00619,0.37,0.342,81.996,4
spotify:track:7xGjsLQajsyZWyM9iuDT5r,"MORTALITY? IMMORTALITY?","INTUITION","Alé Araya;Lexa Gates",2024-11-15,187384,0,true,5o8x11qqf7lxqq5f4sirhivr4,2024-12-04T05:51:03Z,"","Rostrum Records",0.465,0.844,7,-6.726,0,0.124,0.387,0.000408,0.221,0.279,129.902,4
spotify:track:6HFXrjnVWJKZtJD7ZZh33r,"who's who","who's who (sped up)","Frex",2024-09-20,124137,0,true,5o8x11qqf7lxqq5f4sirhivr4,2024-12-04T05:51:03Z,"","Frex LLC, distributed by HowRU? Songs",0.641,0.691,8,-8.281,1,0.0728,0.328,0.0153,0.347,0.536,115.954,4
spotify:track:24tiLnZ26wjYX3UiKUmVdK,"Shoulda Woulda Coulda","Access All Areas","FLO",2024-11-15,226835,55,true,5o8x11qqf7lxqq5f4sirhivr4,2024-12-04T05:51:03Z,"uk r&b","Universal-Island Records Ltd.",0.428,0.595,5,-3.671,0,0.0651,0.157,0.0000039,0.271,0.568,120.447,4
spotify:track:3V20OKj17cqyZTtQAExeUR,"Nights Like This","Orion","Orion Sun",2024-09-20,155240,0,false,5o8x11qqf7lxqq5f4sirhivr4,2024-12-04T05:51:03Z,"alternative r&b,bedroom pop","Mom+Pop",0.729,0.468,7,-7.64,1,0.074,0.248,0.0000796,0.0955,0.455,82.004,4
spotify:track:1z0RylGOutcuAKix77tYYc,"LUV N DEVOTION","SUBMISSIVE","DESTIN CONRAD",2023-10-27,181659,36,false,5o8x11qqf7lxqq5f4sirhivr4,2024-12-04T05:51:03Z,"alternative r&b","Above Ground Entertainment",0.727,0.642,6,-5.947,0,0.0742,0.0177,0.00000951,0.391,0.762,160.03,4
spotify:track:61vp2Gh0Ggz9tWHqe8vEQQ,"GTFO","Alligator Bites Never Heal","Doechii;Fetish",2024-08-30,160824,55,true,5o8x11qqf7lxqq5f4sirhivr4,2024-12-04T05:51:03Z,"","Top Dawg Entertainment/Capitol Records",0.737,0.616,6,-5.913,0,0.0579,0.0365,0.00000101,0.0968,0.319,157.01,4
spotify:track:42i3MwIjusMBt47MWrZz1t,"Roll With Me","nowhere, fast","Jean Deaux",2024-04-12,168678,24,false,5o8x11qqf7lxqq5f4sirhivr4,2024-12-04T05:51:03Z,"alternative r&b","Guin Records",0.605,0.716,7,-7.397,0,0.0425,0.161,0,0.0991,0.544,77.487,4
spotify:track:4MoDMYJovIES3buT2mNM1r,"pomegranate","INTUITION","Alé Araya",2024-11-15,260487,0,true,5o8x11qqf7lxqq5f4sirhivr4,2024-12-04T05:51:03Z,"","Rostrum Records",0.769,0.741,7,-7.697,0,0.0637,0.0185,0.532,0.0394,0.519,123.02,4
spotify:track:6Rc7pNMPrDGyTwkqKa6gDH,"Beggin'","Free Fallin'","Amaria",2024-10-11,237500,15,false,5o8x11qqf7lxqq5f4sirhivr4,2024-12-04T05:51:03Z,"alternative r&b,neo soul","Fashionably Early Records LLC",0.714,0.48,0,-12.996,0,0.037,0.318,0.803,0.121,0.527,96.059,4
spotify:track:2BfxLAYgetcxiyXJA7ItoF,"If You Let Me","Sunbeam","Alina Baraz",2021-09-24,135346,54,false,5o8x11qqf7lxqq5f4sirhivr4,2024-12-04T05:51:03Z,"","Alina Baraz LLC under exclusive license to UnitedMasters LLC",0.604,0.683,5,-8.612,1,0.0434,0.556,0.449,0.147,0.457,138.078,4
spotify:track:1uf4itZeNCVYDHExNH9Ov3,"pressure","Getaway","Orion Sun",2022-03-11,220893,0,false,5o8x11qqf7lxqq5f4sirhivr4,2024-12-04T05:51:03Z,"alternative r&b,bedroom pop","Mom+Pop",0.545,0.341,6,-10.742,0,0.0297,0.559,0.0207,0.105,0.293,131.847,4
spotify:track:7k2vRg8n78uW0j5G6XBDzV,"IF I LIE","SUBMISSIVE2","DESTIN CONRAD",2024-01-19,135272,31,true,5o8x11qqf7lxqq5f4sirhivr4,2024-12-04T05:51:03Z,"alternative r&b","Above Ground Entertainment",0.679,0.726,7,-5.351,1,0.116,0.0252,0.00238,0.108,0.393,165.096,4
spotify:track:24CY4TWscXoyZRrmsQdiq1,"Bitches Be (with Jst Ray)","she / her / black bitch","Doechii;Jst Ray",2022-08-05,204440,36,true,5o8x11qqf7lxqq5f4sirhivr4,2024-12-04T05:51:03Z,"","Top Dawg Entertainment/Capitol Records",0.6,0.49,5,-8.701,1,0.0372,0.0577,0.0228,0.145,0.171,142.948,4
spotify:track:4lbsLvKz3HJuAebmPP2G3R,"RIVER","ACCELERATOR","greek",2024-06-28,246708,34,false,5o8x11qqf7lxqq5f4sirhivr4,2024-12-04T05:51:03Z,"indie r&b","greek",0.205,0.354,0,-8.195,1,0.0308,0.901,0.0013,0.115,0.0846,172.863,3
spotify:track:16ORoye6qqKr2hORkxDRsD,"Con Razón","in visions","Alé Araya",2023-03-24,105347,0,false,5o8x11qqf7lxqq5f4sirhivr4,2024-12-04T05:51:03Z,"","Rostrum Records",0.434,0.723,1,-6.357,0,0.035,0.307,0.12,0.0964,0.391,155.144,4
spotify:track:5LWazXYOx5t8R5EPFuROfL,"Poppin Out (Mistakes)","Poppin Out (Mistakes)","Chxrry",2024-08-23,154212,54,true,5o8x11qqf7lxqq5f4sirhivr4,2024-12-04T14:21:22Z,"","XO Records",0.795,0.905,2,-1.275,1,0.0713,0.162,0.00000318,0.0795,0.748,95.972,4
spotify:track:3zEN0ii6s4DHHBpnTp3RP7,"We Are The People","Walking On A Dream (10th Anniversary Edition)","Empire Of The Sun",2008-10-03,267373,91,false,5o8x11qqf7lxqq5f4sirhivr4,2024-12-12T08:17:31Z,"","EMI Recorded Music Australia Pty Ltd",0.675,0.781,4,-5.404,0,0.0306,0.0801,0.0143,0.422,0.534,122.989,4
spotify:track:0XkZmBCCcdMY0EPY8ij6Gb,"Slim Pickins","Short n' Sweet","Sabrina Carpenter",2024-08-23,152195,72,false,5o8x11qqf7lxqq5f4sirhivr4,2024-12-12T08:17:44Z,"pop","Island Records",0.619,0.542,2,-8.681,1,0.0529,0.288,0,0.151,0.308,99.824,4
spotify:track:5K8BxVTTf8TYWWA8roPuSq,"W1LL U L13?","W1LL U L13?","SAILORR",2024-12-13,139399,46,false,5o8x11qqf7lxqq5f4sirhivr4,2024-12-14T05:22:12Z,"","BuVision",0.293,0.652,10,-5.541,1,0.0486,0.377,0.0000206,0.342,0.128,72.65,1
spotify:track:3gwnqlmnZXeqWuhT5IvZLY,"uhm...ok?","uhm...ok?","ilham",2024-07-17,135330,36,true,5o8x11qqf7lxqq5f4sirhivr4,2024-12-14T05:27:50Z,"sexy drill","FortyOneTen",0.661,0.451,0,-9.76,1,0.0887,0.231,0.00154,0.14,0.134,158.925,3
spotify:track:4HHVLJSQRyVZZzBGRKp01Z,"Mr. & Mrs. Smith","Mr. & Mrs. Smith","Khalil Romeo",2024-10-25,163707,0,false,5o8x11qqf7lxqq5f4sirhivr4,2025-01-10T19:57:43Z,"alternative r&b,hipdut","Out of Reach Records",0.605,0.194,4,-13.962,1,0.0442,0.934,0,0.109,0.469,91.123,4
spotify:track:3Z5pe4rMM6xZrEFAMrdWBQ,"Butterflies","Falling Backwards","Richard Saunders;Amaria",2024-11-15,170579,14,true,5o8x11qqf7lxqq5f4sirhivr4,2025-01-19T23:17:08Z,"alternative r&b,neo soul","Rich",0.718,0.333,5,-8.42,0,0.0366,0.812,0.00565,0.108,0.343,68.018,4
spotify:track:79EyMEZdtzSoAvVA381QUf,"Gata (feat. Young Miko)","CAN'T RUSH GREATNESS","Central Cee;Young Miko",2025-01-24,205466,60,true,5o8x11qqf7lxqq5f4sirhivr4,2025-01-27T03:39:30Z,"uk drill,drill,uk grime,trap latino","Columbia",0.875,0.812,7,-3.828,0,0.12,0.419,0.0000138,0.0886,0.495,140.043,4
spotify:track:7xdRj1wA4XzYnXynPmtmnq,"Committed","Cosa Nuestra","Rauw Alejandro;Pharrell Williams",2024-11-15,159344,74,true,5o8x11qqf7lxqq5f4sirhivr4,2025-02-02T00:01:17Z,"reggaeton,urbano latino,trap latino,latin","Sony Music Latin/Duars Entertainment",0.749,0.639,8,-5.406,1,0.108,0.129,0,0.12,0.483,121.982,4
spotify:track:4t9PBD27dndlf6YMBK2ROc,"Track 10","Pop 2","Charli xcx",2017-12-15,326906,74,true,5o8x11qqf7lxqq5f4sirhivr4,2025-04-07T03:36:21Z,"hyperpop,art pop","Atlantic Records UK",0.64,0.652,5,-5.07,1,0.0383,0.212,0,0.0814,0.273,100.065,4
spotify:track:3Nkaz3Nkr5iwRfXZPw8wF9,"Elevator Spaghetti","Elevator Spaghetti","Jorjiana",2025-01-16,105288,45,true,5o8x11qqf7lxqq5f4sirhivr4,2025-04-09T04:15:41Z,"","P2025",0.884,0.457,9,-9.854,0,0.251,0.556,0,0.0959,0.593,130.088,4
spotify:track:3wWkWkfB57WR4rvKmULLUu,"HORSES&CARRiAGES","HORSES&CARRiAGES","JAY BLK",2025-04-18,123350,0,true,5o8x11qqf7lxqq5f4sirhivr4,2025-04-18T19:09:29Z,"alternative r&b,contemporary r&b","IGNORENOIR",0.309,0.621,10,-7.878,0,0.159,0.0309,0,0.246,0.49,171.131,3
spotify:track:6cqwLE61pizVHv0nbuodzn,"Perfect Moment","Perfect Moment","J.BASS;ARO",2024-08-27,136813,26,false,5o8x11qqf7lxqq5f4sirhivr4,2025-04-21T04:10:15Z,"","ONGRAY",0.524,0.424,7,-7.73,0,0.0655,0.899,0.00108,0.162,0.373,144.956,3
spotify:track:4G0bpzDl8vZ8yzB6ePI38w,"SEARCHING","SEARCHING","Isaiah Falls;Odeal",2025-03-28,150038,40,false,5o8x11qqf7lxqq5f4sirhivr4,2025-04-21T04:10:28Z,"dark r&b,afroswing,afro r&b,alté,uk r&b,afrobeats,afrobeat","LVRS ONLY LLC",0.647,0.377,2,-11.51,0,0.0678,0.799,0.145,0.123,0.412,127.901,4
spotify:track:1qbql17v0Hazo94o5RUyWQ,"KINTSUGI","KINTSUGI","HUMBE",2024-09-26,237908,52,false,5o8x11qqf7lxqq5f4sirhivr4,2025-04-21T17:06:53Z,"","PARASIEMPRE.wav Records",0.373,0.464,4,-8.606,0,0.256,0.86,0.0135,0.127,0.301,79.503,3
spotify:track:15pe8BxUJUXkCmgzummpM9,"FEEL THE BA$S (Prelude) [feat. BEAM]","FEEL THE BA$S (Prelude) [feat. BEAM]","Josh Levi;BEAM",2025-03-14,97371,46,false,5o8x11qqf7lxqq5f4sirhivr4,2025-04-23T03:29:36Z,"","Atlantic Records / Raedio",0.726,0.717,8,-6.2,0,0.0903,0.183,0,0.0995,0.356,145.952,4
spotify:track:6gCaGG38yk0Pc3hZG8U6kc,"worst behaviour","worst behaviour","kwn",2024-11-01,178992,57,true,5o8x11qqf7lxqq5f4sirhivr4,2025-04-23T03:30:05Z,"uk r&b","Not specified",0.556,0.405,9,-7.313,1,0.242,0.176,0.00000614,0.0959,0.34,117.933,4
spotify:track:2UcHKgT00bLP7Cjkni3Itg,"HOTBOX","Days Before Dreamboy","Lil Nas X",2025-03-28,182925,52,true,5o8x11qqf7lxqq5f4sirhivr4,2025-04-23T03:30:34Z,"","Columbia",0.8,0.622,11,-5.758,0,0.058,0.00464,0.00000131,0.0528,0.53,103.01,4
spotify:track:3DLlsSUvnQG2WIJSy044AN,"Moments","Moments","MOIO",2023-10-27,247190,2,false,5o8x11qqf7lxqq5f4sirhivr4,2025-04-30T01:52:06Z,"","MOIO",0.666,0.519,5,-8.762,0,0.0259,0.00488,0.0143,0.211,0.484,102.998,4
spotify:track:7fW6Jfqg76CabIAjr437at,"These Days","Orion","Orion Sun",2024-09-20,194800,0,false,5o8x11qqf7lxqq5f4sirhivr4,2025-04-30T01:52:21Z,"alternative r&b,bedroom pop","Mom+Pop",0.341,0.355,2,-10.496,1,0.0431,0.878,0,0.106,0.427,66.264,3
spotify:track:62fer77QK6qlEyav0bVD6n,"i2i","i2i","YURA",2024-03-29,143500,37,false,5o8x11qqf7lxqq5f4sirhivr4,2025-04-30T01:53:19Z,"","YURA",0.68,0.568,1,-5.274,1,0.0529,0.00714,0.0136,0.0625,0.836,148.986,4
spotify:track:4SuuM7hO2ZzT0XYFcv1FtP,"Miracle (Prod. Devin Morrison)","SOULBYSEL Compilation 01","SOULBYSEL;Sumin",2022-04-26,204575,28,false,5o8x11qqf7lxqq5f4sirhivr4,2025-04-30T01:53:24Z,"","ADA Korea",0.666,0.383,1,-6.741,0,0.109,0.492,0.000118,0.122,0.399,86.01,4
spotify:track:5eW508Gq23QlXHowyzW39m,"Money On Money (feat. Future)","Money On Money (feat. Future)","Young Thug;Future",2025-04-25,236626,67,true,5o8x11qqf7lxqq5f4sirhivr4,2025-05-02T01:01:05Z,"rap,melodic rap,trap","300 Entertainment",0.779,0.67,10,-6.432,0,0.0901,0.00282,0,0.247,0.0921,120.013,4
spotify:track:3z017xyjPKW4o2WoDgswge,"Like This","Like This","Brynn Elise;Lauren Creviston",2025-03-01,185226,0,false,5o8x11qqf7lxqq5f4sirhivr4,2025-05-18T04:12:35Z,"","8366618 Records DK2",0.642,0.567,1,-9.355,1,0.0453,0.305,0.00851,0.146,0.436,153.869,4
spotify:track:1826XXl1rbdbhFk5xdnXNA,"That's Why I Love You","Chasing Summer","SiR;Sabrina Claudio",2019-08-30,241746,62,true,5o8x11qqf7lxqq5f4sirhivr4,2025-05-23T05:48:54Z,"alternative r&b,neo soul","Top Dawg Entertainment",0.529,0.494,3,-6.081,0,0.438,0.324,0,0.13,0.531,120.073,4
spotify:track:1pvBm1ydKLXorYDdlIAeuj,"FLIGHT","FLIGHT","YOUHA",2023-10-17,167106,47,false,5o8x11qqf7lxqq5f4sirhivr4,2025-06-01T04:12:56Z,"","Universal Music Ltd.",0.63,0.758,7,-3.696,1,0.0789,0.282,0,0.0934,0.574,94.115,4
spotify:track:5jYioe70lpLaSRgyhDA8ZJ,"I'm Homeless","I'm Homeless","Nahee",2023-01-27,150013,24,false,5o8x11qqf7lxqq5f4sirhivr4,2025-07-12T05:40:00Z,"city pop","Genie Music Corporation, Stone Music Entertainment",0.926,0.604,6,-7.884,1,0.0446,0.692,0.00000226,0.107,0.786,103.997,4
spotify:track:0IigSQ2wBIoE7HQUwZhCbu,"Love In A While","Love In A While","LUCA",2025-04-04,192699,20,false,5o8x11qqf7lxqq5f4sirhivr4,2025-07-12T05:40:12Z,"","LUCA / EMPIRE",0.709,0.678,1,-4.457,1,0.0385,0.331,0,0.136,0.641,120,4
spotify:track:7tGucIwkdolJHg2X1Yns1t,"SATIN","SATIN","DESTIN CONRAD;Jean Deaux",2022-11-11,134658,34,true,5o8x11qqf7lxqq5f4sirhivr4,2025-12-27T22:45:21Z,"alternative r&b","Above Ground Entertainment",0.761,0.732,11,-3.878,0,0.179,0.0724,0.0000129,0.055,0.854,98.026,4
spotify:track:2DOZVoE9HGdywH3tPfkwb8,"Shiver","Hope Handwritten","Hope Tala",2025-02-28,205609,30,false,5o8x11qqf7lxqq5f4sirhivr4,2026-02-03T21:01:21Z,"alternative r&b","PMR Records",0.815,0.647,8,-10.182,1,0.0623,0.465,0.000336,0.254,0.556,115.992,4
spotify:track:6h5wjZ5hLSZcl8xMpVrc9M,"Slide Thru","Slide Thru","Shxwn the Silent;kortani",2024-09-27,136375,10,false,5o8x11qqf7lxqq5f4sirhivr4,2026-02-04T02:29:39Z,"","SilenceKillsVibes",0.487,0.463,7,-9.641,0,0.414,0.249,0,0.112,0.461,137.058,5
spotify:track:3bWpfAjDh9Rpszf8AkaN0w,"Strange Things","VISION","Double",2002-10-09,289626,47,false,5o8x11qqf7lxqq5f4sirhivr4,2026-05-21T02:51:18Z,"j-r&b","FOR LIFE MUSIC ENTERTAINMENT,INC.",0.706,0.556,5,-7.058,0,0.0329,0.216,0.00306,0.0913,0.642,141.993,4
spotify:track:31HIiQXM4wAkUNdgCevT0C,"sumwear","sumwear","Kadio",2026-05-22,326377,9,false,5o8x11qqf7lxqq5f4sirhivr4,2026-05-23T23:11:46Z,"alternative r&b","afuntimetowaste!",0.546,0.306,9,-10.312,1,0.0274,0.905,0,0.188,0.251,96.838,3
