Track URI,Track Name,Album Name,Artist Name(s),Release Date,Duration (ms),Popularity,Explicit,Added By,Added At,Genres,Record Label,Danceability,Energy,Key,Loudness,Mode,Speechiness,Acousticness,Instrumentalness,Liveness,Valence,Tempo,Time Signature
spotify:track:5BhK8Mho223YLPQOLfzWNP,"Killing Me","Ivory","Omar Apollo",2022-04-08,165320,59,true,nrpxj2ryv9dyhs627ckaqmlnr,2024-01-07T20:17:01Z,"bedroom pop","Warner Records",0.861,0.27,6,-9.515,0,0.0616,0.301,0.00288,0.124,0.608,84.004,4
spotify:track:2NCBjlH7FHEG7hXcnvUaWA,"Ugotme","Stereo","Omar Apollo",2018-05-30,127272,0,false,nrpxj2ryv9dyhs627ckaqmlnr,2024-01-07T20:23:46Z,"bedroom pop","Omar Apollo",0.782,0.494,0,-1.458,1,0.0339,0.454,0.0000631,0.134,0.401,65.832,4
spotify:track:2kSb3wYSOV996xA2NSmpck,"Melting","Por Vida","Kali Uchis",2015-02-04,208853,13,false,nrpxj2ryv9dyhs627ckaqmlnr,2024-01-07T20:27:13Z,"","Kali Uchis LLC",0.574,0.479,8,-7.776,1,0.0355,0.179,0.0803,0.106,0.303,115.263,4
spotify:track:0JmO3EBtl9qhnLkzr4FiP0,"Speed","Por Vida","Kali Uchis",2015-02-04,255183,2,false,nrpxj2ryv9dyhs627ckaqmlnr,2024-01-07T20:34:14Z,"","Kali Uchis LLC",0.583,0.508,9,-6.676,0,0.0619,0.0776,0,0.245,0.183,169.978,3
spotify:track:2nDLZMuPMvHzNtUY2e7nV3,"la luna enamorada","Sin Miedo (del Amor y Otros Demonios) ∞","Kali Uchis",2020-12-04,110526,57,false,nrpxj2ryv9dyhs627ckaqmlnr,2024-01-07T20:38:17Z,"","EMI / Interscope",0.529,0.239,6,-14.054,0,0.0248,0.873,0.00896,0.098,0.442,75.293,4
spotify:track:5OJkXdRgQPGrbl6aGnGH1G,"vaya con dios","Sin Miedo (del Amor y Otros Demonios) ∞","Kali Uchis",2020-12-04,175539,56,false,nrpxj2ryv9dyhs627ckaqmlnr,2024-01-07T20:47:37Z,"","EMI / Interscope",0.388,0.594,7,-8.014,1,0.0317,0.0118,0.000143,0.326,0.277,69.367,4
spotify:track:4fPjI40ElIwJQ4DJJxSCOe,"Attracted to You","Attracted To You","PinkPantheress",2021-07-09,67638,75,false,nrpxj2ryv9dyhs627ckaqmlnr,2024-01-07T20:54:23Z,"bedroom pop","Parlophone UK",0.727,0.58,6,-11.094,1,0.192,0.0372,0.00377,0.0596,0.75,114.21,4
spotify:track:5w9YU63asHqNFyWq3nCsSl,"Noticed I Cried","to hell with it","PinkPantheress",2021-10-15,82226,60,false,nrpxj2ryv9dyhs627ckaqmlnr,2024-01-07T20:57:28Z,"bedroom pop","Parlophone UK",0.499,0.856,11,-5.705,1,0.061,0.0544,0.131,0.0734,0.394,163.956,4
spotify:track:3ZpqeV6u8cheGopIXQlHfH,"All My Friends Know","to hell with it","PinkPantheress",2021-10-15,118813,63,false,nrpxj2ryv9dyhs627ckaqmlnr,2024-01-07T20:59:04Z,"bedroom pop","Parlophone UK",0.719,0.549,10,-8.297,1,0.147,0.327,0.148,0.117,0.192,102.092,4
spotify:track:4tKGFmENO69tZR9ahgZu48,"Murder On The Dancefloor","Read My Lips (Deluxe Version)","Sophie Ellis-Bextor",2002-06-06,230013,83,false,nrpxj2ryv9dyhs627ckaqmlnr,2024-01-09T01:13:10Z,"","Polydor Records",0.73,0.849,1,-5.281,0,0.0299,0.00234,0.0000257,0.312,0.887,117.308,4
spotify:track:3xKsf9qdS1CyvXSMEid6g8,"Pink + White","Blonde","Frank Ocean",2016-08-20,184516,89,false,nrpxj2ryv9dyhs627ckaqmlnr,2024-01-09T04:29:06Z,"","Boys Don't Cry",0.545,0.545,9,-7.362,1,0.107,0.667,0.0000548,0.417,0.549,159.94,3
spotify:track:7zFXmv6vqI4qOt4yGf3jYZ,"Get You (feat. Kali Uchis)","Freudian","Daniel Caesar;Kali Uchis",2017-08-25,278179,8,false,nrpxj2ryv9dyhs627ckaqmlnr,2024-01-09T04:47:09Z,"","Golden Child Recordings",0.658,0.294,4,-8.533,0,0.0321,0.422,0.000052,0.0749,0.358,74.038,4
spotify:track:6FBzhcfgGacfXF3AmtfEaX,"C U Girl","C U Girl","Steve Lacy",2015-02-15,129697,79,false,nrpxj2ryv9dyhs627ckaqmlnr,2024-01-09T04:52:37Z,"","L-M Records",0.414,0.473,11,-8.911,0,0.116,0.663,0.0523,0.128,0.409,100,4
spotify:track:2CBtdZVcpSwaxOcLUi1AGo,"Care For You","Care For You","The Marías",2020-10-16,156026,65,false,nrpxj2ryv9dyhs627ckaqmlnr,2024-01-09T04:55:09Z,"bedroom pop","Superclean Records",0.879,0.413,1,-9.161,0,0.0575,0.816,0.221,0.318,0.869,109.988,4
spotify:track:7N3c9CKUmRqrt3dDvGWBWG,"Gotta Get Up - Interlude","Isolation","Kali Uchis",2018-04-06,113270,56,false,nrpxj2ryv9dyhs627ckaqmlnr,2024-01-09T04:58:49Z,"","EMI",0.488,0.381,3,-8.095,0,0.0498,0.605,0.0872,0.0776,0.217,140.941,4
spotify:track:6mLNU3uGKZ1fLcJv9J1u7G,"Summer Love","Mango","bLAck pARty",2016-10-14,74318,47,false,nrpxj2ryv9dyhs627ckaqmlnr,2024-01-09T04:59:53Z,"indie soul,alternative r&b","Wolf & Rothstein",0.617,0.604,3,-7.79,0,0.0345,0.591,0.000751,0.334,0.855,159.861,3
spotify:track:0XvoMOI25j4wODyk8nuANS,"All Night","Oncle Jazz","Men I Trust",2019-09-13,188468,59,false,nrpxj2ryv9dyhs627ckaqmlnr,2024-01-09T05:01:05Z,"bedroom pop,indie pop,dream pop","Independent",0.794,0.209,10,-13.359,0,0.0409,0.743,0.911,0.0892,0.62,146.001,4
spotify:track:4BD3sl4HjTAzWGVIP8LLm4,"I Wanna C U","Angel's Pulse","Blood Orange",2019-07-12,74725,54,false,nrpxj2ryv9dyhs627ckaqmlnr,2024-01-09T05:02:16Z,"art pop","Domino Recording Co",0.793,0.304,0,-12.191,0,0.0442,0.715,0.181,0.114,0.72,99.773,4
spotify:track:7twY0ucjaUFUNfjkCHj1Cs,"Hey Boy (feat. Kali Uchis)","Apolonio","Omar Apollo;Kali Uchis",2020-10-16,102160,53,true,nrpxj2ryv9dyhs627ckaqmlnr,2024-01-09T05:03:54Z,"bedroom pop","Warner Records",0.751,0.511,0,-10.481,0,0.39,0.478,0.00552,0.0802,0.653,151.618,4
spotify:track:1zgHn1EqUyA0HqNYMdJ5ia,"Best Time","Larger Than Life","Brent Faiyaz",2023-10-27,82508,78,true,nrpxj2ryv9dyhs627ckaqmlnr,2024-01-09T05:08:16Z,"r&b","ISO Supremacy under exclusive license to UnitedMasters LLC",0.81,0.307,9,-7.215,1,0.12,0.16,0.00298,0.0779,0.697,92.995,4
spotify:track:3tPH2C0umk9pjLBMmz0D9M,"Bury me (feat. Kelela)","Heaven knows","PinkPantheress;Kelela",2023-11-10,124613,57,false,nrpxj2ryv9dyhs627ckaqmlnr,2024-01-09T11:52:11Z,"bedroom pop,alternative r&b","Warner Records",0.781,0.506,4,-7.609,1,0.21,0.236,0,0.212,0.528,77.419,4
spotify:track:6WVSnyKQGzs1fosa2I3FMQ,"Shibuya (feat. Syd)","Free Nationals","Free Nationals;Syd",2019-12-13,136831,61,false,nrpxj2ryv9dyhs627ckaqmlnr,2024-01-09T11:52:25Z,"alternative r&b","OBE, LLC / EMPIRE",0.76,0.665,4,-7.021,0,0.0612,0.105,0.399,0.0945,0.808,92.992,4
spotify:track:6HSTJbYzJCK5jKz7hrsvQh,"intro","Getaway","Orion Sun",2022-03-11,180560,1,false,nrpxj2ryv9dyhs627ckaqmlnr,2024-01-09T12:51:38Z,"alternative r&b,bedroom pop","Mom+Pop",0.525,0.459,10,-9.324,0,0.0329,0.203,0.000443,0.271,0.647,84.401,4
spotify:track:6SjxVgMjH3b3AI4wVviZfi,"The aisle","Heaven knows","PinkPantheress",2023-11-10,165773,66,false,nrpxj2ryv9dyhs627ckaqmlnr,2024-01-09T21:37:47Z,"bedroom pop","Warner Records",0.761,0.8,11,-7.464,1,0.0992,0.0808,0.0762,0.0742,0.792,134.001,4
spotify:track:67r7ZHxVxONN9ZQk05AQVL,"Do You Miss Me?","Do you miss me?","PinkPantheress",2022-11-15,128853,61,false,nrpxj2ryv9dyhs627ckaqmlnr,2024-01-09T22:10:10Z,"bedroom pop","Warner Records",0.647,0.871,11,-7.144,0,0.0936,0.0976,0.000534,0.173,0.643,129.928,4
spotify:track:5WbfFTuIldjL9x7W6y5l7R,"Kingston","Atlanta Millionaires Club","Faye Webster",2019-05-24,202653,79,false,nrpxj2ryv9dyhs627ckaqmlnr,2024-01-09T23:24:31Z,"","Secretly Canadian",0.73,0.355,10,-9.13,0,0.0359,0.154,0.00155,0.117,0.56,142.143,4
spotify:track:2xZ0zfuDTv5LxLhEgD82PG,"Awkward","Ctrl (Deluxe)","SZA",2022-06-09,178000,72,true,nrpxj2ryv9dyhs627ckaqmlnr,2024-01-09T23:41:48Z,"r&b","Top Dawg Entertainment/RCA Records",0.618,0.474,5,-12.097,1,0.0789,0.182,0.000122,0.108,0.397,119.999,4
spotify:track:59acp1OhcvxwVBwQJBYKuX,"Loose","Freudian","Daniel Caesar",2017-08-25,185522,5,false,nrpxj2ryv9dyhs627ckaqmlnr,2024-01-10T00:19:05Z,"","Golden Child Recordings",0.198,0.162,1,-15.815,1,0.0343,0.926,0.00896,0.135,0.0527,70.453,1
spotify:track:1H8BKN1WYV6AW1kghI3ldP,"Orlando","Negro Swan","Blood Orange",2018-08-24,182893,55,false,nrpxj2ryv9dyhs627ckaqmlnr,2024-01-10T07:16:38Z,"art pop","Domino Recording Co",0.764,0.534,1,-10.966,0,0.0982,0.546,0.0823,0.404,0.647,143.519,3
spotify:track:128I36bDgYHU9l2QcgEGcd,"Love Between...","Red Moon In Venus","Kali Uchis",2023-03-03,155083,63,false,nrpxj2ryv9dyhs627ckaqmlnr,2024-01-10T07:41:42Z,"","Geffen Records",0.582,0.404,2,-11.327,0,0.0413,0.83,0.00308,0.101,0.465,130.919,4
spotify:track:1jQfgl9WRle7D8a3GXLwaD,"Transform (feat. Charlotte Day Wilson)","Freudian","Daniel Caesar;Charlotte Day Wilson",2017-08-25,280586,3,false,nrpxj2ryv9dyhs627ckaqmlnr,2024-01-10T07:51:46Z,"","Golden Child Recordings",0.498,0.292,5,-10.656,1,0.031,0.511,0.000019,0.256,0.348,68.963,4
spotify:track:5QvditjxADt1HMKPgaMjJm,"Seven","Seven","Men I Trust",2018-09-06,225394,65,false,nrpxj2ryv9dyhs627ckaqmlnr,2024-01-10T07:52:43Z,"bedroom pop,indie pop,dream pop","Independent",0.692,0.421,4,-10.948,1,0.0295,0.668,0.152,0.104,0.83,96.981,4
spotify:track:2I9t0e3gLAKOi5syoHxP46,"fue mejor","Sin Miedo (del Amor y Otros Demonios) ∞","Kali Uchis;PARTYNEXTDOOR",2020-12-04,228602,62,false,nrpxj2ryv9dyhs627ckaqmlnr,2024-01-10T07:55:57Z,"dark r&b,r&b,trap soul","EMI / Interscope",0.684,0.35,7,-9.399,0,0.0495,0.607,0,0.426,0.263,103.951,4
spotify:track:5tdtOKe2N9b2K20ajt3Y1f,"Nostalgic Montage","Nostalgic Montage","Salami Rose Joe Louis",2019-03-14,130907,41,false,nrpxj2ryv9dyhs627ckaqmlnr,2024-01-10T08:24:01Z,"bedroom pop","Brainfeeder",0.467,0.193,9,-17.711,1,0.0331,0.947,0.0965,0.0995,0.071,110.11,5
spotify:track:0Gt4nGWoATcQFL38a1NRao,"West Savannah (feat. SZA)","Cilvia Demo","Isaiah Rashad;SZA",2014-01-28,167276,70,true,nrpxj2ryv9dyhs627ckaqmlnr,2024-01-10T08:25:01Z,"r&b","Top Dawg Entertainment",0.652,0.906,9,-4.032,1,0.161,0.13,0.0681,0.504,0.559,125.103,4
spotify:track:6V91Cctseyb8yz67YQMDw3,"Worth the Wait (feat. Omar Apollo)","Red Moon In Venus","Kali Uchis;Omar Apollo",2023-03-03,150699,56,false,nrpxj2ryv9dyhs627ckaqmlnr,2024-01-10T08:26:48Z,"bedroom pop","Geffen Records",0.635,0.542,0,-11.08,1,0.127,0.737,0,0.548,0.204,77.959,4
spotify:track:5f6esnDQcBiFAm8iMfkw12,"Silkk da Shocka (feat. Syd)","The Sun's Tirade","Isaiah Rashad;Syd",2016-09-02,166086,65,true,nrpxj2ryv9dyhs627ckaqmlnr,2024-01-10T08:34:33Z,"alternative r&b","Top Dawg Entertainment",0.59,0.602,8,-8.195,1,0.413,0.577,0.00000659,0.643,0.72,121.986,4
spotify:track:4m3ZUt0eXm3z1PdclPDevH,"places we go","places we go","peace",2022-11-30,113313,35,false,nrpxj2ryv9dyhs627ckaqmlnr,2024-01-10T08:45:03Z,"","peacesmusic",0.704,0.382,0,-9.918,0,0.0383,0.222,0.381,0.106,0.718,119.975,4
spotify:track:3E895HtTn6lB40SA0l9EkL,"Take Me Away (feat. Syd)","Freudian","Daniel Caesar;Charlotte Day Wilson",2017-08-25,226116,1,true,nrpxj2ryv9dyhs627ckaqmlnr,2024-01-10T08:56:01Z,"","Golden Child Recordings",0.395,0.409,6,-8.58,1,0.056,0.708,0.0000162,0.0982,0.193,74.088,4
spotify:track:7klPHv3HnXdUY3dSfTccNc,"Time","Free Nationals","Free Nationals;Mac Miller;Kali Uchis",2019-12-13,210385,67,true,nrpxj2ryv9dyhs627ckaqmlnr,2024-01-10T09:20:56Z,"","OBE, LLC / EMPIRE",0.469,0.771,5,-7.071,1,0.338,0.518,0.000197,0.0789,0.298,88.968,4
spotify:track:5ahq8vkzMznGmfN2EVOukP,"Lover/Friend","Lover/Friend","KAYTRANADA;Rochelle Jordan",2023-11-30,212250,56,false,nrpxj2ryv9dyhs627ckaqmlnr,2024-01-10T09:47:02Z,"alternative r&b","KAYTRANADA/RCA Records",0.727,0.733,8,-9.81,0,0.215,0.0144,0.000415,0.0481,0.586,105.134,4
spotify:track:44CSjBjs3mcn5c66XnB8It,"Stuntin","Lover/Friend","KAYTRANADA;Channel Tres",2023-11-30,182265,39,true,nrpxj2ryv9dyhs627ckaqmlnr,2024-01-10T09:55:35Z,"hip house","KAYTRANADA/RCA Records",0.86,0.745,7,-3.962,1,0.102,0.00142,0.0116,0.0867,0.606,111.984,4
spotify:track:2LZ2CNbcbJrwh53pitRgom,"Silver Soul","Teen Dream","Beach House",2010-01-26,298680,70,false,nrpxj2ryv9dyhs627ckaqmlnr,2024-01-10T11:41:08Z,"dream pop","Sub Pop Records",0.356,0.67,2,-5.825,1,0.0324,0.467,0.000106,0.288,0.117,135.032,4
spotify:track:66p59VAALXRlp777aP1Wom,"Coming Home - Interlude","Isolation","Kali Uchis",2018-04-06,159852,50,true,nrpxj2ryv9dyhs627ckaqmlnr,2024-01-10T16:46:27Z,"","EMI",0.624,0.544,7,-8.004,1,0.0998,0.337,0.00000349,0.122,0.293,87.931,4
spotify:track:0q75NwOoFiARAVp4EXU4Bs,"Love Galore (feat. Travis Scott)","Ctrl","SZA;Travis Scott",2017-06-09,275085,78,true,nrpxj2ryv9dyhs627ckaqmlnr,2024-01-10T23:15:48Z,"r&b,rap","Top Dawg Entertainment/RCA Records",0.795,0.594,0,-6.2,1,0.0748,0.112,0,0.162,0.409,135.002,4
spotify:track:0725YWm6Z0TpZ6wrNk64Eb,"Super Rich Kids","channel ORANGE","Frank Ocean;Earl Sweatshirt",2012-07-10,304760,79,true,nrpxj2ryv9dyhs627ckaqmlnr,2024-01-10T23:39:05Z,"experimental hip hop,alternative hip hop","Red Zone Entertainment / IDJ",0.739,0.419,3,-8.241,0,0.0854,0.219,0,0.196,0.58,60.493,4
spotify:track:4h5x3XHLVYFJaItKuO2rhy,"Ghost in the Machine (feat. Phoebe Bridgers)","SOS","SZA;Phoebe Bridgers",2022-12-09,218586,69,true,nrpxj2ryv9dyhs627ckaqmlnr,2024-01-11T00:00:45Z,"r&b","Top Dawg Entertainment/RCA Records",0.624,0.433,6,-9.572,1,0.0467,0.837,0.0294,0.113,0.589,124.979,4
spotify:track:4deAN7JXhdHHifxOp0TTjU,"Do You Like Me?","NEVER ENOUGH","Daniel Caesar",2023-04-07,227520,71,true,nrpxj2ryv9dyhs627ckaqmlnr,2024-01-11T00:43:46Z,"","Republic Records",0.718,0.398,11,-6.774,1,0.0396,0.498,0.0352,0.129,0.373,76.976,4
spotify:track:5jyGyPBWTflDi9TssaLsAK,"One More Night","Servant: Songs From The Attic (Deluxe Edition) [Music From The Apple TV+ Original Series]","Saleka",2023-03-17,200788,30,false,nrpxj2ryv9dyhs627ckaqmlnr,2024-01-11T01:53:35Z,"","Lakeshore Records",0.511,0.18,0,-16.239,0,0.0446,0.954,0.000563,0.119,0.072,84.895,4
spotify:track:0JIMT9gzLIIz0esKLyjbKf,"Telephones","Changes","Vacations",2018,212432,83,false,nrpxj2ryv9dyhs627ckaqmlnr,2024-01-11T02:31:22Z,"","Nettwerk Music Group",0.526,0.447,2,-9.268,1,0.0274,0.00283,0.0301,0.109,0.183,74.995,4
spotify:track:5fQBa4wkmq28xpSLOQ202K,"Normal Girl","Ctrl","SZA",2017-06-09,253590,78,true,nrpxj2ryv9dyhs627ckaqmlnr,2024-01-11T04:34:55Z,"r&b","Top Dawg Entertainment/RCA Records",0.624,0.532,0,-7.146,1,0.124,0.269,0.0000517,0.158,0.362,76.453,4
spotify:track:74fQgHleHZ4V7Gm1XYcGkj,"One Night Only","One Night Only","Sonder",2018-02-09,195909,80,false,nrpxj2ryv9dyhs627ckaqmlnr,2024-01-11T04:42:42Z,"dark r&b,r&b","Sonder Global / Human Re Sources",0.874,0.402,4,-5.786,1,0.0691,0.263,0.00094,0.147,0.764,119.99,4
spotify:track:1dbar1XukTbn7FQzQTqDQK,"Outside All Night (feat. A$AP Rocky & N3WYRKLA)","Larger Than Life","Brent Faiyaz;N3WYRKLA;A$AP Rocky",2023-10-27,202841,68,true,nrpxj2ryv9dyhs627ckaqmlnr,2024-01-11T05:16:58Z,"r&b,rap","ISO Supremacy under exclusive license to UnitedMasters LLC",0.646,0.648,1,-7.408,0,0.15,0.0741,0,0.215,0.833,141.966,4
spotify:track:48oQGynnS8RLiYRFsJ6pDL,"FYTB (FEAT. JOONY)","WASTELAND","Brent Faiyaz;Joony",2022-07-08,198003,56,true,nrpxj2ryv9dyhs627ckaqmlnr,2024-01-11T06:01:19Z,"r&b","Lost Kids LLC., Marketed by Venice / Stem",0.783,0.48,3,-9.182,0,0.251,0.258,0.00000473,0.305,0.364,133.086,4
spotify:track:5mfGEs5n647v4WE3K5YmBy,"on & on","froge.mp3","piri;Tommy Villiers;piri & tommy",2022-10-21,135386,61,false,nrpxj2ryv9dyhs627ckaqmlnr,2024-01-11T15:33:27Z,"uk garage,rally house,liquid funk,drum and bass","Polydor Records",0.601,0.766,4,-7.649,0,0.0623,0.146,0.0158,0.0816,0.821,173.994,4
spotify:track:5tuBenbZ1Or9xENTyOKoGC,"Jonny","Atlanta Millionaires Club","Faye Webster",2019-05-24,226506,73,false,nrpxj2ryv9dyhs627ckaqmlnr,2024-01-11T15:33:42Z,"","Secretly Canadian",0.609,0.232,6,-11.989,1,0.0272,0.417,0.0187,0.107,0.27,79.821,3
spotify:track:0dFdGPVLs3k0z9ezYWZzUa,"Intimidated (feat. H.E.R.)","Intimidated","KAYTRANADA;H.E.R.",2021-11-19,207830,78,false,nrpxj2ryv9dyhs627ckaqmlnr,2024-01-11T21:24:19Z,"r&b","KAYTRANADA/RCA Records",0.738,0.75,11,-3.654,0,0.219,0.0167,0.00976,0.174,0.342,112.009,4
spotify:track:1w52s8ZgbSHjwjoZ1zQMET,"Jodie","Ctrl (Deluxe)","SZA",2022-06-09,165867,56,true,nrpxj2ryv9dyhs627ckaqmlnr,2024-01-12T20:54:47Z,"r&b","Top Dawg Entertainment/RCA Records",0.81,0.402,1,-10.878,1,0.0537,0.804,0.00000214,0.107,0.54,90.433,3
spotify:track:1NEBuFp0BJMikgXJI9VVab,"Te Mata","ORQUÍDEAS","Kali Uchis",2024-01-12,232066,56,false,nrpxj2ryv9dyhs627ckaqmlnr,2024-01-17T06:45:39Z,"","Geffen Records",0.424,0.643,4,-4.812,0,0.0357,0.758,0,0.109,0.498,110.825,4
spotify:track:43oIvC7HVMKkAvuPr4Kt4A,"Perdiste","ORQUÍDEAS","Kali Uchis",2024-01-12,144165,52,false,nrpxj2ryv9dyhs627ckaqmlnr,2024-01-17T06:48:20Z,"","Geffen Records",0.741,0.594,0,-6.03,1,0.0379,0.0856,0.0000273,0.0773,0.556,103.925,4
spotify:track:3REQkt60mafExNVnJehMdL,"Make Me Stay","Too Late To Die Young","Sonder",2022-10-21,172131,66,true,nrpxj2ryv9dyhs627ckaqmlnr,2024-01-17T16:46:18Z,"dark r&b,r&b","Sonder Global LLC",0.739,0.371,4,-8.152,0,0.0511,0.358,0.0000427,0.139,0.207,122.033,4
spotify:track:06cqIVC8kRAT02qfHQT65v,"I Don't Know You","Superclean, Vol. I","The Marías",2017-11-03,209403,66,false,nrpxj2ryv9dyhs627ckaqmlnr,2024-01-17T19:10:48Z,"bedroom pop","Superclean Records",0.878,0.326,9,-9.616,0,0.0624,0.257,0.0192,0.102,0.592,118.041,4
spotify:track:2fXwCWkh6YG5zU1IyvQrbs,"Broken Clocks","Ctrl","SZA",2017-06-09,231257,81,true,nrpxj2ryv9dyhs627ckaqmlnr,2024-01-17T19:16:23Z,"r&b","Top Dawg Entertainment/RCA Records",0.692,0.684,6,-7.364,1,0.155,0.131,0,0.156,0.406,112.912,4
spotify:track:6Nle9hKrkL1wQpwNfEkxjh,"Chanel","Chanel","Frank Ocean",2017-03-10,210285,80,true,nrpxj2ryv9dyhs627ckaqmlnr,2024-01-17T19:46:07Z,"","Blonded",0.776,0.503,0,-5.732,0,0.237,0.874,0,0.112,0.473,110.134,4
spotify:track:0Ryd8975WihbObpp5cPW1t,"boyfriend (with Social House)","boyfriend","Ariana Grande;Social House",2019-08-02,186106,82,true,nrpxj2ryv9dyhs627ckaqmlnr,2024-01-18T04:14:59Z,"pop","Republic Records",0.4,0.795,10,-3.731,0,0.461,0.119,0,0.159,0.702,190.097,4
spotify:track:0dWOFwdXrbBUYqD9DLsoyK,"BLEACH","SATURATION III","BROCKHAMPTON",2017-12-15,273151,65,true,nrpxj2ryv9dyhs627ckaqmlnr,2024-01-19T04:19:40Z,"","QUESTION EVERYTHING, INC. / EMPIRE",0.595,0.657,1,-6.498,0,0.183,0.462,0.000597,0.437,0.718,156.093,4
spotify:track:52qxHBgcQGVV2JrMwPhYJl,"Capable of love","Heaven knows","PinkPantheress",2023-11-10,223680,66,false,nrpxj2ryv9dyhs627ckaqmlnr,2024-01-21T08:55:36Z,"bedroom pop","Warner Records",0.59,0.584,7,-7.965,1,0.031,0.515,0.00658,0.0918,0.274,140.005,4
spotify:track:1cCbsojaA6GIT7Y3zuMJ1q,"Nangs","Currents","Tame Impala",2015-07-17,107533,76,false,nrpxj2ryv9dyhs627ckaqmlnr,2024-01-23T15:15:31Z,"neo-psychedelic,indie","Universal Music Australia Pty. Ltd.",0.536,0.526,0,-9.754,1,0.181,0.159,0.847,0.128,0.434,167.608,4
spotify:track:4EDijkJdHBZZ0GwJ12iTAj,"Stargirl Interlude","Starboy","The Weeknd;Lana Del Rey",2016-11-25,111640,76,false,nrpxj2ryv9dyhs627ckaqmlnr,2024-01-23T23:12:33Z,"","The Weeknd/Lyric",0.638,0.474,5,-12.7,0,0.124,0.351,0.191,0.105,0.441,179.771,4
spotify:track:7KvSuH86lIT2aTl9PBCAfd,"6 Underground","Becoming X","Sneaker Pimps",1996-08-18,228840,61,false,nrpxj2ryv9dyhs627ckaqmlnr,2024-01-24T05:50:00Z,"trip hop,downtempo","One Little Independent",0.587,0.687,1,-8.635,0,0.0509,0.0281,0.14,0.121,0.402,169.938,4
spotify:track:0ivScpItKrlv30VjkB4gGP,"Sick","Bloodsport","Sneaker Pimps",2002,224160,36,false,nrpxj2ryv9dyhs627ckaqmlnr,2024-01-24T05:50:37Z,"trip hop,downtempo","Tommy Boy Entertainment, LLC.",0.746,0.832,2,-5.668,1,0.0512,0.125,0.00288,0.139,0.611,95.275,4
spotify:track:2mQnPuVeoJXwS8p9J4JUIb,"Sugar Water","Viva! La Woman","Cibo Matto",1996,269760,56,false,nrpxj2ryv9dyhs627ckaqmlnr,2024-01-24T06:01:51Z,"shibuya-kei,trip hop,art pop","Rhino/Warner Records",0.708,0.412,7,-10.579,1,0.195,0.00409,0.0241,0.196,0.378,78.097,4
spotify:track:2akoq472I49TzrFSJjjf47,"Superheroes","Breath From Another","Esthero",1998-04-14,238600,49,false,nrpxj2ryv9dyhs627ckaqmlnr,2024-01-24T06:05:23Z,"trip hop,downtempo","Work",0.686,0.358,1,-11.395,1,0.0297,0.828,0.452,0.11,0.612,79.597,4
spotify:track:0tYEsmdrsv5Fi3UOn58bou,"Overcome","Maxinquaye (Deluxe Edition)","Tricky;Martina Topley-Bird",1995,270093,55,false,nrpxj2ryv9dyhs627ckaqmlnr,2024-01-24T06:09:45Z,"trip hop,downtempo","UMC (Universal Music Catalogue)",0.814,0.599,2,-13.007,1,0.232,0.43,0.736,0.0904,0.752,82.278,4
spotify:track:3ZzhV6JIDKWvWR7wiKWD0C,"La femme d'argent","Moon Safari","Air",1998-01-16,426614,66,false,nrpxj2ryv9dyhs627ckaqmlnr,2024-01-24T13:46:33Z,"trip hop,downtempo","Parlophone (France)",0.489,0.735,6,-8.238,0,0.0345,0.529,0.686,0.422,0.528,159.716,4
spotify:track:3RMup43JLNt1c1GJ7yXhfo,"Love Can Damage Your Health","Genetic World","Télépopmusik;Angela McCluskey",2001-01-01,332906,39,false,nrpxj2ryv9dyhs627ckaqmlnr,2024-01-24T14:36:13Z,"trip hop,downtempo","Universal Music Division Virgin Records Distribution Deal",0.519,0.397,7,-13.219,0,0.0375,0.579,0.299,0.583,0.0997,115.811,4
spotify:track:5ARrtxJLVCeTv5TWo1oKgC,"In The Waiting Line","Simple Things","Zero 7;Sophie Barker",2001,271520,2,false,nrpxj2ryv9dyhs627ckaqmlnr,2024-01-24T14:57:08Z,"trip hop,downtempo","New State Music",0.561,0.33,5,-13.51,1,0.0268,0.76,0.134,0.106,0.378,79.01,4
spotify:track:6b7ID4frdd828kmL16eIc7,"Give It Up","Songs to Love and Die By","8mm",2006-09-26,388920,45,false,nrpxj2ryv9dyhs627ckaqmlnr,2024-01-24T15:44:23Z,"trip hop","ChelseaGirl Records",0.581,0.811,11,-5.645,0,0.0295,0.000473,0.466,0.099,0.131,107.476,4
spotify:track:0O6QlmgTmvmOzIChFHvzCx,"Our Day Will Come","Yesterday, Once More: 16 Easy Listening Melodies","Antonio Rossi & His Orchestra",1991-03-01,221066,0,false,nrpxj2ryv9dyhs627ckaqmlnr,2024-01-25T02:26:01Z,"","Naxos",0.25,0.231,8,-16.951,1,0.035,0.835,0.899,0.299,0.211,84.201,4
spotify:track:27ViQppP3LZPCJl2A0w9kp,"Destiny","Simple Things","Zero 7;Sia;Sophie Barker",2001,338279,1,false,nrpxj2ryv9dyhs627ckaqmlnr,2024-01-25T07:48:28Z,"trip hop,downtempo","New State Music",0.63,0.576,7,-9.046,0,0.0304,0.217,0.686,0.129,0.471,138.009,4
spotify:track:4DGPON9kch3YXAzVsozF8R,"Distractions","Simple Things","Zero 7;Sia",2001,316200,0,false,nrpxj2ryv9dyhs627ckaqmlnr,2024-01-25T07:58:14Z,"trip hop,downtempo","New State Music",0.165,0.586,3,-7.304,0,0.0442,0.262,0.839,0.18,0.0675,204.186,4
spotify:track:5mCo4K10tQf80jq6qHUqSQ,"I Have Seen","Simple Things","Zero 7;Mozez",2001,304733,0,false,nrpxj2ryv9dyhs627ckaqmlnr,2024-01-25T08:09:12Z,"trip hop,downtempo","New State Music",0.488,0.68,8,-8.414,1,0.0308,0.00786,0.551,0.192,0.761,158.065,4
spotify:track:0cjclnXBEihsvHLuqJzpJr,"Young","Vibes","Vacations",2016-12-09,189160,0,false,nrpxj2ryv9dyhs627ckaqmlnr,2024-01-25T20:49:20Z,"","No-Fi Records",0.493,0.81,7,-4.065,1,0.0264,0.00392,0.00741,0.0635,0.591,79.972,4
spotify:track:5RxpYHVbGJPOvSEATQyg9P,"Lucy","Lucy","Still Woozy;ODIE",2018-03-22,142500,60,true,nrpxj2ryv9dyhs627ckaqmlnr,2024-01-25T20:54:09Z,"bedroom pop","Still Woozy Productions Inc., under exclusive license to Interscope Records",0.647,0.537,6,-12.006,0,0.21,0.43,0.000258,0.119,0.846,84.46,4
spotify:track:5iSEsR6NKjlC9SrIJkyL3k,"Pursuit Of Happiness (Nightmare)","Man On The Moon: The End Of Day","Kid Cudi;MGMT;Ratatat",2009-09-15,295293,72,true,nrpxj2ryv9dyhs627ckaqmlnr,2024-01-25T20:56:37Z,"indie","Kid Cudi/Universal Records",0.629,0.606,0,-8.951,1,0.0412,0.484,0.0001,0.298,0.288,115.275,4
spotify:track:374buquHBf8KY9edm9SBtG,"Come On Let's Go","The Noise Made By People","Broadcast",2000-03-20,197106,0,false,nrpxj2ryv9dyhs627ckaqmlnr,2024-01-25T21:04:02Z,"dream pop,neo-psychedelic","Warp Records",0.576,0.675,2,-9.088,1,0.0289,0.000512,0.0725,0.0652,0.366,114.863,4
spotify:track:5G9LvzXcBoIBXOd2jzdJTs,"Venus as a Boy","Debut","Björk",1993-07-05,282560,62,false,nrpxj2ryv9dyhs627ckaqmlnr,2024-01-25T22:19:57Z,"art pop,trip hop","143/Atlantic Entertainment",0.617,0.393,1,-11.767,1,0.0353,0.0314,0.00512,0.067,0.84,136.213,4
spotify:track:742r2XTuPCteoLoBwOPxBP,"Half Life","Splinter","Sneaker Pimps",1999-10-25,293733,0,false,nrpxj2ryv9dyhs627ckaqmlnr,2024-01-25T22:35:02Z,"trip hop,downtempo","One Little Independent Records",0.519,0.666,11,-7.323,1,0.0427,0.0165,0.00109,0.127,0.298,77.669,4
spotify:track:3YMaXtFpBiLRuZIiokJ9DR,"That Girl","Breath From Another","Esthero",1998-04-14,280866,53,false,nrpxj2ryv9dyhs627ckaqmlnr,2024-01-25T23:45:55Z,"trip hop,downtempo","Work",0.619,0.616,5,-9.232,0,0.0346,0.00448,0.0694,0.0777,0.324,92.842,4
spotify:track:1NNIfF9v0usA2Phbt1788e,"Not That Lovely","Zlaty Sauce Nephew","Salami Rose Joe Louis",2017-04-17,123857,22,false,nrpxj2ryv9dyhs627ckaqmlnr,2024-01-26T18:48:07Z,"bedroom pop","Hot Record Societe",0.473,0.432,4,-11.236,1,0.0271,0.899,0.232,0.114,0.23,104.861,3
spotify:track:4aTWEZ7f71SeAB5SS8wakt,"Cosmic Dawn / Eighth Dimension","Zdenka 2080","Salami Rose Joe Louis",2019-08-30,98400,39,false,nrpxj2ryv9dyhs627ckaqmlnr,2024-01-26T18:48:23Z,"bedroom pop","Brainfeeder",0.468,0.167,6,-18.723,0,0.0293,0.908,0.293,0.106,0.0495,99.928,4
spotify:track:341nbKUAxzQ4MWsAVmSpu1,"I Stay in Bed These Days Too Much","Chapters of Zdenka","Salami Rose Joe Louis",2020-12-11,116000,39,false,nrpxj2ryv9dyhs627ckaqmlnr,2024-01-26T18:55:41Z,"bedroom pop","Brainfeeder",0.668,0.481,10,-17.023,0,0.0285,0.904,0.974,0.164,0.44,99.981,4
spotify:track:49ztutPq82dK8AYDO2OkN7,"Part III","Jinx","Crumb",2019-06-14,222920,55,false,nrpxj2ryv9dyhs627ckaqmlnr,2024-01-26T18:59:19Z,"neo-psychedelic,bedroom pop","Crumb Records",0.334,0.506,1,-8.779,1,0.0281,0.2,0.862,0.228,0.183,83.803,4
spotify:track:6ahcprEQ414ecRGODsVCU6,"Tell Meeeee","Son of a Sauce!","Salami Rose Joe Louis",2016-03-23,57931,36,false,nrpxj2ryv9dyhs627ckaqmlnr,2024-01-26T19:22:20Z,"bedroom pop","Hot Record Societe",0.816,0.135,1,-19.233,0,0.171,0.747,0.909,0.106,0.775,144.978,4
spotify:track:5h2Ixexi6IEhlogUtfzD5P,"Propaganda","Akousmatikous","Salami Rose Joe Louis;Brijean",2023-05-19,152691,36,false,nrpxj2ryv9dyhs627ckaqmlnr,2024-01-26T19:22:25Z,"bedroom pop","Brainfeeder",0.782,0.724,5,-7.676,0,0.0384,0.0309,0.806,0.0539,0.825,119.986,4
spotify:track:3VwgtTh9D0CubY32jdhI5U,"Cracking","Jinx","Crumb",2019-06-14,111986,55,false,nrpxj2ryv9dyhs627ckaqmlnr,2024-01-26T19:25:06Z,"neo-psychedelic,bedroom pop","Crumb Records",0.635,0.385,6,-11.621,1,0.0341,0.39,0.783,0.0993,0.117,121.951,4
spotify:track:15V6BoOyJGC3hbI2sWL20T,"I Miss You So","Son of a Sauce!","Salami Rose Joe Louis",2016-03-23,206400,41,false,nrpxj2ryv9dyhs627ckaqmlnr,2024-01-26T20:07:46Z,"bedroom pop","Hot Record Societe",0.726,0.371,5,-13.968,1,0.0469,0.767,0.218,0.147,0.123,99.978,4
spotify:track:5TkvgPr56QSSunLLG0O0Pd,"Zaza Flip","Akousmatikous","Salami Rose Joe Louis",2023-05-19,111693,15,false,nrpxj2ryv9dyhs627ckaqmlnr,2024-01-26T20:32:49Z,"bedroom pop","Brainfeeder",0.546,0.409,11,-15.538,0,0.093,0.801,0.868,0.109,0.441,160.271,4
spotify:track:0HFy9wgmuePUSfwmjqhA6Y,"Magazine","MAHAL","Toro y Moi;Salami Rose Joe Louis",2022-04-29,191525,36,false,nrpxj2ryv9dyhs627ckaqmlnr,2024-01-26T20:37:14Z,"chillwave,bedroom pop","Dead Oceans",0.629,0.763,7,-6.796,0,0.127,0.291,0.0000601,0.106,0.534,120.194,4
spotify:track:5Z39GsWKq2jePwtXIV25BJ,"Loading Screen (Salami Rose Joe Louis Remix)","Loading Screen (Salami Rose Joe Louis Remix)","Pearl & The Oysters;Salami Rose Joe Louis",2023-10-20,222975,6,false,nrpxj2ryv9dyhs627ckaqmlnr,2024-01-26T21:12:19Z,"bedroom pop","Stones Throw Records",0.533,0.463,5,-12.742,1,0.0439,0.6,0.373,0.109,0.533,99.523,4
spotify:track:5NijSs5dAwaIybq1GaRTIe,"Poison","Poison","Brent Faiyaz",2016-08-03,212992,78,false,nrpxj2ryv9dyhs627ckaqmlnr,2024-01-28T01:31:26Z,"r&b","Lost Kids",0.689,0.394,2,-10.102,0,0.065,0.711,0.000905,0.0859,0.382,117.489,3
spotify:track:3a3dQOO19moXPeTt2PomoT,"What You Heard","What You Heard","Sonder",2019-02-22,238242,80,true,nrpxj2ryv9dyhs627ckaqmlnr,2024-01-28T01:46:10Z,"dark r&b,r&b","Sonder Global",0.429,0.371,2,-9.017,0,0.0327,0.546,0.00000571,0.104,0.135,137.134,4
spotify:track:1otG6j1WHNvl9WgXLWkHTo,"After The Storm (feat. Tyler, The Creator & Bootsy Collins)","Isolation","Kali Uchis;Tyler, The Creator;Bootsy Collins",2018-04-06,207454,82,false,nrpxj2ryv9dyhs627ckaqmlnr,2024-01-28T02:35:57Z,"funk","EMI",0.702,0.659,4,-6.766,0,0.13,0.301,0.00201,0.218,0.843,79.64,4
spotify:track:4rW7lxFUomIjqoWHUVA7o7,"Resort","Hood Favorite","Jay Critch",2018-11-02,134062,27,true,nrpxj2ryv9dyhs627ckaqmlnr,2024-01-28T06:31:24Z,"brooklyn drill,new york drill","UMGRI Interscope",0.634,0.776,0,-6.14,1,0.356,0.15,0,0.0512,0.552,160.179,5
spotify:track:7uTG1u7UjDRZe0wEcDR2Xj,"Just Wait Til Next Year","Songs","John Maus",2006-03-20,146413,48,false,nrpxj2ryv9dyhs627ckaqmlnr,2024-01-29T04:11:08Z,"cold wave,baroque pop,darkwave","Ribbon Music",0.604,0.726,0,-6.776,1,0.0312,0.61,0.0783,0.551,0.785,101.223,4
spotify:track:3ImJurxjtL8FutkeQ6uPRK,"CANNON","CANNON","BROCKHAMPTON",2017-02-01,280234,41,true,nrpxj2ryv9dyhs627ckaqmlnr,2024-01-29T04:11:23Z,"","QUESTION EVERYTHING, INC. / EMPIRE",0.522,0.613,3,-9.391,0,0.0375,0.169,0.00103,0.107,0.309,76.516,4
spotify:track:5p9XWUdvbUzmPCukOmwoU3,"Suddenly I See","Eye To The Telescope","KT Tunstall",2005-01-01,201706,82,false,nrpxj2ryv9dyhs627ckaqmlnr,2024-01-29T04:12:00Z,"","Relentless/Virgin",0.587,0.767,0,-5.713,1,0.0449,0.225,0,0.112,0.664,100.38,4
spotify:track:0t0LzlSz3TQqFlrCm7HeSt,"Loretta Young Silks","Bloodsport","Sneaker Pimps",2002,358493,37,false,nrpxj2ryv9dyhs627ckaqmlnr,2024-01-29T04:14:59Z,"trip hop,downtempo","Tommy Boy Entertainment, LLC.",0.703,0.618,9,-6.571,0,0.0583,0.0756,0.0159,0.164,0.731,97.252,4
spotify:track:0Ws3ORFcdtgqA3FITquhQ7,"george","George","Arlo Parks",2019-06-13,190271,33,false,nrpxj2ryv9dyhs627ckaqmlnr,2024-01-29T04:15:56Z,"","Beatnik Creative",0.677,0.394,2,-7.278,0,0.0304,0.672,0.000124,0.129,0.539,96.985,4
spotify:track:79e2GU4RLPjAqnijfvsXYr,"Generation Why","Sunset Season","Conan Gray",2018-11-16,219680,60,false,nrpxj2ryv9dyhs627ckaqmlnr,2024-01-29T04:17:55Z,"","Republic Records",0.561,0.684,9,-8.235,1,0.0669,0.347,0.00000293,0.122,0.528,81.977,4
spotify:track:7KJXiuMXQu723ODChoxENp,"Greek God","Sunset Season","Conan Gray",2018-11-16,236746,59,false,nrpxj2ryv9dyhs627ckaqmlnr,2024-01-29T04:17:59Z,"","Republic Records",0.572,0.82,6,-6.4,0,0.0764,0.157,0.00000721,0.109,0.144,139.003,4
spotify:track:0VxocBntP1XTZRsR9ZURPS,"La Vie En Rose","La Vie En Rose","Daniela Andrade",2015-01-28,105500,63,false,nrpxj2ryv9dyhs627ckaqmlnr,2024-01-29T04:19:19Z,"","Crooked Lid Records",0.475,0.149,4,-11.429,1,0.0395,0.844,0,0.14,0.318,95.423,4
spotify:track:7umZiitjVsEjMQ6HNddpUI,"Love Is Only a Feeling","Love Is Only a Feeling","Joey Bada$$",2017-07-06,152041,77,true,nrpxj2ryv9dyhs627ckaqmlnr,2024-01-29T04:22:21Z,"hip hop,jazz rap,rap","Pro Era",0.629,0.676,1,-7.088,0,0.191,0.53,0.000325,0.701,0.497,90.377,4
spotify:track:7ofgPlilLgcw6G7fd2zNpT,"BeFoUr","Mind Of Mine (Deluxe Edition)","ZAYN",2016-03-25,208916,56,false,nrpxj2ryv9dyhs627ckaqmlnr,2024-01-29T04:29:55Z,"","RCA Records Label",0.679,0.629,4,-7.981,0,0.0318,0.242,0.012,0.122,0.186,102.005,4
spotify:track:4T652DlATVHe0jdLKaN3Bw,"in my head","thank u, next","Ariana Grande",2019-02-08,222946,73,true,nrpxj2ryv9dyhs627ckaqmlnr,2024-01-29T04:33:54Z,"pop","Republic Records",0.662,0.6,0,-6.403,1,0.0704,0.173,0.000137,0.109,0.331,134.972,4
spotify:track:5EHpdTUaEIrNpoAer3JXmA,"Scrimmage (feat. Sophie Meiers)","Huck","Huck;sophie meiers",2018-12-21,219565,0,false,nrpxj2ryv9dyhs627ckaqmlnr,2024-01-29T04:36:42Z,"bedroom pop","Huck",0.664,0.413,9,-12.889,0,0.059,0.726,0.01,0.138,0.437,124.553,4
spotify:track:3AydAydLzyyZutA0375XIz,"A-Punk","Vampire Weekend","Vampire Weekend",2008-01-29,137760,69,false,nrpxj2ryv9dyhs627ckaqmlnr,2024-01-29T04:37:10Z,"indie,baroque pop","XL Recordings",0.551,0.819,2,-4.489,1,0.0525,0.0103,0.0437,0.153,0.846,174.917,4
spotify:track:3DamFFqW32WihKkTVlwTYQ,"Fireflies","Ocean Eyes","Owl City",2009-01-01,228346,82,false,nrpxj2ryv9dyhs627ckaqmlnr,2024-01-29T04:37:59Z,"","Universal Records",0.512,0.662,3,-6.797,1,0.0439,0.0275,0,0.118,0.472,180.114,4
spotify:track:0bGJHUPR6ems9tzIljlPFR,"Begin","Wings","BTS",2016-10-10,229740,64,false,nrpxj2ryv9dyhs627ckaqmlnr,2024-01-29T04:41:45Z,"k-pop","BIGHIT MUSIC",0.566,0.842,9,-5.222,0,0.0442,0.00357,0.000253,0.141,0.308,131.05,4
spotify:track:1t4pPnbkOjzoA5RvsDjvUU,"1999 WILDFIRE","1999 WILDFIRE","BROCKHAMPTON",2018-07-07,251250,57,true,nrpxj2ryv9dyhs627ckaqmlnr,2024-01-29T04:42:46Z,"","Question Everything/RCA Records",0.811,0.57,5,-8.093,1,0.129,0.253,0,0.148,0.814,128.066,4
spotify:track:5vwXQUwkpmnkJrfv69L6Mp,"In My Head","In My Head","Bedroom",2013-01-04,354691,71,false,nrpxj2ryv9dyhs627ckaqmlnr,2024-01-29T04:51:23Z,"","Licensed from Noah Kittinger, exclusive license to Amuseio AB",0.576,0.608,9,-13.537,1,0.0321,0.169,0.916,0.106,0.18,150.9,4
spotify:track:5a5q1sFcpMoPRk5fRGWq2W,"In My Head","Far Away","Take Van",2022-03-31,104571,43,false,nrpxj2ryv9dyhs627ckaqmlnr,2024-01-29T04:58:28Z,"","Take Van",0.709,0.504,2,-5.913,0,0.0311,0.224,0.772,0.146,0.651,139.973,4
spotify:track:2enPRFda84VE2wtI8c86Uf,"Always Forever","Static","Cults",2013-10-15,223750,80,false,nrpxj2ryv9dyhs627ckaqmlnr,2024-01-29T05:02:29Z,"","Columbia",0.174,0.742,8,-5.93,1,0.0485,0.00181,0.281,0.198,0.36,163.378,4
spotify:track:4y1pHOpS1nm80j4svUWbXP,"All That","Icarus Falls","ZAYN",2018-12-14,199404,45,false,nrpxj2ryv9dyhs627ckaqmlnr,2024-01-29T05:02:33Z,"","RCA Records Label",0.6,0.528,4,-6.16,1,0.0566,0.118,0.0000433,0.102,0.257,139.875,4
spotify:track:5gNllxFhwGL6oIfJS0UXmu,"Country Livin' (The World I Know)","Breath From Another","Esthero",1998-04-14,261200,47,false,nrpxj2ryv9dyhs627ckaqmlnr,2024-01-29T05:05:18Z,"trip hop,downtempo","Work",0.664,0.504,11,-9.809,0,0.0345,0.000722,0.031,0.0725,0.529,150.754,4
spotify:track:2pAntmbpoJMCd3D2r2aQTE,"I Hope You Know","Mango","bLAck pARty",2016-10-14,174576,35,false,nrpxj2ryv9dyhs627ckaqmlnr,2024-01-29T05:05:55Z,"indie soul,alternative r&b","Wolf & Rothstein",0.622,0.582,5,-9.204,0,0.0934,0.254,0.542,0.121,0.546,179.964,4
spotify:track:093UQHeS39gBx8Tnp5FFfM,"Score","JMSN","JMSN",2014-12-09,299040,0,false,nrpxj2ryv9dyhs627ckaqmlnr,2024-01-29T05:06:21Z,"","White Room Records",0.671,0.508,11,-8.439,0,0.0658,0.195,0.000132,0.524,0.592,79.997,4
spotify:track:5WzfCu5fhgm7jv896EN1Md,"She","Goblin","Tyler, The Creator;Frank Ocean",2011-05-09,253386,77,true,nrpxj2ryv9dyhs627ckaqmlnr,2024-01-29T05:08:18Z,"","XL Recordings",0.35,0.621,8,-6.495,0,0.233,0.256,0.0000344,0.613,0.459,83.375,4
spotify:track:1zWMf9bVyhY5W3ZORbjNWt,"LIKE I WOULD","Mind Of Mine (Deluxe Edition)","ZAYN",2016-03-25,192136,61,false,nrpxj2ryv9dyhs627ckaqmlnr,2024-01-29T05:11:17Z,"","RCA Records Label",0.565,0.832,10,-5.732,0,0.114,0.0247,0,0.26,0.233,112.827,4
spotify:track:5wv2XK6ms7KBBVDD1cOwlx,"Cool with You","Songs of Her's","Her's",2017-05-12,375656,61,false,nrpxj2ryv9dyhs627ckaqmlnr,2024-01-29T05:13:53Z,"indie","Heist Or Hit Records",0.534,0.62,0,-6.775,1,0.0504,0.0124,0.000736,0.296,0.547,106.986,4
spotify:track:6fsAWAKljmG877puzgHPjt,"Khmlwugh","Fresh Air","HOMESHAKE",2017-02-03,215335,43,false,nrpxj2ryv9dyhs627ckaqmlnr,2024-01-29T05:14:32Z,"bedroom pop","Sinderlyn",0.66,0.189,5,-12.372,1,0.0398,0.748,0.0133,0.307,0.142,73.006,4
spotify:track:5YBumrefkjWq7FaVIaUaHE,"Love Is Only a Feeling","Midnight Snack","HOMESHAKE",2015-09-18,168692,59,false,nrpxj2ryv9dyhs627ckaqmlnr,2024-01-29T05:14:51Z,"bedroom pop","Sinderlyn",0.27,0.425,3,-11.035,1,0.061,0.555,0.0314,0.132,0.0372,74.497,1
spotify:track:5frFK6scVpcl6Wiw3AWtwN,"I Want It","Cold Shower","Triathalon",2016-09-16,159649,37,false,nrpxj2ryv9dyhs627ckaqmlnr,2024-01-29T05:16:25Z,"bedroom pop","Triathalon",0.668,0.628,7,-8.983,1,0.0666,0.00549,0.846,0.0924,0.606,137.907,4
spotify:track:2dXs6WlSVXJX3i99Xw4n2u,"Don't Call My Name","Life & Love","Skinshape",2017-05-03,249846,58,false,nrpxj2ryv9dyhs627ckaqmlnr,2024-01-29T05:17:27Z,"","DLoaw & Co.",0.677,0.565,4,-8.057,0,0.0361,0.156,0.74,0.108,0.54,90.023,4
spotify:track:4avrEI1ePCaKsxVGf43jyZ,"VEINS","VICTOR'S DEBUT","Victor Internet",2019-09-20,187808,18,true,nrpxj2ryv9dyhs627ckaqmlnr,2024-01-29T05:18:04Z,"bedroom pop","Terrible Records",0.663,0.683,1,-6.232,1,0.0336,0.042,0,0.153,0.328,146.031,4
spotify:track:4RQc9qX2xu0mnR30aGcyjO,"Heaven Sent","Breath From Another","Esthero",1998-04-14,270306,55,false,nrpxj2ryv9dyhs627ckaqmlnr,2024-01-29T05:18:15Z,"trip hop,downtempo","Work",0.629,0.666,6,-9.661,0,0.0476,0.0171,0.367,0.253,0.599,74.479,4
spotify:track:4XYo3W8U6IY42EbB01rnR4,"Heaven","Heaven","Clairo",2018-09-07,233871,67,false,nrpxj2ryv9dyhs627ckaqmlnr,2024-01-29T05:18:33Z,"bedroom pop","Darkroom",0.733,0.262,0,-13.766,1,0.028,0.224,0.00000479,0.105,0.444,135.497,3
spotify:track:0CAUBa7K4gDcC5PJ4GJeJp,"Today (feat. Teo Halm)","Skate Kitchen (Original Motion Picture Soundtrack)","Omar Apollo;Teo Halm",2018-09-28,194000,12,false,nrpxj2ryv9dyhs627ckaqmlnr,2024-01-29T05:19:54Z,"bedroom pop","Darkroom",0.837,0.461,8,-7.815,0,0.0328,0.0678,0.0174,0.24,0.761,102.049,4
spotify:track:49vgXMgqAd7jmXCqzizWZe,"In My Dreams","Skate Kitchen (Original Motion Picture Soundtrack)","Kali Uchis",2018-09-28,201013,20,false,nrpxj2ryv9dyhs627ckaqmlnr,2024-01-29T05:20:12Z,"","Darkroom",0.611,0.84,5,-5.333,1,0.0299,0.0178,0.0000278,0.153,0.915,165.953,4
spotify:track:6Jr2GutTFyfvAzGA36R2Uj,"Rain","Dark & Wild","BTS",2014-08-20,264666,66,false,nrpxj2ryv9dyhs627ckaqmlnr,2024-01-29T05:20:56Z,"k-pop","BIGHIT MUSIC",0.703,0.851,1,-4.918,0,0.144,0.031,0,0.354,0.315,89.958,4
spotify:track:1MX0g22bQkr9HDVe37fLnN,"134340","Love Yourself 轉 'Tear'","BTS",2018-05-18,230063,68,false,nrpxj2ryv9dyhs627ckaqmlnr,2024-01-29T05:21:08Z,"k-pop","BIGHIT MUSIC",0.665,0.687,11,-6.466,0,0.0547,0.155,0.0000928,0.173,0.651,106.023,4
spotify:track:6S2gYweMmT6xygVh5q3QLa,"House of Cards (Full Length Edition)","The Most Beautiful Moment in Life: Young Forever","BTS",2016-05-02,226212,74,false,nrpxj2ryv9dyhs627ckaqmlnr,2024-01-29T05:21:23Z,"k-pop","BIGHIT MUSIC",0.367,0.668,2,-4.484,0,0.052,0.336,0,0.147,0.384,104.961,4
spotify:track:06u5LrUpbosQlQ1QJFhPpG,"Drew Barrymore","Ctrl","SZA",2017-06-09,231412,74,true,nrpxj2ryv9dyhs627ckaqmlnr,2024-01-29T05:24:19Z,"r&b","Top Dawg Entertainment/RCA Records",0.577,0.523,0,-5.538,0,0.0429,0.491,0,0.147,0.29,134.93,4
spotify:track:2d0dCpzPN76EhB4yv3S6ng,"Pain Is Inevitable","NEVER ENOUGH","Daniel Caesar",2023-04-07,295174,63,true,nrpxj2ryv9dyhs627ckaqmlnr,2024-01-29T05:25:20Z,"","Republic Records",0.372,0.364,7,-10.783,1,0.0526,0.81,0.00201,0.358,0.13,99.733,4
spotify:track:7tyYT0hZoSP8mwOlO5CxJi,"Unstoppable","NEVER ENOUGH (Bonus Version)","Daniel Caesar",2023-04-10,247805,53,true,nrpxj2ryv9dyhs627ckaqmlnr,2024-01-29T05:25:33Z,"","Republic Records",0.597,0.66,1,-5.911,1,0.127,0.675,0.0158,0.303,0.544,77.626,4
spotify:track:3g3GjHuxntUfUd4t23rGTZ,"Cool","NEVER ENOUGH","Daniel Caesar",2023-04-07,244189,66,true,nrpxj2ryv9dyhs627ckaqmlnr,2024-01-29T05:26:34Z,"","Republic Records",0.426,0.139,7,-10.916,1,0.0301,0.915,0.00242,0.107,0.222,61.04,4
spotify:track:51HiIbv8gO0HvwpmAxXAFe,"Sleep to Dream","Tidal","Fiona Apple",1996-07-23,248560,58,false,nrpxj2ryv9dyhs627ckaqmlnr,2024-01-29T05:27:00Z,"art pop","Clean Slate/Work",0.725,0.575,2,-9.769,1,0.0511,0.0301,0.0000484,0.136,0.757,144.157,4
spotify:track:4sIFi8LpJWPvI5xviWFyA6,"D>E>A>T>H>M>E>T>A>L","D>E>A>T>H>M>E>T>A>L","Panchiko",2000-12-05,261849,79,false,nrpxj2ryv9dyhs627ckaqmlnr,2024-01-29T05:27:14Z,"shoegaze","Panchiko",0.263,0.796,5,-7.29,0,0.044,0.823,0.523,0.102,0.256,87.014,4
spotify:track:4Ys8jQvZOISzmp34BsImRf,"Washing Machine Heart","Be the Cowboy","Mitski",2018-08-17,128198,1,false,nrpxj2ryv9dyhs627ckaqmlnr,2024-01-29T05:28:13Z,"","Dead Oceans",0.617,0.821,9,-4.085,1,0.026,0.00999,0.494,0.426,0.581,106,4
spotify:track:1rPYEWQfIRo5A4fvLgFbBe,"Golden Light","Miracle Mile","STRFKR",2013-02-19,283053,70,false,nrpxj2ryv9dyhs627ckaqmlnr,2024-01-29T05:29:32Z,"","Polyvinyl Records",0.573,0.669,8,-11.436,0,0.0332,0.521,0.806,0.321,0.159,96.982,4
,"undefined","undefined","undefined",,,,,nrpxj2ryv9dyhs627ckaqmlnr,2024-01-29T05:30:05Z,"","undefined",,,,,,,,,,,,
spotify:track:6Zf0wVvUHpN4rhkucpP7xa,"Triangle Love","Art Dealer Chic 4","Miguel",2021-04-09,253532,29,true,nrpxj2ryv9dyhs627ckaqmlnr,2024-01-29T05:30:26Z,"r&b","ByStorm Entertainment/RCA Records",0.728,0.662,11,-8.582,0,0.284,0.388,0.073,0.108,0.39,99.898,4
spotify:track:6x93hzBoL7HpirMN2P48co,"El Dorado","Peak","Choker",2017-05-06,230400,39,true,nrpxj2ryv9dyhs627ckaqmlnr,2024-01-29T05:33:32Z,"alternative r&b","673303 Records DK",0.469,0.697,4,-5.815,1,0.0312,0.0127,0.000116,0.329,0.362,149.921,4
spotify:track:0cEg4i5ArOm50TMr9M64BE,"Change (In the House of Flies)","Queen Of The Damned (Music From The Motion Picture)","Deftones",2009-03-31,299533,55,false,nrpxj2ryv9dyhs627ckaqmlnr,2024-01-29T05:33:43Z,"nu metal,alternative metal,rap metal,rock,shoegaze","Warner Sunset/Warner Records",0.269,0.853,7,-4.647,0,0.0854,0.000249,0.000246,0.118,0.179,141.581,4
spotify:track:4Lq42NLEzXGa8rwwt8Vs6K,"Fade In Nylon","Cola","A Beacon School",2018,415582,39,false,nrpxj2ryv9dyhs627ckaqmlnr,2024-01-29T05:44:11Z,"dream pop","Grind Select",0.384,0.893,2,-4.943,1,0.0512,0.0625,0.758,0.22,0.3,155.951,4
spotify:track:1IgePMOW0qEe1AViWgkal9,"Pretty Little Birds (feat. Isaiah Rashad)","Ctrl","SZA;Isaiah Rashad",2017-06-09,245929,69,true,nrpxj2ryv9dyhs627ckaqmlnr,2024-01-29T06:03:19Z,"r&b","Top Dawg Entertainment/RCA Records",0.362,0.518,1,-7.687,1,0.306,0.223,0.00314,0.316,0.348,89.667,4
spotify:track:5wTVNpi5WDByxBgKgUE6MU,"Supermodel","Ctrl","SZA",2017-06-09,181109,72,true,nrpxj2ryv9dyhs627ckaqmlnr,2024-01-29T06:15:13Z,"r&b","Top Dawg Entertainment/RCA Records",0.613,0.442,6,-8.874,1,0.288,0.651,0,0.26,0.252,119.737,5
spotify:track:2r7BPog74oaTG5shNYiUnV,"House Of Balloons / Glass Table Girls","House Of Balloons (Original)","The Weeknd",2011-03-21,407315,81,true,nrpxj2ryv9dyhs627ckaqmlnr,2024-01-29T06:25:38Z,"","The Weeknd/Lyric",0.662,0.511,0,-8.419,1,0.0342,0.00237,0.0036,0.275,0.228,88.989,4
spotify:track:7D0RhFcb3CrfPuTJ0obrod,"Sparks","Parachutes","Coldplay",2000-07-10,227093,91,false,nrpxj2ryv9dyhs627ckaqmlnr,2024-01-29T08:20:22Z,"","Parlophone UK",0.371,0.268,1,-10.506,1,0.0281,0.748,0.0517,0.104,0.165,102.617,3
spotify:track:0I1eFRytp4XRhLCjT6tZm7,"I Can't Handle Change","I Can't Handle Change","Roar",2010-03-14,198213,3,false,nrpxj2ryv9dyhs627ckaqmlnr,2024-01-29T08:27:26Z,"","Felt Forest Records",0.247,0.438,5,-8.478,1,0.0358,0.0447,0.000867,0.111,0.39,185.711,3
spotify:track:4Uiw0Sl9yskBaC6P4DcdVD,"Be Quiet and Drive (Far Away)","Around the Fur","Deftones",1997-10-27,299866,83,false,nrpxj2ryv9dyhs627ckaqmlnr,2024-01-29T08:40:27Z,"nu metal,alternative metal,rap metal,rock,shoegaze","Maverick",0.206,0.965,1,-5.116,1,0.079,0.00000991,0.827,0.367,0.168,92.615,4
spotify:track:5267gVdYWrLoz6ClOhlqmE,"Blue Monday","Candyass","Orgy",1998-08-18,267000,68,false,nrpxj2ryv9dyhs627ckaqmlnr,2024-01-29T08:43:21Z,"industrial rock,industrial metal,industrial,nu metal","Elementree/Reprise",0.589,0.696,8,-8.109,1,0.034,0.0000865,0.0000343,0.0779,0.938,129.833,4
spotify:track:1EryAkZ0VHstC6haIxVBiE,"Sextape","Diamond Eyes","Deftones",2010-04-30,241533,83,false,nrpxj2ryv9dyhs627ckaqmlnr,2024-01-29T08:43:53Z,"nu metal,alternative metal,rap metal,rock,shoegaze","Reprise",0.367,0.634,5,-6.475,1,0.027,0.000824,0.0759,0.116,0.0964,89.981,4
spotify:track:5YXJJqixatND7o7FJZYE9u,"Pink Cellphone","Saturday Night Wrist","Deftones",2006-10-25,304866,49,true,nrpxj2ryv9dyhs627ckaqmlnr,2024-01-29T08:44:32Z,"nu metal,alternative metal,rap metal,rock,shoegaze","Maverick",0.553,0.444,6,-10.884,0,0.469,0.00131,0.0515,0.071,0.588,123.576,5
spotify:track:7M6ZX9qhuICi4S7GnHeq4i,"Is It Too Much to Ask For","Is It Too Much to Ask For - EP","Jordan Maxwell;Shiloh",2017-05-11,100393,45,false,nrpxj2ryv9dyhs627ckaqmlnr,2024-01-29T08:45:08Z,"lo-fi,lo-fi beats","Create Capital",0.881,0.472,0,-8.228,0,0.0491,0.0447,0.00861,0.125,0.577,105.515,4
spotify:track:1tZQJiCrjMuWZkNdtClr2Z,"Call me","Collection","90sFlav",2018-02-09,126250,8,false,nrpxj2ryv9dyhs627ckaqmlnr,2024-01-29T08:46:34Z,"lo-fi,lo-fi beats","VinDig",0.733,0.265,8,-12.074,0,0.25,0.952,0.917,0.0866,0.142,153.968,4
spotify:track:2gNfxysfBRfl9Lvi9T3v6R,"Disciples","Currents","Tame Impala",2015-07-17,108546,67,false,nrpxj2ryv9dyhs627ckaqmlnr,2024-01-29T08:47:11Z,"neo-psychedelic,indie","Universal Music Australia Pty. Ltd.",0.661,0.869,5,-5.477,1,0.0334,0.078,0.924,0.398,0.8,126.971,4
spotify:track:0rWF5FdQvfQD46gLME2Zx9,"pink bubblegum","pink bubblegum","lavi kou",2015-11-28,153846,72,true,nrpxj2ryv9dyhs627ckaqmlnr,2024-01-29T08:48:30Z,"","lavi kou",0.593,0.361,1,-13.046,1,0.127,0.679,0.0461,0.163,0.216,77.994,4
spotify:track:1jlh10sj0EezRytqgOgHvf,"tooth","tooth","lavi kou",2023-03-17,86400,33,false,nrpxj2ryv9dyhs627ckaqmlnr,2024-01-29T08:48:51Z,"","lavi kou",0.572,0.457,0,-8.49,1,0.0358,0.00354,0.824,0.307,0.377,99.945,4
spotify:track:71BWZa1liIRyUiuJ3MB66o,"I Know You","Faye Webster","Faye Webster",2017-05-12,251666,79,false,nrpxj2ryv9dyhs627ckaqmlnr,2024-01-29T08:53:05Z,"","Secretly Canadian",0.454,0.385,10,-12.849,1,0.0313,0.287,0.0000997,0.0616,0.144,154.918,4
spotify:track:2VYnlKxB8jpbCeLUjQsebc,"In A Good Way","I Know I'm Funny haha","Faye Webster",2021-06-25,224680,75,false,nrpxj2ryv9dyhs627ckaqmlnr,2024-01-29T08:54:07Z,"","Secretly Canadian",0.587,0.286,9,-8.839,1,0.0315,0.185,0.0288,0.214,0.302,71.123,4
spotify:track:3L3KeI5EqsNoiLHvlS5nD1,"*liner2 (nowhere fast)","*liner2 (nowhere fast)","Kahlil Blu",2022-01-02,98000,13,false,nrpxj2ryv9dyhs627ckaqmlnr,2024-01-29T09:17:37Z,"experimental hip hop,alternative hip hop","blüsounds",0.574,0.895,5,-2.695,1,0.0348,0.000997,0.154,0.18,0.13,119.966,4
spotify:track:42qNWdLKCI41S4uzfamhFM,"Duvet","Twilight","bôa",2001-03-21,203600,87,false,nrpxj2ryv9dyhs627ckaqmlnr,2024-01-29T22:38:33Z,"","Nettwerk Music Group",0.583,0.888,11,-9.414,0,0.0349,0.191,0.0000458,0.0936,0.706,93.206,4
spotify:track:1FWsomP9StpCcXNWmJk8Cl,"K.","Cigarettes After Sex","Cigarettes After Sex",2017-06-09,320030,7,false,nrpxj2ryv9dyhs627ckaqmlnr,2024-01-30T02:43:44Z,"dream pop","Partisan Records",0.454,0.401,3,-10.251,1,0.0264,0.14,0.837,0.136,0.319,93.703,4
spotify:track:4Fv6wNYUixnYkj3Dgfrls8,"Tumblr Girls (feat. Christoph Andersson)","These Things Happen","G-Eazy;Christoph Andersson",2014-06-23,255680,81,true,nrpxj2ryv9dyhs627ckaqmlnr,2024-01-30T14:52:50Z,"nu disco,french house","BPG/RVG/RCA Records",0.49,0.373,8,-9.762,1,0.26,0.101,0.000105,0.128,0.346,121.889,4
spotify:track:7eDYNlBwRMeFOZHOZ95dZ1,"Yeah, I Said It","ANTI (Deluxe)","Rihanna",2016-01-28,133080,67,true,nrpxj2ryv9dyhs627ckaqmlnr,2024-01-30T15:04:05Z,"","Roc Nation / Rihanna",0.509,0.38,7,-7.479,1,0.158,0.547,0.00000121,0.359,0.249,127.867,4
spotify:track:6QeYSvYqYUsfBzsApbjDHO,"Cigarettes out the Window","Who Really Cares","TV Girl",2016-02-25,198960,87,false,nrpxj2ryv9dyhs627ckaqmlnr,2024-01-30T15:07:24Z,"","TV Girl",0.625,0.659,0,-5.669,1,0.0337,0.12,0,0.17,0.594,113.551,4
spotify:track:14Q7Qja4PJwjMsKdBZcnww,"Sunshine (feat. Fousheé)","Gemini Rights","Steve Lacy;Fousheé",2022-07-14,293428,72,false,nrpxj2ryv9dyhs627ckaqmlnr,2024-02-01T16:07:25Z,"indie r&b","L-M Records/RCA Records",0.692,0.683,1,-5.892,0,0.0241,0.0341,0.72,0.113,0.722,93.037,4
spotify:track:65gFD5pX5zfIDxMLkfJwyP,"Magpie","Butter-Fly","Lava La Rue",2021-02-19,214822,41,true,nrpxj2ryv9dyhs627ckaqmlnr,2024-02-01T22:01:14Z,"alternative r&b","Marathon Artists",0.549,0.779,0,-6.436,1,0.037,0.00363,0.245,0.717,0.557,148.216,4
spotify:track:3stWWPN41byqp8loPdy92u,"Master of None","Beach House","Beach House",2006-10-03,199413,80,false,nrpxj2ryv9dyhs627ckaqmlnr,2024-02-02T05:05:08Z,"dream pop","Lemon Glow Records",0.492,0.344,5,-15.259,1,0.0259,0.674,0.531,0.0933,0.247,86.485,4
spotify:track:0GROiXm03OrMC5ltXLhGIu,"The Party & The After Party","House Of Balloons (Original)","The Weeknd",2011-03-21,459659,80,true,nrpxj2ryv9dyhs627ckaqmlnr,2024-02-02T05:07:25Z,"","The Weeknd/Lyric",0.645,0.58,5,-9.527,0,0.0406,0.22,0,0.0878,0.163,101.733,4
spotify:track:0eEXcw3JLVXcRxYrVYMy68,"Electric Relaxation","The Anthology","A Tribe Called Quest",1999-10-26,226133,69,false,nrpxj2ryv9dyhs627ckaqmlnr,2024-02-02T06:11:48Z,"jazz rap,east coast hip hop,old school hip hop,hip hop","Jive",0.866,0.534,11,-9.201,1,0.229,0.184,0.266,0.0929,0.841,98.243,4
spotify:track:2uxlxsN6IO6s3OLbrMaZpa,"popular","Sailing Soul(s)","Jhené Aiko",2021-03-19,178506,48,true,nrpxj2ryv9dyhs627ckaqmlnr,2024-02-02T06:38:52Z,"r&b","Def Jam Recordings",0.778,0.546,9,-7.882,1,0.0684,0.151,0,0.0623,0.484,132.002,4
spotify:track:1eUGmzzvahJjOSWgDHuRlv,"Girl With The Tattoo Enter.lewd","All I Want Is You","Miguel",2010-11-30,102813,82,false,nrpxj2ryv9dyhs627ckaqmlnr,2024-02-02T06:45:22Z,"r&b","Jive",0.372,0.239,6,-11.314,0,0.0296,0.856,0.000175,0.168,0.127,113.451,4
spotify:track:5lDSemGSvZeL8n5h8SGoG2,"Candles in the Sun","Kaleidoscope Dream","Miguel",2012-09-28,295506,41,true,nrpxj2ryv9dyhs627ckaqmlnr,2024-02-02T07:03:13Z,"r&b","ByStorm Entertainment/RCA Records",0.392,0.407,9,-9.024,0,0.0361,0.0161,0.00233,0.0481,0.175,83.154,4
spotify:track:3MAgQuClHcAV8E9CbeBS6f,"Lotus Flower Bomb (feat. Miguel)","Ambition","Wale;Miguel",2011-10-28,213253,73,true,nrpxj2ryv9dyhs627ckaqmlnr,2024-02-02T07:04:19Z,"r&b","MMG/Warner Records",0.512,0.598,9,-4.959,0,0.115,0.611,0,0.0881,0.345,70.189,4
spotify:track:7nRmfGNhHKEEu5o8yFXLXt,"Magnets","Caracal (Deluxe)","Disclosure;Lorde",2015-09-25,199245,67,false,nrpxj2ryv9dyhs627ckaqmlnr,2024-02-02T07:07:16Z,"house","Universal-Island Records Ltd.",0.704,0.626,10,-7.883,0,0.164,0.0645,0.00000133,0.103,0.652,92.008,4
spotify:track:1rIKgCH4H52lrvDcz50hS8,"Lush Life","So Good","Zara Larsson",2017-03-17,200646,94,false,nrpxj2ryv9dyhs627ckaqmlnr,2024-02-02T07:12:07Z,"","Epic/Record Company TEN",0.694,0.712,7,-3.923,0,0.046,0.132,0,0.211,0.799,98.023,4
spotify:track:3G6hD9B2ZHOsgf4WfNu7X1,"Team","Pure Heroine","Lorde",2013-09-27,193058,83,false,nrpxj2ryv9dyhs627ckaqmlnr,2024-02-02T07:13:25Z,"","Universal Music New Zealand Limited",0.691,0.578,6,-7.436,1,0.106,0.167,0,0.305,0.412,99.984,4
spotify:track:2MvvoeRt8NcOXWESkxWn3g,"Ribs","Pure Heroine","Lorde",2013-09-27,258969,85,false,nrpxj2ryv9dyhs627ckaqmlnr,2024-02-02T07:13:45Z,"","Universal Music New Zealand Limited",0.525,0.472,4,-9.277,1,0.0739,0.534,0.614,0.11,0.0424,127.945,4
spotify:track:74fpNVAJrKGQuqHETi4WSt,"Tennis Court","Pure Heroine","Lorde",2013-09-27,198907,72,true,nrpxj2ryv9dyhs627ckaqmlnr,2024-02-02T07:14:05Z,"","Universal Music New Zealand Limited",0.764,0.567,0,-8.585,1,0.0609,0.0126,0.0000908,0.257,0.426,89.991,4
spotify:track:35kahykNu00FPysz3C2euR,"White Teeth Teens","Pure Heroine","Lorde",2013-09-27,216600,62,false,nrpxj2ryv9dyhs627ckaqmlnr,2024-02-02T07:14:12Z,"","Universal Music New Zealand Limited",0.654,0.304,6,-9.067,0,0.0358,0.649,0.0000665,0.147,0.102,113.992,4
spotify:track:6rjtB7KSIiJ6v9vrACMlqF,"400 Lux","Pure Heroine","Lorde",2013-09-27,234286,73,false,nrpxj2ryv9dyhs627ckaqmlnr,2024-02-02T07:14:31Z,"","Universal Music New Zealand Limited",0.516,0.474,2,-8.361,1,0.0377,0.0793,0.00338,0.134,0.192,183.95,4
spotify:track:51QEyJI5M7uyd8DOh9tqQY,"Buzzcut Season","Pure Heroine","Lorde",2013-09-27,246755,78,false,nrpxj2ryv9dyhs627ckaqmlnr,2024-02-02T07:16:13Z,"","Universal Music New Zealand Limited",0.733,0.62,1,-10.525,1,0.0752,0.612,0.291,0.117,0.251,111.039,4
spotify:track:60jI0JgMLLj1VggHJVhtRs,"Glory And Gore","Pure Heroine","Lorde",2013-09-27,210737,64,false,nrpxj2ryv9dyhs627ckaqmlnr,2024-02-02T07:16:25Z,"","Universal Music New Zealand Limited",0.689,0.377,1,-8.761,1,0.0397,0.281,0,0.268,0.295,143.947,4
spotify:track:55N0YHhO55Q1lWsc4dDPcI,"A World Alone","Pure Heroine","Lorde",2013-09-27,294222,76,false,nrpxj2ryv9dyhs627ckaqmlnr,2024-02-02T07:17:14Z,"","Universal Music New Zealand Limited",0.562,0.485,1,-8.347,0,0.0359,0.289,0.00173,0.194,0.0665,118.01,4
spotify:track:34rRFl0bz9PocxWuO2ca5J,"Music To Watch Boys To","Honeymoon","Lana Del Rey",2015-09-18,290625,77,false,nrpxj2ryv9dyhs627ckaqmlnr,2024-02-02T07:21:05Z,"","Polydor Records",0.4,0.494,1,-8.04,0,0.0367,0.713,0.000334,0.238,0.134,132.016,4
spotify:track:3iBgrkexCzVuPy4O9vx7Mf,"Glue Song","Glue Song","beabadoobee",2023-02-14,135066,82,false,nrpxj2ryv9dyhs627ckaqmlnr,2024-02-02T07:21:30Z,"bedroom pop","Dirty Hit",0.62,0.409,1,-10.146,1,0.0282,0.77,0.0542,0.105,0.582,113.946,3
spotify:track:41P6Tnd8KIHqON0QIydx6a,"the perfect pair","Beatopia","beabadoobee",2022-07-15,177533,85,false,nrpxj2ryv9dyhs627ckaqmlnr,2024-02-02T07:21:41Z,"bedroom pop","Dirty Hit",0.634,0.663,11,-6.818,1,0.0331,0.433,0.124,0.102,0.6,146.053,4
spotify:track:0tMMPZEt6Gyrl9FI8zSicm,"Glue Song (feat. Clairo)","Glue Song (feat. Clairo)","beabadoobee;Clairo",2023-04-17,135066,72,false,nrpxj2ryv9dyhs627ckaqmlnr,2024-02-02T07:21:51Z,"bedroom pop","Dirty Hit",0.621,0.393,1,-9.553,1,0.0275,0.778,0.00703,0.104,0.53,113.925,3
spotify:track:67Ca21PiqjzovVSAwBMwUf,"IDK WHAT TO TELL YOU","LOVE BLACK","BKTHERULA",2021-10-22,210730,58,true,nrpxj2ryv9dyhs627ckaqmlnr,2024-02-03T04:37:02Z,"","Warner Records",0.502,0.64,6,-9.702,0,0.0286,0.0313,0.00000216,0.154,0.449,131.551,3
spotify:track:3DK6m7It6Pw857FcQftMds,"Runaway","My Beautiful Dark Twisted Fantasy","Kanye West;Pusha T",2010-11-22,547733,86,true,nrpxj2ryv9dyhs627ckaqmlnr,2024-02-03T05:20:04Z,"rap","Roc-A-Fella",0.374,0.568,1,-3.825,0,0.109,0.219,0.00219,0.513,0.111,84.733,4
spotify:track:1A8RGlqkdjAfwkXtEgJ7wR,"Sex on the Beach","PARTYNEXTDOOR TWO","PARTYNEXTDOOR",2014-07-29,229776,76,true,nrpxj2ryv9dyhs627ckaqmlnr,2024-02-04T04:54:34Z,"dark r&b,r&b,trap soul","OVO Sound",0.265,0.709,10,-7.308,0,0.118,0.0641,0.000215,0.116,0.305,93.626,3
spotify:track:5opWaIeDfBClUVlde1kvO4,"First Time","First Time","TEEKS",2021-03-05,309786,55,false,nrpxj2ryv9dyhs627ckaqmlnr,2024-02-06T01:34:39Z,"","Sony Music Entertainment",0.688,0.252,6,-8.688,1,0.0407,0.675,0.000044,0.0943,0.0757,101.049,3
spotify:track:7eqoqGkKwgOaWNNHx90uEZ,"Nights","Blonde","Frank Ocean",2016-08-20,307151,87,true,nrpxj2ryv9dyhs627ckaqmlnr,2024-02-06T01:35:50Z,"","Boys Don't Cry",0.457,0.551,5,-9.36,0,0.167,0.427,0.00000115,0.113,0.428,89.87,4
spotify:track:5TxRUOsGeWeRl3xOML59Ai,"ARE WE STILL FRIENDS?","IGOR","Tyler, The Creator",2019-05-17,265480,84,true,nrpxj2ryv9dyhs627ckaqmlnr,2024-02-06T02:18:05Z,"","Columbia",0.216,0.497,10,-8.025,1,0.0371,0.128,0.00000239,0.111,0.313,187.308,3
spotify:track:34Yl756FwYuZldE9xnshj5,"if u think i'm pretty","if u think i'm pretty","Artemas",2023-10-24,128205,69,true,nrpxj2ryv9dyhs627ckaqmlnr,2024-02-06T02:22:53Z,"","10K Projects",0.535,0.622,8,-5.771,1,0.0593,0.541,0.0209,0.402,0.457,143.533,4
spotify:track:0YsGMHid6sFq5PcToe3JZE,"Les","Camp","Childish Gambino",2011-11-15,317293,7,true,nrpxj2ryv9dyhs627ckaqmlnr,2024-02-06T03:37:27Z,"","Glassnote Entertainment Group LLC",0.541,0.674,1,-7.04,0,0.0841,0.00649,0.0000976,0.235,0.123,103.139,4
spotify:track:3GXSywNvYLAVUCtjMHkKDh,"E. Coli (feat. Earl Sweatshirt)","Bread","The Alchemist;Earl Sweatshirt",2018-11-30,132147,67,true,nrpxj2ryv9dyhs627ckaqmlnr,2024-02-06T03:48:25Z,"alternative hip hop,jazz rap,experimental hip hop,boom bap","ALC",0.322,0.555,11,-8.726,0,0.129,0.208,0.00437,0.325,0.397,96.019,3
spotify:track:0XO2hckt5aHvvwH7FFdVYF,"Drama (feat. Drake)","Exis","Roy Woods;Drake",2015-07-31,251859,68,true,nrpxj2ryv9dyhs627ckaqmlnr,2024-02-06T04:33:19Z,"rap","OVO Sound",0.708,0.358,11,-9.815,1,0.0563,0.157,0,0.109,0.118,122.021,4
spotify:track:0tNuJpBgtE65diL6Q8Q7fI,"On & On","Baduizm","Erykah Badu",1997-01-01,226133,73,true,nrpxj2ryv9dyhs627ckaqmlnr,2024-02-06T04:36:10Z,"neo soul,r&b","Universal Records",0.761,0.403,11,-10.424,0,0.158,0.0392,0.0113,0.256,0.346,80.476,4
spotify:track:0WtDGnWL2KrMCk0mI1Gpwz,"Redbone","""Awaken, My Love!""","Childish Gambino",2016-12-02,326933,7,true,nrpxj2ryv9dyhs627ckaqmlnr,2024-02-06T04:36:27Z,"","Glassnote Entertainment Group LLC",0.745,0.353,1,-10.614,1,0.0983,0.174,0.00662,0.118,0.598,160.111,4
spotify:track:5WoaF1B5XIEnWfmb5NZikf,"Sky Walker (feat. Travis Scott)","War & Leisure","Miguel;Travis Scott",2017-12-01,259334,82,true,nrpxj2ryv9dyhs627ckaqmlnr,2024-02-06T04:53:25Z,"r&b,rap","ByStorm Entertainment/RCA Records",0.674,0.506,6,-10.532,1,0.0434,0.173,0,0.0866,0.183,145.965,4
spotify:track:63bAGRSSX2V1hhPSP2NpBC,"North Face","Analogue","ODIE",2018-04-06,196799,60,true,nrpxj2ryv9dyhs627ckaqmlnr,2024-02-06T05:03:19Z,"","Unité Recordings / EMPIRE",0.802,0.382,10,-7.356,1,0.0312,0.792,0.163,0.0783,0.581,99.969,4
spotify:track:4BycRneKmOs6MhYG9THsuX,"Find Your Love","Thank Me Later","Drake",2010-01-01,208946,72,false,nrpxj2ryv9dyhs627ckaqmlnr,2024-02-06T05:03:32Z,"rap","Aspire Music Group, LLC",0.627,0.614,6,-6.006,0,0.17,0.0211,0,0.0286,0.758,96.038,4
spotify:track:0dkvbYmXYEPK7gGMdytmfI,"sex money feelings die - slowed version","sex money feelings die (slowed version)","Lykke Li",2019-10-18,168810,64,true,nrpxj2ryv9dyhs627ckaqmlnr,2024-02-06T05:03:45Z,"","LL Recordings/RCA Records",0.797,0.44,5,-6.587,0,0.0594,0.471,0.00000157,0.0849,0.436,111.014,4
spotify:track:0g4fzRkbLeCDUCoe5iUOcf,"sex money feelings die","so sad so sexy","Lykke Li",2018-06-08,139852,68,true,nrpxj2ryv9dyhs627ckaqmlnr,2024-02-06T05:03:56Z,"","LL Recordings/RCA Records",0.789,0.534,8,-6.347,0,0.0709,0.323,0.00000342,0.0645,0.631,134.055,4
spotify:track:4kJT7Yj6Za01KfKHjb7mZE,"Fall in Love with You.","JAMIE","Montell Fish",2022-07-22,132000,54,false,nrpxj2ryv9dyhs627ckaqmlnr,2024-02-06T05:10:05Z,"christian lo-fi","Lord’s Child, LLC",0.538,0.0203,4,-23.163,1,0.0437,0.92,0.019,0.104,0.103,121.447,3
spotify:track:6bxUnsSGZCmoHHU5auwtps,"Beware","Hall Of Fame (Deluxe)","Big Sean;Lil Wayne;Jhené Aiko",2013-01-01,235186,71,true,nrpxj2ryv9dyhs627ckaqmlnr,2024-02-06T05:14:45Z,"rap,hip hop,r&b","Getting Out Our Dreams Inc. (G.O.O.D.) Music / IDJ",0.701,0.554,1,-5.909,1,0.187,0.217,0.00000145,0.419,0.0634,97.129,4
spotify:track:4riDfclV7kPDT9D58FpmHd,"Some","Some","Steve Lacy",2016-10-31,118393,78,true,nrpxj2ryv9dyhs627ckaqmlnr,2024-02-06T05:14:53Z,"","L-M Records",0.784,0.554,7,-6.417,1,0.03,0.00548,0.254,0.0995,0.634,104.01,4
spotify:track:3IznIgmXtrUaoPWpQTy5jB,"Not Allowed","Who Really Cares","TV Girl",2016-02-25,167864,85,true,nrpxj2ryv9dyhs627ckaqmlnr,2024-02-06T05:20:37Z,"","TV Girl",0.67,0.905,1,-6.855,1,0.129,0.669,0.000227,0.349,0.563,104.965,4
spotify:track:3NktF1rRdORH8FH3p8wKp3,"Indonesian Fantasies","Too Late To Die Young","Sonder",2022-10-21,119505,68,true,nrpxj2ryv9dyhs627ckaqmlnr,2024-02-06T06:09:41Z,"dark r&b,r&b","Sonder Global LLC",0.789,0.521,1,-7.923,0,0.115,0.0657,0.000155,0.0918,0.529,91.018,4
spotify:track:1aXV8GrmQLvgoFtBPERP7E,"Jealous","Jealous","Eyedress",2019-12-06,122338,24,false,nrpxj2ryv9dyhs627ckaqmlnr,2024-02-06T06:09:56Z,"","Lex Records",0.474,0.921,9,-10.431,0,0.0457,0.00491,0.85,0.476,0.696,93.01,4
spotify:track:5Ju9aLa212eAILfl5sWkjc,"Ugotme","Stereo","Omar Apollo",2018-05-30,127272,53,false,nrpxj2ryv9dyhs627ckaqmlnr,2024-02-06T06:10:30Z,"bedroom pop","Omar Apollo",0.782,0.494,0,-1.458,1,0.0337,0.454,0.000061,0.134,0.402,65.832,4
spotify:track:4QUsmmXmINYXwh7UsiMX2j,"When I","The Lo-Fis","Steve Lacy",2020-12-04,60952,60,false,nrpxj2ryv9dyhs627ckaqmlnr,2024-02-06T06:10:37Z,"","L-M Records",0.824,0.68,5,-10.422,1,0.0476,0.0292,0.835,0.0676,0.67,125.961,4
spotify:track:6dBUzqjtbnIa1TwYbyw5CM,"Lovers Rock","French Exit","TV Girl",2014-06-05,213920,89,false,nrpxj2ryv9dyhs627ckaqmlnr,2024-02-06T06:11:47Z,"","TV Girl",0.559,0.871,5,-5.338,0,0.0397,0.00000753,0.00545,0.096,0.572,104.97,4
spotify:track:6M0EP76qW9TG4SNU0agu94,"Uuuu","The Lo-Fis","Steve Lacy",2020-12-04,90708,72,false,nrpxj2ryv9dyhs627ckaqmlnr,2024-02-06T06:12:06Z,"","L-M Records",0.947,0.616,9,-3.602,1,0.0415,0.0168,0.259,0.0658,0.968,127.082,4
spotify:track:1VZLEW5ZfcAbKZ94XQiSZF,"Close To You","Blonde","Frank Ocean",2016-08-20,85754,67,false,nrpxj2ryv9dyhs627ckaqmlnr,2024-02-06T06:12:16Z,"","Boys Don't Cry",0.855,0.663,5,-8.401,0,0.2,0.194,0.0013,0.146,0.815,77.978,4
spotify:track:0qLt7pQhm8LDxFgI0YXdlY,"Heavenly Father","Cilvia Demo","Isaiah Rashad",2014-01-28,260632,63,true,nrpxj2ryv9dyhs627ckaqmlnr,2024-02-06T06:12:32Z,"","Top Dawg Entertainment",0.608,0.676,1,-7.56,1,0.248,0.212,0,0.347,0.57,80.939,4
spotify:track:6unbYrzh7coxp0WFnleFyD,"Bullet Proof Soul","Love Deluxe","Sade",1992-10-26,324666,63,false,nrpxj2ryv9dyhs627ckaqmlnr,2024-02-06T22:20:45Z,"","Epic",0.623,0.221,7,-16.505,1,0.0367,0.269,0.0544,0.126,0.534,158.249,4
spotify:track:6qZjm61s6u8Ead9sWxCDro,"Elephant","Lonerism","Tame Impala",2012-01-01,211226,75,false,nrpxj2ryv9dyhs627ckaqmlnr,2024-02-07T00:23:23Z,"neo-psychedelic,indie","Modular",0.598,0.553,9,-6.742,0,0.0397,0.562,0.157,0.257,0.533,123.075,4
spotify:track:7cioKB5CHVzk09SOtTyn0T,"Haunted","BEYONCÉ [Platinum Edition]","Beyoncé",2014-11-24,369040,76,true,nrpxj2ryv9dyhs627ckaqmlnr,2024-02-07T00:26:29Z,"","Parkwood Entertainment/Columbia",0.313,0.533,1,-9.416,0,0.166,0.103,0.00635,0.507,0.311,66.93,4
spotify:track:6LUGvXEAK8WxIBYK43uoTb,"Back to the Old House - 2011 Remaster","Louder Than Bombs","The Smiths",1987,186626,84,false,nrpxj2ryv9dyhs627ckaqmlnr,2024-02-07T03:28:18Z,"new wave,madchester,jangle pop","WM UK",0.626,0.488,2,-7.805,1,0.0253,0.0102,0.000188,0.141,0.404,104.13,3
spotify:track:5mIOsPuQdXchVY0jB5NO9Q,"4EVER","4EVER","Clairo",2018-04-27,159595,6,false,nrpxj2ryv9dyhs627ckaqmlnr,2024-02-07T03:28:40Z,"bedroom pop","FADER Label",0.75,0.585,9,-7.576,0,0.0285,0.049,0.00552,0.155,0.584,102.331,4
spotify:track:3vkCueOmm7xQDoJ17W1Pm3,"My Love Mine All Mine","The Land Is Inhospitable and So Are We","Mitski",2023-09-15,137773,88,false,nrpxj2ryv9dyhs627ckaqmlnr,2024-02-08T00:07:31Z,"","Dead Oceans",0.504,0.308,9,-14.958,1,0.0321,0.868,0.135,0.158,0.121,113.95,4
spotify:track:02w94vLayINXQjwPUKhJGP,"It's Alright with Me","Spell #6","Part Time",2021-11-09,310370,50,false,nrpxj2ryv9dyhs627ckaqmlnr,2024-02-08T11:34:32Z,"dream pop","Independent",0.52,0.343,0,-14.585,1,0.0258,0.0364,0.805,0.296,0.334,81.048,4
spotify:track:4QhWbupniDd44EDtnh2bFJ,"Pyramids","channel ORANGE","Frank Ocean",2012-07-10,592920,82,true,nrpxj2ryv9dyhs627ckaqmlnr,2024-02-08T11:35:14Z,"","Red Zone Entertainment / IDJ",0.4,0.65,5,-6.104,0,0.0466,0.0118,0.0000762,0.791,0.15,107.989,4
spotify:track:04GLL6JKODDRtfmK4uEVlk,"LINK UP","NOIRE","Avenoir",2023-12-08,125346,67,true,nrpxj2ryv9dyhs627ckaqmlnr,2024-02-08T12:59:31Z,"dark r&b,alternative r&b,r&b","Avenoir, under exclusive license to LISTEN TO THE KIDS",0.687,0.383,7,-11.369,0,0.032,0.644,0.000273,0.189,0.534,124.002,4
spotify:track:6WoqbfPEGWnvfx1HKii6WM,"Come","犬夜叉 BEST ALBUM 主題歌集","Namie Amuro",2021-12-24,275000,52,false,nrpxj2ryv9dyhs627ckaqmlnr,2024-02-10T18:44:42Z,"j-r&b,anime","avex trax",0.674,0.805,4,-5.668,0,0.0332,0.0925,0.00644,0.0924,0.803,120.014,4
spotify:track:1Ug5wxoHthwxctyWTUMGta,"1901","Wolfgang Amadeus Phoenix","Phoenix",2009-05-25,193106,5,false,nrpxj2ryv9dyhs627ckaqmlnr,2024-02-10T18:57:55Z,"indie","Glassnote Entertainment Group LLC",0.59,0.829,0,-5.649,1,0.0419,0.0601,0.0000399,0.19,0.704,144.099,4
spotify:track:2QDFsehUg5Fui2LOVpCw3Q,"Risk","Risk","FKJ;Bas",2019-11-05,238834,0,false,nrpxj2ryv9dyhs627ckaqmlnr,2024-02-10T19:04:34Z,"","Mom+Pop",0.761,0.359,7,-12.326,1,0.0703,0.957,0.000143,0.147,0.505,103.069,4
spotify:track:2JqkpMe2eJToJNHEqkJeCu,"Forever Yours","Larger Than Life","Brent Faiyaz",2023-10-27,96368,76,true,nrpxj2ryv9dyhs627ckaqmlnr,2024-02-10T19:16:28Z,"r&b","ISO Supremacy under exclusive license to UnitedMasters LLC",0.646,0.503,2,-7.472,1,0.0312,0.00426,0.000279,0.652,0.789,137.007,4
spotify:track:6sfHKJONnRKTyvS9jq1LRH,"Party Life","Art Dealer Chic 3","Miguel",2021-03-26,204000,36,false,nrpxj2ryv9dyhs627ckaqmlnr,2024-02-10T19:25:56Z,"r&b","ByStorm Entertainment/RCA Records",0.858,0.556,1,-5.519,1,0.187,0.0191,0.00246,0.268,0.812,120.018,4
spotify:track:2eJ20xwVzhH0Xe3qdqJ7wF,"Message From Home","Work And Non Work","Broadcast",1997-06-09,299666,0,false,nrpxj2ryv9dyhs627ckaqmlnr,2024-02-10T19:34:13Z,"dream pop,neo-psychedelic","Warp Records",0.479,0.53,6,-11.093,1,0.0283,0.00905,0.00971,0.154,0.077,98.182,3
spotify:track:5zF2zGPkL6Ipsn9AfAK6RP,"This Love","Songs About Jane","Maroon 5",2002-06-25,206200,2,false,nrpxj2ryv9dyhs627ckaqmlnr,2024-02-10T19:57:35Z,"pop","Universal Music Group",0.714,0.868,5,-4.596,0,0.0363,0.0551,0,0.0987,0.78,95.05,4
spotify:track:1ShRHPAiiIrh0arZbSFmx1,"Heavy","CINEMA","The Marías",2021-06-25,253213,83,false,nrpxj2ryv9dyhs627ckaqmlnr,2024-02-10T20:01:43Z,"bedroom pop","Nice Life/Atlantic",0.76,0.413,0,-8.395,1,0.0307,0.326,0.745,0.0601,0.733,96.999,4
spotify:track:5oJAaPRS2EzNIc8EWIbucE,"Miami (feat. BIA)","Isolation","Kali Uchis;BIA",2018-04-06,243864,54,true,nrpxj2ryv9dyhs627ckaqmlnr,2024-02-10T20:06:47Z,"","EMI",0.624,0.785,11,-5.634,0,0.034,0.00382,0,0.0883,0.656,95.933,4
spotify:track:2ZfVt2skRwfEq1Wb3D7GmP,"Hu Man","Hu Man","Greentea Peng",2020-08-04,203240,63,true,nrpxj2ryv9dyhs627ckaqmlnr,2024-02-10T20:07:01Z,"alternative r&b,neo soul","AMF Records",0.684,0.638,9,-8.279,0,0.0585,0.393,0.0000035,0.103,0.692,126.959,4
spotify:track:7f9sC9fvtjYSZYOLSmKJlq,"Tom's Diner","Tom's Album","Suzanne Vega;DNA",1991-01-01,228306,63,false,nrpxj2ryv9dyhs627ckaqmlnr,2024-02-10T20:31:22Z,"singer-songwriter","A&M",0.86,0.439,6,-12.264,0,0.0495,0.0204,0.0147,0.0465,0.725,99.144,4
spotify:track:19QzuPTNZHJ2SEu5LCQTGI,"Hometown Glory","19","Adele",2008-01-28,271226,69,true,nrpxj2ryv9dyhs627ckaqmlnr,2024-02-10T20:59:50Z,"soft pop","XL Recordings",0.436,0.336,10,-8.517,0,0.037,0.962,0.000034,0.102,0.21,122.456,4
spotify:track:56kbBWAI5yJqsISrEg9Vwx,"Cuz You're My Girl","Whenever You're Around I Hate Everything Less","Yung Heazy",2018-06-01,247136,39,false,nrpxj2ryv9dyhs627ckaqmlnr,2024-02-10T20:59:55Z,"bedroom pop","Unbelievably Spectacular Records",0.417,0.303,1,-10.749,0,0.0385,0.144,0.00000408,0.262,0.546,82.463,4
spotify:track:6c7l5gpEyCNGr86jsWneGy,"Awkward","Wolf","Tyler, The Creator",2013-04-01,227473,57,true,nrpxj2ryv9dyhs627ckaqmlnr,2024-02-10T22:18:32Z,"","Odd Future",0.472,0.777,8,-8.666,1,0.294,0.225,0.0283,0.195,0.673,153.78,4
spotify:track:3V7GkLuXPtAqQ7ahzeHDQx,"Lovesick","Beyond Return","Finn",2016-08-26,264020,36,false,nrpxj2ryv9dyhs627ckaqmlnr,2024-02-10T22:32:08Z,"","Time Management Issues",0.378,0.539,7,-8.676,0,0.102,0.412,0.00507,0.159,0.284,160.223,4
spotify:track:6gOZ473gJdID6AhGg4KsKu,"Grippin","Dream Bwoy","ICYTWAT;IndigoChildRick",2018-05-25,138500,27,true,nrpxj2ryv9dyhs627ckaqmlnr,2024-02-10T22:32:18Z,"cloud rap","DREAM BWOY",0.403,0.699,8,-5.545,0,0.2,0.107,0,0.243,0.159,102.608,5
spotify:track:3PrKxSgcV4nSSVn8f2sz5n,"2much","2much","Spencer.",2020-02-11,238435,25,false,nrpxj2ryv9dyhs627ckaqmlnr,2024-02-10T22:51:03Z,"bedroom pop,alternative r&b,indie r&b","4AD",0.427,0.383,5,-10.323,0,0.0621,0.331,0.027,0.0957,0.12,62.013,3
spotify:track:5cc9Zbfp9u10sfJeKZ3h16,"3005","Because the Internet","Childish Gambino",2013-12-10,234215,6,true,nrpxj2ryv9dyhs627ckaqmlnr,2024-02-11T16:34:57Z,"","Glassnote Entertainment Group LLC",0.664,0.447,6,-7.272,0,0.289,0.112,0,0.091,0.659,83.138,4
spotify:track:2P1ZqQq8rQtmV7BLZ0Junn,"All Star","Shrek","Smash Mouth",2001-01-01,200066,62,false,nrpxj2ryv9dyhs627ckaqmlnr,2024-02-11T21:58:16Z,"","Geffen",0.736,0.876,11,-5.438,1,0.0342,0.0334,0,0.094,0.8,104.367,4
spotify:track:4kuPeLqTPXDkPB2injreCw,"Omen","Caracal (Deluxe)","Disclosure;Sam Smith",2015-09-25,230250,70,false,nrpxj2ryv9dyhs627ckaqmlnr,2024-02-11T21:58:55Z,"house,soft pop","Universal-Island Records Ltd.",0.723,0.678,8,-5.224,1,0.125,0.0614,0,0.372,0.633,106.011,4
spotify:track:3Ty7OTBNSigGEpeW2PqcsC,"Glory Box","Dummy","Portishead",1994-01-01,308626,80,false,nrpxj2ryv9dyhs627ckaqmlnr,2024-02-11T22:20:10Z,"trip hop,downtempo","Polydor Associated Labels",0.51,0.434,1,-10.004,1,0.0361,0.177,0.516,0.0603,0.207,119.695,4
spotify:track:1ScZSUcqKAYPoBhL8KL5pU,"Revenge Of The Number","Numb","Portishead",1994-06-13,202230,52,false,nrpxj2ryv9dyhs627ckaqmlnr,2024-02-11T22:24:11Z,"trip hop,downtempo","UMC (Universal Music Catalogue)",0.813,0.28,5,-10.42,1,0.0699,0.05,0.317,0.105,0.323,81.953,4
spotify:track:2e5stH6piiUNqDSubWnWYj,"Numb","Numb","Portishead",1994-06-13,234974,25,false,nrpxj2ryv9dyhs627ckaqmlnr,2024-02-11T22:31:51Z,"trip hop,downtempo","UMC (Universal Music Catalogue)",0.587,0.385,11,-7.842,1,0.0275,0.0559,0.0000565,0.0801,0.237,78.026,4
spotify:track:5j052C1jzM7hrRyJJcuJI3,"Numb-Earth Linger","Numb","Portishead",1994-06-13,252406,41,false,nrpxj2ryv9dyhs627ckaqmlnr,2024-02-11T22:35:09Z,"trip hop,downtempo","UMC (Universal Music Catalogue)",0.752,0.74,7,-10.518,1,0.129,0.292,0.617,0.87,0.627,78.126,4
spotify:track:2O6X9nPVVQSefg3xOQAo5u,"Mysterons","Dummy","Portishead",1994-01-01,305240,59,false,nrpxj2ryv9dyhs627ckaqmlnr,2024-02-11T22:43:34Z,"trip hop,downtempo","Polydor Associated Labels",0.657,0.498,11,-11.529,1,0.262,0.405,0.000479,0.107,0.46,164.25,4
spotify:track:6vTtCOimcPs5H1Jr9d0Aep,"Sour Times","Dummy","Portishead",1994-01-01,252266,68,false,nrpxj2ryv9dyhs627ckaqmlnr,2024-02-11T22:53:25Z,"trip hop,downtempo","Polydor Associated Labels",0.698,0.633,8,-6.68,0,0.0406,0.0508,0.272,0.264,0.55,94.085,4
spotify:track:6pW8YspamPCxUwgvYttTSc,"Strangers","Dummy","Portishead",1994-01-01,237600,58,false,nrpxj2ryv9dyhs627ckaqmlnr,2024-02-11T22:59:08Z,"trip hop,downtempo","Polydor Associated Labels",0.659,0.617,6,-6.157,1,0.038,0.0355,0.16,0.185,0.25,84.078,4
spotify:track:1cpnpMvnvmdy3hzYgd5oo9,"It Could Be Sweet","Dummy","Portishead",1994-01-01,257160,61,false,nrpxj2ryv9dyhs627ckaqmlnr,2024-02-11T23:03:05Z,"trip hop,downtempo","Polydor Associated Labels",0.668,0.52,9,-11.098,1,0.0444,0.698,0.0165,0.13,0.556,153.963,4
spotify:track:7h14W1uQK7sjpVI1oVTobt,"Wandering Star","Dummy","Portishead",1994-01-01,293200,63,false,nrpxj2ryv9dyhs627ckaqmlnr,2024-02-11T23:07:15Z,"trip hop,downtempo","Polydor Associated Labels",0.639,0.37,6,-10.883,1,0.0723,0.504,0.587,0.117,0.707,80.152,4
spotify:track:2sW8fmnISifQTRgnRrQTYW,"Roads","Dummy","Portishead",1994-01-01,303973,69,false,nrpxj2ryv9dyhs627ckaqmlnr,2024-02-11T23:18:52Z,"trip hop,downtempo","Polydor Associated Labels",0.607,0.294,5,-11.836,1,0.0764,0.778,0.162,0.106,0.192,76.083,4
spotify:track:6dDcfbMUFkFDk6x93kITY7,"Biscuit","Dummy","Portishead",1994-01-01,302600,56,false,nrpxj2ryv9dyhs627ckaqmlnr,2024-02-11T23:27:33Z,"trip hop,downtempo","Polydor Associated Labels",0.737,0.455,8,-7.997,0,0.0805,0.73,0.055,0.0717,0.339,136.03,4
spotify:track:1W7K20h6NVTDwneGppUe1x,"Sheared Times","Sour Times","Portishead",1994-08-01,259924,34,false,nrpxj2ryv9dyhs627ckaqmlnr,2024-02-11T23:29:44Z,"trip hop,downtempo","UMC (Universal Music Catalogue)",0.653,0.591,5,-9.553,0,0.0773,0.0389,0.719,0.0712,0.309,187.773,4
spotify:track:6JHGaBhtCbfEtOh5ea7fLI,"It's A Fire","Dummy","Portishead",1994-01-01,226200,55,false,nrpxj2ryv9dyhs627ckaqmlnr,2024-02-11T23:42:18Z,"trip hop,downtempo","Polydor Associated Labels",0.636,0.346,6,-11.188,1,0.0322,0.405,0.179,0.0932,0.27,89.098,4
spotify:track:7CH99b2i1TXS5P8UUyWtnM,"Them Changes","Drunk","Thundercat",2017-02-24,188453,74,false,nrpxj2ryv9dyhs627ckaqmlnr,2024-02-11T23:50:12Z,"","Brainfeeder",0.657,0.562,8,-8.6,1,0.0601,0.54,0.00143,0.101,0.704,81.657,4
spotify:track:5gDWsRxpJ2lZAffh5p7K0w,"Stargirl Interlude","Starboy","The Weeknd;Lana Del Rey",2016-11-24,111626,79,false,nrpxj2ryv9dyhs627ckaqmlnr,2024-02-11T23:57:55Z,"","The Weeknd/Lyric",0.715,0.47,5,-12.638,0,0.0772,0.353,0.0923,0.104,0.426,89.965,4
spotify:track:75IQVo8hqI1iwVZyvkN2VT,"Show Me How","Show Me How","Men I Trust",2018-02-28,215110,82,false,nrpxj2ryv9dyhs627ckaqmlnr,2024-02-12T00:06:09Z,"bedroom pop,indie pop,dream pop","Indie",0.791,0.271,5,-11.959,1,0.0431,0.672,0.543,0.102,0.564,166.002,4
spotify:track:0IVkP59yJ9GFF6B7IrvrxA,"Paper Bag","When The Pawn...","Fiona Apple",1999-11-09,219266,67,false,nrpxj2ryv9dyhs627ckaqmlnr,2024-02-12T00:07:48Z,"art pop","Clean Slate/Epic",0.709,0.446,0,-9.904,1,0.037,0.716,0.0000239,0.11,0.843,140.993,3
spotify:track:0uhYgQQ6WX9rCONnum7Fmw,"I Know","When The Pawn...","Fiona Apple",1999-11-09,295133,63,false,nrpxj2ryv9dyhs627ckaqmlnr,2024-02-12T00:18:19Z,"art pop","Clean Slate/Epic",0.324,0.211,0,-14.223,1,0.0287,0.944,0.0031,0.118,0.199,146.367,3
spotify:track:32yottFNSCL9Nho9biIKzY,"Get Gone","When The Pawn...","Fiona Apple",1999-11-09,247600,60,true,nrpxj2ryv9dyhs627ckaqmlnr,2024-02-12T00:20:50Z,"art pop","Clean Slate/Epic",0.692,0.4,10,-9.767,0,0.0349,0.212,0.0000155,0.559,0.328,130.228,4
spotify:track:5h9Iek7Hp9wayRt7fBp7Ab,"Extraordinary Machine","Extraordinary Machine","Fiona Apple",2005-10-04,223613,51,false,nrpxj2ryv9dyhs627ckaqmlnr,2024-02-12T00:21:04Z,"art pop","Epic/Clean Slate",0.701,0.202,1,-12.48,1,0.0604,0.905,0.000157,0.107,0.478,85.39,4
spotify:track:6PwlVTFB7eLMCuNJ866tw9,"O' Sailor","Extraordinary Machine","Fiona Apple",2005-10-04,335920,45,false,nrpxj2ryv9dyhs627ckaqmlnr,2024-02-12T00:21:38Z,"art pop","Epic/Clean Slate",0.382,0.435,2,-8.399,0,0.0249,0.194,0.00128,0.0987,0.419,105.521,3
spotify:track:7oQcqeb9FTPAkW6uVtHWeZ,"Red Red Red","Extraordinary Machine","Fiona Apple",2005-10-04,248053,42,false,nrpxj2ryv9dyhs627ckaqmlnr,2024-02-12T00:30:55Z,"art pop","Epic/Clean Slate",0.229,0.177,7,-12.985,1,0.0317,0.441,0.0000956,0.109,0.0376,179.908,3
spotify:track:2pDKE8Q40TDGPl1O11DKKn,"Shameika","Fetch The Bolt Cutters","Fiona Apple",2020-04-17,248603,49,false,nrpxj2ryv9dyhs627ckaqmlnr,2024-02-12T00:31:37Z,"art pop","Epic",0.375,0.776,8,-6.767,1,0.274,0.154,0.0000816,0.0925,0.647,186.814,4
spotify:track:4SdubskbLiOkpsIjRVVsya,"Fetch The Bolt Cutters","Fetch The Bolt Cutters","Fiona Apple",2020-04-17,298457,48,false,nrpxj2ryv9dyhs627ckaqmlnr,2024-02-12T00:31:53Z,"art pop","Epic",0.485,0.488,0,-11.34,1,0.171,0.526,0.0000202,0.0686,0.339,150.856,4
spotify:track:17QLp5uadHptxnmq9clK8U,"Rack of His","Fetch The Bolt Cutters","Fiona Apple",2020-04-17,222307,46,false,nrpxj2ryv9dyhs627ckaqmlnr,2024-02-12T00:39:31Z,"art pop","Epic",0.44,0.619,7,-9.846,1,0.112,0.831,0.00113,0.101,0.552,94.968,4
spotify:track:7eGoc6UmwiRAVnilTZajNC,"Cosmonauts","Fetch The Bolt Cutters","Fiona Apple",2020-04-17,239310,47,false,nrpxj2ryv9dyhs627ckaqmlnr,2024-02-12T00:51:14Z,"art pop","Epic",0.547,0.472,0,-9.218,1,0.256,0.702,0,0.168,0.537,113.705,4
spotify:track:5BBWr1LUsCH1tECJLAUGnP,"For Her","Fetch The Bolt Cutters","Fiona Apple",2020-04-17,163720,44,false,nrpxj2ryv9dyhs627ckaqmlnr,2024-02-12T00:53:31Z,"art pop","Epic",0.431,0.522,8,-9.022,1,0.39,0.806,0,0.373,0.447,174.085,4
spotify:track:2cf3Yj51sQZXmK2Kra0m7p,"Periphery","The Idler Wheel Is Wiser Than the Driver of the Screw and Whipping Cords Will Serve You More Than Ropes Will Ever Do (Expanded Edition)","Fiona Apple",2012-06-18,298280,41,false,nrpxj2ryv9dyhs627ckaqmlnr,2024-02-12T01:21:01Z,"art pop","Epic",0.435,0.374,7,-11.403,1,0.0417,0.657,0.0882,0.0945,0.807,109.316,4
spotify:track:6cVxGzo7214XabSXFGasNl,"Sullen Girl","Tidal","Fiona Apple",1996-07-23,234706,55,false,nrpxj2ryv9dyhs627ckaqmlnr,2024-02-12T01:52:12Z,"art pop","Clean Slate/Work",0.306,0.297,9,-11.54,0,0.0284,0.761,0.115,0.121,0.148,137.516,3
spotify:track:0XMzFZgFvEqH2nEa3iwNUD,"Shadowboxer","Tidal","Fiona Apple",1996-07-23,324266,58,false,nrpxj2ryv9dyhs627ckaqmlnr,2024-02-12T01:57:40Z,"art pop","Clean Slate/Work",0.298,0.52,2,-7.297,0,0.0303,0.265,0,0.165,0.223,74.131,4
spotify:track:21Xc8hEIzv81jwiftI4hJB,"The First Taste","Tidal","Fiona Apple",1996-07-23,286960,61,false,nrpxj2ryv9dyhs627ckaqmlnr,2024-02-12T03:11:14Z,"art pop","Clean Slate/Work",0.682,0.729,6,-10.293,1,0.0528,0.259,0.0105,0.123,0.536,89.886,4
spotify:track:6DuX3rs3gHCEHMyDwC856c,"Slow Like Honey","Tidal","Fiona Apple",1996-07-23,356400,54,false,nrpxj2ryv9dyhs627ckaqmlnr,2024-02-12T03:11:33Z,"art pop","Clean Slate/Work",0.356,0.27,7,-12.119,0,0.0277,0.634,0.0000615,0.0998,0.121,141.936,3
spotify:track:6fxVwgRXQgTI3AZiuQlJst,"Never Is a Promise","Tidal","Fiona Apple",1996-07-23,354533,49,false,nrpxj2ryv9dyhs627ckaqmlnr,2024-02-12T03:19:21Z,"art pop","Clean Slate/Work",0.328,0.193,0,-13.423,1,0.0331,0.908,0.016,0.112,0.187,116.649,4
spotify:track:2CzUlaKN1mvb0szagSR3ux,"Fuck The World (Summer in London)","Fuck The World","Brent Faiyaz",2020-02-07,236703,65,true,nrpxj2ryv9dyhs627ckaqmlnr,2024-02-12T15:44:19Z,"r&b","Lost Kids",0.679,0.281,3,-15.506,0,0.184,0.873,0.00335,0.215,0.234,74.996,4
spotify:track:3e0ZGE7Gp034iLknjQk4QW,"Can I","Care Package","Drake",2019-08-02,189289,71,true,nrpxj2ryv9dyhs627ckaqmlnr,2024-02-12T16:00:49Z,"rap","OVO",0.643,0.178,4,-8.56,0,0.0588,0.484,0.0108,0.122,0.0674,85.042,4
spotify:track:73IE87H0g2MBmdn41lkVto,"Paris Morton Music","Care Package","Drake",2019-08-02,251239,67,true,nrpxj2ryv9dyhs627ckaqmlnr,2024-02-12T16:01:13Z,"rap","OVO",0.505,0.494,10,-8.635,0,0.315,0.414,0.0000798,0.105,0.141,171.978,4
spotify:track:0oufSLnKQDoBFX5mgkDCgR,"Trust","Lost","Brent Faiyaz",2018-10-19,158420,76,true,nrpxj2ryv9dyhs627ckaqmlnr,2024-02-12T16:01:27Z,"r&b","Lost Kids / Human Re Sources",0.764,0.394,8,-8.559,1,0.152,0.231,0.0000937,0.117,0.465,92.009,4
spotify:track:4Wjhj0WjkyECccfHVIgaTq,"Trust Issues","Care Package","Drake",2019-08-02,281518,82,true,nrpxj2ryv9dyhs627ckaqmlnr,2024-02-12T16:01:45Z,"rap","OVO",0.421,0.539,11,-5.456,0,0.274,0.779,0,0.111,0.523,89.177,3
spotify:track:0d28khcov6AiegSCpG5TuT,"Feel Good Inc.","Demon Days","Gorillaz;De La Soul",2005-05-23,222640,92,false,nrpxj2ryv9dyhs627ckaqmlnr,2024-02-12T16:02:55Z,"jazz rap,east coast hip hop","Parlophone UK",0.818,0.705,6,-6.679,1,0.177,0.00836,0.00233,0.613,0.772,138.559,4
spotify:track:3cjF2OFRmip8spwZYQRKxP,"Feel No Ways","Views","Drake",2016-05-06,240653,79,true,nrpxj2ryv9dyhs627ckaqmlnr,2024-02-12T16:03:06Z,"rap","Cash Money Records/Young Money Ent./Universal Rec.",0.582,0.677,7,-7.081,1,0.172,0.0312,0.0000066,0.122,0.205,193.818,4
spotify:track:0MmqaSn9dzP5GHxZ933V4l,"Worst Behavior","Nothing Was The Same (Deluxe)","Drake",2013-01-01,270186,46,true,nrpxj2ryv9dyhs627ckaqmlnr,2024-02-12T16:04:29Z,"rap","Cash Money Records/Young Money Ent./Universal Rec.",0.779,0.799,9,-6.359,1,0.15,0.158,0,0.209,0.414,109.944,4
spotify:track:7wPTyxE1PNemZuyuOOaQ8q,"The Morning","Trilogy","The Weeknd",2012-11-13,314109,62,true,nrpxj2ryv9dyhs627ckaqmlnr,2024-02-12T16:04:51Z,"","The Weeknd/Lyric",0.684,0.503,6,-10.022,0,0.0445,0.141,0.00000452,0.0796,0.227,120.115,4
spotify:track:0jF2AdhsalO1L7KkhK4LE5,"Practice","Take Care (Deluxe)","Drake",2011-11-15,237733,80,true,nrpxj2ryv9dyhs627ckaqmlnr,2024-02-12T16:05:28Z,"rap","Cash Money Records/Young Money Ent./Universal Rec.",0.446,0.239,1,-15.327,1,0.0876,0.574,0.0000776,0.12,0.31,104.675,4
spotify:track:124NFj84ppZ5pAxTuVQYCQ,"Take Care","Take Care (Deluxe)","Drake;Rihanna",2011-11-15,277386,81,true,nrpxj2ryv9dyhs627ckaqmlnr,2024-02-12T16:06:23Z,"rap","Cash Money Records/Young Money Ent./Universal Rec.",0.629,0.515,0,-10.358,0,0.265,0.0267,0.0000122,0.0888,0.299,121.845,4
spotify:track:0Ps4Eh6SQjeLnubbCsQTDD,"Little Bit","Youth Novels","Lykke Li",2008-06-06,273426,70,false,nrpxj2ryv9dyhs627ckaqmlnr,2024-02-12T16:08:00Z,"","Atlantic Records UK",0.819,0.736,7,-6.504,1,0.0416,0.158,0.00161,0.109,0.701,120.318,4
spotify:track:524wvipGqxPKYWxkjf9y46,"Little Bit (feat. Lykke Li)","So Far Gone","Drake;Lykke Li",2009,230484,74,true,nrpxj2ryv9dyhs627ckaqmlnr,2024-02-12T16:08:06Z,"rap","Young Money/Cash Money Records",0.758,0.888,11,-4.899,0,0.0374,0.0999,0.0336,0.661,0.771,120.392,4
spotify:track:0afGLa6wcYiLLXFZ48ZQpY,"Thunder","Cat Heaven","Roy Blair",2017-12-08,313663,48,true,nrpxj2ryv9dyhs627ckaqmlnr,2024-02-12T16:15:28Z,"bedroom pop","ROY / EMPIRE",0.667,0.316,0,-9.132,1,0.0262,0.0292,0.00613,0.147,0.156,100.998,4
spotify:track:5YcJp0fqzgYQodloOnwEIl,"FANTAZIA","GRAFFITI","Roy Blair",2019-09-06,336659,0,false,nrpxj2ryv9dyhs627ckaqmlnr,2024-02-12T16:15:38Z,"bedroom pop","Many Hats Distribution",0.866,0.526,11,-7.128,0,0.24,0.312,0.000369,0.173,0.651,126.001,4
spotify:track:4SFynCcArLjD9cx4suN4eI,"Dennis","Dennis","Roy Blair",2018-06-08,194363,42,false,nrpxj2ryv9dyhs627ckaqmlnr,2024-02-12T16:15:43Z,"bedroom pop","Many Hats Distribution",0.826,0.676,1,-6.414,1,0.0481,0.0281,0.0000794,0.0742,0.546,100.038,4
spotify:track:6olfAuiqOGpkQLo4i5A7nd,"Hazel","Cat Heaven","Roy Blair",2017-12-08,246544,39,true,nrpxj2ryv9dyhs627ckaqmlnr,2024-02-12T16:15:51Z,"bedroom pop","ROY / EMPIRE",0.578,0.338,8,-12.005,1,0.0405,0.355,0.00000392,0.0866,0.53,83.876,4
spotify:track:34hUQ9ahInlX8q5T4Baeg1,"Jane","Cat Heaven","Roy Blair",2017-12-08,217250,36,true,nrpxj2ryv9dyhs627ckaqmlnr,2024-02-12T16:16:20Z,"bedroom pop","ROY / EMPIRE",0.908,0.487,8,-8.234,1,0.0531,0.376,0.331,0.529,0.732,109.992,4
spotify:track:2PxCad9I5zwSEKc7mZA8CS,"I DONT KNOW ABOUT HIM","GRAFFITI","Roy Blair",2019-09-06,238255,0,true,nrpxj2ryv9dyhs627ckaqmlnr,2024-02-12T16:20:03Z,"bedroom pop","Many Hats Distribution",0.706,0.573,9,-6.919,1,0.0788,0.189,0.00213,0.136,0.342,135.062,4
spotify:track:4kZakm8gHAnL8E8qh95kSf,"YOU WERENT ENOUGH","GRAFFITI","Roy Blair",2019-09-06,251039,0,true,nrpxj2ryv9dyhs627ckaqmlnr,2024-02-12T16:20:12Z,"bedroom pop","Many Hats Distribution",0.603,0.523,1,-8.028,1,0.0517,0.609,0.0047,0.112,0.264,80.013,4
spotify:track:3vwqetWRrTEz67QBY5t6Tv,"Grow Up","Cat Heaven","Roy Blair",2017-12-08,157826,26,true,nrpxj2ryv9dyhs627ckaqmlnr,2024-02-12T16:20:28Z,"bedroom pop","ROY / EMPIRE",0.69,0.346,1,-9.018,1,0.0361,0.0699,0.000104,0.195,0.397,91.997,4
spotify:track:7iEyBDoonnF13ILng7SEZ7,"Alex","Cat Heaven","Roy Blair",2017-12-08,194000,29,true,nrpxj2ryv9dyhs627ckaqmlnr,2024-02-12T16:21:02Z,"bedroom pop","ROY / EMPIRE",0.717,0.616,4,-7.721,1,0.109,0.101,0,0.143,0.439,119.989,4
spotify:track:4LTqV1h5sYlaG6tO4ZuDXD,"Family","Cat Heaven","Roy Blair",2017-12-08,195200,22,true,nrpxj2ryv9dyhs627ckaqmlnr,2024-02-12T16:21:21Z,"bedroom pop","ROY / EMPIRE",0.683,0.608,8,-5.318,1,0.0779,0.427,0.00000708,0.165,0.499,75.034,4
spotify:track:6aHTqCC2qHHs5H0rjgJVbc,"Happy","Cat Heaven","Roy Blair",2017-12-08,183001,32,true,nrpxj2ryv9dyhs627ckaqmlnr,2024-02-12T16:21:44Z,"bedroom pop","ROY / EMPIRE",0.798,0.367,0,-9.148,1,0.0478,0.454,0,0.176,0.519,100.051,4
spotify:track:5aJxpXrVzSPXW6T1hwaXwj,"Kansas","Cat Heaven","Roy Blair",2017-12-08,209750,25,true,nrpxj2ryv9dyhs627ckaqmlnr,2024-02-12T16:22:01Z,"bedroom pop","ROY / EMPIRE",0.787,0.53,5,-7.014,1,0.131,0.459,0.0000542,0.103,0.571,120.068,4
spotify:track:5gYrBCUyIODGPTBbyjDhdT,"September","Cat Heaven","Roy Blair",2017-12-08,232750,25,true,nrpxj2ryv9dyhs627ckaqmlnr,2024-02-12T16:22:31Z,"bedroom pop","ROY / EMPIRE",0.618,0.269,11,-9.32,1,0.0264,0.595,0.0025,0.114,0.108,86.05,4
spotify:track:0cFwHGaBfemNGX5QYGO0W6,"California","Cat Heaven","Roy Blair",2017-12-08,234000,26,true,nrpxj2ryv9dyhs627ckaqmlnr,2024-02-12T16:23:17Z,"bedroom pop","ROY / EMPIRE",0.595,0.319,8,-10.39,1,0.033,0.261,0,0.137,0.286,119.931,4
spotify:track:7Fx3o9QtK1vtpkEWkM6OJu,"Sexy Boy","Moon Safari","Air",1998-01-16,298466,62,false,nrpxj2ryv9dyhs627ckaqmlnr,2024-02-12T17:06:16Z,"trip hop,downtempo","Parlophone (France)",0.43,0.625,0,-6.201,1,0.0295,0.00142,0.66,0.125,0.164,111.88,4
spotify:track:0ofHAoxe9vBkTCp2UQIavz,"Dreams - 2004 Remaster","Rumours (Super Deluxe)","Fleetwood Mac",1977-02-04,257800,93,false,nrpxj2ryv9dyhs627ckaqmlnr,2024-02-12T17:38:00Z,"yacht rock,classic rock,soft rock","Rhino/Warner Records",0.828,0.492,0,-9.744,1,0.0276,0.0644,0.00428,0.128,0.789,120.151,4
spotify:track:0KS2h61pHQ4WmOwruD7uxD,"Damage","Damage","H.E.R.",2020-10-21,223414,59,false,nrpxj2ryv9dyhs627ckaqmlnr,2024-02-12T17:38:36Z,"r&b","RCA Records Label",0.646,0.696,1,-6.505,1,0.065,0.113,0,0.115,0.18,81.336,4
spotify:track:7pcANiSH8mEKLUIPAxiSDr,"CAN YOU HEAR THE MOON","The in Between","Grady",2019-10-25,182534,49,false,nrpxj2ryv9dyhs627ckaqmlnr,2024-02-12T17:40:32Z,"","TMWRK Records, LLC",0.343,0.503,6,-6.018,0,0.0623,0.0242,0.00184,0.42,0.5,146.11,4
spotify:track:0SA0mMXWh23raZ6xzOCU2V,"She","Goblin","Tyler, The Creator;Frank Ocean",2011-05-09,253386,77,true,nrpxj2ryv9dyhs627ckaqmlnr,2024-02-12T17:40:41Z,"","XL Recordings",0.35,0.621,8,-6.495,0,0.233,0.256,0.0000344,0.613,0.459,83.375,4
spotify:track:0KyAGiNGUytG5JLxJu4F6l,"Pretty Girl","Pretty Girl","Clairo",2017-08-04,178352,4,false,nrpxj2ryv9dyhs627ckaqmlnr,2024-02-12T17:41:15Z,"bedroom pop","FADER Label",0.93,0.611,0,-4.406,1,0.0415,0.593,0.00124,0.0592,0.695,112.127,4
spotify:track:0TGPQyPP0aRp26pVWxjVDD,"Coqueta","Pastel","Katzù Oso",2018-07-20,174000,26,false,nrpxj2ryv9dyhs627ckaqmlnr,2024-02-12T17:41:34Z,"latin indie,bedroom pop","Cosmica Artists",0.632,0.652,4,-10.559,1,0.0302,0.561,0.863,0.194,0.598,115.024,4
spotify:track:3BRfgsKjcakny2wCYfZrvz,"Chinatown","Gemini","Wild Nothing",2010-05-25,198842,54,false,nrpxj2ryv9dyhs627ckaqmlnr,2024-02-12T17:41:54Z,"dream pop,shoegaze,chillwave","Captured Tracks",0.528,0.678,1,-5.309,1,0.0279,0.0244,0.000295,0.0738,0.16,126.03,4
spotify:track:7jCrTCuvdmAHYd4cTBpLny,"Casual Encounters","Silk Noise Reflex","James Tillman",2016-08-23,214227,37,false,nrpxj2ryv9dyhs627ckaqmlnr,2024-02-12T17:42:04Z,"indie jazz,neo soul","Musella Creative LLC",0.49,0.346,4,-13.929,0,0.0778,0.854,0.553,0.0941,0.166,149.909,4
spotify:track:3rPtS4nfpy7PsARctAWpzd,"Best Friend","Best Friend","Rex Orange County",2017-01-25,262231,81,true,nrpxj2ryv9dyhs627ckaqmlnr,2024-02-12T17:45:40Z,"bedroom pop","Rex Orange County",0.576,0.714,6,-5.247,1,0.0595,0.395,0,0.115,0.321,144.981,4
spotify:track:6SK6sdcklU02bEuhjvs5bK,"Apricot Princess","Apricot Princess","Rex Orange County",2017-04-26,238480,54,true,nrpxj2ryv9dyhs627ckaqmlnr,2024-02-12T17:46:02Z,"bedroom pop","Rex Orange County",0.4,0.468,2,-8.646,1,0.0336,0.244,0.000158,0.103,0.248,112.015,4
spotify:track:5uIRujGRZv5t4fGKkUTv4n,"Feeling Lonely","Soy Pablo","boy pablo",2018-10-05,197946,57,false,nrpxj2ryv9dyhs627ckaqmlnr,2024-02-12T17:46:23Z,"bedroom pop","U OK?",0.633,0.537,6,-10.45,0,0.0544,0.0141,0.0000372,0.103,0.889,117.907,4
spotify:track:2xobn0g4gqeh5LdUBhsekq,"Vatos Tristes","Hoodratscumbags","Beach Goons",2018-08-24,153437,37,true,nrpxj2ryv9dyhs627ckaqmlnr,2024-02-12T17:46:44Z,"surf rock,garage rock","ENCI Records",0.6,0.639,4,-4.788,1,0.031,0.00028,0.194,0.135,0.667,117.612,4
spotify:track:4MWxcnRp8KVBWbkmqsoQA1,"Sunshine & Lust Are No Longer Enough","Sunshine & Lust Are No Longer Enough","Luna Luna",2018-10-01,192000,27,false,nrpxj2ryv9dyhs627ckaqmlnr,2024-02-12T17:47:11Z,"latin indie","Luna Luna",0.614,0.551,5,-10.494,1,0.0314,0.378,0,0.0868,0.402,105.06,4
spotify:track:1vo8lbZZTydlqVeWep4Tls,"Scarlett","Scarlett","Claud",2018-07-09,158218,27,false,nrpxj2ryv9dyhs627ckaqmlnr,2024-02-12T17:47:32Z,"bedroom pop,indie pop","Terrible Records",0.758,0.506,0,-8.788,1,0.0358,0.153,0.0126,0.164,0.688,129.935,4
spotify:track:3q6ygCZID0OKj6MUxInB48,"Lil Thing","Lil Thing","Knox Fortune",2017-07-21,206967,41,false,nrpxj2ryv9dyhs627ckaqmlnr,2024-02-12T17:47:43Z,"","Knox Fortune",0.713,0.755,7,-4.577,1,0.151,0.262,0.000114,0.0947,0.625,155.939,4
spotify:track:49LMn3n3mkqKpiM5hYl1aE,"Summers Over","Summers Over","Maryam",2019-12-08,163333,0,false,nrpxj2ryv9dyhs627ckaqmlnr,2024-02-12T17:49:14Z,"","1338639 Records DK",0.846,0.494,0,-6.506,1,0.0452,0.0551,0.000586,0.136,0.597,144.029,4
spotify:track:4tvcK5VeTECYIepVxloVSG,"Reflections After Jane","Suburban Light (Remastered)","The Clientele",2000-11-28,204386,0,false,nrpxj2ryv9dyhs627ckaqmlnr,2024-02-12T17:49:49Z,"dream pop,jangle pop","Merge Records",0.479,0.329,10,-12.175,1,0.0257,0.773,0.198,0.102,0.553,102.706,4
spotify:track:3KcCk69jf4cp7eGeWQMilE,"Sunrise","Camp","Childish Gambino",2011-11-15,219840,1,true,nrpxj2ryv9dyhs627ckaqmlnr,2024-02-12T17:50:42Z,"","Glassnote Entertainment Group LLC",0.587,0.694,7,-6.374,0,0.0389,0.0109,0,0.0709,0.183,79.977,4
spotify:track:0uLZspVBxUxYxrGLpkhCF9,"Sunrise","Say Things That Matter","M.A.G.S.",2021-08-13,135728,22,false,nrpxj2ryv9dyhs627ckaqmlnr,2024-02-12T17:50:57Z,"surf rock","Elliott Douglas",0.634,0.86,4,-8.563,1,0.0326,0.187,0.592,0.146,0.765,103.046,4
spotify:track:2MF4HtZHBoUliOi9nOAbS0,"Purity (feat. Frank Ocean)","TESTING","A$AP Rocky;Frank Ocean",2018-05-25,262356,66,true,nrpxj2ryv9dyhs627ckaqmlnr,2024-02-12T17:51:11Z,"rap","A$AP Worldwide/Polo Grounds Music/RCA Records",0.593,0.37,11,-11.674,0,0.397,0.832,0,0.108,0.312,135.391,4
spotify:track:6tPX67OuLWJc8XOH4dkDNE,"Sunbathe","Sunbathe","Tainy;Miguel",2021-02-19,170666,48,false,nrpxj2ryv9dyhs627ckaqmlnr,2024-02-12T17:51:24Z,"reggaeton,r&b","NEON16 / Y Entertainment / Roc Nation Records, LLC",0.704,0.56,6,-7.913,0,0.0598,0.0419,0.00000238,0.109,0.479,88.048,4
spotify:track:5sdkS8DXx8rXNLxbSos8GS,"Weight","Niagara","redveil",2020-08-25,124872,54,true,nrpxj2ryv9dyhs627ckaqmlnr,2024-02-12T17:52:13Z,"alternative hip hop,experimental hip hop","hvmor records",0.615,0.936,9,-2.303,1,0.189,0.0656,0.0000117,0.204,0.388,122.994,4
spotify:track:1yHmbFm61m6aGqemhyOv5T,"Campbell","Niagara","redveil",2020-08-25,89211,46,true,nrpxj2ryv9dyhs627ckaqmlnr,2024-02-12T17:52:25Z,"alternative hip hop,experimental hip hop","hvmor records",0.28,0.89,8,-4.704,1,0.0585,0.0161,0,0.408,0.52,93.954,3
spotify:track:1F5A4LpF8ylUVtPoMAvNvn,"Raspberry","Spreading Rumours","GROUPLOVE",2013-09-17,196026,60,false,nrpxj2ryv9dyhs627ckaqmlnr,2024-02-12T17:52:39Z,"indie","Canvasback/ATL",0.492,0.779,3,-5.022,1,0.0498,0.0292,0,0.129,0.445,104.966,4
spotify:track:5sKb4ShexCtnNcZlWHGDrE,"On the Sea","Bloom","Beach House",2012-05-15,332466,52,false,nrpxj2ryv9dyhs627ckaqmlnr,2024-02-12T17:54:32Z,"dream pop","Sub Pop Records",0.247,0.521,3,-7.664,1,0.0334,0.725,0.0494,0.0938,0.176,102.276,3
spotify:track:2NfxtzCIrpCmJX5Z2KMdD5,"Myth","Bloom","Beach House",2012-05-15,258653,67,false,nrpxj2ryv9dyhs627ckaqmlnr,2024-02-12T17:54:41Z,"dream pop","Sub Pop Records",0.445,0.708,3,-6.268,1,0.0293,0.032,0.0908,0.171,0.414,141.965,4
spotify:track:3kzbkZtBqamTgyO31DO1Sn,"The Court Of The Crimson King - Including ""The Return of the Fire Witch"" and ""The Dance of the Puppets""","In The Court Of The Crimson King (Expanded & Remastered Original Album Mix)","King Crimson",1969-10-10,602530,60,false,nrpxj2ryv9dyhs627ckaqmlnr,2024-02-12T17:55:09Z,"progressive rock,art rock,psychedelic rock","Discipline Global Mobile",0.337,0.344,4,-12.079,0,0.0429,0.0832,0.207,0.224,0.0704,135.871,4
spotify:track:5KUNwkaNf8l5A9sXZhiCgI,"Rapp Snitch Knishes","MM..FOOD","MF DOOM;Mr. Fantastik",2004-11-16,172893,76,true,nrpxj2ryv9dyhs627ckaqmlnr,2024-02-12T17:56:12Z,"experimental hip hop,east coast hip hop,jazz rap,alternative hip hop","Rhymesayers",0.728,0.832,7,-6.827,1,0.267,0.327,0,0.504,0.825,95.051,4
spotify:track:5qII2n90lVdPDcgXEEVHNy,"Sunday Morning","Songs About Jane: 10th Anniversary Edition","Maroon 5",2002,244880,85,false,nrpxj2ryv9dyhs627ckaqmlnr,2024-02-12T18:01:41Z,"pop","Interscope Records*",0.608,0.768,0,-5.227,1,0.0475,0.0913,0,0.0629,0.809,88.059,4
spotify:track:6f6SbYsZtqP3DpPjR5OLiB,"Lucky Girl","Lucky Girl","Carlina",2023-02-07,227848,0,false,nrpxj2ryv9dyhs627ckaqmlnr,2024-02-12T18:02:32Z,"","cartunes 2023",0.42,0.653,1,-3.981,0,0.068,0.414,0.00204,0.28,0.532,50.117,4
spotify:track:3sYDVtqO35oRSOIMx7dOqR,"Freak","Honeymoon","Lana Del Rey",2015-09-18,295093,72,false,nrpxj2ryv9dyhs627ckaqmlnr,2024-02-13T23:43:15Z,"","Polydor Records",0.287,0.43,5,-10.014,0,0.033,0.269,0.000579,0.32,0.109,93.984,4
spotify:track:7u6JxGHGpxOXH1T2HX7coF,"Cherry Flavoured","Pretty Boy","The Neighbourhood",2020-08-28,208453,0,false,nrpxj2ryv9dyhs627ckaqmlnr,2024-02-13T13:10:33Z,"","Columbia",0.617,0.574,6,-9.768,1,0.0276,0.23,0.0105,0.0983,0.396,91.769,4
spotify:track:4osgfFTICMkcGbbigdsa53,"Novacane","Novacane","Frank Ocean",2011-01-01,302346,85,true,nrpxj2ryv9dyhs627ckaqmlnr,2024-02-13T13:29:16Z,"","Red Zone Entertainment / IDJ",0.762,0.508,3,-9.112,1,0.0919,0.0584,0.00126,0.16,0.37,93.51,4
spotify:track:0yc6Gst2xkRu0eMLeRMGCX,"Apocalypse","Cigarettes After Sex","Cigarettes After Sex",2017-06-09,290616,11,false,nrpxj2ryv9dyhs627ckaqmlnr,2024-02-13T13:45:27Z,"dream pop","Partisan Records",0.369,0.468,5,-9.013,1,0.0273,0.0205,0.566,0.109,0.18,94.434,4
spotify:track:5qHcOrOMSznBWzR8Xy1WYZ,"Memphis","Journals","Justin Bieber;Big Sean",2014-05-13,223866,59,true,nrpxj2ryv9dyhs627ckaqmlnr,2024-02-13T19:37:06Z,"","RBMG/Def Jam",0.642,0.718,5,-6.954,0,0.056,0.0123,0,0.0854,0.509,122.973,4
spotify:track:0YNtAadZvKBBEFARtfoCV8,"Compass","Hard To Imagine The Neighbourhood Ever Changing","The Neighbourhood",2018-11-02,167960,70,false,nrpxj2ryv9dyhs627ckaqmlnr,2024-02-13T19:37:29Z,"","Columbia",0.7,0.82,5,-5.499,0,0.0329,0.238,0.318,0.658,0.667,109.998,4
spotify:track:1608cOZINzEjaREvqEaDBd,"Company","Company","Tinashe",2016-09-16,220021,47,true,nrpxj2ryv9dyhs627ckaqmlnr,2024-02-13T19:37:47Z,"alternative r&b","RCA Records Label",0.897,0.498,9,-5,1,0.0605,0.552,0,0.127,0.96,119.991,4
spotify:track:3pD0f7hSJg2XdQ6udw5Tey,"What Goes Around.../...Comes Around (Interlude)","FutureSex/LoveSounds","Justin Timberlake",2006-09-12,448573,82,false,nrpxj2ryv9dyhs627ckaqmlnr,2024-02-13T19:39:17Z,"","Jive",0.687,0.723,7,-4.751,1,0.0709,0.122,0.00102,0.573,0.432,76,4
spotify:track:4NeOWqHmlrGRuBvsLJC9rL,"My Love (feat. T.I.)","FutureSex/LoveSounds Deluxe Edition","Justin Timberlake;T.I.",2006-09-13,276160,85,false,nrpxj2ryv9dyhs627ckaqmlnr,2024-02-13T19:39:25Z,"southern hip hop","Jive",0.771,0.68,11,-5.881,0,0.224,0.277,0.0000118,0.682,0.808,119.952,4
spotify:track:7Lf7oSEVdzZqTA0kEDSlS5,"Cry Me a River","Justified","Justin Timberlake",2002-11-04,288333,81,false,nrpxj2ryv9dyhs627ckaqmlnr,2024-02-13T19:39:35Z,"","Jive",0.624,0.654,8,-6.582,0,0.183,0.577,0,0.104,0.564,73.898,4
spotify:track:4dyx5SzxPPaD8xQIid5Wjj,"Young Folks","Writer's Block","Peter Bjorn and John",2006-01-01,276693,83,false,nrpxj2ryv9dyhs627ckaqmlnr,2024-02-13T19:39:46Z,"indie","Universal Music AB",0.699,0.812,0,-6.005,1,0.0377,0.0164,0.000763,0.105,0.662,138.185,4
spotify:track:5xA5MggKc3aQxuOzNzPUWB,"Apple Cider","Loveworm","beabadoobee",2019-04-26,178918,79,true,nrpxj2ryv9dyhs627ckaqmlnr,2024-02-13T19:43:19Z,"bedroom pop","Dirty Hit",0.492,0.921,2,-3.939,1,0.032,0.082,0.0114,0.301,0.679,138.008,4
spotify:track:7EHmM7yhHmoy79AE9mSv7D,"Queen","Queen","TRƯƠNGTHỊ",2024-01-29,213182,0,false,nrpxj2ryv9dyhs627ckaqmlnr,2024-02-13T21:28:39Z,"","TRƯƠNGTHỊ",0.482,0.887,1,-7.275,1,0.0391,0.0012,0.276,0.188,0.585,95.83,4
spotify:track:0Ui05Ov0s4PnRc4JI3Pilg,"My Favourite Game","Gran Turismo (Remastered)","The Cardigans",1998-01-01,220467,76,false,nrpxj2ryv9dyhs627ckaqmlnr,2024-02-13T23:45:10Z,"swedish pop","Universal Music AB",0.583,0.778,5,-6.185,0,0.0303,0.0000478,0.00148,0.0729,0.424,143.354,4
spotify:track:0KM6AKdy0UPr7U4s7nPuwc,"Wanna Love You Girl - Main","The Evolution of Robin Thicke","Robin Thicke;Pharrell Williams",2006-01-01,263280,50,false,nrpxj2ryv9dyhs627ckaqmlnr,2024-02-13T23:48:36Z,"","The Neptunes",0.902,0.358,9,-9.032,0,0.15,0.0285,0.00992,0.0917,0.773,116.025,4
spotify:track:5DZNSYxhFA1WA9WEJg9TNY,"Dreaming of You","I.","Cigarettes After Sex",2012-07-21,322218,1,false,nrpxj2ryv9dyhs627ckaqmlnr,2024-02-13T23:52:22Z,"dream pop","Spanish Prayers",0.281,0.404,7,-14.899,1,0.0439,0.538,0.0946,0.133,0.19,131.639,5
spotify:track:3p4hRhMcb6ch8OLtATMaLw,"Cry","Cry","Cigarettes After Sex",2019-10-25,256799,62,false,nrpxj2ryv9dyhs627ckaqmlnr,2024-02-13T23:52:50Z,"dream pop","Partisan Records",0.408,0.398,7,-10.448,1,0.0277,0.758,0.654,0.112,0.165,142.834,4
spotify:track:0SpkyS1Q4MD8GaVcP5YjT4,"Sunsetz","Cigarettes After Sex","Cigarettes After Sex",2017-06-09,215150,7,true,nrpxj2ryv9dyhs627ckaqmlnr,2024-02-13T23:52:59Z,"dream pop","Partisan Records",0.41,0.48,9,-9.417,0,0.0294,0.0561,0.814,0.0972,0.129,75.303,4
spotify:track:6ilc4vQcwMPlvAHFfsTGng,"Sweet","Cigarettes After Sex","Cigarettes After Sex",2017-06-09,292110,6,false,nrpxj2ryv9dyhs627ckaqmlnr,2024-02-13T23:53:10Z,"dream pop","Partisan Records",0.449,0.51,6,-9.075,1,0.0278,0.351,0.761,0.139,0.115,96.425,4
spotify:track:3rPaugbuZuIKJpVnF3b1RK,"honey baby (SPOILED!)","TO FEEL ALIVE EP","Kali Uchis",2020-04-24,124651,53,true,nrpxj2ryv9dyhs627ckaqmlnr,2024-02-13T23:55:12Z,"","EMI",0.713,0.405,10,-9.886,0,0.037,0.802,0.00000103,0.0994,0.114,128.994,4
spotify:track:3gV0E3N4uOcoNsbxLkGWkp,"sincerely, yours","osho","Nohidea",2017-02-04,139684,0,false,nrpxj2ryv9dyhs627ckaqmlnr,2024-02-13T23:58:03Z,"lo-fi,lo-fi hip hop,lo-fi beats","alaya",0.605,0.396,5,-11.301,0,0.0509,0.8,0.872,0.141,0.622,80.957,4
spotify:track:4wE3aJJBD1iywuJZUjyXUK,"Can't Let Go","All I Have","Amerie",2002-07-30,261733,46,false,nrpxj2ryv9dyhs627ckaqmlnr,2024-02-14T00:01:41Z,"","Rise/Columbia",0.525,0.681,8,-6.505,1,0.0477,0.00363,0.0000229,0.172,0.665,165.947,4
spotify:track:1uSeHCbkm5iMH3qJe0zdK1,"collar","spark__space","sophie meiers",2023-08-24,159962,31,false,nrpxj2ryv9dyhs627ckaqmlnr,2024-02-14T00:03:25Z,"bedroom pop","Epitaph",0.769,0.541,4,-7.359,0,0.075,0.523,0.0347,0.113,0.293,102.007,4
spotify:track:4b3nqqNUCoRRq03NE1nQL4,"Don't Be Scared","Broken Clinic","sophie meiers",2018-08-19,184000,37,false,nrpxj2ryv9dyhs627ckaqmlnr,2024-02-14T00:03:33Z,"bedroom pop","Epitaph",0.717,0.262,11,-8.721,1,0.0442,0.774,0.000163,0.102,0.219,119.998,4
spotify:track:3kKT40bP4osElnRVc2Z3RT,"Wish You Still Felt This Way","Candle Glow","sophie meiers",2018-08-19,146552,27,false,nrpxj2ryv9dyhs627ckaqmlnr,2024-02-14T00:03:39Z,"bedroom pop","Epitaph",0.775,0.307,7,-14.322,1,0.0416,0.099,0.778,0.0984,0.45,147.651,4
spotify:track:6lIRYe72fn1pf7TNqfI0ul,"Cheesin’ (with Cautious Clay, Remi Wolf, Still Woozy, Sophie Meiers, Claud, Melanie Faye, & HXNS)","Cheesin'","Cautious Clay;Remi Wolf;sophie meiers;Still Woozy;Claud;Melanie Faye;HXNS",2020-04-22,138000,56,false,nrpxj2ryv9dyhs627ckaqmlnr,2024-02-14T00:03:58Z,"bedroom pop,indie pop,neo soul","Republic Records",0.818,0.623,9,-5.901,0,0.043,0.201,0,0.112,0.968,120.104,4
spotify:track:0AOq6Hfxxc1IeXfrVOeHb9,"I Want to Write You Letters","Candle Glow","sophie meiers",2018-08-19,229500,22,false,nrpxj2ryv9dyhs627ckaqmlnr,2024-02-14T00:04:18Z,"bedroom pop","Epitaph",0.647,0.272,9,-13.35,1,0.0695,0.883,0.0000126,0.692,0.261,119.892,4
spotify:track:2O2oW9szOOvjf7eJF0ar5e,"You Left the Door Open","Candle Glow","sophie meiers",2018-08-19,144017,17,false,nrpxj2ryv9dyhs627ckaqmlnr,2024-02-14T00:04:26Z,"bedroom pop","Epitaph",0.721,0.54,7,-9.735,1,0.201,0.464,0.249,0.16,0.582,109.972,4
spotify:track:5d62oY7GuJLbPopEi4Upx6,"Erase Me","Candle Glow","sophie meiers",2018-08-19,276758,26,false,nrpxj2ryv9dyhs627ckaqmlnr,2024-02-14T00:04:35Z,"bedroom pop","Epitaph",0.8,0.548,9,-14.757,0,0.137,0.639,0.00502,0.117,0.738,111.002,4
spotify:track:19jLBnvD15iqaCtAw3lzZs,"Lazy Eyes","Candle Glow","sophie meiers",2018-08-19,156000,15,false,nrpxj2ryv9dyhs627ckaqmlnr,2024-02-14T00:04:53Z,"bedroom pop","Epitaph",0.392,0.492,6,-9.668,1,0.44,0.561,0.397,0.373,0.285,159.409,4
spotify:track:1To829onYmL63wLNtU7Zm8,"4 Leaf Clover (feat. Steve Lacy)","Crush EP","Ravyn Lenae;Steve Lacy",2018-02-09,220100,53,true,nrpxj2ryv9dyhs627ckaqmlnr,2024-02-14T00:05:19Z,"alternative r&b,indie soul","Atlantic Records/Three Twenty Three Music Group",0.665,0.537,7,-7.847,1,0.132,0.0145,0.00183,0.0663,0.836,154.385,3
spotify:track:7pv80uUHfocFqfTytu1MVi,"Didn't Cha Know","Mama's Gun","Erykah Badu",2000-10-31,238733,75,false,nrpxj2ryv9dyhs627ckaqmlnr,2024-02-14T00:06:05Z,"neo soul,r&b","Motown (Kedar)",0.753,0.472,3,-9.761,0,0.121,0.484,0.0127,0.284,0.816,135.276,4
spotify:track:0zo4aX57COch7Wh3NRImTM,"Heartbeat","Camp","Childish Gambino",2011-11-15,269840,8,true,nrpxj2ryv9dyhs627ckaqmlnr,2024-02-14T00:07:57Z,"","Glassnote Entertainment Group LLC",0.8,0.545,1,-7.002,0,0.127,0.00369,0.000461,0.0445,0.294,119.954,4
spotify:track:11LmqTE2naFULdEP94AUBa,"Heart-Shaped Box","In Utero (Deluxe Edition)","Nirvana",1993-09-21,281160,85,false,nrpxj2ryv9dyhs627ckaqmlnr,2024-02-14T00:08:12Z,"grunge,rock","Geffen",0.256,0.641,1,-10.283,1,0.0552,0.199,0.0329,0.0853,0.382,203.006,4
spotify:track:4EWCNWgDS8707fNSZ1oaA5,"Heartless","808s & Heartbreak","Kanye West",2008-11-24,211000,88,false,nrpxj2ryv9dyhs627ckaqmlnr,2024-02-14T00:08:39Z,"rap","Roc-A-Fella",0.79,0.647,10,-5.983,0,0.136,0.0515,0,0.248,0.654,87.999,4
,"undefined","undefined","undefined",,,,,nrpxj2ryv9dyhs627ckaqmlnr,2024-02-14T00:09:41Z,"","undefined",,,,,,,,,,,,
spotify:track:5lWRaa0fBxDE5yU91npPq7,"Just A Girl","Tragic Kingdom","No Doubt",1995-10-10,209200,79,false,nrpxj2ryv9dyhs627ckaqmlnr,2024-02-14T00:10:01Z,"","Trauma",0.638,0.906,2,-4.824,1,0.0504,0.0662,0.0000688,0.142,0.767,107.991,4
spotify:track:4DDLpLrGmByvwutut9Zfst,"Heal You","Chapter One","Sinéad Harnett",2017-06-01,276826,33,true,nrpxj2ryv9dyhs627ckaqmlnr,2024-02-14T00:11:08Z,"alternative r&b,uk r&b","Rinse",0.593,0.65,3,-7.619,1,0.0878,0.0251,0.00109,0.342,0.251,91.045,4
spotify:track:4PEGwWH4tL6H7dGl4uVSPg,"Like a Tattoo","Love Deluxe","Sade",1992-10-26,218000,83,false,nrpxj2ryv9dyhs627ckaqmlnr,2024-02-14T00:13:01Z,"","Epic",0.557,0.16,5,-16.302,0,0.0315,0.922,0.000756,0.0996,0.133,136.01,4
spotify:track:4wCmqSrbyCgxEXROQE6vtV,"Somebody That I Used To Know","Making Mirrors","Gotye;Kimbra",2011-01-01,244973,81,false,nrpxj2ryv9dyhs627ckaqmlnr,2024-02-14T00:16:15Z,"","Samples & Seconds / Republic",0.864,0.495,0,-7.036,1,0.037,0.591,0.000133,0.0992,0.72,129.062,4
spotify:track:3ppVO2tyWRRznNmONvt7Se,"Summers Over Interlude","Views","Drake;Majid Jordan",2016-05-06,106333,74,true,nrpxj2ryv9dyhs627ckaqmlnr,2024-02-14T00:20:10Z,"rap","Cash Money Records/Young Money Ent./Universal Rec.",0.699,0.255,4,-8.647,0,0.0303,0.405,0.00242,0.0985,0.242,132.031,3
spotify:track:7zmleW3XZx0uUsL2CkFuDe,"SUMMER","EVERYTHING IS LOVE (Clean)","The Carters",2018-06-15,285200,57,false,nrpxj2ryv9dyhs627ckaqmlnr,2024-02-14T00:20:43Z,"","Roc Nation – JAY-Z Duet",0.592,0.569,10,-6.374,1,0.0634,0.12,0.0000175,0.251,0.562,135.414,4
spotify:track:5idmfDT06TjCQ1SPDsa5qh,"Kiss Land","Kiss Land","The Weeknd",2013-09-10,455333,67,true,nrpxj2ryv9dyhs627ckaqmlnr,2024-02-14T00:22:43Z,"","CP Records",0.324,0.852,11,-6.675,0,0.109,0.0415,0,0.0609,0.4,121.886,4
spotify:track:3ijLtvQmoX17q1wTgU7SiI,"Break You Off","Too Late To Die Young","Sonder",2022-10-21,127142,70,true,nrpxj2ryv9dyhs627ckaqmlnr,2024-02-14T00:26:36Z,"dark r&b,r&b","Sonder Global LLC",0.788,0.394,11,-9.519,1,0.0929,0.797,0,0.535,0.471,105.002,4
spotify:track:5fEB6ZmVkg63GZg9qO86jh,"Break from Toronto","PARTYNEXTDOOR","PARTYNEXTDOOR",2013-07-01,99213,84,true,nrpxj2ryv9dyhs627ckaqmlnr,2024-02-14T00:27:44Z,"dark r&b,r&b,trap soul","OVO Sound",0.595,0.678,9,-5.18,1,0.0335,0.0199,0.00389,0.418,0.259,117.067,4
spotify:track:3wFLWP0FcIqHK1wb1CPthQ,"fake smile","thank u, next","Ariana Grande",2019-02-08,208880,68,true,nrpxj2ryv9dyhs627ckaqmlnr,2024-02-14T00:38:49Z,"pop","Republic Records",0.45,0.619,9,-7.412,1,0.373,0.329,0,0.319,0.427,83.221,4
spotify:track:4sRmzVSedvFkENbSJ342Ex,"Cherry","Cherry (Deluxe)","Chromatics",2017-12-09,271952,62,false,nrpxj2ryv9dyhs627ckaqmlnr,2024-02-14T00:47:43Z,"dream pop","Italians Do It Better",0.655,0.782,7,-6.388,0,0.0355,0.0336,0.228,0.175,0.812,108.245,4
spotify:track:01Rc6yXYtujAnMaR1NME11,"I'll Keep You Safe","I'll Keep You Safe","sagun;Shiloh Dynasty",2017-10-06,185875,63,false,nrpxj2ryv9dyhs627ckaqmlnr,2024-02-14T00:54:40Z,"lo-fi","sagun",0.752,0.0625,7,-24.694,1,0.0557,0.945,0.819,0.178,0.462,114.982,4
spotify:track:4KDWo7isUei78KL2SXAhCB,"Come Back Home","Tourist History","Two Door Cinema Club",2010-02-17,203960,0,false,nrpxj2ryv9dyhs627ckaqmlnr,2024-02-14T00:55:26Z,"indie,indie rock","Glassnote Entertainment Group LLC",0.602,0.865,5,-5.332,0,0.0582,0.00121,0.0168,0.516,0.446,124.92,4
spotify:track:0bePGTDjn0XuEKoN7rOMvV,"Undercover Martyn","Tourist History","Two Door Cinema Club",2010-02-17,167773,1,false,nrpxj2ryv9dyhs627ckaqmlnr,2024-02-14T00:55:49Z,"indie,indie rock","Glassnote Entertainment Group LLC",0.454,0.873,2,-5.072,1,0.122,0.000244,0.0000173,0.0847,0.562,159.814,4
spotify:track:59kNaCxnyX7Ezt1m6KxGLY,"Something Good Can Work","Tourist History","Two Door Cinema Club",2010-02-17,164186,1,false,nrpxj2ryv9dyhs627ckaqmlnr,2024-02-14T00:55:59Z,"indie,indie rock","Glassnote Entertainment Group LLC",0.647,0.834,0,-5.321,1,0.0326,0.00572,0.000689,0.182,0.641,119.925,4
spotify:track:5lDriBxJd22IhOH9zTcFrV,"Dirty Little Secret","Move Along","The All-American Rejects",2005-07-12,193653,33,false,nrpxj2ryv9dyhs627ckaqmlnr,2024-02-14T00:56:22Z,"pop punk,emo","Interscope",0.465,0.954,10,-4.251,1,0.044,0.000346,0.00000538,0.573,0.458,143.85,4
spotify:track:46bkeaB7DA45q7PdKWLFkR,"Amsterdam","Night Visions","Imagine Dragons",2012-09-04,241426,51,false,nrpxj2ryv9dyhs627ckaqmlnr,2024-02-14T01:03:25Z,"","Kid Ina Korner / Interscope",0.517,0.768,9,-4.961,1,0.0363,0.00852,0.0000084,0.136,0.206,115.002,4
spotify:track:0JGoOLSl8A80mSPBL7ya9U,"The Fall","Echoes Of Silence (Original)","The Weeknd",2011-12-21,345251,54,false,nrpxj2ryv9dyhs627ckaqmlnr,2024-02-14T01:11:19Z,"","The Weeknd/Lyric",0.425,0.782,5,-6.52,0,0.0892,0.737,0.000181,0.5,0.41,150.092,4
spotify:track:4LyIHEDbAWDeKV0JbVZae9,"affection","we just need some time together","BETWEEN FRIENDS",2018-04-05,235225,0,false,nrpxj2ryv9dyhs627ckaqmlnr,2024-02-14T01:15:26Z,"","Artbeatz LLC, Distributed by Venice Music",0.394,0.565,2,-7.264,1,0.126,0.518,0.00000168,0.0853,0.308,90.773,4
spotify:track:1lusH0zFDRV1ThaFYsUgfi,"Affection","Affection","Cigarettes After Sex",2015-01-01,311000,1,true,nrpxj2ryv9dyhs627ckaqmlnr,2024-02-14T01:18:03Z,"dream pop","Spanish Prayers",0.414,0.413,7,-11.249,1,0.0246,0.502,0.909,0.105,0.275,89.842,4
spotify:track:70YTBH8vOGJNMhy6186yFm,"Heavenly","Cry","Cigarettes After Sex",2019-10-25,286773,57,false,nrpxj2ryv9dyhs627ckaqmlnr,2024-02-14T01:18:07Z,"dream pop","Partisan Records",0.536,0.436,8,-9.187,1,0.0248,0.672,0.697,0.11,0.134,105.13,4
spotify:track:4OafepJy2teCjYJbvFE60J,"breathin","Sweetener","Ariana Grande",2018-08-17,198160,77,true,nrpxj2ryv9dyhs627ckaqmlnr,2024-02-14T01:18:18Z,"pop","Republic Records",0.568,0.656,8,-5.413,1,0.0433,0.0211,0.0000137,0.213,0.364,100.049,4
spotify:track:3LbZIhU0smEU5SUnxod4j4,"Breathe Deeper","The Slow Rush","Tame Impala",2020-02-14,372866,75,false,nrpxj2ryv9dyhs627ckaqmlnr,2024-02-14T01:19:14Z,"neo-psychedelic,indie","Universal Music Australia Pty. Ltd.",0.664,0.848,11,-4.51,0,0.0322,0.0245,0.000127,0.172,0.502,104.998,4
spotify:track:2ctvdKmETyOzPb2GiJJT53,"Breathe (In the Air)","The Dark Side of the Moon","Pink Floyd",1973-03-01,169560,81,false,nrpxj2ryv9dyhs627ckaqmlnr,2024-02-14T01:20:08Z,"progressive rock,psychedelic rock,classic rock,art rock,rock","Pink Floyd Records",0.431,0.373,11,-15.142,0,0.0346,0.389,0.728,0.143,0.253,128.153,4
spotify:track:3vooOYHU0Fi3ViCG7Ozh0Y,"W.D.Y.W.F.M?","I Love You.","The Neighbourhood",2013-04-22,259413,70,true,nrpxj2ryv9dyhs627ckaqmlnr,2024-02-14T01:22:03Z,"","Columbia",0.557,0.845,8,-2.926,0,0.0346,0.0303,0.00851,0.354,0.508,123.997,4
spotify:track:7bvkyTwVkylUGJvz1UMjFk,"The Party & The After Party","Trilogy","The Weeknd",2012-11-13,459659,56,true,nrpxj2ryv9dyhs627ckaqmlnr,2024-02-14T01:28:17Z,"","The Weeknd/Lyric",0.647,0.577,5,-9.577,0,0.0403,0.22,0,0.0884,0.155,101.76,4
spotify:track:4JEhFF1J95HoXuuXkyxMyS,"Blue Madonna","Blue Madonna","BØRNS",2018-01-12,139603,45,false,nrpxj2ryv9dyhs627ckaqmlnr,2024-02-14T01:34:35Z,"","UMGRI Interscope",0.767,0.376,0,-10.485,1,0.0386,0.555,0.00791,0.108,0.615,123.954,4
spotify:track:269xqcgGTN9PlivhUkOLhX,"In My Feelings","Lust For Life","Lana Del Rey",2017-07-21,238718,70,true,nrpxj2ryv9dyhs627ckaqmlnr,2024-02-14T01:35:11Z,"","Polydor Records",0.54,0.674,2,-6.351,1,0.0802,0.0553,0.0608,0.112,0.309,89.933,4
spotify:track:5Y6nVaayzitvsD5F7nr3DV,"West Coast","Ultraviolence (Deluxe)","Lana Del Rey",2014-01-01,256760,85,false,nrpxj2ryv9dyhs627ckaqmlnr,2024-02-14T01:35:27Z,"","Polydor Records",0.527,0.591,6,-7.664,0,0.0396,0.194,0.0194,0.0907,0.461,123.167,4
spotify:track:2NbsBSshscKIPRG3kwBbfo,"Never Felt So Alone","Never Felt So Alone","Labrinth",2023-04-07,160166,74,false,nrpxj2ryv9dyhs627ckaqmlnr,2024-02-14T01:35:46Z,"","Columbia",0.436,0.409,5,-4.438,1,0.0533,0.499,0.000166,0.38,0.363,98.357,3
spotify:track:1CVQ8euBNROz7KDPeNqwWE,"Bitch","Collxtion I","Allie X",2015-12-04,207301,0,true,nrpxj2ryv9dyhs627ckaqmlnr,2024-02-14T01:35:57Z,"","Twin Music Inc",0.606,0.642,8,-5.339,1,0.0279,0.00575,0.478,0.102,0.0764,84.975,4
spotify:track:7g3htkaLz4ETFn0cifwM3y,"High By The Beach","Honeymoon","Lana Del Rey",2015-09-18,257573,72,true,nrpxj2ryv9dyhs627ckaqmlnr,2024-02-14T01:36:21Z,"","Polydor Records",0.536,0.486,11,-11.067,0,0.0346,0.244,0.00788,0.12,0.0968,131.988,4
spotify:track:4y9VeZCbx4YjLfr7Gewccq,"Yuppie","Yuppie","Ginger Taylor",2019-12-18,171954,40,false,nrpxj2ryv9dyhs627ckaqmlnr,2024-02-14T01:37:08Z,"","Ginger Taylor",0.709,0.421,8,-11.76,1,0.0786,0.537,0.701,0.304,0.665,151.076,4
spotify:track:1yhSglWcePXrIPkBTSlZ5i,"THE FALL","THE FALL","RØRZY",2023-03-31,182662,0,false,nrpxj2ryv9dyhs627ckaqmlnr,2024-02-14T01:37:38Z,"","RØRZY",0.604,0.294,11,-11.305,0,0.0351,0.2,0,0.269,0.265,130.129,4
spotify:track:7xS1vBqvD0Otk09SCpZd8y,"Happy Now","Red Moon In Venus","Kali Uchis",2023-03-03,229844,55,false,nrpxj2ryv9dyhs627ckaqmlnr,2024-02-14T01:42:07Z,"","Geffen Records",0.471,0.609,6,-7.058,0,0.084,0.448,0.00000314,0.725,0.653,125.03,4
spotify:track:0vQffWKfl0JyRqtdoZINEM,"Deserve Me (with Summer Walker)","Red Moon In Venus","Kali Uchis;Summer Walker",2023-03-03,265888,58,true,nrpxj2ryv9dyhs627ckaqmlnr,2024-02-14T01:42:18Z,"r&b","Geffen Records",0.636,0.642,8,-6.885,0,0.0335,0.0652,0.0000114,0.139,0.389,111.029,4
spotify:track:0PfurdlOZRYJ6pkrvHOkUh,"Blue","Red Moon In Venus","Kali Uchis",2023-03-03,192611,58,false,nrpxj2ryv9dyhs627ckaqmlnr,2024-02-14T01:43:45Z,"","Geffen Records",0.701,0.569,11,-5.946,0,0.0519,0.523,0.000126,0.236,0.574,94.043,4
spotify:track:7oeUBKNIiiYjoasR9pTiu4,"Not Too Late (interlude)","Red Moon In Venus","Kali Uchis",2023-03-03,155468,54,true,nrpxj2ryv9dyhs627ckaqmlnr,2024-02-14T01:43:52Z,"","Geffen Records",0.407,0.419,6,-12.382,0,0.199,0.298,0,0.149,0.475,73.806,4
spotify:track:5lrG8pjDvOJA8MdZB4YcfY,"Moral Conscience","Red Moon In Venus","Kali Uchis",2023-03-03,212967,64,false,nrpxj2ryv9dyhs627ckaqmlnr,2024-02-14T01:45:36Z,"","Geffen Records",0.404,0.547,6,-6.039,0,0.0336,0.0203,0.0000527,0.35,0.122,141.703,4
spotify:track:4ipzXe2jmoeN7zm2VMb4eX,"Hasta Cuando","Red Moon In Venus","Kali Uchis",2023-03-03,129448,67,true,nrpxj2ryv9dyhs627ckaqmlnr,2024-02-14T01:46:51Z,"","Geffen Records",0.649,0.65,10,-8.269,0,0.135,0.13,0,0.102,0.377,90.999,4
spotify:track:4AIiCP2scA6jt6jAKfkvTX,"fue mejor (feat. SZA)","Sin Miedo (del Amor y Otros Demonios) ∞ [Deluxe Version]","Kali Uchis;SZA",2020-12-04,230964,66,true,nrpxj2ryv9dyhs627ckaqmlnr,2024-02-14T01:48:29Z,"r&b","EMI / Interscope",0.769,0.384,5,-7.414,0,0.0353,0.239,0.000227,0.0762,0.23,106.002,4
spotify:track:7xoUc6faLbCqZO6fQEYprd,"One Last Time","My Everything (Deluxe)","Ariana Grande",2014-08-22,197266,89,false,nrpxj2ryv9dyhs627ckaqmlnr,2024-02-14T01:49:51Z,"pop","Universal Records",0.628,0.593,8,-5.036,1,0.0323,0.093,0.00000165,0.096,0.104,125.025,4
spotify:track:2qT1uLXPVPzGgFOx4jtEuo,"no tears left to cry","Sweetener","Ariana Grande",2018-08-17,205920,84,false,nrpxj2ryv9dyhs627ckaqmlnr,2024-02-14T01:49:59Z,"pop","Republic Records",0.699,0.713,9,-5.507,0,0.0594,0.04,0.00000311,0.294,0.354,121.993,4
spotify:track:4kV4N9D1iKVxx1KLvtTpjS,"break up with your girlfriend, i'm bored","thank u, next","Ariana Grande",2019-02-08,190440,79,true,nrpxj2ryv9dyhs627ckaqmlnr,2024-02-14T01:50:39Z,"pop","Republic Records",0.727,0.554,5,-5.29,0,0.0915,0.0421,0,0.106,0.335,170,4
spotify:track:37BZB0z9T8Xu7U3e65qxFy,"Save Your Tears (with Ariana Grande) (Remix)","Save Your Tears (Remix)","The Weeknd;Ariana Grande",2021-04-23,191013,81,false,nrpxj2ryv9dyhs627ckaqmlnr,2024-02-14T01:50:52Z,"pop","Republic Records",0.65,0.825,0,-4.645,1,0.0325,0.0215,0.0000244,0.0936,0.593,118.091,4
spotify:track:1MkFj1ThZZxjYMNkczx9mk,"Be Alright","Dangerous Woman","Ariana Grande",2016-05-20,179293,66,false,nrpxj2ryv9dyhs627ckaqmlnr,2024-02-14T01:53:02Z,"pop","Universal Records",0.813,0.456,1,-7.667,0,0.0684,0.169,0.00000286,0.105,0.587,108.801,4
spotify:track:1TEL6MlSSVLSdhOSddidlJ,"needy","thank u, next","Ariana Grande",2019-02-08,171573,85,true,nrpxj2ryv9dyhs627ckaqmlnr,2024-02-14T01:53:08Z,"pop","Republic Records",0.647,0.309,7,-7.948,0,0.0367,0.778,0.00000731,0.202,0.195,87.046,4
spotify:track:39LmTF9RgyakzSYX8txrow,"imagine","thank u, next","Ariana Grande",2019-02-08,212266,74,true,nrpxj2ryv9dyhs627ckaqmlnr,2024-02-14T01:54:26Z,"pop","Republic Records",0.729,0.476,8,-4.985,1,0.0363,0.378,0,0.12,0.368,62.519,3
spotify:track:0WdR2AyLW1Drd3OUdwezM0,"everytime","Sweetener","Ariana Grande",2018-08-17,172106,78,true,nrpxj2ryv9dyhs627ckaqmlnr,2024-02-14T01:55:35Z,"pop","Republic Records",0.71,0.614,10,-6.757,0,0.0431,0.186,0,0.0974,0.658,148.152,4
spotify:track:70khXICDeTTxgYtw3EysKH,"sweetener","Sweetener","Ariana Grande",2018-08-17,208493,74,true,nrpxj2ryv9dyhs627ckaqmlnr,2024-02-14T01:56:06Z,"pop","Republic Records",0.721,0.459,4,-6.408,1,0.032,0.248,0,0.212,0.46,119.914,4
spotify:track:2vdBo4ALPYbHRUPKgtE5iC,"ghostin","thank u, next","Ariana Grande",2019-02-08,271466,73,false,nrpxj2ryv9dyhs627ckaqmlnr,2024-02-14T01:57:35Z,"pop","Republic Records",0.29,0.364,9,-8.295,1,0.0293,0.418,0.0000189,0.185,0.11,103.684,4
spotify:track:14kYOiFVPb7E7NfFbqhdln,"goodnight n go","Sweetener","Ariana Grande",2018-08-17,189506,73,true,nrpxj2ryv9dyhs627ckaqmlnr,2024-02-14T01:57:53Z,"pop","Republic Records",0.708,0.454,1,-7.07,1,0.0395,0.0217,0,0.073,0.24,110.963,4
spotify:track:6STFK268EWdTPZeRNlAs1n,"my hair","Positions","Ariana Grande",2020-10-30,158436,45,false,nrpxj2ryv9dyhs627ckaqmlnr,2024-02-14T01:57:58Z,"pop","Republic Records",0.686,0.529,0,-6.841,1,0.0377,0.0812,0.000011,0.144,0.345,91.991,4
spotify:track:1ywoy5kdf2LsG2019ClGjm,"Knew Better / Forever Boy","Dangerous Woman","Ariana Grande",2016-05-20,299213,63,false,nrpxj2ryv9dyhs627ckaqmlnr,2024-02-14T01:58:09Z,"pop","Universal Records",0.484,0.381,6,-6.705,1,0.0711,0.235,0.0000036,0.0998,0.372,106.65,4
spotify:track:1xWH8zYtDeS9mW1JJG23VZ,"R.E.M","Sweetener","Ariana Grande",2018-08-17,245666,71,true,nrpxj2ryv9dyhs627ckaqmlnr,2024-02-14T01:58:17Z,"pop","Republic Records",0.831,0.485,10,-6.677,0,0.15,0.375,0.0000147,0.118,0.622,80.022,4
spotify:track:40fHWRL8bKcl5J4t4OKUiW,"Why Try","My Everything (Deluxe)","Ariana Grande",2014-08-22,211880,66,false,nrpxj2ryv9dyhs627ckaqmlnr,2024-02-14T01:58:33Z,"pop","Universal Records",0.444,0.663,11,-5.946,1,0.0424,0.0497,0,0.153,0.338,159.839,4
spotify:track:7GQzqBLZyjL69pAIKLx7ap,"love language","Positions","Ariana Grande",2020-10-30,179860,53,false,nrpxj2ryv9dyhs627ckaqmlnr,2024-02-14T01:58:57Z,"pop","Republic Records",0.694,0.566,10,-5.026,0,0.238,0.0626,0,0.0748,0.562,110.06,4
spotify:track:27356GVuMPFWiJSZCragoM,"make up","thank u, next","Ariana Grande",2019-02-08,140693,66,true,nrpxj2ryv9dyhs627ckaqmlnr,2024-02-14T01:59:22Z,"pop","Republic Records",0.71,0.715,7,-5.371,1,0.192,0.0845,0.00000145,0.0617,0.479,105.044,3
spotify:track:4E6cwWJWZw2zWf7VFbH7wf,"Love Song","Little Voice","Sara Bareilles",2007-07-03,258483,75,false,nrpxj2ryv9dyhs627ckaqmlnr,2024-02-14T02:01:01Z,"","Epic",0.583,0.786,2,-3.142,0,0.0301,0.0208,0,0.188,0.573,123.055,4
spotify:track:73SpzrcaHk0RQPFP73vqVR,"No Time To Die","No Time To Die","Billie Eilish",2020-02-13,242265,77,false,nrpxj2ryv9dyhs627ckaqmlnr,2024-02-14T02:03:53Z,"","Darkroom/Interscope Records",0.344,0.22,4,-13.218,0,0.0365,0.917,0.0107,0.0827,0.0522,70.895,4
spotify:track:1AM8QdDFZMq6SrrqUnuQ9P,"Feeling Good","It's Time","Michael Bublé",2005-02-08,237333,74,false,nrpxj2ryv9dyhs627ckaqmlnr,2024-02-14T02:04:23Z,"christmas","143/Reprise",0.535,0.548,1,-6.51,1,0.037,0.533,0.00000148,0.123,0.477,115.144,3
spotify:track:7fBv7CLKzipRk6EC6TWHOB,"The Hills","Beauty Behind The Madness","The Weeknd",2015-08-28,242253,89,true,nrpxj2ryv9dyhs627ckaqmlnr,2024-02-14T02:28:21Z,"","The Weeknd/Lyric",0.585,0.564,0,-7.063,0,0.0515,0.0671,0,0.135,0.137,113.003,4
spotify:track:0mL82sxCRjrs3br407IdJh,"Is There Someone Else?","Dawn FM","The Weeknd",2022-01-06,199111,83,false,nrpxj2ryv9dyhs627ckaqmlnr,2024-02-14T03:11:56Z,"","XO / Republic Records",0.702,0.586,9,-7.83,0,0.0313,0.0388,0.0000727,0.156,0.608,134.951,4
spotify:track:7MXVkk9YMctZqd1Srtv4MB,"Starboy","Starboy","The Weeknd;Daft Punk",2016-11-25,230453,93,true,nrpxj2ryv9dyhs627ckaqmlnr,2024-02-14T11:58:29Z,"french house,electronic,electro","The Weeknd/Lyric",0.679,0.587,7,-7.015,1,0.276,0.141,0.00000635,0.137,0.486,186.003,4
spotify:track:4RVwu0g32PAqgUiJoXsdF8,"Happier Than Ever","Happier Than Ever","Billie Eilish",2021-07-30,298899,86,true,nrpxj2ryv9dyhs627ckaqmlnr,2024-02-14T20:08:49Z,"","Darkroom/Interscope Records",0.332,0.225,0,-8.697,1,0.0348,0.767,0.00349,0.128,0.297,81.055,3
spotify:track:4xqrdfXkTW4T0RauPLv3WA,"Heather","Kid Krow","Conan Gray",2020-03-20,198040,85,false,nrpxj2ryv9dyhs627ckaqmlnr,2024-02-14T22:59:57Z,"","Republic Records",0.357,0.425,5,-7.301,1,0.0333,0.584,0,0.322,0.27,102.078,3
spotify:track:3UgPrxoFjZMT1LDP89nNck,"Something I Said","Something I Said","Bakar",2017-11-03,192804,40,true,nrpxj2ryv9dyhs627ckaqmlnr,2024-02-16T00:11:37Z,"","bash*",0.79,0.554,1,-7.988,0,0.0531,0.366,0.00103,0.122,0.258,136.012,4
spotify:track:422BAl8lh1uzkT7ts74d7J,"Gravity","Art Dealer Chic 1","Miguel",2021-03-24,219322,45,false,nrpxj2ryv9dyhs627ckaqmlnr,2024-02-16T22:59:43Z,"r&b","ByStorm Entertainment/RCA Records",0.606,0.551,0,-5.671,1,0.0403,0.0078,0,0.233,0.271,89.011,4
spotify:track:2KnuaZYoGzDoHiBTNYOTXG,"Billie Bossa Nova","Happier Than Ever","Billie Eilish",2021-07-30,196730,78,false,nrpxj2ryv9dyhs627ckaqmlnr,2024-02-18T01:45:20Z,"","Darkroom/Interscope Records",0.895,0.389,7,-11.036,0,0.11,0.222,0.0346,0.105,0.549,110.023,4
spotify:track:5sxRbu2Oi9lgmLO8taA3Rf,"327 (feat. Tyler, The Creator & Billie Essco)","Pray for Paris","Westside Gunn;Joey Bada$$;Tyler, The Creator;Billie Essco",2020-04-17,349040,63,true,nrpxj2ryv9dyhs627ckaqmlnr,2024-02-19T08:01:45Z,"boom bap,alternative hip hop,jazz rap,experimental hip hop,hip hop,rap,east coast hip hop","Griselda Records",0.42,0.701,1,-7.582,0,0.339,0.832,0,0.103,0.671,79.716,4
spotify:track:7wC5eZcFS1Q1BsQ35DU6H4,"come out and play","come out and play","Billie Eilish",2018-11-20,210375,70,false,nrpxj2ryv9dyhs627ckaqmlnr,2024-02-20T23:01:06Z,"","Darkroom",0.64,0.321,0,-14.604,1,0.0931,0.693,0.0307,0.114,0.177,145.045,4
spotify:track:6IZvVAP7VPPnsGX6bvgkqg,"PRIDE.","DAMN.","Kendrick Lamar",2017-04-14,275253,82,true,nrpxj2ryv9dyhs627ckaqmlnr,2024-02-20T23:03:12Z,"hip hop,west coast hip hop","Aftermath",0.665,0.535,4,-7.056,0,0.0572,0.0786,0.0000168,0.154,0.37,138.842,4
spotify:track:6UFivO2zqqPFPoQYsEMuCc,"Bags","Immunity","Clairo",2019-08-02,260519,9,false,nrpxj2ryv9dyhs627ckaqmlnr,2024-02-21T03:20:18Z,"bedroom pop","FADER Label",0.742,0.546,1,-7.694,1,0.0315,0.172,0.38,0.115,0.868,104.996,4
spotify:track:4sNG6zQBmtq7M8aeeKJRMQ,"Brazil","What Do You Think About the Car?","Declan McKenna",2017-04-21,252305,85,false,nrpxj2ryv9dyhs627ckaqmlnr,2024-02-22T01:36:29Z,"","Columbia",0.687,0.617,4,-5.213,1,0.0287,0.0941,0.0000127,0.0898,0.665,121.079,4
spotify:track:0UV5zxRMz6AO4ZwUOZNIKI,"Where'd All the Time Go?","Shame, Shame (Deluxe Edition)","Dr. Dog",2010-11-02,234800,84,false,nrpxj2ryv9dyhs627ckaqmlnr,2024-02-22T03:27:20Z,"","Anti/Epitaph",0.454,0.82,2,-4.193,1,0.0567,0.132,0.000969,0.115,0.575,166.303,4
spotify:track:2tznHmp70DxMyr2XhWLOW0,"Cigarette Daydreams","Melophobia","Cage The Elephant",2013-10-08,208760,82,false,nrpxj2ryv9dyhs627ckaqmlnr,2024-02-22T03:27:43Z,"","RCA Records Label",0.636,0.676,2,-3.442,1,0.0263,0.0807,0,0.0831,0.273,113.98,4
spotify:track:39sDitIeCMrVX2QyXHY46t,"Blue Hair","Death of a Party Girl","TV Girl",2018-05-08,217000,85,false,nrpxj2ryv9dyhs627ckaqmlnr,2024-02-23T14:46:49Z,"","TV Girl",0.751,0.72,4,-6.376,1,0.0303,0.554,0.0497,0.258,0.884,135.73,4
spotify:track:180AbZduI6bYQIzwCHRwu9,"A Night To Remember","A Night To Remember","beabadoobee;Laufey",2023-10-20,233388,77,false,nrpxj2ryv9dyhs627ckaqmlnr,2024-02-23T17:37:30Z,"bedroom pop","Beabadoobee/Laufey",0.726,0.624,2,-7.799,0,0.0277,0.498,0.0294,0.0909,0.573,114.99,4
spotify:track:0Kz9aGVgFvndWkcaiylIt5,"Warm Winds (feat. Isaiah Rashad)","Z","SZA;Isaiah Rashad",2014-04-08,350911,58,false,nrpxj2ryv9dyhs627ckaqmlnr,2024-02-24T04:04:39Z,"r&b","Top Dawg Entertainment",0.387,0.505,7,-8.579,1,0.247,0.259,0.000133,0.564,0.158,84.942,4
spotify:track:6T10XPeC9X5xEaD6tMcK6M,"All I Need (feat. Beth Hirsch)","Moon Safari","Air;Beth Hirsch",1998-01-16,268306,70,false,nrpxj2ryv9dyhs627ckaqmlnr,2024-02-24T17:37:12Z,"trip hop,downtempo","Parlophone (France)",0.372,0.43,7,-11.643,0,0.0305,0.859,0.00255,0.169,0.211,189.742,4
spotify:track:4I9bM4okMELRPVlia5Sm9u,"Post Modern Sleaze - Flight From Nashville","Becoming Remixed","Sneaker Pimps",1998-03-10,208733,0,false,nrpxj2ryv9dyhs627ckaqmlnr,2024-02-24T17:42:08Z,"trip hop,downtempo","One Little Independent Records",0.612,0.669,8,-5.722,0,0.0401,0.0797,0.0153,0.084,0.444,145.256,4
spotify:track:1AAYbsAIgEJMbxgLgpjE9y,"Since I Left You","Since I Left You (20th Anniversary Deluxe Edition)","The Avalanches",2000-11-27,262840,57,false,nrpxj2ryv9dyhs627ckaqmlnr,2024-02-24T17:42:11Z,"plunderphonics","Universal Music Australia Pty. Ltd.",0.518,0.912,7,-7.275,1,0.0573,0.226,0,0.726,0.504,102.778,4
spotify:track:057XHwrZ3P7de5sAO1wYPJ,"Half A World Away","Breath From Another","Esthero",1998-04-14,257893,44,false,nrpxj2ryv9dyhs627ckaqmlnr,2024-02-24T19:25:32Z,"trip hop,downtempo","Work",0.647,0.732,6,-8.449,0,0.0281,0.00137,0.0573,0.129,0.813,95.949,4
spotify:track:49yNskzLtR1VNTWhSF90mu,"Remember","Moon Safari","Air",1998-01-16,154293,50,false,nrpxj2ryv9dyhs627ckaqmlnr,2024-02-24T19:37:17Z,"trip hop,downtempo","Parlophone (France)",0.451,0.717,5,-7.438,0,0.0361,0.115,0.213,0.0861,0.375,116.758,4
spotify:track:1Rezzt36ybaT2ZbDZpv83D,"Black Milk","Mezzanine","Massive Attack;Elizabeth Fraser",1998-01-01,381666,67,false,nrpxj2ryv9dyhs627ckaqmlnr,2024-02-24T20:08:21Z,"trip hop,downtempo","Circa",0.56,0.455,1,-11.221,0,0.0304,0.00575,0.757,0.219,0.44,168.081,4
spotify:track:6pw0Smtd6ydy5oywoqRXjY,"Smile","Genetic World","Télépopmusik;Angela McCluskey",2001-01-01,241560,40,false,nrpxj2ryv9dyhs627ckaqmlnr,2024-02-24T20:08:36Z,"trip hop,downtempo","Universal Music Division Virgin Records Distribution Deal",0.596,0.446,4,-14.22,1,0.0285,0.781,0.626,0.562,0.123,133.988,4
spotify:track:4f3hGEjA7BnujnDYz7gHZ6,"Trigger Hippie","Who Can You Trust? / Beats & B-Sides","Morcheeba",1997-05-08,332759,49,false,nrpxj2ryv9dyhs627ckaqmlnr,2024-02-26T00:35:34Z,"trip hop,downtempo","London Records",0.628,0.625,5,-9.224,0,0.0465,0.0758,0.645,0.48,0.148,172.154,4
spotify:track:5NQw9mvEfBYOEmfl0A2A0i,"prettygrunge.wav","just want u to feel something","Artemas",2023-12-01,119104,61,false,nrpxj2ryv9dyhs627ckaqmlnr,2024-02-27T20:44:24Z,"","10K Projects",0.412,0.67,4,-3.959,1,0.0289,0.772,0.00108,0.242,0.395,134.024,4
spotify:track:1bjeWoagtHmUKputLVyDxQ,"Saturn","Saturn","SZA",2024-02-22,186191,78,false,nrpxj2ryv9dyhs627ckaqmlnr,2024-02-27T22:20:28Z,"r&b","Top Dawg Entertainment/RCA Records",0.411,0.619,1,-6.834,1,0.0368,0.62,0,0.11,0.337,177.937,4
spotify:track:6624hZJ0nRh0ve2SelMXVw,"Over","Portishead","Portishead",1997-01-01,235533,53,false,nrpxj2ryv9dyhs627ckaqmlnr,2024-02-27T23:18:15Z,"trip hop,downtempo","Island Mercury",0.632,0.712,1,-9.439,1,0.0434,0.453,0.000247,0.113,0.175,74.132,4
spotify:track:3vv9phIu6Y1vX3jcqaGz5Z,"Roses","Roses","The Chainsmokers;ROZES",2015-06-16,226738,85,false,nrpxj2ryv9dyhs627ckaqmlnr,2024-02-28T15:20:49Z,"","Disruptor Records/Columbia",0.713,0.802,4,-7.055,1,0.0561,0.0435,0.00377,0.309,0.343,100.001,4
spotify:track:09RamrocZneYcLYLRIxYha,"Steeeam","Shelly","Shelly",2020-10-30,170892,73,false,nrpxj2ryv9dyhs627ckaqmlnr,2024-03-03T11:04:24Z,"lo-fi indie","Orange Hill Records",0.817,0.763,5,-11.014,0,0.0373,0.546,0.158,0.124,0.923,120.034,4
spotify:track:2LtCEKs68u3RpNh4wybCF8,"Hotel","Her Love Still Haunts Me Like a Ghost","Montell Fish",2022-10-28,197333,57,false,nrpxj2ryv9dyhs627ckaqmlnr,2024-03-03T19:58:36Z,"christian lo-fi","Lord’s Child, LLC",0.228,0.427,0,-8.739,0,0.0363,0.752,0.0167,0.592,0.192,180.345,4
spotify:track:46BMGjAnLVVR1gZcayw93j,"I'm Not Gonna Teach Your Boyfriend How to Dance with You","Partie Traumatic","Black Kids",2008-07-22,217706,0,false,nrpxj2ryv9dyhs627ckaqmlnr,2024-03-04T16:51:55Z,"","Almost Gold Recordings",0.478,0.927,0,-4.266,1,0.047,0.000343,0,0.359,0.775,125.346,4
spotify:track:5WI2ltQIdwgzf1SNE76JyR,"Never Be Like You (feat. Kai)","Skin","Flume;kai",2016-05-27,234909,5,true,nrpxj2ryv9dyhs627ckaqmlnr,2024-03-05T12:14:28Z,"future bass","Mom+Pop",0.444,0.557,0,-5.476,1,0.0602,0.453,0,0.152,0.296,115.058,4
spotify:track:3zEN0ii6s4DHHBpnTp3RP7,"We Are The People","Walking On A Dream (10th Anniversary Edition)","Empire Of The Sun",2008-10-03,267373,91,false,nrpxj2ryv9dyhs627ckaqmlnr,2024-03-05T12:25:40Z,"","EMI Recorded Music Australia Pty Ltd",0.675,0.781,4,-5.404,0,0.0306,0.0801,0.0143,0.422,0.534,122.989,4
spotify:track:14OxJlLdcHNpgsm4DRwDOB,"Habits (Stay High)","Queen Of The Clouds","Tove Lo",2014-01-01,209160,82,false,nrpxj2ryv9dyhs627ckaqmlnr,2024-03-05T12:42:51Z,"","Universal Music AB",0.729,0.65,5,-3.539,1,0.0313,0.0702,0.0000669,0.0829,0.347,110.02,4
spotify:track:0OV7Kn7A2PvI87SJMbePnr,"Light Blue Movers","RECORD","Zero 7",2010-06-25,328573,0,false,nrpxj2ryv9dyhs627ckaqmlnr,2024-03-06T14:13:24Z,"trip hop,downtempo","New State Music",0.609,0.474,6,-8.13,0,0.027,0.00416,0.857,0.0657,0.22,99.867,4
spotify:track:7fGAChEASw3sxA1TFRhPfx,"Passing By","When It Falls","Zero 7;Sophie Barker",2004-03-02,291040,0,false,nrpxj2ryv9dyhs627ckaqmlnr,2024-03-06T14:36:22Z,"trip hop,downtempo","New State Music",0.586,0.426,0,-10.904,0,0.0242,0.357,0.474,0.0762,0.21,80.941,4
spotify:track:0gTS9WgzVOge4WBFAOX1Ut,"Lounge","Breath From Another","Esthero",1998-04-14,298893,44,false,nrpxj2ryv9dyhs627ckaqmlnr,2024-03-06T14:43:49Z,"trip hop,downtempo","Work",0.606,0.723,6,-9.057,0,0.038,0.00121,0.474,0.301,0.433,132.676,4
spotify:track:6CgIaRVXNmpUgeVuHmA4a2,"Somersault","When It Falls","Zero 7;Sia",2004-03-02,416933,0,false,nrpxj2ryv9dyhs627ckaqmlnr,2024-03-06T14:58:50Z,"trip hop,downtempo","New State Music",0.28,0.386,0,-10.889,1,0.0275,0.194,0.0222,0.337,0.163,146.82,3
spotify:track:0Xc02wFzRgNzQORE0xE9iW,"Red Dust","Simple Things","Zero 7",2001,340333,0,false,nrpxj2ryv9dyhs627ckaqmlnr,2024-03-06T15:23:24Z,"trip hop,downtempo","New State Music",0.579,0.416,4,-10.246,1,0.0274,0.466,0.851,0.135,0.191,86.004,4
spotify:track:0aKC4nygNhLyLzSwCVnaXb,"Swing","Yeah Ghost (Deluxe)","Zero 7",2009-09-25,237600,0,false,nrpxj2ryv9dyhs627ckaqmlnr,2024-03-06T15:28:25Z,"trip hop,downtempo","New State Music",0.574,0.579,5,-7.806,1,0.0274,0.22,0.0000036,0.0581,0.306,145.922,3
spotify:track:18sJxTPJ1wCrUytUGPDPsy,"Dreaming","The Garden (Special Edition)","Zero 7;Sia",2020-04-03,202733,0,false,nrpxj2ryv9dyhs627ckaqmlnr,2024-03-06T15:33:01Z,"trip hop,downtempo","New State Music",0.618,0.378,7,-11.215,1,0.0293,0.409,0.000551,0.115,0.629,82.143,4
spotify:track:44wtR8EBCz7wVvsOoJQEnd,"Milton At Midnight","Milton At Midnight","Zero 7",2004-06-09,346386,0,false,nrpxj2ryv9dyhs627ckaqmlnr,2024-03-06T15:56:58Z,"trip hop,downtempo","New State Music",0.684,0.495,8,-9.396,1,0.0308,0.0713,0.908,0.102,0.702,119.859,4
spotify:track:7lw4J2RfcPs2hEJgPY44lC,"Run Your Mouth","Run Your Mouth","The Marías",2024-03-07,160000,0,false,nrpxj2ryv9dyhs627ckaqmlnr,2024-03-08T01:39:10Z,"bedroom pop","Nice Life/Atlantic",0.782,0.652,7,-6.787,1,0.0376,0.244,0.0364,0.21,0.927,111.021,4
spotify:track:6sQ833YbGp8SbtGcLCBwHw,"Tejano Blue","Tejano Blue","Cigarettes After Sex",2024-02-28,234453,0,true,nrpxj2ryv9dyhs627ckaqmlnr,2024-03-08T01:45:43Z,"dream pop","Partisan Records",0.54,0.46,4,-9.992,1,0.0369,0.546,0.439,0.116,0.285,81.999,4
spotify:track:0V4l4GQhgnWQGtCWpvA7va,"Crew Love","Take Care (Deluxe)","Drake;The Weeknd",2011-11-15,208813,74,true,nrpxj2ryv9dyhs627ckaqmlnr,2024-03-08T02:39:54Z,"rap","Cash Money Records/Young Money Ent./Universal Rec.",0.418,0.546,0,-9.057,0,0.238,0.227,0,0.229,0.294,160.152,4
spotify:track:3xO4R5jWXl1TwI1j90GeTg,"Remember You","O.N.I.F.C.","Wiz Khalifa;The Weeknd",2012-12-04,289600,36,false,nrpxj2ryv9dyhs627ckaqmlnr,2024-03-08T02:41:41Z,"","Rostrum/Atlantic",0.718,0.768,2,-4.474,1,0.256,0.195,0,0.336,0.782,127.932,4
spotify:track:50xeLNGKmskmYUSINhqvfa,"Clumsy","The Dutchess","Fergie",2006-09-13,240426,70,false,nrpxj2ryv9dyhs627ckaqmlnr,2024-03-08T02:48:43Z,"","Will I Am / Fergie LP1",0.731,0.563,2,-4.046,1,0.131,0.191,0.000423,0.296,0.452,184.004,4
spotify:track:1WKz2dJbsK0S56zvpnhFWU,"If Your Girl Only Knew","One In A Million","Aaliyah",1996-08-27,290960,0,false,nrpxj2ryv9dyhs627ckaqmlnr,2024-03-08T03:15:35Z,"r&b,contemporary r&b","Blackground Records, LLC",0.841,0.741,9,-3.487,0,0.0359,0.137,0.000445,0.11,0.834,88.408,4
spotify:track:7fax7NlxOq2X9kMZw8QLE2,"Tailwhip","Tailwhip","Men I Trust",2017-08-18,225263,63,false,nrpxj2ryv9dyhs627ckaqmlnr,2024-03-09T05:26:43Z,"bedroom pop,indie pop,dream pop","Men I Trust",0.8,0.655,9,-8.877,0,0.0416,0.415,0.0074,0.0961,0.598,114.004,4
spotify:track:14kyXBpg91RVq8bNRDS1q2,"true story","eternal sunshine","Ariana Grande",2024-03-08,163278,70,false,nrpxj2ryv9dyhs627ckaqmlnr,2024-03-09T20:54:31Z,"pop","Republic Records",0.698,0.53,9,-6.136,0,0.086,0.468,0.0000076,0.313,0.423,137.954,4
spotify:track:469RmLzEsicj8VSn9aIuKV,"Cool","Love. Angel. Music. Baby. (Deluxe Version)","Gwen Stefani",2004-11-12,189333,63,false,nrpxj2ryv9dyhs627ckaqmlnr,2024-03-10T22:20:13Z,"","Interscope",0.709,0.721,2,-3.52,1,0.0281,0.0322,0.000309,0.355,0.801,112.019,4
spotify:track:3ZaEs1O8BG581qYPHpQ8d6,"I Smoked Away My Brain (I'm God x Demons Mashup) (feat. Imogen Heap & Clams Casino)","I Smoked Away My Brain (I'm God x Demons Mashup) (feat. Imogen Heap & Clams Casino)","A$AP Rocky;Imogen Heap;Clams Casino",2023-08-18,190285,81,true,nrpxj2ryv9dyhs627ckaqmlnr,2024-03-11T01:09:46Z,"rap,cloud rap","A$AP Worldwide/RCA Records",0.47,0.652,2,-9.629,1,0.0561,0.0831,0.0000408,0.175,0.104,141.981,4
spotify:track:3YOQjNRshNSJcrHH4Ui5gL,"Bohemian Sunset","Jazzanova EP","Jazzanova",1998-08-31,414693,39,false,nrpxj2ryv9dyhs627ckaqmlnr,2024-03-11T17:45:19Z,"nu jazz,acid jazz,trip hop,jazz funk,downtempo","Sonar Kollektiv",0.637,0.56,5,-9.319,0,0.0399,0.0268,0.484,0.128,0.732,89.51,4
spotify:track:6A6qBFJHid4WutQu6HHEZt,"Walking On A Dream","Walking On A Dream (Special Edition)","Empire Of The Sun",2009-01-01,198440,59,false,nrpxj2ryv9dyhs627ckaqmlnr,2024-03-12T03:15:57Z,"","Capitol Records",0.87,0.699,5,-5.541,0,0.0459,0.245,0.00000676,0.0588,0.726,126.967,4
spotify:track:3X8fDZL2mX4bz39SWWCl03,"Prune, You Talk Funny","Prune, You Talk Funny","Gus Dapperton",2017-12-05,212701,55,false,nrpxj2ryv9dyhs627ckaqmlnr,2024-03-12T03:16:09Z,"bedroom pop","Gus Dapperton",0.571,0.749,10,-7.193,0,0.0382,0.0177,0.00233,0.199,0.579,140.045,4
spotify:track:3nRhH5u3TE6HtvBH6mNwzY,"Romanticist","Heaven To A Tortured Mind","Yves Tumor",2020-04-03,106102,52,false,nrpxj2ryv9dyhs627ckaqmlnr,2024-03-12T03:16:33Z,"","Warp Records",0.583,0.703,7,-7.233,0,0.0837,0.0211,0.00000161,0.535,0.65,94.011,4
spotify:track:6RtzmszGXs32TRhv5zTKNM,"Same Ol’ Mistakes","ANTI (Deluxe)","Rihanna",2016-01-28,397093,69,false,nrpxj2ryv9dyhs627ckaqmlnr,2024-03-12T03:16:49Z,"","Roc Nation / Rihanna",0.441,0.802,8,-5.417,1,0.0443,0.199,0.00287,0.0591,0.51,151.766,4
spotify:track:65j65yDSE06CNKAPjsHoJt,"Was It Something I Said","Was It Something I Said","MyKey",2019-07-26,220588,58,false,nrpxj2ryv9dyhs627ckaqmlnr,2024-03-14T19:50:39Z,"bedroom pop","Warner Records",0.587,0.724,6,-6.775,1,0.0321,0.617,0.000168,0.157,0.837,106.994,4
spotify:track:7uJH0YdSZL6psjxI6Xy08b,"Acquainted","Beauty Behind The Madness","The Weeknd",2015-08-28,348853,76,true,nrpxj2ryv9dyhs627ckaqmlnr,2024-03-17T17:54:09Z,"","The Weeknd/Lyric",0.372,0.478,7,-9.835,0,0.0503,0.482,0,0.0844,0.254,101.102,4
spotify:track:02wNtFxlr9dLmZXKT5TIF5,"Over the Moon","Superclean, Vol. II","The Marías",2018-09-28,182900,72,false,nrpxj2ryv9dyhs627ckaqmlnr,2024-03-17T18:05:17Z,"bedroom pop","Superclean Records",0.684,0.232,0,-13.249,1,0.0297,0.86,0.404,0.135,0.387,73.518,4
spotify:track:75pAfYEpRXZf7GVORGhOgz,"Fallen","Moodring","Mýa",2003-01-01,214600,53,false,nrpxj2ryv9dyhs627ckaqmlnr,2024-03-17T18:06:58Z,"","A&M",0.669,0.61,1,-8.217,1,0.0457,0.119,0.0000275,0.53,0.428,94.439,4
spotify:track:4Ilen0VxPEsVRLpnePji8P,"Slow Down - 12"" Version","Disturbing Tha Peace Presents Bobby Valentino","Bobby V.",2005-01-01,258665,81,false,nrpxj2ryv9dyhs627ckaqmlnr,2024-03-17T18:29:55Z,"r&b","Disturbing Tha Peace Recordings, Inc.",0.566,0.732,11,-4.896,0,0.0953,0.179,0.00000492,0.401,0.621,186.09,4
spotify:track:5J1LBuPcII426fjeXy8Bv1,"I Don't Wanna","Ultimate Aaliyah","Aaliyah",2005-05-10,256560,0,false,nrpxj2ryv9dyhs627ckaqmlnr,2024-03-17T18:34:09Z,"r&b,contemporary r&b","Blackground Records, LLC",0.707,0.514,9,-7.286,0,0.0355,0.517,0,0.286,0.687,130.02,4
spotify:track:3cT2knV4AvpBPGUmYxIonh,"The Wozard Of Iz","Wildflower","The Avalanches",2016-07-08,179880,42,true,nrpxj2ryv9dyhs627ckaqmlnr,2024-03-18T03:03:33Z,"plunderphonics","Universal Music Australia Pty. Ltd.",0.537,0.747,10,-7.297,1,0.0537,0.164,0.000255,0.712,0.65,76.273,4
spotify:track:634tM1Us7Z6bsbZhRbrRr2,"Kiss Land","Kiss Land","The Weeknd",2013-01-01,455333,59,true,nrpxj2ryv9dyhs627ckaqmlnr,2024-03-18T03:06:20Z,"","The Weeknd/Lyric",0.324,0.852,11,-6.675,0,0.109,0.0415,0,0.0609,0.4,121.886,4
spotify:track:3wWZfpPJXnW5cS6ULwdJqW,"Saturday Night Inside Out","Wildflower","The Avalanches",2016-07-08,307238,34,false,nrpxj2ryv9dyhs627ckaqmlnr,2024-03-18T03:07:24Z,"plunderphonics","Universal Music Australia Pty. Ltd.",0.62,0.818,2,-9.003,0,0.0522,0.485,0.775,0.337,0.57,113.601,4
spotify:track:2FXyHAkNkIym2sZVRuJuTd,"Kaleidoscopic Lovers","Wildflower","The Avalanches",2016-07-08,235266,30,false,nrpxj2ryv9dyhs627ckaqmlnr,2024-03-18T03:08:20Z,"plunderphonics","Universal Music Australia Pty. Ltd.",0.469,0.74,8,-9.477,1,0.0605,0.591,0.000276,0.449,0.655,120.224,4
spotify:track:6fRgjqJptZry7fipP2Beyh,"Montreal","Trilogy","The Weeknd",2012-11-13,250520,55,false,nrpxj2ryv9dyhs627ckaqmlnr,2024-03-18T03:10:29Z,"","CP Records",0.517,0.803,5,-4.459,0,0.124,0.0441,0.0000174,0.424,0.155,183.917,4
spotify:track:1oGdVdYjeQvojGKDddxLQQ,"True Colors","Starboy","The Weeknd",2016-11-25,206013,63,false,nrpxj2ryv9dyhs627ckaqmlnr,2024-03-18T03:11:52Z,"","The Weeknd/Lyric",0.624,0.424,1,-8.237,1,0.24,0.286,0,0.173,0.584,76.671,4
spotify:track:6NLRMu1qF1kJQnntDNWDmy,"Lemon Glow","7","Beach House",2018-05-11,244946,69,false,nrpxj2ryv9dyhs627ckaqmlnr,2024-03-18T03:12:41Z,"dream pop","Sub Pop Records",0.465,0.818,0,-7.924,1,0.03,0.446,0.976,0.232,0.53,148.427,4
spotify:track:6u0dQik0aif7FQlrhycG1L,"The Morning","Trilogy","The Weeknd",2012-11-13,312426,70,true,nrpxj2ryv9dyhs627ckaqmlnr,2024-03-18T03:28:00Z,"","CP Records",0.656,0.549,6,-7.555,0,0.0392,0.316,0,0.104,0.185,120.073,4
spotify:track:4lH6nENd1y81jp7Yt9lTBX,"Solo","HNDRXX","Future",2017-07-27,265996,83,true,nrpxj2ryv9dyhs627ckaqmlnr,2024-03-18T03:30:17Z,"rap","Epic/Freebandz/A1",0.784,0.486,5,-6.497,0,0.0475,0.0538,0.497,0.101,0.0894,110.964,4
spotify:track:7fSKE9J3udo8zpq1ceYTEa,"Love In The Sky","Kiss Land","The Weeknd",2013-01-01,267920,52,true,nrpxj2ryv9dyhs627ckaqmlnr,2024-03-18T03:32:55Z,"","The Weeknd/Lyric",0.645,0.736,9,-6.862,0,0.0514,0.16,0.000156,0.6,0.347,115.03,4
spotify:track:00aqkszH1FdUiJJWvX6iEl,"Wicked Games","House Of Balloons (Original)","The Weeknd",2011-03-21,325305,76,true,nrpxj2ryv9dyhs627ckaqmlnr,2024-03-18T03:33:08Z,"","The Weeknd/Lyric",0.606,0.57,9,-6.684,1,0.032,0.0217,0.00000847,0.301,0.258,114.033,4
spotify:track:0Hs5enNuaAXmJssAybWbOw,"XO / The Host","Echoes Of Silence (Original)","The Weeknd",2011-12-21,444212,61,true,nrpxj2ryv9dyhs627ckaqmlnr,2024-03-18T03:33:27Z,"","The Weeknd/Lyric",0.449,0.717,2,-6.055,1,0.0549,0.419,0.000272,0.346,0.235,127.999,4
spotify:track:2ye9iWj5V4g6k6HFeTTAKa,"High For This","House Of Balloons (Original)","The Weeknd",2011-03-21,249102,69,false,nrpxj2ryv9dyhs627ckaqmlnr,2024-03-18T03:40:41Z,"","The Weeknd/Lyric",0.466,0.403,4,-10.441,0,0.0502,0.59,0.0000951,0.1,0.0967,75.033,4
spotify:track:5E30LdtzQTGqRvNd7l6kG5,"Daddy Issues","Wiped Out!","The Neighbourhood",2015-10-30,260163,87,false,nrpxj2ryv9dyhs627ckaqmlnr,2024-03-18T03:40:52Z,"","Columbia",0.588,0.521,10,-9.461,1,0.0329,0.0678,0.149,0.123,0.337,85.012,4
spotify:track:2K7xn816oNHJZ0aVqdQsha,"Softcore","Hard To Imagine The Neighbourhood Ever Changing","The Neighbourhood",2018-11-02,206280,88,false,nrpxj2ryv9dyhs627ckaqmlnr,2024-03-18T03:45:16Z,"","Columbia",0.575,0.568,9,-5.509,0,0.03,0.0484,0.000417,0.286,0.37,93.986,4
spotify:track:7zwn1eykZtZ5LODrf7c0tS,"You Get Me So High","Hard To Imagine The Neighbourhood Ever Changing","The Neighbourhood",2018-11-02,153000,82,false,nrpxj2ryv9dyhs627ckaqmlnr,2024-03-18T03:45:33Z,"","Columbia",0.551,0.881,7,-6.099,0,0.0542,0.186,0.0791,0.152,0.387,88.036,4
spotify:track:26SzctPrO5Km59OHWst3rb,"U&I","#000000 & #FFFFFF (No DJ Version)","The Neighbourhood",2014-11-28,214293,55,true,nrpxj2ryv9dyhs627ckaqmlnr,2024-03-18T03:48:20Z,"","Columbia",0.603,0.639,3,-6.86,0,0.0819,0.0237,0.00000996,0.705,0.503,143.062,3
spotify:track:4frLb7nWtsz2ymBE6k2GRP,"Earned It (Fifty Shades Of Grey)","Beauty Behind The Madness","The Weeknd",2015-08-28,277680,76,true,nrpxj2ryv9dyhs627ckaqmlnr,2024-03-18T03:56:47Z,"","The Weeknd/Lyric",0.657,0.291,2,-8.275,0,0.0348,0.405,0,0.0771,0.405,119.782,3
spotify:track:7q1rfAWSkb8AQpZCgEX3jq,"Running on E","Running on E","Brent Faiyaz",2015-11-15,282040,68,true,nrpxj2ryv9dyhs627ckaqmlnr,2024-03-18T03:57:31Z,"r&b","Lost Kids",0.724,0.343,9,-11.791,1,0.0478,0.191,0.559,0.104,0.176,134.017,4
spotify:track:2a1iMaoWQ5MnvLFBDv4qkf,"High and Dry","The Bends","Radiohead",1995-03-13,257480,81,false,nrpxj2ryv9dyhs627ckaqmlnr,2024-03-28T14:52:29Z,"art rock,alternative rock","XL Recordings",0.419,0.383,4,-11.782,1,0.0256,0.0724,0.0176,0.0896,0.35,87.568,4
spotify:track:6BQPRUFGHsgtNYJxuwhktR,"This Is How It Feels (with Laufey)","Petals to Thorns","d4vd;Laufey",2023-05-26,284305,5,false,nrpxj2ryv9dyhs627ckaqmlnr,2024-03-28T15:39:51Z,"","Darkroom/Interscope Records",0.235,0.217,2,-11.72,1,0.0342,0.927,0,0.163,0.221,82.522,4
spotify:track:6SuipERmfkj0SDFkK6wAeR,"If You Could Read My Mind","If You Could Read My Mind","Viola Wills",1980-03-07,335720,41,false,nrpxj2ryv9dyhs627ckaqmlnr,2024-03-30T15:52:18Z,"disco,hi-nrg","High Fashion Music",0.705,0.601,0,-11.141,1,0.0363,0.0255,0.00108,0.37,0.847,122.697,4
spotify:track:05U89SHoWjq8RpWLbcwwaS,"More, More, More","More, More, More","Andrea True Connection",1976,376866,54,false,nrpxj2ryv9dyhs627ckaqmlnr,2024-03-30T15:52:57Z,"disco","Legacy Recordings",0.719,0.647,9,-11.639,0,0.0298,0.00368,0.0482,0.107,0.88,103.113,4
spotify:track:6k5VMHrwv7mgPpkQSRQtQr,"Lebanese Blonde","Mirror Conspiracy","Thievery Corporation",2000-08-09,288826,29,false,nrpxj2ryv9dyhs627ckaqmlnr,2024-04-03T16:31:17Z,"trip hop,downtempo,acid jazz,lounge","Primary Wave Music",0.808,0.837,9,-6.583,0,0.0459,0.238,0.862,0.0578,0.654,92.002,4
spotify:track:1s7cklguCg0rkLeBGA7quh,"War of the Hearts","Promise","Sade",1985-11-04,407866,58,false,nrpxj2ryv9dyhs627ckaqmlnr,2024-04-03T16:33:10Z,"","Sony Music UK",0.512,0.456,2,-8.595,1,0.03,0.463,0.436,0.124,0.58,181.107,4
spotify:track:10TTcq5sPRxx1hq2lQ04CI,"Clean Heart","Stronger Than Pride","Sade",1988-05-03,241666,60,false,nrpxj2ryv9dyhs627ckaqmlnr,2024-04-03T18:54:29Z,"","Epic",0.715,0.401,6,-11.051,1,0.0242,0.341,0.00195,0.0697,0.511,97.292,4
spotify:track:1akRbcGtVdQl6xDIVBaExK,"Bring Me Home","Soldier of Love","Sade",2010-02-08,247266,47,false,nrpxj2ryv9dyhs627ckaqmlnr,2024-04-03T19:02:05Z,"","RCA Records Label",0.827,0.552,9,-9.188,0,0.0292,0.61,0.00104,0.0934,0.543,100.007,4
spotify:track:2lwwrWVKdf3LR9lbbhnr6R,"Float On","Good News For People Who Love Bad News","Modest Mouse",2004-04-05,208466,78,false,nrpxj2ryv9dyhs627ckaqmlnr,2024-04-05T01:25:05Z,"indie rock,indie,alternative rock","Epic",0.649,0.888,6,-4.807,1,0.0293,0.013,0.00000223,0.0888,0.553,100.975,4
spotify:track:4KGGeE7RJsgLNZmnxGFlOj,"Falling Behind","Everything I Know About Love","Laufey",2022-08-26,173640,83,false,nrpxj2ryv9dyhs627ckaqmlnr,2024-04-05T02:35:00Z,"","Laufey",0.449,0.353,7,-12.986,1,0.0915,0.942,0.0786,0.109,0.55,165.888,4
spotify:track:3xrn9i8zhNZsTtcoWgQEAd,"Since U Been Gone","Breakaway","Kelly Clarkson",2004-01-17,188960,80,false,nrpxj2ryv9dyhs627ckaqmlnr,2024-04-05T05:45:04Z,"christmas","RCA Records Label",0.662,0.741,0,-5.406,1,0.0334,0.00165,0.0303,0.114,0.404,131,4
spotify:track:0gEyKnHvgkrkBM6fbeHdwK,"Linger","Everybody Else Is Doing It, So Why Can't We?","The Cranberries",1993-03-01,274706,75,false,nrpxj2ryv9dyhs627ckaqmlnr,2024-04-05T06:59:50Z,"","Island Records",0.439,0.434,7,-14.918,1,0.0265,0.0783,0.0000518,0.14,0.204,94.843,4
spotify:track:4bQ7mjty0UVlKRalhizpGT,"Vanished","Crystal Castles","Crystal Castles",2008-03-18,242960,80,false,nrpxj2ryv9dyhs627ckaqmlnr,2024-04-05T14:22:22Z,"witch house,electroclash,new rave,alternative dance","Last Gang",0.713,0.868,0,-6.644,0,0.0305,0.00206,0.0000926,0.225,0.641,119.98,4
spotify:track:0XHFylA18yuwGVCfJfq4dw,"Spite","Spite","Omar Apollo",2024-04-05,159213,45,false,nrpxj2ryv9dyhs627ckaqmlnr,2024-04-05T17:41:08Z,"bedroom pop","Warner Records",0.735,0.616,8,-6.308,1,0.0853,0.152,0.0239,0.136,0.604,98.063,4
spotify:track:6ujLP4QZolOoFPv2SFEVjD,"NIGHT DRIVE","NIGHT DRIVE","ACCULBED",2022-08-06,128500,32,false,nrpxj2ryv9dyhs627ckaqmlnr,2024-04-07T20:47:55Z,"","3818844 Records DK",0.838,0.625,1,-9.008,1,0.104,0.301,0.653,0.0934,0.162,120.006,4
spotify:track:274hx4nPRY7yrFAfFnnU5v,"Big Day","Things You Should Leave Alone","Puracane",2000-03-21,280600,3,false,nrpxj2ryv9dyhs627ckaqmlnr,2024-04-07T20:49:36Z,"trip hop,downtempo","Ubiquity Records",0.572,0.616,4,-6.544,0,0.0533,0.314,0.000188,0.086,0.273,163.987,4
spotify:track:2IWtloZYQDcP8Ashwx8QEF,"Black Out Days","Voices","Phantogram",2014-02-18,227160,76,false,nrpxj2ryv9dyhs627ckaqmlnr,2024-04-07T21:01:47Z,"","Universal Records",0.542,0.795,4,-3.63,0,0.0367,0.00506,0.019,0.0851,0.43,92.234,4
spotify:track:3kxkjirben9RVm9NqYa6rm,"Black Out Days - Future Islands Remix","Black Out Days (Future Islands Remix)","Phantogram;Future Islands",2017-09-01,248346,66,false,nrpxj2ryv9dyhs627ckaqmlnr,2024-04-07T21:06:42Z,"","Universal Records",0.477,0.483,4,-9.413,0,0.0364,0.0027,0.783,0.156,0.123,170.026,4
spotify:track:2pXZpxidEYMMNUlPOBADGa,"Black Out Days - Sped Up","Black Out Days (Sped Up)","Phantogram;Speed Radio;Esteve",2022-06-03,181584,59,false,nrpxj2ryv9dyhs627ckaqmlnr,2024-04-07T21:06:46Z,"","Republic Records",0.585,0.85,6,-4.113,0,0.035,0.0133,0.208,0.0729,0.517,115.27,4
spotify:track:1cwqP7Tyxu5z8XDYoPkNte,"Chandelier","Chandelier","Will Paquin",2020-09-25,127464,3,true,nrpxj2ryv9dyhs627ckaqmlnr,2024-04-07T21:11:03Z,"","Will Paquin Music",0.333,0.498,2,-9.121,0,0.0468,0.674,0.00000651,0.12,0.427,87.082,4
spotify:track:7yNf9YjeO5JXUE3JEBgnYc,"Babydoll","Don't Forget About Me, Demos","Dominic Fike",2018-10-16,97960,99,false,nrpxj2ryv9dyhs627ckaqmlnr,2024-04-07T21:12:01Z,"","Columbia",0.762,0.604,7,-5.296,0,0.11,0.114,0,0.0271,0.847,168.007,4
spotify:track:7MlDNspYwfqnHxORufupwq,"Sex, Drugs, Etc.","Pineapple Sunrise","Beach Weather",2023-03-03,196784,85,false,nrpxj2ryv9dyhs627ckaqmlnr,2024-04-07T21:12:13Z,"","8123 / Arista Records",0.57,0.842,4,-5.085,0,0.0381,0.0136,0.00876,0.524,0.47,143.975,4
spotify:track:51Lf3l6wx008NdBxCQnD6B,"Ode to a Conversation Stuck in Your Throat","Del Water Gap","Del Water Gap",2021-10-08,199232,7,true,nrpxj2ryv9dyhs627ckaqmlnr,2024-04-07T21:20:38Z,"","Mom+Pop",0.57,0.804,11,-6.782,1,0.0701,0.0598,0.0000896,0.187,0.624,87.533,4
spotify:track:2rYXXYRrP3qOOPkUsUTsal,"ur special to me","pretty","Artemas",2024-02-09,114418,57,false,nrpxj2ryv9dyhs627ckaqmlnr,2024-04-07T23:36:28Z,"","Artemas",0.421,0.838,2,-6.585,1,0.0427,0.00112,0.00559,0.271,0.243,172.047,4
spotify:track:3igeWkfoyimX5hfD3DbpER,"Where Is Everybody?","The Fragile","Nine Inch Nails",1999-09-21,340200,48,false,nrpxj2ryv9dyhs627ckaqmlnr,2024-04-09T20:02:53Z,"industrial rock,industrial,industrial metal,alternative metal,nu metal","Universal-Island Records Ltd.",0.625,0.767,10,-5.753,1,0.0477,0.00166,0.000789,0.09,0.792,144.013,4
spotify:track:4x2YdtTppdbL4kHPOjaunq,"More Than A Woman","Aaliyah","Aaliyah",2001-07-07,229866,0,false,nrpxj2ryv9dyhs627ckaqmlnr,2024-04-10T02:14:23Z,"r&b,contemporary r&b","Blackground Records, LLC",0.655,0.649,1,-5.653,0,0.089,0.0793,0.000393,0.117,0.759,86.968,4
spotify:track:0J3bnjae0jkfUpbdHr81Sr,"Hunter","Third","Portishead",2008-01-01,237413,43,false,nrpxj2ryv9dyhs627ckaqmlnr,2024-04-10T14:04:13Z,"trip hop,downtempo","Universal-Island Records Ltd.",0.523,0.408,10,-9.563,0,0.0369,0.896,0.134,0.098,0.157,134.179,4
spotify:track:2ovxsAIYAi4yr4OihImN3f,"ghosts inside your bedroom","ghosts inside your bedroom","Asi Kemera",2023-09-18,140444,9,false,nrpxj2ryv9dyhs627ckaqmlnr,2024-04-10T14:06:03Z,"","Asi Kemera LLC.",0.447,0.679,0,-9.456,1,0.0379,0.00807,0.0000396,0.174,0.443,135.073,4
spotify:track:28bj9itUlEwF1jvjNUo8bl,"Feeling of Gaze","Bavarian Fruit Bread","Hope Sandoval & The Warm Inventions",2001-10-23,208920,43,false,nrpxj2ryv9dyhs627ckaqmlnr,2024-04-10T14:06:13Z,"slowcore,dream pop","Tendril Tales",0.13,0.105,2,-17.556,1,0.0382,0.828,0.655,0.111,0.145,89.336,4
spotify:track:60rHtdmdUmEYLsIybME1tv,"All In","Badkid","Bakar",2018-05-22,169080,0,true,nrpxj2ryv9dyhs627ckaqmlnr,2024-04-10T14:06:18Z,"","bash*",0.421,0.625,2,-7.887,1,0.161,0.49,0,0.111,0.617,175.482,5
spotify:track:1uigwk5hNV84zRd5YQQRTk,"Pocketful of Sunshine","Pocketful Of Sunshine","Natasha Bedingfield",2007-04-27,202906,86,false,nrpxj2ryv9dyhs627ckaqmlnr,2024-04-10T14:06:32Z,"","Epic/Phonogenic",0.721,0.88,9,-3.896,0,0.0454,0.191,0,0.0769,0.655,110.021,4
spotify:track:6MFQeWtk7kxWGydnJB2y36,"These Words","Unwritten","Natasha Bedingfield",2004-08-30,216360,74,false,nrpxj2ryv9dyhs627ckaqmlnr,2024-04-10T14:07:43Z,"","Sony Music CG",0.734,0.636,5,-7.03,1,0.0815,0.0322,0,0.0808,0.931,96.987,4
spotify:track:4Yw8TyBm9J8cpy2guHUYog,"What You Need","House Of Balloons (Original)","The Weeknd",2011-03-21,206421,73,false,nrpxj2ryv9dyhs627ckaqmlnr,2024-04-10T14:09:18Z,"","The Weeknd/Lyric",0.638,0.335,7,-10.522,0,0.0854,0.505,0.0139,0.116,0.0608,133.853,4
spotify:track:1gZADNt16Oh23jWyMYRk4p,"Prisoner","Beauty Behind The Madness","The Weeknd;Lana Del Rey",2015-08-28,274960,67,true,nrpxj2ryv9dyhs627ckaqmlnr,2024-04-12T00:50:18Z,"","The Weeknd/Lyric",0.551,0.405,0,-12.756,0,0.0398,0.443,0.000217,0.11,0.341,135.017,4
spotify:track:02oAUzv4M0ItuTDy2RT3IT,"Homemade Dynamite","Melodrama","Lorde",2017-06-16,189796,63,true,nrpxj2ryv9dyhs627ckaqmlnr,2024-04-12T00:50:43Z,"","Universal Music New Zealand Limited",0.771,0.431,10,-5.423,1,0.0577,0.287,0.00000275,0.0934,0.268,107.047,4
spotify:track:0vA6Nhloi5UX2jmqX5Tvk9,"Mad Riches","Too Late To Die Young","Sonder",2022-10-21,116129,69,true,nrpxj2ryv9dyhs627ckaqmlnr,2024-04-12T00:50:50Z,"dark r&b,r&b","Sonder Global LLC",0.395,0.241,3,-11.555,0,0.045,0.948,0.000418,0.117,0.248,77.873,4
spotify:track:4rCuwgRRKaIiHlHDc8Bga6,"We Might Even Be Falling In Love (Interlude)","JAGUAR","Victoria Monét",2020-08-07,51913,61,false,nrpxj2ryv9dyhs627ckaqmlnr,2024-04-12T00:51:11Z,"alternative r&b","Tribe Records",0.768,0.506,6,-8.913,1,0.165,0.415,0.0376,0.133,0.862,77.1,4
spotify:track:4YsnwsPURRSvprBHBY1BCd,"Disillusioned (with serpentwithfeet)","NEVER ENOUGH","Daniel Caesar;serpentwithfeet",2023-04-07,241232,82,true,nrpxj2ryv9dyhs627ckaqmlnr,2024-04-12T00:52:11Z,"","Republic Records",0.792,0.548,9,-3.899,1,0.0366,0.0754,0.0000102,0.0581,0.619,97,4
spotify:track:2LMkwUfqC6S6s6qDVlEuzV,"White Ferrari","Blonde","Frank Ocean",2016-08-20,248807,87,false,nrpxj2ryv9dyhs627ckaqmlnr,2024-04-12T00:52:26Z,"","Boys Don't Cry",0.501,0.0958,0,-15.605,1,0.0433,0.77,0,0.298,0.204,108.741,4
spotify:track:4TLJNON6mZLpfZX3g4Oh8B,"IN THE AIR","COLORWAY","DESTIN CONRAD",2021-03-05,136695,60,false,nrpxj2ryv9dyhs627ckaqmlnr,2024-04-12T01:51:36Z,"alternative r&b","DESTIN CONRAD",0.794,0.389,8,-6.132,1,0.0545,0.0375,0.00194,0.109,0.259,114.92,4
spotify:track:6GnhWMhgJb7uyiiPEiEkDA,"Weekend (feat. Miguel)","GO:OD AM","Mac Miller;Miguel",2015-09-18,208080,79,true,nrpxj2ryv9dyhs627ckaqmlnr,2024-04-12T12:46:29Z,"r&b","Warner Records",0.843,0.435,8,-8.442,1,0.178,0.47,0,0.147,0.19,120.058,4
spotify:track:3LcjZGk0GBlPRe5XhYVGgM,"Caramelo Duro (feat. Kali Uchis)","War & Leisure","Miguel;Kali Uchis",2017-12-01,213724,50,false,nrpxj2ryv9dyhs627ckaqmlnr,2024-04-12T12:47:23Z,"r&b","ByStorm Entertainment/RCA Records",0.624,0.726,2,-4.585,1,0.052,0.0298,0,0.301,0.83,99.996,4
spotify:track:4qE2iDO78w5uHs03R8V7FQ,"Girls Like You","All I Want Is You","Miguel",2010-11-30,203680,51,false,nrpxj2ryv9dyhs627ckaqmlnr,2024-04-12T12:47:43Z,"r&b","Jive",0.512,0.718,4,-6.795,0,0.118,0.000871,0.0000371,0.0917,0.291,167.72,4
spotify:track:0Qa7gFj2Bclydv5NUvbftD,"Time Is the Enemy","The 5th Exotic","Quantic",2001-06-19,219880,0,false,nrpxj2ryv9dyhs627ckaqmlnr,2024-04-12T13:14:45Z,"nu jazz,trip hop,downtempo,electrocumbia,latin alternative,acid jazz","Tru Thoughts",0.185,0.856,1,-9.792,1,0.0383,0.00712,0.926,0.298,0.232,165.973,4
spotify:track:2oqcM9cd19JrVS9jAvciUm,"Porcelain","Play","Moby",1999,241160,0,false,nrpxj2ryv9dyhs627ckaqmlnr,2024-04-12T13:15:23Z,"downtempo,trip hop","Mute",0.551,0.628,0,-7.874,0,0.0294,0.00133,0.188,0.282,0.336,95.03,4
spotify:track:3oBbsA0Etxg0doF0b4nrd0,"Blood Like Lemonade","Blood Like Lemonade","Morcheeba",2010-06-07,293306,0,false,nrpxj2ryv9dyhs627ckaqmlnr,2024-04-12T13:16:29Z,"trip hop,downtempo","[PIAS] Recordings",0.653,0.59,5,-9.649,1,0.104,0.000942,0.378,0.2,0.625,168.054,4
spotify:track:0yfFYoq1kHTXhuqkLEyPLY,"On the Dub-ble","Modern Mantra","DJ KRUSH",2002-05-20,121280,0,false,nrpxj2ryv9dyhs627ckaqmlnr,2024-04-12T13:16:35Z,"trip hop,downtempo,acid jazz","Shadow Records",0.665,0.788,10,-5.757,0,0.0725,0.0141,0.897,0.422,0.658,189.88,4
spotify:track:3BVqchOakzN5Ww8gPXFGJp,"Love","Love 2","Air",2009-10-02,163186,0,false,nrpxj2ryv9dyhs627ckaqmlnr,2024-04-12T13:19:00Z,"trip hop,downtempo","Parlophone France",0.759,0.501,6,-8.21,1,0.179,0.126,0.202,0.0796,0.409,102.521,4
spotify:track:2C1nOw1nRxJaBWb9I1x05A,"Smoke & Mirrors","Deadringer: Deluxe","RJD2",2002,266200,51,false,nrpxj2ryv9dyhs627ckaqmlnr,2024-04-12T13:19:53Z,"trip hop,nu jazz,plunderphonics,downtempo","RJ's Electrical Connections",0.587,0.523,9,-9.947,1,0.0288,0.11,0.765,0.107,0.0457,95.004,4
spotify:track:0wjMOhITbtYN2n0WXU0MnJ,"Nothing Else","Londinium","Archive",1996-01-01,277933,47,false,nrpxj2ryv9dyhs627ckaqmlnr,2024-04-12T13:20:10Z,"trip hop","Universal-Island Records Ltd.",0.497,0.332,10,-14.692,0,0.0296,0.456,0.195,0.148,0.0764,159.756,4
spotify:track:4eKIHs1qmbmcFLdFYH6pU2,"Never the Same","Supreme Beings Of Leisure","Supreme Beings of Leisure",2000-02-22,243066,45,false,nrpxj2ryv9dyhs627ckaqmlnr,2024-04-12T13:21:38Z,"trip hop,downtempo","Palm Pictures",0.562,0.662,6,-7.846,0,0.11,0.299,0.00000972,0.0859,0.492,173.389,4
spotify:track:2NRRrr8ylDK38KD3Ffbw4K,"BTSTU - Edit","BTSTU (Edit)","Jai Paul",2011-04-21,210000,0,true,nrpxj2ryv9dyhs627ckaqmlnr,2024-04-12T13:29:20Z,"","XL Recordings",0.665,0.389,1,-6.709,1,0.441,0.745,0.000982,0.326,0.521,89.962,4
spotify:track:2D5zJfLUfuU6NlgD9F5oXr,"Lay Your Cards Out","Lay Your Cards Out","POLIÇA",2012-03-05,244426,0,false,nrpxj2ryv9dyhs627ckaqmlnr,2024-04-12T13:30:15Z,"","Memphis Industries",0.441,0.751,9,-6.937,0,0.0472,0.00501,0.000407,0.608,0.206,79.989,4
spotify:track:57kozn0j4DL3toKrqKQY0U,"In The Waiting Line","Simple Things (Eastwest Release)","Zero 7",2001,271520,0,false,nrpxj2ryv9dyhs627ckaqmlnr,2024-04-12T13:31:07Z,"trip hop,downtempo","EastWest U.K.",0.561,0.33,5,-13.51,1,0.0268,0.76,0.134,0.106,0.378,79.01,4
spotify:track:5HoGYj4vLajUJLNLAuZTza,"Grand","33","Blue Foundation",2001,302210,0,false,nrpxj2ryv9dyhs627ckaqmlnr,2024-04-12T13:31:22Z,"","April Records",0.611,0.489,0,-9.268,0,0.223,0.329,0.541,0.117,0.501,171.962,4
spotify:track:5Nn2Dj7OQsGL6pgQ9iIzPp,"Ghostwriter","Deadringer: Deluxe","RJD2",2002,317933,58,false,nrpxj2ryv9dyhs627ckaqmlnr,2024-04-12T13:32:26Z,"trip hop,nu jazz,plunderphonics,downtempo","RJ's Electrical Connections",0.747,0.68,1,-6.187,1,0.0346,0.0107,0.803,0.0964,0.594,93.804,4
spotify:track:4P8qXnroR43S0xk0hmSbNs,"Les Nuits","Carboot Soul","Nightmares On Wax",1999-04-12,380626,1,false,nrpxj2ryv9dyhs627ckaqmlnr,2024-04-12T13:32:43Z,"trip hop,downtempo,acid jazz,nu jazz","Warp Records",0.556,0.291,8,-14.709,1,0.0311,0.245,0.881,0.247,0.0387,94.635,4
spotify:track:7omO29eKmCjaaPu8J8SHv1,"Out of My Life","Chill out Trilogy: The Definitive Collection","Uschi",2007-05-25,281800,19,false,nrpxj2ryv9dyhs627ckaqmlnr,2024-04-12T13:33:32Z,"schlager,neue deutsche welle,schlagerparty,trip hop","Music Brokers",0.632,0.526,7,-11.953,1,0.0458,0.283,0.52,0.765,0.393,140.016,4
spotify:track:2jvuf7h454hjB2vIFhDn3o,"Amerimacka","It Takes A Thief","Thievery Corporation",2010-09-21,341532,0,false,nrpxj2ryv9dyhs627ckaqmlnr,2024-04-12T13:42:39Z,"trip hop,downtempo,acid jazz,lounge","Primary Wave/ESL",0.689,0.675,11,-9.254,0,0.0391,0.258,0.694,0.513,0.354,76.826,4
spotify:track:72DnhV9JjVW826pw7BFitw,"I Will Try","Vintage Café - Lounge & Jazz Blends","Urselle",2007-09-01,222440,35,false,nrpxj2ryv9dyhs627ckaqmlnr,2024-04-12T15:41:59Z,"bossa nova,lounge,jazz pop","Music Brokers",0.318,0.45,2,-10.568,1,0.0262,0.587,0.00147,0.272,0.213,69.974,4
spotify:track:3XHrTm6WE2BOHafLwTT3GR,"Eyes on Fire","Life Of A Ghost","Blue Foundation",2007-09-24,302826,70,false,nrpxj2ryv9dyhs627ckaqmlnr,2024-04-12T16:06:23Z,"","Parlophone Denmark",0.544,0.383,3,-10.143,0,0.0334,0.67,0.00204,0.125,0.367,145.025,4
spotify:track:3YORO9Xcw4WxsAUPLrlkZe,"Les Fleur","Creating Patterns","4hero;Carina Andersson",2001-01-01,365746,0,false,nrpxj2ryv9dyhs627ckaqmlnr,2024-04-12T16:10:11Z,"acid jazz,nu jazz,jungle,drum and bass,trip hop","Talkin' Loud",0.359,0.676,10,-5.451,0,0.0373,0.0103,0.0772,0.0994,0.417,75.775,4
spotify:track:2LBdCn8RI2vP9StjyhwFpu,"Que Sera","Tales Of The Forgotten Melodies","Wax Tailor",2005,164141,0,false,nrpxj2ryv9dyhs627ckaqmlnr,2024-04-12T16:16:46Z,"trip hop,plunderphonics,nu jazz,downtempo,electro swing","Decon Media, Inc.",0.582,0.73,9,-5.058,1,0.1,0.302,0.273,0.17,0.443,166.284,4
spotify:track:2WMRd3xAb9FwXopCRNWDq1,"Wildfire","SBTRKT","SBTRKT;Little Dragon",2011-06-27,201000,0,false,nrpxj2ryv9dyhs627ckaqmlnr,2024-04-12T16:18:50Z,"trip hop","Young Turks Recordings",0.835,0.481,0,-7.188,0,0.387,0.0308,0.000501,0.0896,0.34,139.581,4
spotify:track:147EyA3VALb0eHFmcSR7gA,"Raid The Radio","Good City For Dreamers","General Elektriks",2009,229080,0,false,nrpxj2ryv9dyhs627ckaqmlnr,2024-04-12T16:40:26Z,"french indie pop","Discograph",0.763,0.949,1,-2.852,0,0.048,0.0301,0.0257,0.196,0.508,88.009,4
spotify:track:78UNyl9yvmmsDpoR7Un8to,"Meteorology","Wreckage","Overseer",1997,332440,25,false,nrpxj2ryv9dyhs627ckaqmlnr,2024-04-12T17:11:09Z,"big beat,breakbeat","Columbia",0.293,0.489,8,-14.394,1,0.057,0.0257,0.165,0.11,0.165,169.954,4
spotify:track:4uXRGIjbWgpYO9R1bIqQ1h,"Overcome","Maxinquaye","Tricky",1995-01-01,270093,0,false,nrpxj2ryv9dyhs627ckaqmlnr,2024-04-12T17:14:50Z,"trip hop,downtempo","Universal Music Group",0.817,0.607,2,-13.005,1,0.215,0.43,0.772,0.0914,0.779,82.271,4
spotify:track:3srcCsCjdbsXQKoWLCXFe5,"Any Other Name","American Beauty (Soundtrack)","Thomas Newman",2000-01-01,246626,0,false,nrpxj2ryv9dyhs627ckaqmlnr,2024-04-12T17:16:00Z,"soundtrack,score","Geffen*",0.304,0.0116,7,-33.19,0,0.0337,0.983,0.963,0.104,0.0364,77.84,4
spotify:track:690VYCFMFmzfEwVG2GUEzO,"Moments Like These","Breathe In","Beauty's Confusion",2004-01-01,294186,44,false,nrpxj2ryv9dyhs627ckaqmlnr,2024-04-12T17:18:08Z,"trip hop,downtempo","Ousted Records",0.647,0.388,10,-10.48,1,0.0478,0.189,0.00216,0.176,0.237,80.009,4
spotify:track:4Xr9UKLq3YGnExa50oLfAw,"King Size","King Size","Kruder & Dorfmeister",2020-09-25,297426,46,false,nrpxj2ryv9dyhs627ckaqmlnr,2024-04-12T17:24:51Z,"trip hop,downtempo,nu jazz,acid jazz,jazz house","G-Stone Recordings",0.787,0.224,10,-14.059,0,0.0645,0.0233,0.731,0.162,0.33,95.912,4
spotify:track:28Zg3EXyibO3UEda2WirSV,"Koop Island Blues","Koop Islands","Koop;Ane Brun",2006-10-03,276360,64,false,nrpxj2ryv9dyhs627ckaqmlnr,2024-04-12T17:36:46Z,"nu jazz,acid jazz,trip hop","Diesel",0.555,0.537,10,-9.041,0,0.0314,0.731,0.0524,0.287,0.521,79.239,4
spotify:track:07No6QXUHlrn3y4U932UK2,"Aftermath - Version 1","Classic Chillout","Tricky;Martina Topley-Bird",2006-01-01,303493,12,false,nrpxj2ryv9dyhs627ckaqmlnr,2024-04-12T17:53:41Z,"trip hop,downtempo","Universal Music Group International",0.632,0.25,6,-14.03,1,0.0365,0.461,0.153,0.113,0.396,80.779,4
spotify:track:1AJ2nnlhd3LrES1oKF5S5s,"Lovely Head","Felt Mountain","Goldfrapp",2000,229826,0,false,nrpxj2ryv9dyhs627ckaqmlnr,2024-04-12T18:00:24Z,"trip hop,electroclash,art pop","Mute",0.481,0.413,5,-9.863,0,0.0278,0.682,0.939,0.149,0.053,109.001,4
spotify:track:0GsQ4dS8a6vV3P3A7lc4nc,"Scale It Back","The Less You Know, The Better","DJ Shadow;Little Dragon",2011-01-01,256955,0,false,nrpxj2ryv9dyhs627ckaqmlnr,2024-04-12T18:08:15Z,"trip hop,plunderphonics,downtempo","Universal Music Group",0.633,0.661,8,-8.234,1,0.0254,0.051,0.00511,0.118,0.696,168.093,4
spotify:track:5OlM5krdWS4ivOGVz3X8c0,"Some Unholy War - Down Tempo","Back To Black (Deluxe Edition)","Amy Winehouse",2006,196080,44,false,nrpxj2ryv9dyhs627ckaqmlnr,2024-04-12T18:18:16Z,"","Universal-Island Records Ltd.",0.54,0.505,5,-8.325,1,0.0347,0.493,0.0000897,0.0893,0.27,78.188,3
spotify:track:1GaYqv2NMMlVbG3ewJQ4A6,"Trigger Hippie","Who Can You Trust?","Morcheeba",1997-05-08,332759,58,false,nrpxj2ryv9dyhs627ckaqmlnr,2024-04-12T18:38:49Z,"trip hop,downtempo","EastWest U.K.",0.628,0.625,5,-9.224,0,0.0465,0.0758,0.645,0.48,0.148,172.154,4
spotify:track:2wC0qK8JN6gblb0ZJzE2d9,"Hell Is Round The Corner","Maxinquaye (Deluxe Edition)","Tricky;Martina Topley-Bird",1995,227066,61,false,nrpxj2ryv9dyhs627ckaqmlnr,2024-04-12T20:22:41Z,"trip hop,downtempo","UMC (Universal Music Catalogue)",0.574,0.539,0,-12.273,1,0.177,0.336,0.00515,0.196,0.507,119.94,4
spotify:track:4wcWI3GEtaGm38dbdDFbyI,"Aftermath","Maxinquaye","Tricky;Martina Topley-Bird",1995-01-01,458666,50,false,nrpxj2ryv9dyhs627ckaqmlnr,2024-04-12T20:34:12Z,"trip hop,downtempo","Universal-Island Records Ltd.",0.73,0.436,10,-14.19,0,0.0637,0.0363,0.296,0.138,0.501,80.84,4
spotify:track:4QQuGB9jW0JdyvP78dOH0D,"Nothin' Like Tomorrow","Supreme Beings Of Leisure","Supreme Beings of Leisure",2000-02-22,283440,25,false,nrpxj2ryv9dyhs627ckaqmlnr,2024-04-12T22:04:53Z,"trip hop,downtempo","Palm Pictures",0.556,0.672,4,-8.125,0,0.146,0.186,0.000439,0.125,0.289,174.203,4
spotify:track:55G3VZAmkOyyfKI189ayv1,"Under the Gun","Supreme Beings Of Leisure","Supreme Beings of Leisure",2000-02-22,210333,37,false,nrpxj2ryv9dyhs627ckaqmlnr,2024-04-12T22:11:29Z,"trip hop,downtempo","Palm Pictures",0.751,0.883,1,-6.439,1,0.0865,0.0373,0.378,0.389,0.685,104.692,4
spotify:track:5mQufnj3hfd1rnXALgADI6,"Pilots","Felt Mountain","Goldfrapp",2000-09-01,269600,44,false,nrpxj2ryv9dyhs627ckaqmlnr,2024-04-12T23:35:38Z,"trip hop,electroclash,art pop","Mute, a BMG Company",0.354,0.372,6,-10.564,1,0.0303,0.347,0.237,0.0755,0.118,84.762,4
spotify:track:18xrqCseLKUCRrl45YxfAq,"Sunday Afternoons","Zipless (Songs from the Works of Erica Jong)","Vanessa Daou",2013-07-01,228360,46,true,nrpxj2ryv9dyhs627ckaqmlnr,2024-04-13T00:24:45Z,"trip hop,downtempo","Daou Records",0.62,0.848,5,-11.395,0,0.0467,0.131,0.452,0.132,0.546,100.977,4
spotify:track:2ydJMd8R9zyeBpE4wQv6rB,"Pop Art Blue","Yeah Ghost (Deluxe)","Zero 7;Martha Tilston",2009-09-25,263333,0,false,nrpxj2ryv9dyhs627ckaqmlnr,2024-04-13T00:30:07Z,"trip hop,downtempo","New State Music",0.684,0.459,0,-12.289,1,0.0518,0.664,0.00022,0.0673,0.548,83.969,4
spotify:track:1FEaBfVV4rTu3WzC5uWBnd,"Dreaming","The Garden","Zero 7;Sia",2006-05-22,214186,0,false,nrpxj2ryv9dyhs627ckaqmlnr,2024-04-13T00:55:50Z,"trip hop,downtempo","New State Music",0.619,0.372,7,-11.233,1,0.0302,0.443,0.000675,0.0952,0.626,82.133,4
spotify:track:3J9ArDo4psIp85thvZId8w,"Song For Holly","GO Music From The Motion Picture","Esthero;Danny Saber",1999,246800,35,false,nrpxj2ryv9dyhs627ckaqmlnr,2024-04-13T01:00:23Z,"trip hop,downtempo,big beat","Work/Sony Music Soundtrax",0.58,0.628,8,-8.869,1,0.0416,0.0139,0.0515,0.0975,0.288,98.108,4
spotify:track:5xhVp7qae7b9IN1a4ZuTJA,"Climbing Up the Walls - Zero 7 Mix","Karma Police","Radiohead;Zero 7",1997-08-25,319186,44,false,nrpxj2ryv9dyhs627ckaqmlnr,2024-04-13T01:05:28Z,"art rock,alternative rock,trip hop,downtempo","XL Recordings",0.66,0.513,11,-9.92,0,0.0365,0.0066,0.715,0.898,0.347,75.001,4
spotify:track:1UvxXGtZ4ph0h16xXlEzSz,"Flying Away","Flying Away","Smoke City",1997-08-25,228466,49,false,nrpxj2ryv9dyhs627ckaqmlnr,2024-04-13T01:09:49Z,"trip hop,downtempo","Sony Music CG",0.678,0.571,2,-10.972,0,0.0503,0.0455,0.0177,0.134,0.468,86.98,4
spotify:track:7rhc9e9gzWZOj9khLQE8mb,"Speed Dial No. 2","When It Falls","Zero 7;Sia",2004-03-02,231506,0,false,nrpxj2ryv9dyhs627ckaqmlnr,2024-04-13T01:50:42Z,"trip hop,downtempo","New State Music",0.349,0.35,7,-11.193,1,0.0259,0.513,0.0432,0.343,0.0477,82.911,4
spotify:track:0YZ2UJ9qj84naUWYAt4EIG,"Alcestis On the Poetry Circuit","Zipless (Songs from the Works of Erica Jong)","Vanessa Daou",2013-07-01,280840,23,true,nrpxj2ryv9dyhs627ckaqmlnr,2024-04-13T01:56:07Z,"trip hop,downtempo","Daou Records",0.66,0.553,11,-10.364,1,0.0326,0.415,0.723,0.0964,0.615,111.99,4
spotify:track:1UTvZvK8iJGbxFTY5yDG2V,"Strangers on a Train","Nathaniel Merriweather Presents...Lovage: Music to Make Love to Your Old Lady By","Nathaniel Merriweather;Mike Patton;Jennifer Charles;Kid Koala;Dan The Automator",2001-11-06,276874,35,false,nrpxj2ryv9dyhs627ckaqmlnr,2024-04-13T02:02:38Z,"trip hop,downtempo,avant-garde,industrial rock,plunderphonics,jazz rap","Bulk Recordings",0.776,0.498,0,-8.202,1,0.0295,0.134,0.631,0.119,0.875,86.332,4
spotify:track:33jApnIrJlTk2K9Oqzimn3,"Show Me","Make You Love","Vanessa Daou",2013-07-01,235533,25,false,nrpxj2ryv9dyhs627ckaqmlnr,2024-04-13T02:24:47Z,"trip hop,downtempo","Daou Records",0.6,0.594,5,-7.592,0,0.0271,0.659,0.000601,0.101,0.383,83.994,4
spotify:track:3nTVd3oq7wWnnZgRbHCVty,"Enough","French Cuisine","Alif Tree",2006-02-06,325253,29,false,nrpxj2ryv9dyhs627ckaqmlnr,2024-04-13T02:28:15Z,"trip hop,nu jazz,downtempo,acid jazz","Compost Records",0.483,0.651,7,-6.052,0,0.0424,0.0448,0.725,0.115,0.361,89.916,4
spotify:track:1Ykyn0tVo3TiO4wHrEfsN0,"Book of the Month","Nathaniel Merriweather Presents...Lovage: Music to Make Love to Your Old Lady By","Nathaniel Merriweather;Mike Patton;Jennifer Charles;Kid Koala;Dan The Automator",2001-11-06,268608,39,false,nrpxj2ryv9dyhs627ckaqmlnr,2024-04-13T02:35:31Z,"trip hop,downtempo,avant-garde,industrial rock,plunderphonics,jazz rap","Bulk Recordings",0.666,0.516,10,-9.602,0,0.0426,0.226,0.878,0.11,0.603,89.47,4
spotify:track:5mVIzMEUUaL412o9s0PtRN,"Roll On","Becoming X","Sneaker Pimps",1996-08-18,269000,28,false,nrpxj2ryv9dyhs627ckaqmlnr,2024-04-13T02:38:57Z,"trip hop,downtempo","One Little Independent",0.564,0.762,7,-7.454,1,0.0578,0.0209,0.0411,0.36,0.59,169.072,4
spotify:track:2LQrzHAiBCk2PUgxmYzfDQ,"Bittersweet Faith - Thievery Corporation Remix","The Remix Game","Bitter:Sweet",2007-07-31,238240,42,false,nrpxj2ryv9dyhs627ckaqmlnr,2024-04-13T02:59:52Z,"trip hop,nu jazz","Quango",0.668,0.676,5,-7.383,0,0.0267,0.396,0.261,0.117,0.685,103.384,4
spotify:track:3iUtEZNNdQnM5ZSfKLT6Gw,"Fall Into You","Illusion","Soulstice",2001-04-04,302173,52,false,nrpxj2ryv9dyhs627ckaqmlnr,2024-04-13T03:03:26Z,"trip hop,downtempo","Om",0.596,0.839,11,-6.339,0,0.0417,0.0933,0.00259,0.0938,0.356,129.994,4
spotify:track:47hHHNPSRNmIP1uPqOd72e,"Barabas","A New Stereophonic Sound Spectacular","Hooverphonic",1997-04-15,228733,38,false,nrpxj2ryv9dyhs627ckaqmlnr,2024-04-13T06:24:06Z,"trip hop,downtempo","Epic",0.637,0.816,5,-7.986,0,0.0342,0.114,0.603,0.231,0.547,100.557,4
spotify:track:3Kb9cudvsFtg2NRrlObXkx,"Worry About You","Long Distance","Ivy",2000-11-08,238466,26,false,nrpxj2ryv9dyhs627ckaqmlnr,2024-04-13T06:54:57Z,"","Bar/None Records",0.588,0.603,1,-8.722,1,0.0268,0.771,0.88,0.131,0.525,85.018,4
spotify:track:4iBqN4fvv1j9mvc8sHp8Nu,"Your Girl","Nothing Changes Under The Sun","Blue States",2000-09-03,304333,53,false,nrpxj2ryv9dyhs627ckaqmlnr,2024-04-13T06:55:01Z,"trip hop,downtempo","Memphis Industries",0.706,0.52,8,-7.496,0,0.0289,0.566,0.856,0.158,0.354,108.999,4
spotify:track:13dn48iUAKGFWPqcH65L0g,"The Mating Game","The Mating Game","Bitter:Sweet",2006-04-04,204266,37,false,nrpxj2ryv9dyhs627ckaqmlnr,2024-04-13T06:58:27Z,"trip hop,nu jazz","Quango",0.751,0.603,0,-6.329,0,0.0448,0.396,0.000395,0.168,0.776,117.613,4
spotify:track:4OJBmFzo7i8Qa38ExrxwE8,"Relaxin' with cherry","A Grand Love Story","Kid Loco",1997,328265,56,false,nrpxj2ryv9dyhs627ckaqmlnr,2024-04-13T07:07:44Z,"trip hop,downtempo,acid jazz","Wagram Music",0.746,0.855,1,-7.097,0,0.0412,0.216,0.845,0.0882,0.582,125.954,4
spotify:track:7tQxaCZrOLFCfG7YndtjsR,"Don't Forget To Breathe","The Mating Game","Bitter:Sweet",2006-04-04,194160,32,false,nrpxj2ryv9dyhs627ckaqmlnr,2024-04-13T07:08:02Z,"trip hop,nu jazz","Quango",0.572,0.649,0,-7.506,0,0.0408,0.192,0.000728,0.124,0.404,80.005,4
spotify:track:4ZhEnlPeEwsGTBvQmVE7Ci,"Cinderella","A New Stereophonic Sound Spectacular","Hooverphonic",1997-04-15,231933,34,false,nrpxj2ryv9dyhs627ckaqmlnr,2024-04-13T07:08:54Z,"trip hop,downtempo","Epic",0.581,0.552,7,-11.045,1,0.0281,0.00214,0.89,0.112,0.416,99.908,4
spotify:track:4WXe8opwI0VlFygUXMFK59,"My Neighborhood","Infinity Coast","21 Hertz",2013-01-21,268397,35,false,nrpxj2ryv9dyhs627ckaqmlnr,2024-04-13T07:10:07Z,"trip hop,downtempo","Autoproduction",0.65,0.557,9,-9.036,1,0.0416,0.000573,0.848,0.384,0.199,134.056,4
spotify:track:0ti2t94YpH5cSgpGXdXQcc,"God Can Make You Pay","I've Been Here the Longest","Puracane",2009-05-16,285186,36,false,nrpxj2ryv9dyhs627ckaqmlnr,2024-04-13T07:14:36Z,"trip hop,downtempo","Astraea Records",0.576,0.597,11,-7.563,0,0.0258,0.154,0.000106,0.14,0.29,96.014,4
spotify:track:6EuGf9ZfK9CcSoq2M0SYto,"What Your Soul Sings","100th Window","Massive Attack;Sinéad O'Connor",2003-02-10,398760,47,false,nrpxj2ryv9dyhs627ckaqmlnr,2024-04-13T07:20:21Z,"trip hop,downtempo","Virgin Records",0.477,0.631,8,-10.503,1,0.0461,0.0232,0.599,0.584,0.0713,146.04,4
spotify:track:22yxR09cYIuD8aeT3TfJlu,"Butterfly Caught","100th Window","Massive Attack",2003-02-10,454680,46,false,nrpxj2ryv9dyhs627ckaqmlnr,2024-04-13T07:43:01Z,"trip hop,downtempo","Virgin Records",0.221,0.56,0,-13.331,1,0.0345,0.0154,0.854,0.188,0.038,104.843,4
spotify:track:6maAQosT6FTMoLNEOexeZE,"Out Of Tune","Blue Wonder Power Milk","Hooverphonic",1998-04-08,205973,26,false,nrpxj2ryv9dyhs627ckaqmlnr,2024-04-13T07:56:52Z,"trip hop,downtempo","Columbia",0.617,0.808,10,-7.845,0,0.0588,0.00528,0.421,0.0736,0.881,100.544,4
spotify:track:5DqgAiif05gAXy4qC5ag17,"Near the Black Forest","Zipless (Songs from the Works of Erica Jong)","Vanessa Daou",2013-07-01,286826,37,true,nrpxj2ryv9dyhs627ckaqmlnr,2024-04-13T07:58:20Z,"trip hop,downtempo","Daou Records",0.623,0.522,11,-10.559,0,0.0315,0.239,0.0888,0.0897,0.357,91.032,4
spotify:track:49TD0OYcUEhBcOH6vXGzI3,"Take 2 Blue","The Mating Game","Bitter:Sweet",2006-04-04,160773,22,false,nrpxj2ryv9dyhs627ckaqmlnr,2024-04-13T08:01:56Z,"trip hop,nu jazz","Quango",0.781,0.42,9,-10.854,1,0.0363,0.893,0.000541,0.184,0.883,114.862,4
spotify:track:1jFnk9RZbdHS3asiIoWVgm,"Steppin' Out","Sise","Si*Sé",2001,203186,14,false,nrpxj2ryv9dyhs627ckaqmlnr,2024-04-13T08:05:15Z,"afro-cuban jazz,latin alternative","LUAKA BOP",0.548,0.756,7,-6.393,0,0.0386,0.03,0.0595,0.131,0.61,79.308,4
spotify:track:5gW1imdVtmP3HqVIeD8QuP,"Heart Stop","Dusty Rainbow from the Dark","Wax Tailor;Jennifer Charles",2012-09-10,175240,0,false,nrpxj2ryv9dyhs627ckaqmlnr,2024-04-13T08:05:49Z,"trip hop,plunderphonics,nu jazz,downtempo,electro swing,industrial rock","Lab'Oratoire",0.715,0.694,1,-7.094,1,0.0331,0.0787,0.141,0.368,0.848,100.009,4
spotify:track:3wP5xL5vNDMrsqPGzHjcma,"The Wrong Way","Breathe In","Beauty's Confusion",2004-01-01,284453,34,false,nrpxj2ryv9dyhs627ckaqmlnr,2024-04-13T08:10:35Z,"trip hop,downtempo","Ousted Records",0.741,0.667,4,-4.885,0,0.0606,0.0378,0.000648,0.0631,0.573,82.997,4
spotify:track:7eeEtLXBHuAjXoPBYajQT2,"Everywhen","100th Window","Massive Attack;Horace Andy",2003-02-10,459146,45,false,nrpxj2ryv9dyhs627ckaqmlnr,2024-04-13T08:17:30Z,"trip hop,downtempo,roots reggae,dub,reggae,rocksteady,lovers rock,ragga","Virgin Records",0.489,0.506,7,-13.68,0,0.0318,0.202,0.676,0.0916,0.0387,156.775,4
spotify:track:46LwAOzg3UYvxiXyyaFedz,"Breathe","genetic world","Télépopmusik",2001-04-30,296226,0,false,nrpxj2ryv9dyhs627ckaqmlnr,2024-04-13T08:20:25Z,"trip hop,downtempo","Parlophone France",0.687,0.646,1,-13.639,1,0.0462,0.421,0.41,0.362,0.571,113.993,4
spotify:track:4NyKEVldCvokxpmeFBNNXI,"2 Wicky","A New Stereophonic Sound Spectacular","Hooverphonic",1997-04-15,284293,58,false,nrpxj2ryv9dyhs627ckaqmlnr,2024-04-13T08:32:08Z,"trip hop,downtempo","Epic",0.546,0.613,10,-7.938,0,0.048,0.16,0.00403,0.13,0.446,68.172,4
spotify:track:7n6GXJgNItuIhXNF4BBYU1,"Stroker Ace","Nathaniel Merriweather Presents...Lovage: Music to Make Love to Your Old Lady By","Nathaniel Merriweather;Mike Patton;Jennifer Charles;Kid Koala;Dan The Automator",2001-11-06,269537,44,false,nrpxj2ryv9dyhs627ckaqmlnr,2024-04-13T08:43:06Z,"trip hop,downtempo,avant-garde,industrial rock,plunderphonics,jazz rap","Bulk Recordings",0.844,0.568,11,-9.834,1,0.133,0.0969,0.604,0.109,0.378,80.007,4
spotify:track:1VdSiFWAzU1pwpllaQVN5h,"The Gaudy Side of Town","Relayted","Gayngs",2010-05-10,427226,0,false,nrpxj2ryv9dyhs627ckaqmlnr,2024-04-13T09:13:48Z,"","Jagjaguwar",0.685,0.423,11,-9.031,0,0.0475,0.716,0.518,0.0765,0.633,138.034,4
spotify:track:7oa6tyfB7WysYfKyqHhOdg,"Home - Stereolab Remix","RECORD (Deluxe)","Zero 7;Tina Dico;Stereolab",2010-07-20,410160,0,false,nrpxj2ryv9dyhs627ckaqmlnr,2024-04-13T13:53:39Z,"trip hop,downtempo,art pop,krautrock,neo-psychedelic,post-rock","New State Music",0.433,0.69,7,-7.664,1,0.0387,0.0675,0.607,0.256,0.13,94.203,4
spotify:track:4ZvbDx8HuPvAAOzYGcCNWm,"Plus Profond","A New Stereophonic Sound Spectacular","Hooverphonic",1997-04-15,265093,34,false,nrpxj2ryv9dyhs627ckaqmlnr,2024-04-13T14:12:01Z,"trip hop,downtempo","Epic",0.583,0.785,5,-8.596,0,0.0313,0.109,0.0211,0.0861,0.49,131.527,4
spotify:track:6p4qinZbafqLw1KRgbSSBO,"Our Remains - JAB Remix","The Remix Game","Bitter:Sweet;Menez One",2007-07-31,247266,26,false,nrpxj2ryv9dyhs627ckaqmlnr,2024-04-13T14:12:01Z,"trip hop,nu jazz","Quango",0.699,0.783,8,-8.222,1,0.0424,0.504,0.592,0.076,0.583,99.998,4
spotify:track:4cK4b5tJ5F1gHxzgQfI0eb,"Flowers Bloom","Empathy","Mandalay",1998-01-01,265573,13,false,nrpxj2ryv9dyhs627ckaqmlnr,2024-04-13T14:12:01Z,"trip hop,downtempo","UMC (Universal Music Catalogue)",0.635,0.586,9,-8.172,0,0.0388,0.538,0.0000703,0.0884,0.621,148.148,4
spotify:track:0Dw9z44gXhplDh5HCWZIxP,"You Oughta Know","Jagged Little Pill","Alanis Morissette",1995,249200,64,true,nrpxj2ryv9dyhs627ckaqmlnr,2024-04-13T14:25:25Z,"","Maverick",0.66,0.831,4,-8.195,1,0.0557,0.204,0,0.736,0.43,105.32,4
spotify:track:1Sz3dWB1GXx1CeEzoYhMlo,"Long","Brazilian Girls","Brazilian Girls",2005-01-01,287040,21,false,nrpxj2ryv9dyhs627ckaqmlnr,2024-04-13T15:04:09Z,"downtempo","Verve",0.711,0.714,8,-8.533,0,0.0461,0.141,0.053,0.104,0.71,109.985,4
spotify:track:1d6KS9GH06JAd19uiBy9IE,"Ironic - 2015 Remaster","Jagged Little Pill (2015 Remaster)","Alanis Morissette",1995,230000,79,false,nrpxj2ryv9dyhs627ckaqmlnr,2024-04-13T15:04:09Z,"","Rhino/Maverick Records",0.408,0.582,11,-8.305,1,0.0508,0.218,0,0.159,0.365,114.926,5
spotify:track:7JnKJlFDuCG9vg3qlnk5uj,"Ashbury","The Common Station","Shine",2008-01-07,290226,18,false,nrpxj2ryv9dyhs627ckaqmlnr,2024-04-13T15:07:22Z,"trip hop","Bonsaï Music",0.603,0.651,2,-6.333,1,0.0295,0.267,0.00282,0.0835,0.208,79.997,4
spotify:track:0pw9T3nZ98zph87cS5jj5x,"Windmills","Breathe In","Beauty's Confusion",2004-01-01,263280,45,false,nrpxj2ryv9dyhs627ckaqmlnr,2024-04-13T15:24:20Z,"trip hop,downtempo","Ousted Records",0.683,0.4,0,-9.609,1,0.033,0.443,0.0744,0.105,0.236,83.994,4
spotify:track:2fkE377cSGyUcN8rBkeV2d,"Anyone Else","Things You Should Leave Alone","Puracane",2000-03-21,272160,2,false,nrpxj2ryv9dyhs627ckaqmlnr,2024-04-13T15:33:34Z,"trip hop,downtempo","Ubiquity Records",0.746,0.574,0,-8.454,1,0.0394,0.073,0.456,0.119,0.285,75.011,4
spotify:track:3g0Ackd5Nf3ADEp5XPyCln,"Sly - 7'' Edit","Singles Collection","Massive Attack;Nicolette",1998-01-01,253293,9,false,nrpxj2ryv9dyhs627ckaqmlnr,2024-04-13T16:41:45Z,"trip hop,downtempo","Circa",0.627,0.463,11,-10.83,0,0.0243,0.00977,0.384,0.275,0.478,90.04,4
spotify:track:2jknEB3TLUX5vEaLI4gttE,"Six Seven Times","Morning Star","Flunk",2004-04-27,278946,36,false,nrpxj2ryv9dyhs627ckaqmlnr,2024-04-13T16:47:39Z,"trip hop,downtempo","Beatservice Records",0.601,0.543,4,-10.719,0,0.0324,0.283,0.716,0.354,0.357,119.943,4
spotify:track:5LKxj8KkCHSWT5osgXPeIq,"Memories (Original)","Simplicity","Soma Sonic",2006-01-01,347480,21,false,nrpxj2ryv9dyhs627ckaqmlnr,2024-04-13T16:50:14Z,"trip hop,downtempo","Subsonic Recordings",0.53,0.898,3,-9.188,0,0.0523,0.0804,0.845,0.123,0.92,159.997,4
spotify:track:2zeFxpmncdZhzeuud3Xgdg,"Overdue","The Mating Game","Bitter:Sweet",2006-04-04,214440,24,false,nrpxj2ryv9dyhs627ckaqmlnr,2024-04-13T16:56:06Z,"trip hop,nu jazz","Quango",0.637,0.744,2,-7.042,1,0.0778,0.158,0.00407,0.268,0.689,175.864,4
spotify:track:2CfJczA6huFqThG8rLnIns,"See Thru You","For Sleepyheads Only","Flunk",2002-04-29,318613,28,false,nrpxj2ryv9dyhs627ckaqmlnr,2024-04-13T18:45:19Z,"trip hop,downtempo","Beatservice Records",0.712,0.691,5,-8.652,0,0.0365,0.136,0.0305,0.137,0.75,76.298,4
spotify:track:3iJa6ANDhQIYowTCBSic0m,"Tropicadelica","Mondo Beyondo","Ursula 1000;Natalia Clavier",2011-08-09,275853,18,false,nrpxj2ryv9dyhs627ckaqmlnr,2024-04-13T20:05:21Z,"big beat,cha cha cha,acid jazz,nu jazz,latin alternative,tango,trip hop","Ursula 1000",0.592,0.924,10,-8.351,0,0.0362,0.0168,0.818,0.376,0.608,100.002,4
spotify:track:1NeJ238ZU5BPxcpbfIWJfj,"Disney Town","Formica Blues","Mono",1997-08-25,249600,24,false,nrpxj2ryv9dyhs627ckaqmlnr,2024-04-13T20:17:25Z,"trip hop","Echo",0.572,0.676,10,-9.319,1,0.0256,0.00426,0.0798,0.681,0.373,95.459,4
spotify:track:0BkjS3tcP2BGywJJTrVUGR,"Sail into the Sun","Ibiza Chillout Edition - Summer Breeze","The Funky Lowlives",2007-06-01,304026,28,false,nrpxj2ryv9dyhs627ckaqmlnr,2024-04-13T20:26:30Z,"nu jazz,acid jazz,lounge,trip hop,downtempo","Modernsoul",0.632,0.423,9,-13.887,1,0.0373,0.533,0.382,0.0863,0.691,80,4
spotify:track:3T28jUJgz3QDIFQHm5gVvR,"This Life","Empathy","Mandalay",1998-01-01,260226,27,false,nrpxj2ryv9dyhs627ckaqmlnr,2024-04-13T21:25:30Z,"trip hop,downtempo","UMC (Universal Music Catalogue)",0.631,0.626,1,-6.248,1,0.0457,0.033,0.0293,0.0836,0.604,86.004,4
spotify:track:06DXs2hBRdjNs1qE1iYCQQ,"Dub In Ya Mind","Simplicity 2000","Afterlife",1999-01-01,346760,35,false,nrpxj2ryv9dyhs627ckaqmlnr,2024-04-13T21:26:16Z,"lounge,downtempo","Subatomic UK",0.719,0.649,1,-8.884,0,0.0585,0.00951,0.771,0.118,0.67,79.996,4
spotify:track:3PsRJjl5Igy1eqogoitjyW,"Miscommunication","Shock Value","Timbaland;Keri Hilson;Sebastian",2007-04-02,198986,39,false,nrpxj2ryv9dyhs627ckaqmlnr,2024-04-13T21:40:30Z,"","Interscope/Blackground Records",0.647,0.798,0,-2.286,1,0.0282,0.144,0,0.364,0.393,106.076,4
spotify:track:5lcyIeEfwZTs8Ajw3kdF7P,"Crack Rock","channel ORANGE","Frank Ocean",2012-07-10,224146,75,true,nrpxj2ryv9dyhs627ckaqmlnr,2024-04-16T00:46:44Z,"","Red Zone Entertainment / IDJ",0.429,0.736,5,-8.017,1,0.222,0.0696,0,0.0852,0.379,89.262,4
spotify:track:0iFOG4Ki9aDmJUYUFHQlPG,"Frontin' (feat. JAY-Z) - Club Mix","The Neptunes Present... Clones","Pharrell Williams;JAŸ-Z",2003-08-19,236506,70,true,nrpxj2ryv9dyhs627ckaqmlnr,2024-04-16T14:13:16Z,"hip hop,east coast hip hop,rap","Arista",0.894,0.404,9,-5.913,0,0.13,0.453,0.00000157,0.0801,0.759,102.009,4
spotify:track:3L7RtEcu1Hw3OXrpnthngx,"Don't You Want Me","Dare!","The Human League",1981,236920,78,false,nrpxj2ryv9dyhs627ckaqmlnr,2024-04-17T00:41:31Z,"new wave,synthpop","Virgin Records",0.731,0.738,9,-8.125,0,0.0377,0.184,0,0.214,0.958,117.656,4
spotify:track:0Oqc0kKFsQ6MhFOLBNZIGX,"Doin' Time","Norman Fucking Rockwell!","Lana Del Rey",2019-08-30,202192,80,true,nrpxj2ryv9dyhs627ckaqmlnr,2024-04-17T14:49:15Z,"","Polydor Records",0.641,0.559,7,-11.132,0,0.0355,0.404,0.00402,0.0937,0.523,144.982,4
spotify:track:60hF90c4Fgdxf1b8mWyQzN,"So Long","So Long","Bien et Toi;Paris Texas",2024-03-28,211846,38,true,nrpxj2ryv9dyhs627ckaqmlnr,2024-04-17T16:19:51Z,"alternative hip hop,experimental hip hop,rap rock","AMF Records",0.658,0.701,0,-8.266,1,0.0536,0.171,0.00365,0.0705,0.444,81.908,4
spotify:track:5RcvlmVx2xtFcp2Ta5pw7X,"Someone To Watch Over Me","Ella Sings Gershwin","Ella Fitzgerald",1950-09-11,196666,57,false,nrpxj2ryv9dyhs627ckaqmlnr,2024-04-17T17:27:34Z,"jazz,vocal jazz,swing music,big band,christmas","Verve Reissues",0.354,0.0851,7,-13.738,1,0.0345,0.99,0.00000449,0.123,0.197,97.684,1
spotify:track:5EMKS6mLi4JprJxy8IGdhT,"DnF (feat. Drake & Future)","Dear America","Preme;Drake;Future",2014-09-09,205386,55,true,nrpxj2ryv9dyhs627ckaqmlnr,2024-04-19T01:22:56Z,"rap","Reps/RCA Records",0.707,0.599,0,-7.053,0,0.305,0.0836,0,0.31,0.55,76.881,4
spotify:track:3xeDr86GnwkxhHQIit7NL9,"Waste My Time","Waste My Time","Essosa",2023-06-07,180731,66,false,nrpxj2ryv9dyhs627ckaqmlnr,2024-04-19T18:14:48Z,"uk r&b","Atlantic Records UK",0.784,0.531,5,-5.874,0,0.0579,0.0745,0.0000203,0.093,0.436,120.053,4
spotify:track:41Qqx0ZO35t2wRhgbaQ8mn,"Only One","Only One","Essosa",2024-04-18,157624,28,false,nrpxj2ryv9dyhs627ckaqmlnr,2024-04-19T18:17:59Z,"uk r&b","Atlantic Records UK",0.854,0.758,2,-5.151,1,0.0711,0.0501,0.0000782,0.0959,0.707,117.964,4
spotify:track:54L7uacUGRkvoLokUlNWfH,"CLEARED - Remix","Meet The Lilithz","Lilithzplug",2023-06-10,126481,65,true,nrpxj2ryv9dyhs627ckaqmlnr,2024-04-20T07:00:31Z,"","Lilithzplug",0.631,0.593,11,-9.014,0,0.0796,0.685,0.0462,0.0799,0.457,129.868,4
spotify:track:2WGcpz55A2vrvh6foEGCNL,"Calling After Me","Calling After Me","Wallows",2024-03-21,187692,58,false,nrpxj2ryv9dyhs627ckaqmlnr,2024-04-20T08:06:00Z,"indie","Atlantic Records",0.636,0.797,8,-4.644,1,0.0296,0.00598,0.00000426,0.114,0.965,139.963,4
spotify:track:63xdwScd1Ai1GigAwQxE8y,"Let's Stay Together","Let's Stay Together","Al Green",1972,199396,79,false,nrpxj2ryv9dyhs627ckaqmlnr,2024-04-21T04:29:33Z,"soul,classic soul,motown,soul blues","Fat Possum",0.756,0.401,7,-10.702,0,0.0526,0.582,0.011,0.0541,0.514,101.954,4
spotify:track:1CnTHuFu7dTYlyaQfXqsbM,"Somersault - Danger Mouse Remix","When It Falls (Special Edition)","Zero 7;MF DOOM;Sia;Danger Mouse",2019-08-09,214160,0,false,nrpxj2ryv9dyhs627ckaqmlnr,2024-04-22T21:37:07Z,"trip hop,downtempo,experimental hip hop,east coast hip hop,jazz rap,alternative hip hop","New State Music",0.706,0.623,7,-6.131,1,0.099,0.267,0.000299,0.175,0.365,86.013,4
spotify:track:0AjmK0Eai4zGrLaJwPvrDp,"Too Sweet","Unreal Unearth: Unheard","Hozier",2024-03-22,251424,5,false,nrpxj2ryv9dyhs627ckaqmlnr,2024-04-23T00:25:15Z,"","Columbia",0.741,0.62,10,-5.505,1,0.0412,0.0295,0.000809,0.0398,0.934,117.038,4
spotify:track:381x0Ox55JwTU6QTENUWkI,"The Bug","The Bug","Crumb",2024-04-24,236293,0,false,nrpxj2ryv9dyhs627ckaqmlnr,2024-04-24T14:02:13Z,"neo-psychedelic,bedroom pop","Crumb Records",0.633,0.681,1,-7.509,0,0.0287,0.1,0.851,0.0943,0.439,125.052,4
spotify:track:1FAHFrh5yApXwT66z3JzZy,"Guinnessez","MM..FOOD","MF DOOM;Stahhr;4ize",2004-11-16,281720,53,true,nrpxj2ryv9dyhs627ckaqmlnr,2024-04-25T13:17:10Z,"experimental hip hop,east coast hip hop,jazz rap,alternative hip hop,alternative r&b,underground hip hop","Rhymesayers",0.512,0.764,1,-5.085,0,0.246,0.304,0,0.278,0.698,165.862,4
spotify:track:5u1vw4nmCG8iuerg6ppBf0,"Fast Life","Fast Life","GEE LEE;India Shan",2023-01-25,141120,58,false,nrpxj2ryv9dyhs627ckaqmlnr,2024-04-25T13:22:25Z,"rally house,house","Crucible Records",0.851,0.728,6,-10.996,0,0.135,0.134,0.234,0.174,0.485,124.986,4
spotify:track:4Z59a9hIn8EMsni3OiqGso,"Think Fast (feat. Weezer)","Sunburn","Dominic Fike;Weezer",2023-07-07,222839,67,false,nrpxj2ryv9dyhs627ckaqmlnr,2024-04-25T13:26:07Z,"alternative rock","Columbia",0.538,0.452,2,-7.994,1,0.0462,0.368,0.0000226,0.0635,0.209,168.102,4
spotify:track:10SUWedx0zohs8M3OJpnA7,"Get Away","Ego Death","The Internet",2015-06-26,150226,55,true,nrpxj2ryv9dyhs627ckaqmlnr,2024-04-25T13:30:00Z,"alternative r&b,neo soul","Odd Future",0.757,0.485,9,-12.309,1,0.0648,0.402,0.619,0.193,0.372,110.371,4
spotify:track:5E0P7zYAZ0k22RwNgWxUXA,"Venom","HYPNOS","Ravyn Lenae",2022-05-20,209186,48,false,nrpxj2ryv9dyhs627ckaqmlnr,2024-04-25T13:30:15Z,"alternative r&b,indie soul","Atlantic Records",0.684,0.583,0,-5.058,1,0.0333,0.00348,0.398,0.114,0.716,135.011,4
spotify:track:57kR5SniQIbsbVoIjjOUDa,"You Know You Like It","You Know You Like It","DJ Snake;AlunaGeorge",2014-10-14,247266,80,false,nrpxj2ryv9dyhs627ckaqmlnr,2024-04-25T13:56:15Z,"","Universal-Island Records Ltd.",0.407,0.725,5,-5.346,0,0.188,0.0141,0.00000246,0.306,0.247,196.093,4
spotify:track:5aOpzm8W8zysk4asB9hxJw,"Say It (feat. Tove Lo)","Skin","Flume;Tove Lo",2016-05-27,262521,1,true,nrpxj2ryv9dyhs627ckaqmlnr,2024-04-25T13:56:50Z,"future bass","Mom+Pop",0.598,0.532,3,-6.833,0,0.0295,0.0668,0.00000322,0.0617,0.261,74.963,4
spotify:track:22mek4IiqubGD9ctzxc69s,"How Deep Is Your Love","How Deep Is Your Love","Calvin Harris;Disciples",2015-07-17,212495,81,false,nrpxj2ryv9dyhs627ckaqmlnr,2024-04-25T13:57:14Z,"edm","Columbia",0.738,0.868,11,-4.373,0,0.0731,0.0392,0.00169,0.388,0.336,122.003,4
spotify:track:4gbVRS8gloEluzf0GzDOFc,"Maps","V","Maroon 5",2014-09-02,189960,87,false,nrpxj2ryv9dyhs627ckaqmlnr,2024-04-25T14:05:38Z,"pop","Interscope Records*",0.742,0.713,1,-5.522,0,0.0303,0.0205,0,0.059,0.879,120.032,4
spotify:track:3vGhQoG6IalBCxkEr6Aw6v,"Big Calm","Big Calm","Morcheeba",1998,361266,55,true,nrpxj2ryv9dyhs627ckaqmlnr,2024-04-26T04:27:52Z,"trip hop,downtempo","EastWest U.K.",0.345,0.809,0,-6.655,1,0.106,0.0467,0.723,0.074,0.323,150.234,4
spotify:track:0ncCaCcuFhAISC5qjkPgX4,"Love Sign - Shock G's Silky Remix","Crystal Ball","Prince;Shock G",1998-01-29,233013,37,false,nrpxj2ryv9dyhs627ckaqmlnr,2024-04-26T04:34:44Z,"funk rock,funk,west coast hip hop","Legacy Recordings",0.843,0.487,0,-6.187,1,0.0313,0.00501,0.021,0.103,0.387,99.885,4
spotify:track:3U3uvOHNxa3ODEiD9H6oVr,"Nina","Jinx","Crumb",2019-06-14,200280,51,false,nrpxj2ryv9dyhs627ckaqmlnr,2024-04-26T12:52:42Z,"neo-psychedelic,bedroom pop","Crumb Records",0.58,0.797,11,-9.689,0,0.0443,0.653,0.762,0.0875,0.596,79.89,4
spotify:track:751srcHf5tUqcEa9pRCQwP,"Tek It","Running","Cafuné",2021-07-20,191823,84,false,nrpxj2ryv9dyhs627ckaqmlnr,2024-04-26T15:08:11Z,"","Elektra (NEK)",0.423,0.913,8,-5.354,1,0.0655,0.0000653,0,0.269,0.596,146.995,4
spotify:track:0rFOs9paloAvEtzwDX1Kmc,"Bubbly","Coco","Colbie Caillat",2007-01-01,196280,71,false,nrpxj2ryv9dyhs627ckaqmlnr,2024-04-27T14:46:27Z,"","Universal Records",0.697,0.474,9,-6.663,1,0.0351,0.603,0,0.11,0.249,127.904,4
spotify:track:0j3mqDTK4Z6lvrLzFCUUz6,"Good Looking","Good Looking","Suki Waterhouse",2022-08-18,214800,11,false,nrpxj2ryv9dyhs627ckaqmlnr,2024-04-27T15:41:47Z,"","Sub Pop Records",0.365,0.554,4,-9.076,1,0.03,0.079,0.000358,0.125,0.259,150.11,3
spotify:track:0ofHAoxe9vBkTCp2UQIavz,"Dreams - 2004 Remaster","Rumours (Super Deluxe)","Fleetwood Mac",1977-02-04,257800,93,false,nrpxj2ryv9dyhs627ckaqmlnr,2024-04-29T19:59:53Z,"yacht rock,classic rock,soft rock","Rhino/Warner Records",0.828,0.492,0,-9.744,1,0.0276,0.0644,0.00428,0.128,0.789,120.151,4
spotify:track:05oETzWbd4SI33qK2gbJfR,"Rhiannon","Fleetwood Mac","Fleetwood Mac",1975-07-11,252773,80,false,nrpxj2ryv9dyhs627ckaqmlnr,2024-04-29T20:00:02Z,"yacht rock,classic rock,soft rock","Warner Records",0.723,0.49,9,-14.745,0,0.0296,0.111,0.0946,0.0923,0.795,129.012,4
spotify:track:4ieunk0Q7WADWYoZMSolwG,"Handful of Water","Ventura (Extended)","Sofía Valdés",2021-05-21,151746,44,false,nrpxj2ryv9dyhs627ckaqmlnr,2024-04-29T20:05:19Z,"latin indie","Warner Records",0.631,0.503,1,-7.857,0,0.0648,0.327,0,0.14,0.753,209.06,4
spotify:track:6lyeeYBZZL629AAeC7CRiU,"Half Full","Ugh","JGrrey",2019-11-15,182000,40,false,nrpxj2ryv9dyhs627ckaqmlnr,2024-04-29T20:14:19Z,"uk r&b","JGrrey",0.879,0.369,11,-6.716,0,0.0799,0.276,0.0351,0.0989,0.764,83,4
spotify:track:0QkMk1WjMirKKdimsHTdzn,"All For You","All For You","JGrrey",2018-10-03,201466,15,false,nrpxj2ryv9dyhs627ckaqmlnr,2024-04-29T20:14:55Z,"uk r&b","JGrrey",0.638,0.742,5,-6.696,0,0.0422,0.521,0.00000351,0.332,0.694,101.019,4
spotify:track:6RmDqdb1G3JBWQ8h489dHd,"Don't Fade","Don't Fade","JGrrey",2017-12-15,225601,25,false,nrpxj2ryv9dyhs627ckaqmlnr,2024-04-29T20:15:02Z,"uk r&b","JGrrey",0.519,0.761,7,-7.219,1,0.0633,0.455,0.00382,0.431,0.375,95.068,4
spotify:track:14n6WNRYJDqXhWJKE57zln,"For Keeps","Rocks (Original Motion Picture Soundtrack)","JGrrey",2020-09-11,172910,43,false,nrpxj2ryv9dyhs627ckaqmlnr,2024-04-29T20:15:34Z,"uk r&b","Universal-Island Records Ltd.",0.717,0.749,9,-6.623,1,0.0773,0.0118,0.000291,0.384,0.787,102.999,4
spotify:track:0loegUA4CxqTCKyKZSBNQT,"Stuck","Awkward","Billy Lemos;Jackie Hayes",2018-09-11,127321,19,false,nrpxj2ryv9dyhs627ckaqmlnr,2024-04-29T20:15:52Z,"bedroom pop","Billy Lemos",0.597,0.904,2,-6.808,0,0.0551,0.073,0.000017,0.19,0.143,114.965,4
spotify:track:7KMm1zF2QOTSw2t01IAFif,"Counting Stars","2nd Collection","Nujabes",2007-11-11,247613,39,false,nrpxj2ryv9dyhs627ckaqmlnr,2024-04-29T22:27:53Z,"jazz rap","Hydeout Productions",0.681,0.676,2,-11.41,1,0.037,0.729,0.924,0.1,0.452,94.985,4
spotify:track:189nzulSxXOQI9Ru83NZb0,"Mermaid","Love Deluxe","Sade",1992-10-26,264360,60,false,nrpxj2ryv9dyhs627ckaqmlnr,2024-04-29T22:32:37Z,"","Epic",0.545,0.308,9,-14.513,1,0.0263,0.869,0.925,0.064,0.175,82.105,4
spotify:track:1jy7SkRcmBCTcv4ZMtwz29,"Loud Places","In Colour","Jamie xx;Romy",2015-06-01,283066,63,false,nrpxj2ryv9dyhs627ckaqmlnr,2024-04-29T23:50:15Z,"","Young",0.646,0.63,8,-10.748,0,0.0435,0.00462,0.27,0.122,0.164,109.018,4
spotify:track:6ri6ZQWxqIZgYd2RfsnKNa,"Crust","Yasuke","Flying Lotus",2021-04-30,133520,53,false,nrpxj2ryv9dyhs627ckaqmlnr,2024-04-30T00:13:32Z,"idm,experimental hip hop,nu jazz,glitch","Warp Records",0.676,0.408,9,-7.937,1,0.0811,0.576,0.867,0.201,0.226,106.515,3
spotify:track:49PyCCLOdJi0jHkGyyY2vv,"Sonate Pacifique","Sonate Pacifique","L'Impératrice;Isaac Delusion",2014-09-22,348944,63,false,nrpxj2ryv9dyhs627ckaqmlnr,2024-04-30T01:08:13Z,"french indie pop,french house,french pop","microqlima",0.558,0.538,5,-8.853,1,0.0327,0.629,0.0198,0.424,0.254,99.992,4
spotify:track:47GsUibP7RiUL7SQ7YFfhu,"Hold On","SBTRKT (Deluxe Version)","SBTRKT;Sampha",2011,206600,52,false,nrpxj2ryv9dyhs627ckaqmlnr,2024-04-30T02:26:59Z,"indie soul","Young",0.768,0.393,0,-11.737,1,0.04,0.226,0.361,0.0923,0.443,131.989,5
spotify:track:2GxrNKugF82CnoRFbQfzPf,"i like the way you kiss me","i like the way you kiss me","Artemas",2024-03-19,142514,82,false,nrpxj2ryv9dyhs627ckaqmlnr,2024-05-01T00:05:47Z,"","Artemas",0.599,0.946,11,-4.263,1,0.0447,0.000938,0.0106,0.0826,0.747,151.647,4
spotify:track:0TxQOJfZ8GgotoZWbhqi5Y,"Without","Dual","Sampha",2013-07-29,229155,48,false,nrpxj2ryv9dyhs627ckaqmlnr,2024-05-01T03:34:10Z,"indie soul","Young",0.757,0.677,1,-9.242,0,0.0731,0.391,0.0174,0.0656,0.64,120.012,4
spotify:track:0NrtwAmRAdLxua31SzHvXr,"Everything I Am","Graduation","Kanye West;DJ Premier",2007-09-11,227893,77,true,nrpxj2ryv9dyhs627ckaqmlnr,2024-05-01T04:50:29Z,"rap,east coast hip hop","Roc-A-Fella",0.631,0.623,8,-6.971,1,0.264,0.466,0.00000161,0.151,0.765,80.23,4
spotify:track:4V0x90QcMh4ZxwHzEWOdtK,"Feel It All Around","Life of Leisure","Washed Out",2009-09-08,192080,63,false,nrpxj2ryv9dyhs627ckaqmlnr,2024-05-01T05:27:37Z,"chillwave,dream pop","Washed Out",0.34,0.737,8,-4.681,1,0.0582,0.000105,0.762,0.0699,0.499,172.022,4
spotify:track:77lKjGkhvWuimTzQxA4STK,"Lovers Rock","Lovers Rock","Sade",2000-11-13,253106,69,false,nrpxj2ryv9dyhs627ckaqmlnr,2024-05-01T05:30:27Z,"","Epic",0.744,0.447,2,-11.735,1,0.0437,0.0194,0.00103,0.0771,0.78,145.855,4
spotify:track:3eR3lWuvQqOzhTn91nbRCa,"Something That I Want","Tangled","Grace Potter",2010-01-01,163280,64,false,nrpxj2ryv9dyhs627ckaqmlnr,2024-05-01T16:55:18Z,"","Walt Disney Records",0.554,0.824,5,-5.886,1,0.0496,0.0128,0.000802,0.451,0.963,168.956,4
spotify:track:439l3vOlp3r3FAuoGjZtJo,"Cards On The Table","Silence Is Loud","Nia Archives",2024-04-12,176913,46,false,nrpxj2ryv9dyhs627ckaqmlnr,2024-05-03T15:33:01Z,"jungle,drum and bass,uk garage","Universal-Island Records Ltd.",0.6,0.928,9,-3.699,1,0.0951,0.00509,0.00000111,0.372,0.444,169.934,4
spotify:track:79fu6pXCo48UYgKtvavzDI,"Unfinished Business","Silence Is Loud","Nia Archives",2024-04-12,196133,48,false,nrpxj2ryv9dyhs627ckaqmlnr,2024-05-03T15:36:31Z,"jungle,drum and bass,uk garage","Universal-Island Records Ltd.",0.561,0.872,11,-3.29,1,0.121,0.0146,0.000746,0.106,0.493,169.976,4
spotify:track:7fzHQizxTqy8wTXwlrgPQQ,"MILLION DOLLAR BABY","MILLION DOLLAR BABY","Tommy Richman",2024-04-26,155151,10,false,nrpxj2ryv9dyhs627ckaqmlnr,2024-05-03T23:17:51Z,"","ISO Supremacy. Under exclusive license to PULSE Records.",0.849,0.699,1,-5.106,0,0.0436,0.0982,0.000215,0.068,0.927,138.003,4
spotify:track:5xreZ1WBctOfgg00rTF31A,"Friendly Pressure - Into The Sunshine Mix","Is This Real","Jhelisa;Sunship",1998-11-16,334760,52,false,nrpxj2ryv9dyhs627ckaqmlnr,2024-05-07T20:24:08Z,"uk garage,acid jazz,house,uk funky","Dorado Records",0.815,0.86,0,-3.755,0,0.168,0.0552,0.00289,0.0249,0.978,126.879,4
spotify:track:6ACiYjq5Q7e6BlhZEHz7cd,"Garden Shed (feat. Estelle)","Flower Boy","Tyler, The Creator;Estelle",2017-07-21,223946,65,true,nrpxj2ryv9dyhs627ckaqmlnr,2024-05-08T17:37:47Z,"","Columbia",0.423,0.456,2,-8.45,0,0.0579,0.381,0.016,0.12,0.148,112.984,4
spotify:track:3Q3VhCDPc9g7qUoVtzbumb,"Mansions","Mansions","Matt Champion",2016-12-28,240000,36,true,nrpxj2ryv9dyhs627ckaqmlnr,2024-05-08T17:37:57Z,"bedroom pop","Brockhampton",0.414,0.373,6,-10.59,0,0.028,0.506,0.0335,0.128,0.19,81.939,4
spotify:track:0jcw8cJf3TNMZN0BXlueML,"Hell N Back (feat. Summer Walker)","Halo","Bakar;Summer Walker",2023-09-21,195147,76,true,nrpxj2ryv9dyhs627ckaqmlnr,2024-05-08T22:20:52Z,"r&b","Black Butter",0.64,0.673,5,-4.519,0,0.563,0.288,0.00000215,0.113,0.736,209.942,4
spotify:track:42et6fnHCw1HIPSrdPprMl,"Semi-Charmed Life","Third Eye Blind","Third Eye Blind",1997-04-08,268360,85,false,nrpxj2ryv9dyhs627ckaqmlnr,2024-05-09T01:15:22Z,"","Rhino/Elektra",0.64,0.864,7,-6.576,1,0.0314,0.00832,0,0.123,0.701,102.026,4
spotify:track:4rECYXCCge21CsrgAilQ46,"Better Days","Better Days","Tanerélle",2024-04-05,162730,0,false,nrpxj2ryv9dyhs627ckaqmlnr,2024-05-09T15:07:57Z,"","Tanerelle",0.697,0.434,5,-9.111,0,0.104,0.438,0.551,0.1,0.647,162.117,4
spotify:track:2QjOHCTQ1Jl3zawyYOpxh6,"Sweater Weather","I Love You.","The Neighbourhood",2013-04-22,240400,94,false,nrpxj2ryv9dyhs627ckaqmlnr,2024-05-11T21:48:14Z,"","Columbia",0.612,0.807,10,-2.81,1,0.0336,0.0495,0.0177,0.101,0.398,124.053,4
spotify:track:6R9g63EXIFuvay07GQtmNR,"Alpha","Drystar","Airlock",2000,283360,29,false,nrpxj2ryv9dyhs627ckaqmlnr,2024-05-11T22:13:17Z,"trip hop,downtempo","Surge",0.593,0.867,7,-7.312,0,0.0304,0.0694,0.23,0.135,0.622,131.972,4
spotify:track:4aR9bPMAOFySBuQSbVWF3d,"Smile","Alright, Still (Bonus Track Version)","Lily Allen",2006-07-14,196893,72,true,nrpxj2ryv9dyhs627ckaqmlnr,2024-05-12T06:19:23Z,"","Parlophone UK",0.632,0.639,5,-5.938,1,0.0259,0.00143,0,0.221,0.733,95.506,4
spotify:track:1mvfvDZOybiEgS1ecJxt9W,"Somewhere Only We Know","Sheezus","Lily Allen",2014-04-28,208504,52,false,nrpxj2ryv9dyhs627ckaqmlnr,2024-05-12T06:22:25Z,"","Parlophone UK",0.313,0.286,10,-10.593,1,0.0324,0.934,0.0451,0.0974,0.287,80.925,4
spotify:track:7bW6MqAdTclmHVHAOkIyPS,"The Fear","It's Not Me, It's You","Lily Allen",2009-01-26,207120,51,true,nrpxj2ryv9dyhs627ckaqmlnr,2024-05-12T06:25:52Z,"","Parlophone UK",0.661,0.847,10,-6.948,1,0.0404,0.419,0.0000882,0.107,0.522,134.002,4
spotify:track:2J6OF7CkpdQGSfm1wdclqn,"Clouded","Fuck The World","Brent Faiyaz",2020-02-07,110128,77,true,nrpxj2ryv9dyhs627ckaqmlnr,2024-05-15T04:28:17Z,"r&b","Lost Kids",0.583,0.344,2,-8.765,1,0.0559,0.774,0,0.143,0.581,65.203,3
spotify:track:7DfFc7a6Rwfi3YQMRbDMau,"Thinkin Bout You","channel ORANGE","Frank Ocean",2012-07-10,200746,87,false,nrpxj2ryv9dyhs627ckaqmlnr,2024-05-15T23:33:08Z,"","Red Zone Entertainment / IDJ",0.721,0.339,0,-11.195,1,0.0532,0.409,0.00153,0.0973,0.2,129.83,4
spotify:track:7ACT6YaXbYvl7hRWEOOEHQ,"Double Negative (Skeleton Milkshake)","What Could Possibly Go Wrong","Dominic Fike",2020-07-31,126465,63,false,nrpxj2ryv9dyhs627ckaqmlnr,2024-05-16T16:45:55Z,"","Columbia",0.689,0.858,4,-2.868,1,0.161,0.00383,0,0.129,0.643,153.977,4
spotify:track:7BRD7x5pt8Lqa1eGYC4dzj,"CHIHIRO","HIT ME HARD AND SOFT","Billie Eilish",2024-05-17,303440,88,false,nrpxj2ryv9dyhs627ckaqmlnr,2024-05-18T22:55:50Z,"","Darkroom/Interscope Records",0.7,0.425,7,-12.531,1,0.0529,0.144,0.879,0.083,0.521,110.015,4
spotify:track:629DixmZGHc7ILtEntuiWE,"LUNCH","HIT ME HARD AND SOFT","Billie Eilish",2024-05-17,179586,83,false,nrpxj2ryv9dyhs627ckaqmlnr,2024-05-18T23:01:00Z,"","Darkroom/Interscope Records",0.893,0.4,11,-7.981,0,0.0643,0.0452,0.0823,0.0632,0.945,124.987,4
spotify:track:2aSC2xhRxOLiiZZVjhbylH,"Hold On, We're Going Home","Nothing Was The Same","Drake;Majid Jordan",2013-01-01,227880,72,false,nrpxj2ryv9dyhs627ckaqmlnr,2024-05-21T13:57:43Z,"rap","Cash Money Records/Young Money Ent./Universal Rec.",0.777,0.414,6,-7.44,0,0.0946,0.00421,0.0000273,0.0724,0.287,100.002,4
spotify:track:5V7QNaunpviHGU1qustwbl,"Sweet Thang (feat. Summer Walker)","Atavista","Childish Gambino;Summer Walker",2024-05-13,425574,45,false,nrpxj2ryv9dyhs627ckaqmlnr,2024-05-22T19:06:14Z,"r&b","Wolf+Rothstein/RCA Records",0.339,0.539,5,-7.425,1,0.0375,0.22,0,0.11,0.0726,149.916,4
spotify:track:1kJK2dkXbMw8yOMFEuJUm7,"FromHere (feat. Snoop Dogg & October London)","FromHere (feat. Snoop Dogg & October London)","NxWorries;Anderson .Paak;Knxwledge;Snoop Dogg;October London",2024-05-14,241511,41,true,nrpxj2ryv9dyhs627ckaqmlnr,2024-05-22T19:14:37Z,"g-funk,west coast hip hop,gangster rap,old school hip hop,hip hop,rap,neo soul,retro soul,contemporary r&b","Stones Throw Records",0.374,0.517,5,-12.515,1,0.143,0.288,0.00758,0.14,0.479,170.362,3
spotify:track:5j42r1PmIbM6fZSe11O08C,"Lavender Buds","Metal Fingers Presents: Special Herbs Vol. 5 & 6","MF DOOM",2004-03-23,185186,65,false,nrpxj2ryv9dyhs627ckaqmlnr,2024-05-30T03:14:10Z,"experimental hip hop,east coast hip hop,jazz rap,alternative hip hop","Metalface Records",0.482,0.91,5,-8.424,0,0.039,0.00146,0.000652,0.373,0.866,95.232,4
spotify:track:2Nq4SFbvYYZa8AF7lD7CWU,"Sexy to Someone","Sexy to Someone","Clairo",2024-05-23,207795,63,false,nrpxj2ryv9dyhs627ckaqmlnr,2024-05-30T21:16:21Z,"bedroom pop","Clairo",0.716,0.545,0,-6.949,0,0.0329,0.338,0.00344,0.101,0.82,98.232,4
spotify:track:332Yig3HD2IdDigzlf5Ndl,"PILOT (feat. Sydney Bennett)","Cherry Bomb","Tyler, The Creator;Syd",2015-04-13,209412,52,true,nrpxj2ryv9dyhs627ckaqmlnr,2024-05-30T22:17:51Z,"alternative r&b","Odd Future",0.596,0.869,5,-2.389,0,0.0621,0.0000632,0.0493,0.0476,0.545,109.995,4
spotify:track:5EkSbPGvh7fYNs5cVQlMOQ,"Take A Bite","Coming Home","beabadoobee",2024-06-05,159389,0,false,nrpxj2ryv9dyhs627ckaqmlnr,2024-06-07T03:07:54Z,"bedroom pop","Dirty Hit",0.407,0.604,0,-6.571,1,0.0281,0.0529,0.00523,0.302,0.531,182.147,4
spotify:track:3HfEgAaf0koxBpBB8NvGda,"When You Sleep","Loveless","my bloody valentine",1991-11-04,251933,49,false,nrpxj2ryv9dyhs627ckaqmlnr,2024-06-23T21:40:35Z,"shoegaze,dream pop,slowcore,noise rock","Rhino/Warner Records",0.4,0.82,11,-12.281,1,0.0466,0.000295,0.79,0.236,0.135,128.894,4
spotify:track:52ojopYMUzeNcudsoz7O9D,"New Person, Same Old Mistakes","Currents","Tame Impala",2015-07-17,363240,85,false,nrpxj2ryv9dyhs627ckaqmlnr,2024-07-09T02:53:27Z,"neo-psychedelic,indie","Universal Music Australia Pty. Ltd.",0.47,0.809,8,-6.74,1,0.0495,0.272,0.00671,0.0491,0.49,151.836,4
spotify:track:43zr9kKkeiQrshvYuvNtfM,"Someone To Call My Lover","All For You","Janet Jackson",2001-01-01,272360,73,false,nrpxj2ryv9dyhs627ckaqmlnr,2024-07-13T17:24:00Z,"new jack swing","Virgin Records",0.738,0.914,2,-4.203,1,0.0434,0.144,0.00099,0.182,0.935,127.885,4
spotify:track:4PhVrUSyAgzzSDGIEFzpHT,"Curl","Splinter","Sneaker Pimps",1999-10-25,295733,36,false,nrpxj2ryv9dyhs627ckaqmlnr,2024-07-31T09:39:57Z,"trip hop,downtempo","One Little Independent Records",0.634,0.859,0,-6.942,1,0.031,0.00129,0.00486,0.338,0.51,100.175,4
spotify:track:6LkCZrsVAotzb3R1SxCBM9,"Outside","Ocean Of Time","21 Hertz",2005-09-30,231773,34,false,nrpxj2ryv9dyhs627ckaqmlnr,2024-08-01T05:13:24Z,"trip hop,downtempo","Autoproduction",0.625,0.391,6,-14.375,0,0.0375,0.0451,0.35,0.136,0.25,149.97,4
spotify:track:5Nd99vm5S73mixox0dDH5k,"Casualty","Sonic Jihad","Snake River Conspiracy",2000-04-04,293826,47,false,nrpxj2ryv9dyhs627ckaqmlnr,2024-08-01T15:13:48Z,"industrial rock,industrial,industrial metal","Rhino/Warner Records",0.545,0.898,4,-2.71,1,0.0898,0.0361,0.0578,0.07,0.454,75.094,4
spotify:track:7jYUaoOfdcYgUvkK8NnFfx,"Tranz","The Now Now","Gorillaz",2018-06-29,162626,69,false,nrpxj2ryv9dyhs627ckaqmlnr,2024-08-02T22:12:21Z,"","Parlophone UK",0.649,0.883,7,-5.058,1,0.0306,0.0324,0.0185,0.0658,0.779,135.141,4
spotify:track:2qmmnbJ9JR3f7vofbyje5r,"Slow Dance","Charm","Clairo",2024-07-12,234853,78,false,nrpxj2ryv9dyhs627ckaqmlnr,2024-08-22T19:50:19Z,"bedroom pop","Clairo",0.727,0.534,2,-8.444,1,0.0297,0.72,0.0186,0.0977,0.598,84.007,4
spotify:track:3G5qMSP9AywIErX4HSbP5a,"Spinning","Simple Things Special Edition","Zero 7;Sophie Barker",2018-11-30,365792,0,false,nrpxj2ryv9dyhs627ckaqmlnr,2024-09-06T06:07:49Z,"trip hop,downtempo","New State Music",0.601,0.524,4,-8.234,1,0.0261,0.109,0.00702,0.12,0.309,137.999,4
spotify:track:410rGaFDJPwjsr9m9RPCkz,"All I Really Want Is You","CINEMA","The Marías",2021-06-25,191800,70,false,nrpxj2ryv9dyhs627ckaqmlnr,2024-09-06T08:40:42Z,"bedroom pop","Nice Life/Atlantic",0.644,0.422,1,-10.286,0,0.124,0.912,0.0498,0.155,0.374,75.96,4
spotify:track:6VnpKLtfNH4Dk09YSGPSyR,"It Ain't Over 'Til It's Over","Mama Said","Lenny Kravitz",1991-04-02,242640,86,false,nrpxj2ryv9dyhs627ckaqmlnr,2024-09-19T05:20:01Z,"","Virgin Records",0.679,0.568,6,-10.74,1,0.0423,0.422,0.00928,0.322,0.93,159.69,4
spotify:track:1ymikhI2taCMNkmn9GO9CZ,"a rose blooms in chaos","a rose blooms in chaos","Davishmar",2021,116831,45,false,nrpxj2ryv9dyhs627ckaqmlnr,2024-09-29T17:56:22Z,"","DKH Records",0.417,0.443,6,-10.882,1,0.0574,0.901,0.0507,0.154,0.704,73.088,4
spotify:track:7KHn6MgAIRPozclZCvJ3e2,"Crimson & Clover","Big Crown Vaults Vol. 2","The Shacks",2024-06-21,222670,53,false,nrpxj2ryv9dyhs627ckaqmlnr,2024-09-29T18:03:10Z,"","Big Crown Records",0.592,0.721,1,-6.066,1,0.231,0.215,0.0142,0.177,0.461,82.038,4
spotify:track:2GYHPJ5h1JGjWMqo4ISYzQ,"Soap","Wave '92 (Cuts)","ENTRO//",2017-11-22,145815,43,true,nrpxj2ryv9dyhs627ckaqmlnr,2024-09-29T18:08:44Z,"","Groove Penguin Records",0.517,0.754,6,-6.567,0,0.0741,0.117,0.00474,0.414,0.579,90.961,4
spotify:track:5e0b9LgOfi3aJSKXFcOWRe,"Beanie","Beanie","Chezile",2023-11-28,132160,84,false,nrpxj2ryv9dyhs627ckaqmlnr,2024-09-30T00:21:31Z,"","Chezile / 10K Projects",0.531,0.556,5,-6.245,1,0.0252,0.407,0.00915,0.318,0.156,138.978,3
spotify:track:2vlkTkPqdATznKHu9gD2c1,"Her","Her","The American Dawn",2024-07-26,214086,80,false,nrpxj2ryv9dyhs627ckaqmlnr,2024-09-30T00:22:37Z,"","DAWN RECORDS",0.66,0.603,3,-7.7,0,0.025,0.00566,0.0144,0.0751,0.527,102.99,4
spotify:track:76oWruR7pYy8Fjvgn4KBUA,"Both Sides Of The Moon","Not Your Muse (Deluxe)","Celeste;Gotts Street Park",2021-01-29,257239,63,false,nrpxj2ryv9dyhs627ckaqmlnr,2024-09-30T00:53:35Z,"","Polydor Records",0.636,0.149,0,-11.701,0,0.0719,0.836,0.00504,0.0939,0.251,117.52,4
spotify:track:3bPlMzfHJMYqdAC80NLPTb,"Remember the Rain","Remember the Rain","Kadhja Bonet",2015-07-21,280062,46,false,nrpxj2ryv9dyhs627ckaqmlnr,2024-09-30T01:06:14Z,"","Kadhja Bonet",0.519,0.402,6,-8.963,1,0.0304,0.74,0.0199,0.108,0.51,136.062,4
spotify:track:2NktjOsVqaLCIpopMhszBz,"Parachute","Parachute b/w Si Me Faltaras Tu","Thee Lakesiders",2018-05-18,179852,56,false,nrpxj2ryv9dyhs627ckaqmlnr,2024-09-30T01:28:45Z,"","Big Crown Records",0.446,0.476,5,-6.79,1,0.0246,0.176,0.3,0.108,0.408,81.329,3
spotify:track:6CeajvxcjyZ46cGbrKwq9n,"Souvenir d'Italie","Le mie preferite","Lelio Luttazzi",2009-01-01,72413,0,false,nrpxj2ryv9dyhs627ckaqmlnr,2024-09-30T01:37:41Z,"jazz","Rai",0,0.439,7,-13.484,1,0,0.686,0.95,0.307,0,0,0
spotify:track:3siwsiaEoU4Kuuc9WKMUy5,"No One Noticed","Submarine","The Marías",2024-05-31,236906,90,false,nrpxj2ryv9dyhs627ckaqmlnr,2024-09-30T01:54:00Z,"bedroom pop","Nice Life/Atlantic",0.705,0.339,7,-10.612,1,0.0278,0.552,0.0814,0.12,0.457,97.989,4
spotify:track:6xHMi6HSt7yJvm3n81JZn6,"Magic Hour","Luna","¿Téo?",2023-08-18,75200,54,false,nrpxj2ryv9dyhs627ckaqmlnr,2024-09-30T02:11:30Z,"","49 Digits LLC",0.641,0.546,1,-9.776,0,0.043,0.243,0.978,0.594,0.885,106.071,4
spotify:track:7vTENp2sLS3sPY5z4npYNr,"Headlock","Speak for Yourself","Imogen Heap",2005-07-18,215481,3,false,nrpxj2ryv9dyhs627ckaqmlnr,2024-10-02T01:27:05Z,"","Sony BMG Music UK",0.805,0.371,7,-10.721,0,0.0352,0.8,0,0.12,0.808,119.974,4
spotify:track:5mdzg7ZwebXNb90LPRusAs,"Crave You","Down To Earth","Flight Facilities;Giselle",2014-10-24,234786,2,false,nrpxj2ryv9dyhs627ckaqmlnr,2024-10-02T01:30:53Z,"nu disco","Glassnote Entertainment Group LLC",0.921,0.48,1,-9.2,0,0.0815,0.1,0,0.0764,0.318,120.043,4
spotify:track:4SgcE7RxpK3ydWrjoAQH1K,"Why Won't You Make Up Your Mind?","InnerSpeaker","Tame Impala",2010-05-21,199093,61,false,nrpxj2ryv9dyhs627ckaqmlnr,2024-10-02T01:31:27Z,"neo-psychedelic,indie","Universal Music Australia Pty. Ltd.",0.458,0.84,5,-4.812,1,0.0566,0.00747,0.204,0.23,0.543,129.03,4
spotify:track:5A0M6B0RBSXSNWv0wcppZ9,"I DON'T LOVE YOU ANYMORE","IGOR","Tyler, The Creator",2019-05-17,161200,65,true,nrpxj2ryv9dyhs627ckaqmlnr,2024-11-10T05:22:08Z,"","Columbia",0.638,0.522,8,-9.814,1,0.0932,0.352,0.0663,0.165,0.584,142.952,4
spotify:track:0wEC0GNF74lAqrEFZJMl1m,"PUPPET","IGOR","Tyler, The Creator",2019-05-17,179003,68,true,nrpxj2ryv9dyhs627ckaqmlnr,2024-11-10T05:22:16Z,"","Columbia",0.508,0.557,8,-8.967,0,0.0478,0.00235,0.0134,0.588,0.199,77.572,4
spotify:track:4f8Mh5wuWHOsfXtzjrJB3t,"I THINK","IGOR","Tyler, The Creator",2019-05-17,212016,73,true,nrpxj2ryv9dyhs627ckaqmlnr,2024-11-10T05:23:00Z,"","Columbia",0.826,0.579,8,-8.241,0,0.0801,0.00881,0,0.129,0.431,121.075,4
spotify:track:5WNYg3usc6H8N3MBEp4zVk,"Boredom (feat. Rex Orange County & Anna of the North)","Flower Boy","Tyler, The Creator;Rex Orange County;Anna of the North",2017-07-21,320720,68,true,nrpxj2ryv9dyhs627ckaqmlnr,2024-11-10T05:29:19Z,"bedroom pop","Columbia",0.559,0.578,8,-9.54,1,0.151,0.79,0.000522,0.324,0.239,79.938,4
spotify:track:4ydmav4vl7hebadtfZtMrg,"SIR BAUDELAIRE (feat. DJ Drama)","CALL ME IF YOU GET LOST","Tyler, The Creator;DJ Drama",2021-06-25,88624,57,true,nrpxj2ryv9dyhs627ckaqmlnr,2024-11-10T05:30:27Z,"southern hip hop","Columbia",0.467,0.635,7,-6.115,1,0.154,0.314,0.00000416,0.844,0.51,127.596,3
spotify:track:2goHCrsDJaflEwQ930ef0o,"MASSA","CALL ME IF YOU GET LOST","Tyler, The Creator",2021-06-25,223718,58,true,nrpxj2ryv9dyhs627ckaqmlnr,2024-11-10T05:32:10Z,"","Columbia",0.685,0.855,1,-6.724,0,0.438,0.329,0.000089,0.301,0.46,157.181,4
spotify:track:3jHdKaLCkuNEkWcLVmQPCX,"BEST INTEREST","BEST INTEREST","Tyler, The Creator",2020-01-25,127921,77,true,nrpxj2ryv9dyhs627ckaqmlnr,2024-11-10T05:36:14Z,"","Columbia",0.596,0.575,11,-8.325,0,0.0514,0.0861,0.000153,0.334,0.34,98.265,3
spotify:track:7mlvrrNPu1Kgb2GBOJnQFC,"Awkward","Wolf + Instrumentals","Tyler, The Creator",2013-04-01,227473,36,true,nrpxj2ryv9dyhs627ckaqmlnr,2024-11-10T05:38:26Z,"","Columbia",0.445,0.746,5,-9.086,0,0.296,0.267,0.0322,0.209,0.699,154.163,4
spotify:track:00RLNHc2jkEjUoCUlFgPVT,"welcome and goodbye","welcome and goodbye","Dream, Ivory",2018-03-31,140643,81,false,nrpxj2ryv9dyhs627ckaqmlnr,2024-11-10T08:05:37Z,"","Dream, Ivory LLC",0.584,0.717,0,-5.175,0,0.0266,0.0194,0.756,0.0739,0.659,140.031,4
spotify:track:7aAEJfIzJUUSRXQNz2JzfO,"GHOST!","Man On The Moon II: The Legend Of Mr. Rager","Kid Cudi",2010-11-09,289066,59,false,nrpxj2ryv9dyhs627ckaqmlnr,2024-11-10T08:54:19Z,"","Kid Cudi/Universal Records",0.516,0.708,9,-4.465,0,0.0253,0.0494,0.0000046,0.243,0.33,89.938,3
spotify:track:6N4WUdbz6HVKy6u6JX1KqK,"Preoccupied","Here Comes The Cowboy","Mac DeMarco",2019-05-10,239645,71,false,nrpxj2ryv9dyhs627ckaqmlnr,2024-11-10T09:10:51Z,"indie,lo-fi indie","Mac’s Record Label",0.813,0.212,8,-15.421,1,0.163,0.329,0.0725,0.123,0.482,159.062,4
spotify:track:4z1fNs2B7KndCsvyPgrhq5,"Hyperballad","Post","Björk",1995-06-13,321360,51,false,nrpxj2ryv9dyhs627ckaqmlnr,2024-11-27T13:45:59Z,"art pop,trip hop","143/Lava/Atlantic",0.519,0.437,7,-12.97,0,0.0325,0.0216,0.000974,0.375,0.0356,134.933,4
spotify:track:2bhFsZGcaxlY2YWbO19DE1,"Jennah's Interlude","Hotep","Blue Iverson",2017-04-11,73677,54,false,nrpxj2ryv9dyhs627ckaqmlnr,2024-12-09T19:14:19Z,"","WORLD MUSIC",0.529,0.556,8,-6.839,1,0.0235,0.746,0.00107,0.235,0.38,79.654,4
spotify:track:4mgSk2zxeT03FLtSlnzxwt,"ANGEL","WASTELAND","Brent Faiyaz",2022-07-08,219241,52,true,nrpxj2ryv9dyhs627ckaqmlnr,2024-12-12T03:30:25Z,"r&b","Lost Kids LLC., Marketed by Venice / Stem",0.461,0.46,6,-7.949,0,0.0307,0.591,0,0.0847,0.31,75.141,4
spotify:track:6nmRXpBtPUAQxtLc5akRfk,"Morning Sex","Morning Sex","Ralph Castelli",2019-06-07,175312,70,false,nrpxj2ryv9dyhs627ckaqmlnr,2024-12-12T20:30:14Z,"bedroom pop","Eat What You Kill",0.81,0.353,6,-9.536,1,0.0439,0.0474,0.000119,0.0853,0.731,124.985,4
spotify:track:1zNXF2svmdlNxfS5XeNUgr,"Don't Know Why","Come Away With Me (Super Deluxe Edition)","Norah Jones",2002-02-26,186251,80,false,nrpxj2ryv9dyhs627ckaqmlnr,2024-12-18T20:41:43Z,"jazz pop","CM BLUE NOTE (A92)",0.745,0.219,5,-11.216,1,0.0276,0.851,0.000018,0.0678,0.635,88.609,4
spotify:track:6iUFlR4E2dfY9RzqEuzSce,"Kaleidoscope Dream","Kaleidoscope Dream","Miguel",2012-09-28,257026,42,false,nrpxj2ryv9dyhs627ckaqmlnr,2024-12-23T03:15:09Z,"r&b","ByStorm Entertainment/RCA Records",0.645,0.481,0,-10.442,0,0.0579,0.00715,0.0000116,0.0978,0.519,84.967,4
spotify:track:19lcl3jjpWnGJdnXzYMwo9,"la pa ti ta - Remastered","romantico (2022 Remaster)","800 cherries",1998-11-21,196066,49,false,nrpxj2ryv9dyhs627ckaqmlnr,2024-12-29T23:05:29Z,"shibuya-kei","KiliKiliVilla",0.601,0.704,7,-8.496,1,0.0336,0.0438,0.347,0.115,0.761,133.968,4
spotify:track:6TSdLfoQ3gZneQGGtuITPu,"Danica","Motel Club","MOTEL CLUB",2022-05-06,267589,27,false,nrpxj2ryv9dyhs627ckaqmlnr,2025-01-06T03:33:02Z,"french indie pop,french pop,nu disco","La Ruche • Le Label",0.643,0.524,7,-9.552,1,0.0434,0.502,0.853,0.0791,0.594,151.92,4
spotify:track:6Nq5lE0CeOAAAqN4qhkbZU,"Suga Suga","Tha Smokin' Nephew","Baby Bash;Frankie J",2003-01-01,239026,79,false,nrpxj2ryv9dyhs627ckaqmlnr,2025-01-09T18:38:47Z,"","Universal Records",0.662,0.748,5,-3.041,0,0.268,0.688,0.00000858,0.0841,0.535,82.331,4
spotify:track:3oXNIpoUMdk8qGkwCeXqGv,"Halfcrazy","Juslisen","Musiq Soulchild",2002-05-07,254493,67,false,nrpxj2ryv9dyhs627ckaqmlnr,2025-01-11T02:16:38Z,"neo soul,r&b,quiet storm","Def Soul",0.412,0.77,11,-6.057,0,0.18,0.462,0.0000015,0.0485,0.418,101.955,3
spotify:track:1U3BASc885MPCYOzYwOIpO,"When I'm Small","Eyelid Movies","Phantogram",2010,249066,74,false,nrpxj2ryv9dyhs627ckaqmlnr,2025-01-11T07:33:35Z,"","Barsuk Records",0.646,0.759,10,-4.34,1,0.0314,0.189,0.0977,0.103,0.423,91.999,4
spotify:track:0hW72l6tZgSY7Od2OUVDIC,"Land Of The Snakes","Born Sinner (Deluxe Version)","J. Cole",2013-06-18,254453,64,true,nrpxj2ryv9dyhs627ckaqmlnr,2025-01-13T17:48:37Z,"rap","Roc Nation LLC",0.774,0.729,2,-7.806,1,0.293,0.228,0,0.257,0.475,104.009,4
spotify:track:62d6YXEYxmMWAuLpw1EysL,"Garden Kisses","Garden Kisses","GIVĒON",2018-08-08,195405,71,false,nrpxj2ryv9dyhs627ckaqmlnr,2025-01-16T15:30:02Z,"r&b","Medium, Blossum Entertainment, & Twenty Rules",0.478,0.373,5,-9.505,1,0.0317,0.915,0.00000636,0.128,0.354,120.129,4
spotify:track:1P5l3fAjZ7Z9XTmFHzSck5,"Needed","Sonder Son","Brent Faiyaz",2017-10-13,248293,62,false,nrpxj2ryv9dyhs627ckaqmlnr,2025-01-16T16:34:24Z,"r&b","Lost Kids",0.807,0.37,4,-10.783,0,0.0462,0.308,0,0.191,0.792,123.948,4
spotify:track:6zeDYmP3ARpURvpK29Q09P,"Someday","14:59","Sugar Ray",1999-01-12,242800,73,false,nrpxj2ryv9dyhs627ckaqmlnr,2025-01-16T19:11:10Z,"","RT Industries",0.745,0.682,1,-4.39,0,0.0287,0.0105,0.0836,0.21,0.939,110.855,4
spotify:track:2eKwyleZOkV76aPwq1Et5K,"Pogo","Idealism Forever (Anniversary Edition)","Digitalism",2024-04-19,227456,28,false,nrpxj2ryv9dyhs627ckaqmlnr,2025-01-19T04:38:57Z,"new rave,electroclash,french house","Magnetism",0.406,0.581,0,-8.903,1,0.0362,0.0000278,0.000385,0.277,0.436,136.075,4
spotify:track:6gsmFgUiSTuinJlScwFODv,"I Love You","Faithfully","Faith Evans",2001,267160,58,false,nrpxj2ryv9dyhs627ckaqmlnr,2025-01-28T02:21:22Z,"r&b","Bad Boy Records",0.489,0.757,11,-4.062,0,0.0926,0.00981,0,0.234,0.567,168.004,4
spotify:track:3BtuIIrQlkujKPuWF2B85z,"Too Good","Views","Drake;Rihanna",2016-05-06,263373,77,true,nrpxj2ryv9dyhs627ckaqmlnr,2025-01-28T05:30:47Z,"rap","Cash Money Records/Young Money Ent./Universal Rec.",0.794,0.653,7,-7.839,1,0.104,0.0489,0.0000488,0.1,0.397,117.996,4
spotify:track:5VXRRAMGatI1y9ncID1bis,"without you","without you","meat computer",2024-11-07,115939,41,false,nrpxj2ryv9dyhs627ckaqmlnr,2025-01-28T07:22:45Z,"hyperpop","labels r 4 soup",0.752,0.624,1,-11.444,1,0.0366,0.583,0.913,0.118,0.367,132.992,4
spotify:track:6W2Ef5Ph6ILTUAedoQ3QIv,"Like I Love You","Justified","Justin Timberlake",2002-11-04,283626,67,false,nrpxj2ryv9dyhs627ckaqmlnr,2025-01-29T17:07:13Z,"","Jive",0.853,0.811,6,-4.927,0,0.0646,0.0439,0.000307,0.0703,0.9,114.964,4
spotify:track:5fJcHhfW0ngZ4qGZqJrIQh,"Anonymous - Main","Special Occasion","Bobby V.;Timbaland",2007-01-01,283880,58,false,nrpxj2ryv9dyhs627ckaqmlnr,2025-01-31T14:47:58Z,"r&b","Universal Music Mexico",0.714,0.766,8,-3.373,1,0.0322,0.0144,0,0.0544,0.597,124.998,4
spotify:track:6kLZ1DzSxBkNVvdQm6CX0N,"Tell Me","Disturbing Tha Peace Presents Bobby Valentino","Bobby V.",2005-01-01,260066,66,false,nrpxj2ryv9dyhs627ckaqmlnr,2025-01-31T14:55:26Z,"r&b","Disturbing Tha Peace Recordings, Inc.",0.652,0.798,4,-5.303,0,0.0512,0.44,0.00233,0.298,0.531,95.038,4
spotify:track:5X8kkUaUlAyAUr9TYqDFTH,"All For You","All For You","Janet Jackson",2001-01-01,329933,70,false,nrpxj2ryv9dyhs627ckaqmlnr,2025-01-31T15:21:58Z,"new jack swing","Virgin Records",0.753,0.934,2,-3.011,1,0.0736,0.0174,0.065,0.128,0.73,113.525,3
spotify:track:4ol9Dr95eUnuD3ughvPKIS,"Someone A","YoonSang 20th Anniversary","Yoon Sang",2011-04-14,268303,26,false,nrpxj2ryv9dyhs627ckaqmlnr,2025-02-01T01:39:26Z,"k-ballad,city pop","오드아이앤씨(ODE I&C)",0.732,0.403,10,-10.567,0,0.0298,0.654,0.159,0.121,0.306,108.046,4
spotify:track:4N0VFSI2wJu2NzwUuI0sMz,"HiiiJack","Z","SZA",2014-04-08,222164,56,false,nrpxj2ryv9dyhs627ckaqmlnr,2025-02-01T18:40:30Z,"r&b","Top Dawg Entertainment",0.682,0.551,8,-8.746,1,0.288,0.221,0.0000223,0.133,0.357,73.988,4
spotify:track:5nl9tqYW5tta5N2x2VKi3b,"Obsession","Continuance","Curren$y;The Alchemist",2022-02-18,165733,50,true,nrpxj2ryv9dyhs627ckaqmlnr,2025-02-06T00:51:50Z,"southern hip hop,alternative hip hop,jazz rap,experimental hip hop,boom bap","Jet Life Recordings / ALC / EMPIRE",0.359,0.387,7,-13.576,1,0.393,0.701,0.00814,0.414,0.286,171.505,5
spotify:track:0l1p13Fbujayv894H0hfpS,"Thursday","Thursday (Original)","The Weeknd",2011-08-18,320004,59,false,nrpxj2ryv9dyhs627ckaqmlnr,2025-02-06T11:28:53Z,"","The Weeknd/Lyric",0.26,0.491,0,-8.059,0,0.0501,0.476,0.0263,0.0558,0.207,179.327,3
spotify:track:4Wyp4VYTjsz3ttbtR0kLIL,"Hear Me Out","Details","Frou Frou",2002-01-01,259293,46,false,nrpxj2ryv9dyhs627ckaqmlnr,2025-02-07T13:09:18Z,"","Universal-Island Records Ltd.",0.517,0.715,8,-7.766,1,0.0459,0.16,0.00000812,0.0547,0.664,179.95,4
spotify:track:4gtIYSYu8u2ItBqrhCaChL,"Paranoia","Submarine","The Marías",2024-05-31,231786,76,false,nrpxj2ryv9dyhs627ckaqmlnr,2025-02-13T02:59:40Z,"bedroom pop","Nice Life/Atlantic",0.688,0.639,1,-7.992,1,0.0299,0.441,0.5,0.0753,0.773,120.039,4
spotify:track:7ld1MqsXXQTB3IWI2TgsnX,"Following","We Travel Fast","Chungking",2003-06-09,301266,20,false,nrpxj2ryv9dyhs627ckaqmlnr,2025-02-18T16:52:48Z,"trip hop","Black Volta",0.282,0.38,5,-10.633,1,0.0313,0.897,0.000366,0.0459,0.0784,135.088,4
spotify:track:6jgkEbmQ2F2onEqsEhiliL,"My Kind of Woman","2","Mac DeMarco",2012-10-16,190845,84,false,nrpxj2ryv9dyhs627ckaqmlnr,2025-02-21T22:18:29Z,"indie,lo-fi indie","Captured Tracks",0.501,0.765,6,-7.063,0,0.0281,0.00294,0.49,0.184,0.46,91.771,4
spotify:track:0SzvmWfOhoxZVGrmvb56YL,"Baby I'm Yours","Leave Before The Lights Come On","Arctic Monkeys",2006-08-14,152613,70,false,nrpxj2ryv9dyhs627ckaqmlnr,2025-02-21T22:20:06Z,"indie,garage rock","Domino Recording Co",0.462,0.595,2,-9.363,1,0.0347,0.215,0,0.184,0.64,113.719,4
spotify:track:4ckfHRKubNuVkMzqbLzogO,"Nothing Wrong","Type-3 - EP","Higher Brothers;Harikiri",2018-02-27,160645,26,true,nrpxj2ryv9dyhs627ckaqmlnr,2025-02-23T22:27:52Z,"chinese hip hop,chinese r&b","88rising Music",0.825,0.67,1,-7.765,1,0.0702,0.0599,0,0.139,0.646,124.041,4
spotify:track:0pUVeEgZuNyFzIMKp67RbS,"Eyes Without A Face","Rebel Yell","Billy Idol",1983-11-01,299240,87,false,nrpxj2ryv9dyhs627ckaqmlnr,2025-02-24T01:07:45Z,"","CAPITOL CATALOG MKT (C92)",0.54,0.816,9,-6.197,1,0.0421,0.0177,0.00226,0.276,0.658,85.563,4
spotify:track:7qU7vhCPKhkDiJYGoboISc,"Apocalypse Dreams","Lonerism","Tame Impala",2012-01-01,356946,63,false,nrpxj2ryv9dyhs627ckaqmlnr,2025-03-01T00:42:03Z,"neo-psychedelic,indie","Modular",0.496,0.929,8,-2.279,1,0.0503,0.249,0.131,0.0677,0.267,127.998,4
spotify:track:2DPYlWl50ydYsnnuryL5aX,"Cooler Than Me (feat. Big Sean)","Cooler Than Me EP","Mike Posner;Big Sean",2009-12-15,227840,62,false,nrpxj2ryv9dyhs627ckaqmlnr,2025-03-01T02:13:18Z,"","J Records",0.837,0.515,7,-4.065,0,0.0793,0.103,0,0.233,0.769,129.001,4
spotify:track:7swGurTfZlwx7mTOE8PpIc,"Sweet November","Z","SZA",2014-04-08,243744,61,true,nrpxj2ryv9dyhs627ckaqmlnr,2025-03-01T12:08:55Z,"r&b","Top Dawg Entertainment",0.478,0.551,0,-7.079,0,0.0354,0.532,0.0154,0.288,0.481,108.849,4
spotify:track:2nCmCt4B5vkabS0zeOuc1Z,"Push The Button","Taller In More Ways","Sugababes",2005-01-01,218093,49,false,nrpxj2ryv9dyhs627ckaqmlnr,2025-03-05T17:46:26Z,"","Universal-Island Records Ltd.",0.962,0.662,8,-5.093,1,0.0578,0.0517,0,0.0799,0.801,126.007,4
spotify:track:2ozJmnjqCMJavEKoHqiou0,"He Loves U Not","It Was All A Dream","Dream",2001,226666,57,false,nrpxj2ryv9dyhs627ckaqmlnr,2025-03-05T18:27:17Z,"","Bad Boy Records",0.723,0.927,8,-5.848,1,0.208,0.0925,0.00000257,0.128,0.601,155.898,4
spotify:track:2RlgNHKcydI9sayD2Df2xp,"Mr. Blue Sky","Out of the Blue","Electric Light Orchestra",1977,303820,85,false,nrpxj2ryv9dyhs627ckaqmlnr,2025-03-05T22:33:51Z,"art rock,soft rock","Epic/Legacy",0.388,0.338,10,-10.054,1,0.0329,0.652,0.00000373,0.248,0.478,177.765,4
spotify:track:2sROAaC8BMV13cn31OLdpF,"Friends To Lovers","Body Music (Deluxe)","AlunaGeorge",2013-01-01,277173,23,false,nrpxj2ryv9dyhs627ckaqmlnr,2025-03-06T13:55:34Z,"","Universal-Island Records Ltd.",0.573,0.448,2,-7.981,1,0.108,0.521,0.00268,0.105,0.173,99.999,3
spotify:track:3C2BKKKa7xrz2uWqIN1Mnh,"Ain't Got No Haters (feat. Too Short)","Everythangs Corrupt","Ice Cube;Too $hort",2018-12-07,206053,64,true,nrpxj2ryv9dyhs627ckaqmlnr,2025-03-07T01:43:48Z,"old school hip hop,gangster rap,west coast hip hop,g-funk,hip hop,hyphy","Cubevision JV New Agreements",0.776,0.925,11,-2.134,0,0.0792,0.0543,0.000427,0.189,0.715,95.951,4
spotify:track:4EcoXZhvbU3qS7ORWUEcVI,"Take Me Where Your Heart Is","The Shave Experiment","Q",2020-12-11,192896,55,false,nrpxj2ryv9dyhs627ckaqmlnr,2025-03-07T15:17:19Z,"alternative r&b","Columbia",0.858,0.426,10,-8.879,0,0.0402,0.00586,0.761,0.0977,0.419,89.981,4
spotify:track:7reX35Qt5uap48Bx0pLWn3,"You're My","You're My","Sticks & Stonez;Liv East",2019-03-01,289923,63,false,nrpxj2ryv9dyhs627ckaqmlnr,2025-03-07T16:00:26Z,"jazz house","Glitterbox Recordings",0.766,0.602,2,-8.755,1,0.0733,0.0138,0.499,0.19,0.766,111.018,4
spotify:track:14NKdwlTVliVFsFWR4ONac,"for u - Radio Edit","'99","Jackson Homer;Lucia Sophia",2022-03-25,177500,50,false,nrpxj2ryv9dyhs627ckaqmlnr,2025-03-07T16:27:45Z,"rally house,nu disco","Jackson Homer Music under exclusive license to Amuseio AB",0.855,0.446,5,-11.537,0,0.479,0.624,0.00139,0.422,0.412,119.306,4
spotify:track:6qqq5zPYV7U4UsKnGC82tw,"Daydreaming","Daydreaming","NxWorries;Anderson .Paak;Knxwledge",2023-05-18,186967,45,false,nrpxj2ryv9dyhs627ckaqmlnr,2025-03-07T18:34:53Z,"","Stones Throw Records",0.697,0.585,1,-9.597,1,0.0361,0.274,0.145,0.0779,0.504,74.014,4
spotify:track:3w2PO4US2zMxFDxEjWT9yB,"Be Easy","Be Easy","Odeal;brazy",2023-05-26,132052,68,false,nrpxj2ryv9dyhs627ckaqmlnr,2025-03-08T17:01:22Z,"afroswing,afro r&b,alté,uk r&b,afrobeats,afrobeat","OVMBR",0.822,0.488,5,-9.24,0,0.643,0.0874,0,0.154,0.439,123.893,4
spotify:track:38EhHqsV5NX9JrC2D2qXNI,"Whoa","- Ugh, those feels again","Snoh Aalegra",2019-08-16,199179,59,false,nrpxj2ryv9dyhs627ckaqmlnr,2025-03-08T22:26:38Z,"alternative r&b","Artium Recordings, LLC",0.509,0.514,10,-11.283,1,0.123,0.121,0.00144,0.104,0.476,188.019,4
spotify:track:5GmZtQFlzYvFwPSFrum49Y,"DX7","DX7","Dabeull;HolyBrune",2016-05-20,244762,48,false,nrpxj2ryv9dyhs627ckaqmlnr,2025-03-08T22:27:09Z,"funk,nu disco","Dabeull Records",0.901,0.584,1,-7.658,1,0.0753,0.44,0.00228,0.0646,0.711,110.983,4
spotify:track:3bWpfAjDh9Rpszf8AkaN0w,"Strange Things","VISION","Double",2002-10-09,289626,47,false,nrpxj2ryv9dyhs627ckaqmlnr,2025-03-10T15:28:45Z,"j-r&b","FOR LIFE MUSIC ENTERTAINMENT,INC.",0.706,0.556,5,-7.058,0,0.0329,0.216,0.00306,0.0913,0.642,141.993,4
spotify:track:38LUbz74v3nmP8x0efElw2,"Last Summer Whisper","Heaven Beach","Anri",1982-11-21,299680,65,false,nrpxj2ryv9dyhs627ckaqmlnr,2025-03-10T15:28:50Z,"city pop,j-pop,kayōkyoku","FOR LIFE MUSIC ENTERTAINMENT,INC.",0.732,0.488,4,-8.65,1,0.0446,0.222,0.000149,0.0383,0.61,78.512,4
spotify:track:5N5fp1lYSORdZbWanACki9,"Bonita Applebum","The Anthology","A Tribe Called Quest",1999-10-26,217240,58,false,nrpxj2ryv9dyhs627ckaqmlnr,2025-03-11T22:19:09Z,"jazz rap,east coast hip hop,old school hip hop,hip hop","Jive",,,,,,,,,,,,
spotify:track:5o9GCBBMWxSu7y4naOdFPy,"Villuminati","Born Sinner (Deluxe Version)","J. Cole",2013-06-18,307866,56,true,nrpxj2ryv9dyhs627ckaqmlnr,2025-03-21T12:33:39Z,"rap","Roc Nation LLC",0.656,0.836,11,-6.075,0,0.196,0.0493,0.00358,0.367,0.0483,107.36,4
spotify:track:3dkLUA4zs07CnhchRuRV6J,"Snakes","1999","Joey Bada$$;T'nah Apex",2012-06-12,259439,60,true,nrpxj2ryv9dyhs627ckaqmlnr,2025-03-22T07:21:59Z,"hip hop,jazz rap,rap","PRO ERA / EMPIRE",0.529,0.669,1,-4.653,1,0.337,0.823,0,0.11,0.797,82.147,4
spotify:track:5O59s7bCgTFsXDXlWecyQ1,"Apparently","2014 Forest Hills Drive","J. Cole",2014-12-09,292865,71,true,nrpxj2ryv9dyhs627ckaqmlnr,2025-03-25T07:49:46Z,"rap","Roc Nation Records LLC",0.802,0.544,5,-9.212,1,0.0686,0.605,0,0.102,0.57,133.992,4
spotify:track:2lO7sDzhG2LMhSwpn8MwJB,"Needs","Needs","Verzache",2018-02-14,177479,68,false,nrpxj2ryv9dyhs627ckaqmlnr,2025-03-25T22:59:50Z,"","Zach Farache",0.814,0.599,11,-7.552,0,0.116,0.194,0.000208,0.401,0.854,118.978,4
spotify:track:16Ky4KZFBlAnFzsgQOn5MT,"Say, Can You Hear","Say, Can You Hear","Men I Trust",2018-11-30,189246,56,false,nrpxj2ryv9dyhs627ckaqmlnr,2025-03-27T11:29:48Z,"bedroom pop,indie pop,dream pop","Independent",0.626,0.404,6,-14.097,0,0.0574,0.797,0.801,0.11,0.493,157.887,4
spotify:track:6t90Z9XkdsHD8xMxro6KRP,"Consideration","ANTI (Deluxe)","Rihanna;SZA",2016-01-28,161066,72,true,nrpxj2ryv9dyhs627ckaqmlnr,2025-03-28T12:08:39Z,"r&b","Roc Nation / Rihanna",0.885,0.584,7,-2.102,0,0.046,0.0392,0.00000439,0.0869,0.785,145.002,4
spotify:track:3HVRZxCp3BWYuYe8L8BMNH,"Real Life","Submarine","The Marías",2024-05-31,206973,73,false,nrpxj2ryv9dyhs627ckaqmlnr,2025-03-28T12:53:29Z,"bedroom pop","Nice Life/Atlantic",0.783,0.603,0,-8.879,0,0.0265,0.521,0.351,0.119,0.633,100.994,4
spotify:track:5Ha9IheRrkDyr7ZdhaRsWb,"Ryd","Steve Lacy's Demo","Steve Lacy",2017-02-24,140182,70,false,nrpxj2ryv9dyhs627ckaqmlnr,2025-03-28T12:55:23Z,"","Three Quarter",0.788,0.939,9,-7.327,0,0.0544,0.0723,0.000181,0.133,0.98,137.002,4
spotify:track:7C7yqFTM0ncyJ04GIKrxdV,"Anything Could Happen","Halcyon","Ellie Goulding",2012-01-01,286322,68,false,nrpxj2ryv9dyhs627ckaqmlnr,2025-03-28T21:10:56Z,"","Polydor Records",0.702,0.781,0,-4.081,1,0.03,0.433,0,0.135,0.382,102.997,4
spotify:track:4JGKZS7h4Qa16gOU3oNETV,"Dreams","Everybody Else Is Doing It, So Why Can't We?","The Cranberries",1993-03-01,271560,72,false,nrpxj2ryv9dyhs627ckaqmlnr,2025-03-29T02:06:51Z,"","Island Records",0.551,0.645,4,-13.093,1,0.0354,0.0031,0.00376,0.421,0.508,128.665,4
spotify:track:0FTmksd2dxiE5e3rWyJXs6,"back to friends","back to friends","sombr",2024-12-27,199032,91,false,nrpxj2ryv9dyhs627ckaqmlnr,2025-03-31T16:09:10Z,"","Warner Records",0.436,0.723,1,-2.291,1,0.0301,0.0000937,0.0000882,0.0929,0.235,92.855,4
spotify:track:2U7svZUGvR4tfKdyxv9mXu,"would've been you","would've been you","sombr",2023-11-17,183586,80,false,nrpxj2ryv9dyhs627ckaqmlnr,2025-03-31T16:09:26Z,"","Warner Records",0.311,0.379,1,-12.786,1,0.0313,0.738,0.167,0.0954,0.138,79.771,4
spotify:track:7uv632EkfwYhXoqf8rhYrg,"Angel","Mezzanine","Massive Attack;Horace Andy",1998-01-01,379533,82,false,nrpxj2ryv9dyhs627ckaqmlnr,2025-03-31T16:15:26Z,"trip hop,downtempo,roots reggae,dub,reggae,rocksteady,lovers rock,ragga","Circa",0.714,0.309,7,-10.796,1,0.0291,0.0157,0.807,0.0777,0.0671,107.346,4
spotify:track:4JLBaHFkjxnbf9X0D8G3zQ,"Glory of the Snow","Charm","Clairo",2024-07-12,170832,62,false,nrpxj2ryv9dyhs627ckaqmlnr,2025-04-01T15:29:24Z,"bedroom pop","Clairo",0.731,0.55,5,-8.715,0,0.0376,0.735,0.367,0.103,0.588,117.995,4
spotify:track:47uY2r2IzVg8moQyAwmm83,"LOVE LOOKS PRETTY ON YOU","AFTERCARE DELUXE","Nessa Barrett",2025-02-07,192946,62,false,nrpxj2ryv9dyhs627ckaqmlnr,2025-04-01T15:35:03Z,"","Warner Records",0.394,0.552,6,-7.865,1,0.071,0.613,0.00000546,0.141,0.348,184.002,4
spotify:track:5p3ckKoVpUi51ByUmA1vfT,"Bleed (feat. Omar Apollo)","Bleed (feat. Omar Apollo)","Malcolm Todd;Omar Apollo",2025-02-28,179373,67,false,nrpxj2ryv9dyhs627ckaqmlnr,2025-04-01T15:43:59Z,"bedroom pop","Columbia",0.726,0.574,9,-6.586,0,0.0297,0.00296,0.00465,0.396,0.509,124.326,4
spotify:track:1UNEuG9DYOWiikf00ayr52,"Love Me Not","Love Me Not / Love Is Blind","Ravyn Lenae",2024-05-03,213466,88,false,nrpxj2ryv9dyhs627ckaqmlnr,2025-04-02T20:08:59Z,"alternative r&b,indie soul","Atlantic Records",0.786,0.741,0,-6.147,1,0.0309,0.293,0,0.132,0.816,113.98,4
spotify:track:69Kzq3FMkDwiSFBQzRckFD,"This Night Has Opened My Eyes - 2011 Remaster","Hatful of Hollow","The Smiths",1984,221533,76,false,nrpxj2ryv9dyhs627ckaqmlnr,2025-04-03T05:32:12Z,"new wave,madchester,jangle pop","WM UK",0.696,0.628,2,-8.407,1,0.0274,0.00102,0.428,0.272,0.701,100.038,4
spotify:track:0OLyp6n6yMwIzzlubXDrsK,"Abducted","Cults","Cults",2011-06-07,172960,27,false,nrpxj2ryv9dyhs627ckaqmlnr,2025-04-05T16:36:54Z,"","ITNO/Columbia",0.374,0.937,9,-3.882,1,0.082,0.00632,0.0207,0.186,0.342,149.812,4
spotify:track:7tXqTuMhhqPlxl7AFifSU3,"Morning Star","Morning Star","Flunk",2004-04-27,232026,27,false,nrpxj2ryv9dyhs627ckaqmlnr,2025-04-05T18:24:24Z,"trip hop,downtempo","Beatservice Records",0.639,0.871,0,-9.426,0,0.0453,0.00469,0.00593,0.39,0.65,130.008,4
spotify:track:1xP2jdihnPfoqPNVHHhKnm,"quiero sentirme bien","Sin Miedo (del Amor y Otros Demonios) ∞","Kali Uchis",2020-12-04,222383,66,true,nrpxj2ryv9dyhs627ckaqmlnr,2025-04-05T18:46:36Z,"","EMI / Interscope",0.779,0.38,0,-9.753,1,0.0361,0.43,0.00307,0.368,0.684,130.016,4
spotify:track:08aSprc2fv1viNls6RmLdN,"Don't Let No One Get You Down","Why Can't We Be Friends?","War",1975-01-01,240866,54,false,nrpxj2ryv9dyhs627ckaqmlnr,2025-04-07T17:59:59Z,"","Avenue Records",0.632,0.411,7,-12.658,1,0.0686,0.12,0.00569,0.659,0.435,105.327,4
spotify:track:5QoFWpXoaUyT44VmR98wLl,"Suavecito","Malo","Malo",1972-01,395200,59,false,nrpxj2ryv9dyhs627ckaqmlnr,2025-04-07T18:15:26Z,"latin rock","Warner Records",0.562,0.561,11,-10.954,0,0.0343,0.412,0.0000198,0.0917,0.666,113.911,4
spotify:track:4c2xt1trwYZpMqPWY35Xi9,"Jaded","Scorpion","Drake",2018-06-29,262453,75,true,nrpxj2ryv9dyhs627ckaqmlnr,2025-04-07T22:45:45Z,"rap","Cash Money/Drake LP6",0.764,0.271,0,-5.697,1,0.0414,0.037,0,0.175,0.0371,116.019,4
spotify:track:4AOUkAWdXPucnYe6GYdZjk,"Be Your Girl","Complex Simplicity: 15th Anniversary Edition","Teedra Moses",2004,249493,65,false,nrpxj2ryv9dyhs627ckaqmlnr,2025-04-10T23:15:37Z,"","The Orchard",0.714,0.722,11,-5.837,0,0.0936,0.164,0.00000238,0.175,0.628,92.017,4
spotify:track:4jmLj7bALZTQoe93dT623W,"In Your Eyes","IV","BADBADNOTGOOD;Charlotte Day Wilson",2016-07-08,247054,65,false,nrpxj2ryv9dyhs627ckaqmlnr,2025-04-13T20:33:07Z,"alternative r&b","Innovative Leisure",0.488,0.528,0,-5.952,0,0.0298,0.457,0.000792,0.108,0.438,79.765,4
spotify:track:5ba2XjMxBKeDpOhwZH8Uit,"Le lever du soleil (feat. Naïssam Jalal)","La femme aux yeux de sel","Gabi Hartmann;Naïssam Jalal",2025-03-21,356453,20,false,nrpxj2ryv9dyhs627ckaqmlnr,2025-04-14T21:48:02Z,"french jazz,vocal jazz,gnawa","Masterworks",0.369,0.429,0,-11.084,1,0.0299,0.923,0.0406,0.0516,0.0763,130.88,3
spotify:track:4XfI7M5gLwEY84gYiH4RDD,"Devil's Advocate","Chip Chrome & The Mono-Tones","The Neighbourhood",2020-09-25,186306,71,false,nrpxj2ryv9dyhs627ckaqmlnr,2025-04-15T11:53:11Z,"","Columbia",0.662,0.681,11,-8.152,0,0.0315,0.0321,0.139,0.508,0.864,98.004,4
spotify:track:4sebUbjqbcgDSwG6PbSGI0,"Come a Little Closer","Melophobia","Cage The Elephant",2013-10-08,229346,78,false,nrpxj2ryv9dyhs627ckaqmlnr,2025-04-15T12:03:04Z,"","RCA Records Label",0.44,0.778,1,-1.786,0,0.0327,0.0265,0.00000104,0.151,0.304,148.038,4
spotify:track:0fScVCIlDvKJYB550Fp8rM,"Somthing's Missing","Ego Death","The Internet",2015-06-26,381073,45,false,nrpxj2ryv9dyhs627ckaqmlnr,2025-04-25T07:22:52Z,"alternative r&b,neo soul","Odd Future",0.62,0.48,5,-9.348,0,0.1,0.154,0.357,0.0676,0.568,100.004,4
spotify:track:44ByUAJyV8ZcRW3y5gqMpU,"Dollar Bills (feat. Steve Lacy)","Fin","Syd;Steve Lacy",2017-02-03,187520,43,true,nrpxj2ryv9dyhs627ckaqmlnr,2025-04-25T07:22:58Z,"alternative r&b","Columbia",0.656,0.804,1,-7.449,1,0.248,0.085,0.000636,0.32,0.765,71.524,4
spotify:track:2kBHv0gFA2iheTUXmPB9e1,"Under Control","Ego Death","The Internet",2015-06-26,244290,55,true,nrpxj2ryv9dyhs627ckaqmlnr,2025-04-25T07:23:06Z,"alternative r&b,neo soul","Odd Future",0.706,0.714,7,-6.134,1,0.061,0.327,0.0111,0.185,0.503,98.003,4
spotify:track:3QRQwnaENDNslrc5tNUGgE,"Lava Lamp","Drunk","Thundercat",2017-02-24,178569,57,false,nrpxj2ryv9dyhs627ckaqmlnr,2025-04-25T07:23:13Z,"","Brainfeeder",0.471,0.551,7,-11.161,1,0.0528,0.737,0.452,0.11,0.248,76.002,4
spotify:track:1tN7gp3HKJL5MXCGqUZtgh,"Jethro","Drunk","Thundercat",2017-02-24,94896,46,false,nrpxj2ryv9dyhs627ckaqmlnr,2025-04-25T07:23:19Z,"","Brainfeeder",0.615,0.715,8,-6.937,1,0.036,0.464,0.0921,0.352,0.701,83.521,4
spotify:track:1NlGXcWeUSe1s3IgRKcqmB,"Antidote","A Collection of Fleeting Moments and Daydreams","Orion Sun",2020-01-06,169822,59,false,nrpxj2ryv9dyhs627ckaqmlnr,2025-04-25T07:23:24Z,"alternative r&b,bedroom pop","orion sun",0.645,0.786,1,-3.995,1,0.188,0.173,0,0.137,0.452,81.917,4
spotify:track:3P4gLPPOHIRQ5j6PC1hNa5,"Tomorrow","Isolation","Kali Uchis",2018-04-06,190375,56,false,nrpxj2ryv9dyhs627ckaqmlnr,2025-04-25T07:23:31Z,"","EMI",0.644,0.591,2,-7.218,0,0.0296,0.116,0.000035,0.141,0.494,107.034,4
spotify:track:3boUSTv7CwQRiWuq8ZPjYi,"Jewelry","Negro Swan","Blood Orange",2018-08-24,272094,49,true,nrpxj2ryv9dyhs627ckaqmlnr,2025-04-25T07:23:37Z,"art pop","Domino Recording Co",0.452,0.258,3,-11.901,0,0.04,0.484,0.000516,0.269,0.161,128.259,4
spotify:track:5tVSyeNzQtII2z51pQa9WJ,"Paradise (feat. BADBADNOTGOOD & Sean Leon)","Pilgrim's Paradise","Daniel Caesar;BADBADNOTGOOD;Sean Leon",2015-11-12,266470,56,true,nrpxj2ryv9dyhs627ckaqmlnr,2025-04-25T07:23:43Z,"","HV Recordings",0.429,0.791,8,-6.819,1,0.0356,0.0579,0.00000143,0.22,0.422,83.917,4
spotify:track:2QLNDKL7hZyh2OZ8UL9WrV,"Hope","Negro Swan","Blood Orange;Diddy;Tei Shi",2018-08-24,239767,52,false,nrpxj2ryv9dyhs627ckaqmlnr,2025-04-25T07:24:04Z,"art pop,hip hop,east coast hip hop","Domino Recording Co",0.413,0.227,5,-10.871,1,0.0756,0.411,0,0.0912,0.354,86.35,4
spotify:track:0JADBJ42q1ab92VOULBh9V,"Stay the Night","Hive Mind","The Internet",2018-07-20,261639,48,false,nrpxj2ryv9dyhs627ckaqmlnr,2025-04-25T07:24:04Z,"alternative r&b,neo soul","Columbia",0.746,0.422,9,-11.769,0,0.0352,0.755,0.117,0.104,0.604,93.002,4
spotify:track:1YtL1zAWrSxpZUOqfmPbc5,"Terrified","""Awaken, My Love!""","Childish Gambino",2016-12-02,255466,62,true,nrpxj2ryv9dyhs627ckaqmlnr,2025-04-25T07:24:04Z,"","Glassnote - VMG",0.481,0.393,0,-11.515,0,0.0521,0.398,0.45,0.101,0.107,140.029,4
spotify:track:7a60lyI9Wy3eezBpGZ37Ni,"Lay Me Down","Apollo XXI","Steve Lacy",2019-05-24,183074,60,false,nrpxj2ryv9dyhs627ckaqmlnr,2025-04-25T07:24:04Z,"","3qtr",0.544,0.59,9,-9.378,0,0.0394,0.0243,0.0404,0.577,0.735,79.896,3
spotify:track:59DqOEiZvbyRNHew4U6guS,"Space Jam - An Odyssey","A Collection of Fleeting Moments and Daydreams","Orion Sun",2020-01-06,221596,50,true,nrpxj2ryv9dyhs627ckaqmlnr,2025-04-25T07:24:04Z,"alternative r&b,bedroom pop","orion sun",0.484,0.801,1,-3.799,0,0.189,0.415,0.000686,0.123,0.321,155.898,4
spotify:track:3iv26BUAWSn83q8rhGKPE8,"Flight 22","Isolation","Kali Uchis",2018-04-06,216982,57,false,nrpxj2ryv9dyhs627ckaqmlnr,2025-04-25T07:24:04Z,"","EMI",0.635,0.646,10,-5.246,1,0.0462,0.415,0.00055,0.42,0.344,117.956,3
spotify:track:5jPYTT7rhC2IzRopDMtwyj,"Dent Jusay","The Drum Chord Theory","Matt Martians;Syd;Steve Lacy",2017-01-27,157112,51,false,nrpxj2ryv9dyhs627ckaqmlnr,2025-04-25T07:24:04Z,"","Three Quarter",0.602,0.823,8,-4.777,0,0.446,0.606,0.00000198,0.657,0.593,147.82,4
spotify:track:4qdbCACEpbFWIpKSMa2fZC,"Out Of Your League","Negro Swan","Blood Orange;Steve Lacy",2018-08-24,140923,59,false,nrpxj2ryv9dyhs627ckaqmlnr,2025-04-25T07:24:04Z,"art pop","Domino Recording Co",0.896,0.469,2,-7.13,0,0.0555,0.103,0.00456,0.108,0.676,120.849,4
spotify:track:1l32mo5oW5oIRRjNnVJBNR,"Come Together","Hive Mind","The Internet",2018-07-20,220591,48,false,nrpxj2ryv9dyhs627ckaqmlnr,2025-04-25T07:24:04Z,"alternative r&b,neo soul","Columbia",0.684,0.564,0,-8.45,0,0.0432,0.363,0.332,0.118,0.52,96.357,4
spotify:track:6KqAgoz02Jjga2TGdnCAKy,"III. Urn","Because the Internet","Childish Gambino",2013-12-10,73386,66,false,nrpxj2ryv9dyhs627ckaqmlnr,2025-04-25T07:24:04Z,"","Glassnote - VMG",0.613,0.446,2,-12.759,0,0.062,0.623,0.00257,0.0731,0.406,139.727,4
spotify:track:3XvVsoJmlfBfLFXGR57DeK,"Looks","Steve Lacy's Demo","Steve Lacy",2017-02-24,91465,58,false,nrpxj2ryv9dyhs627ckaqmlnr,2025-04-25T07:24:04Z,"","Three Quarter",0.753,0.705,5,-5.562,1,0.084,0.259,0.146,0.103,0.799,93.954,4
spotify:track:2Tl0t18jgqJo0S7Fs2iy50,"Body Language - Intro","Isolation","Kali Uchis",2018-04-06,136342,54,false,nrpxj2ryv9dyhs627ckaqmlnr,2025-04-25T07:24:04Z,"","EMI",0.387,0.706,9,-8.74,1,0.128,0.639,0.00404,0.285,0.588,115.956,4
spotify:track:1x0OUPKa4Rcj1jCoLI66bZ,"Penthouse Cloud","Ego Death","The Internet",2015-06-26,284187,43,false,nrpxj2ryv9dyhs627ckaqmlnr,2025-04-25T07:24:04Z,"alternative r&b,neo soul","Odd Future",0.503,0.416,8,-11.5,1,0.0721,0.426,0.0166,0.164,0.266,88.9,4
spotify:track:39xVzbZDVYROIkoI0wJU7k,"Closer (Ode 2 U)","Crush EP","Ravyn Lenae",2018-02-09,196036,47,false,nrpxj2ryv9dyhs627ckaqmlnr,2025-04-25T07:24:04Z,"alternative r&b,indie soul","Atlantic Records/Three Twenty Three Music Group",0.706,0.487,11,-7.913,0,0.0343,0.26,0,0.174,0.558,104,4
spotify:track:0z5ETXpbYwKcGo0CUoZeGs,"Nevada","Nevada","River Tiber",2019-08-13,215536,39,false,nrpxj2ryv9dyhs627ckaqmlnr,2025-04-25T07:24:04Z,"","River Tiber",0.409,0.664,7,-8.739,1,0.0477,0.343,0.00493,0.184,0.233,79.329,4
spotify:track:2wsa9Re66HqlOkgb3DpnBX,"Computer Luv (feat. Steve Lacy)","Crush EP","Ravyn Lenae;Steve Lacy",2018-02-09,162063,56,false,nrpxj2ryv9dyhs627ckaqmlnr,2025-04-25T07:24:04Z,"alternative r&b,indie soul","Atlantic Records/Three Twenty Three Music Group",0.595,0.44,2,-7.568,1,0.0743,0.0751,0,0.35,0.656,101.912,4
spotify:track:1IHIpeccfPzZF0ckApah5B,"Sweet Va Breeze","Big Baby DRAM","DRAM",2016-10-21,217826,37,true,nrpxj2ryv9dyhs627ckaqmlnr,2025-04-25T07:24:04Z,"","W.A.V.E. Recordings/EMPIRE/Atlantic",0.568,0.488,3,-9.463,0,0.0483,0.857,0.00000397,0.121,0.461,97.135,3
spotify:track:3znB5jbOOslcwj3SKr64oV,"OH NO!","Dear Annie","Rejjie Snow;Dana Williams",2018-02-16,169920,37,true,nrpxj2ryv9dyhs627ckaqmlnr,2025-04-25T07:24:04Z,"jazz rap","BMG Rights Management (UK) Ltd.",0.761,0.537,0,-6.541,1,0.125,0.501,0.107,0.112,0.553,131.94,4
spotify:track:7sg9ToL94GAiksETi5GZGz,"Ur","Z","SZA",2014-04-08,235769,51,false,nrpxj2ryv9dyhs627ckaqmlnr,2025-04-25T07:24:04Z,"r&b","Top Dawg Entertainment",0.754,0.56,0,-8.01,1,0.0608,0.318,0.131,0.0863,0.355,114.034,4
spotify:track:2PzWUwFXApjQBZzKMl4Hd6,"Saint","Negro Swan","Blood Orange",2018-08-24,192009,54,false,nrpxj2ryv9dyhs627ckaqmlnr,2025-04-25T07:24:04Z,"art pop","Domino Recording Co",0.795,0.629,5,-8.704,0,0.0745,0.043,0.000154,0.378,0.0667,100.803,4
spotify:track:5xok0LRntz8qY9ljEwPV9L,"Gabby (feat. Janelle Monáe)","Ego Death","The Internet;Janelle Monáe",2015-06-26,213795,50,true,nrpxj2ryv9dyhs627ckaqmlnr,2025-04-25T07:24:04Z,"alternative r&b,neo soul","Odd Future",0.498,0.78,9,-4.947,1,0.201,0.00909,0.16,0.25,0.657,156.772,4
spotify:track:74Af93sMeTqsKgIZOjRsn5,"Acid Test","Indigo","River Tiber",2016-06-24,313370,38,false,nrpxj2ryv9dyhs627ckaqmlnr,2025-04-25T07:24:04Z,"","River Tiber",0.174,0.763,3,-6.811,0,0.0952,0.227,0.000948,0.314,0.0991,164.647,4
spotify:track:5QaUFqVL3D4IqAQh60xGCT,"In The Morning (feat. Thundercat & Syd)","Live From Space","Mac Miller;Thundercat;Syd",2013-12-17,265066,0,true,nrpxj2ryv9dyhs627ckaqmlnr,2025-04-25T07:24:04Z,"alternative r&b","Rostrum Records",0.551,0.639,4,-8.553,1,0.396,0.0442,0.000405,0.121,0.116,191.921,4
spotify:track:300DUx4tdtCdGEUXR032jA,"Palace/Curse (feat. Tyler, The Creator & Steve Lacy)","Ego Death","The Internet;Tyler, The Creator;Steve Lacy",2015-06-26,440003,63,true,nrpxj2ryv9dyhs627ckaqmlnr,2025-04-25T07:24:04Z,"alternative r&b,neo soul","Odd Future",0.447,0.625,10,-8.212,0,0.323,0.0351,0.000727,0.243,0.261,67.104,4
spotify:track:1rfGO3N4DPGodJLSSY9Re5,"Sticky","Sticky","Ravyn Lenae",2017-12-08,196754,52,false,nrpxj2ryv9dyhs627ckaqmlnr,2025-04-25T07:24:04Z,"alternative r&b,indie soul","Atlantic Records/Three Twenty Three Music Group",0.712,0.846,4,-6.714,0,0.0538,0.0339,0.000384,0.106,0.573,120.016,4
spotify:track:0RDKUURGxghQIpKRpwIbpp,"I. Flight of the Navigator","Because the Internet","Childish Gambino",2013-12-10,344143,56,true,nrpxj2ryv9dyhs627ckaqmlnr,2025-04-25T07:24:04Z,"","Glassnote - VMG",0.332,0.667,1,-10.739,0,0.0436,0.0539,0.147,0.128,0.164,79.597,4
spotify:track:7wNAM0qzErN5Dr9uV6B3fW,"Only If","Apollo XXI","Steve Lacy",2019-05-24,100562,67,false,nrpxj2ryv9dyhs627ckaqmlnr,2025-04-25T07:24:04Z,"","3qtr",0.811,0.402,4,-4.908,1,0.0406,0.103,0,0.0785,0.815,86.023,4
spotify:track:5e7ZRnsm4RyLcinXHfXRIk,"What Kind of Love","What Kind of Love","Childish Gambino",2014-03-03,242973,59,false,nrpxj2ryv9dyhs627ckaqmlnr,2025-04-25T07:24:04Z,"","Glassnote - VMG",0.377,0.152,2,-25.367,1,0.0343,0.708,0.00471,0.0979,0.285,80.728,4
spotify:track:5NStOjMvdbtBWCNSsh7rVn,"Verbs","Verbs","Peyton;Steve Lacy",2015-08-05,213800,0,false,nrpxj2ryv9dyhs627ckaqmlnr,2025-04-25T07:24:04Z,"alternative r&b","Peyton",0.66,0.735,1,-7.571,1,0.0987,0.265,0.0378,0.559,0.458,98.972,4
spotify:track:5KZiiK8dvTgXaVnegsvvBz,"Norton Commander (All We Need)","Norton Commander (All We Need)","Men I Trust",2019-05-14,206158,52,false,nrpxj2ryv9dyhs627ckaqmlnr,2025-04-25T07:24:04Z,"bedroom pop,indie pop,dream pop","Independent",0.682,0.317,1,-16.665,1,0.0322,0.905,0.924,0.0994,0.546,83.001,4
spotify:track:6OpU3cvY19M2hFxTbLKy5L,"Juno","Honeybloom","Choker",2018-08-03,231680,50,true,nrpxj2ryv9dyhs627ckaqmlnr,2025-04-25T07:24:04Z,"alternative r&b","Jet Fuzz",0.438,0.266,7,-12.863,1,0.0363,0.922,0.000298,0.148,0.116,120.075,4
spotify:track:7bKxc7UstlRxOtNBvLjGSs,"It Gets Better (With Time)","Hive Mind","The Internet",2018-07-20,326527,56,false,nrpxj2ryv9dyhs627ckaqmlnr,2025-04-25T07:24:04Z,"alternative r&b,neo soul","Columbia",0.484,0.375,7,-8.957,1,0.364,0.687,0.0000329,0.105,0.514,83.997,4
spotify:track:1uRQzm3P0nRGnSfnuzMTpq,"Made For You","Waking Up","OneRepublic",2009-01-01,257493,40,false,nrpxj2ryv9dyhs627ckaqmlnr,2025-04-25T14:15:09Z,"soft pop","Mosley / Interscope",0.64,0.555,7,-10.204,1,0.0411,0.14,0.0192,0.0981,0.395,122.038,4
spotify:track:2shL0bT9DHKaRLQXUFEeEa,"In My Head","Early Cats and Tracks, Vol. 1","Psapp",2004,201410,20,false,nrpxj2ryv9dyhs627ckaqmlnr,2025-04-26T05:03:58Z,"","Wow",0.682,0.597,1,-7.711,1,0.0612,0.576,0.0399,0.157,0.548,142.044,4
spotify:track:6D5GoogBIBMUBlQ1CYTkOH,"She Needs Me (Remix)","Overly Dedicated","Kendrick Lamar;Dom Kennedy;Murs",2010-09-14,195790,56,true,nrpxj2ryv9dyhs627ckaqmlnr,2025-04-27T00:58:11Z,"hip hop,west coast hip hop,underground hip hop","Top Dawg Entertainment / Kendrick Lamar",0.606,0.835,5,-6.107,1,0.265,0.417,0.00000111,0.103,0.313,100.145,4
spotify:track:4feXcsElKIVsGwkbnTHAfV,"Somethin' Stupid","The World We Knew","Frank Sinatra;Nancy Sinatra",1967-08,162493,80,false,nrpxj2ryv9dyhs627ckaqmlnr,2025-04-27T01:16:40Z,"christmas,big band,adult standards,swing music,jazz,vocal jazz","FRANK SINATRA DIGITAL REPRISE",0.257,0.338,4,-12.902,1,0.0357,0.736,0,0.252,0.544,207.356,4
spotify:track:51UtgWS4z1eMPuLQOzPtNH,"Amber","Greatest Hits '93 - '03","311",2004-06-08,211080,73,false,nrpxj2ryv9dyhs627ckaqmlnr,2025-04-27T01:47:14Z,"reggae rock,funk rock,rap rock","Volcano",0.659,0.727,4,-8.638,0,0.0455,0.119,0.00427,0.1,0.748,166.163,4
spotify:track:2IOFZdYYkFxEHVz1w34PoL,"Cherry","Fine Line","Harry Styles",2019-12-13,259180,74,false,nrpxj2ryv9dyhs627ckaqmlnr,2025-04-27T03:59:51Z,"","Columbia",0.53,0.512,7,-9.261,1,0.0259,0.615,0.00453,0.129,0.411,95.946,4
spotify:track:0w7XPnFp1jA7w7C8t89zJi,"A Mistake","When The Pawn...","Fiona Apple",1999-11-09,296400,57,true,nrpxj2ryv9dyhs627ckaqmlnr,2025-04-27T15:03:59Z,"art pop","Clean Slate/Epic",0.624,0.772,0,-8.303,1,0.0254,0.00157,0.0334,0.186,0.537,135.74,4
spotify:track:5ZZvE6t15kWWP3qhJASkSv,"You're Not with Me","Intermission","No Vacation",2017-11-17,226580,56,false,nrpxj2ryv9dyhs627ckaqmlnr,2025-04-27T18:31:00Z,"bedroom pop,dream pop","No Vacation",0.506,0.66,1,-8.23,1,0.0304,0.418,0.121,0.294,0.136,119.933,4
spotify:track:5tqZJUHEuqdN12RZVq2l9p,"Hold On","Hive Mind","The Internet",2018-07-20,406432,69,false,nrpxj2ryv9dyhs627ckaqmlnr,2025-04-27T23:19:25Z,"alternative r&b,neo soul","Columbia",0.7,0.414,0,-10.864,1,0.0373,0.849,0.0606,0.107,0.444,60.479,4
spotify:track:2wpIImsIxXpYonnrGr0CdW,"Missing You","Ego Death Bonus Tracks","The Internet",2015-11-13,136906,41,false,nrpxj2ryv9dyhs627ckaqmlnr,2025-04-27T23:26:28Z,"alternative r&b,neo soul","Odd Future",0.791,0.129,2,-12.51,1,0.149,0.513,0.11,0.114,0.248,140.014,4
spotify:track:7CQ2IUALMZScQUbpdiSxdk,"Sober","Kauai","Childish Gambino",2014-10-03,252026,72,false,nrpxj2ryv9dyhs627ckaqmlnr,2025-04-27T23:47:16Z,"","Glassnote - VMG",0.707,0.563,0,-7.621,1,0.0305,0.124,0.0000155,0.561,0.416,98.095,4
spotify:track:4IFYR5smTnHYCLP82AiDrJ,"Officially Missing You","More","Tamia",2004,242466,57,false,nrpxj2ryv9dyhs627ckaqmlnr,2025-05-02T02:50:02Z,"r&b","Elektra Records",0.476,0.407,4,-9.239,0,0.0368,0.247,0,0.144,0.226,178.258,4
spotify:track:5qXwFOkT3lrEonTzsYCeZ1,"I Can Only Whisper (feat. BADBADNOTGOOD)","ALPHA","Charlotte Day Wilson;BADBADNOTGOOD",2021-07-09,164693,48,false,nrpxj2ryv9dyhs627ckaqmlnr,2025-05-05T12:17:38Z,"alternative r&b","Stone Woman Music",0.611,0.446,2,-9.297,1,0.0355,0.192,0.0363,0.281,0.465,84.938,4
spotify:track:6TbhonqDlNHgLLCKGNpErO,"Lovesick Utopia","ALPHA (Deluxe)","Charlotte Day Wilson",2021-12-01,175034,14,false,nrpxj2ryv9dyhs627ckaqmlnr,2025-05-05T12:17:45Z,"alternative r&b","Stone Woman Music",0.446,0.261,4,-13.448,1,0.0326,0.956,0.00163,0.215,0.175,137.014,4
spotify:track:5lYcnEFmVi9yWbU4ZINRyJ,"Take Care of You (feat. Syd)","ALPHA","Charlotte Day Wilson;Syd",2021-07-09,214437,46,false,nrpxj2ryv9dyhs627ckaqmlnr,2025-05-05T12:17:54Z,"alternative r&b","Stone Woman Music",0.666,0.535,4,-9.033,0,0.112,0.827,0.0228,0.202,0.259,127.029,4
spotify:track:3ZhJM8BNznUtuQsMFu2TV4,"Forever","Cyan Blue","Charlotte Day Wilson;Snoh Aalegra",2024-05-03,196006,34,false,nrpxj2ryv9dyhs627ckaqmlnr,2025-05-05T12:18:06Z,"alternative r&b","XL Recordings",0.563,0.367,6,-10.258,1,0.0971,0.608,0.00148,0.13,0.373,89.986,4
spotify:track:2TfHuXx68GAVR71kUQttvJ,"Fever Dreamer (feat. Charlotte Day Wilson & Channel Tres)","AudioLust & HigherLove","SG Lewis;Charlotte Day Wilson;Channel Tres",2023-01-27,310340,45,true,nrpxj2ryv9dyhs627ckaqmlnr,2025-05-05T12:18:13Z,"alternative r&b,hip house","EMI",0.749,0.687,10,-6.766,0,0.0927,0.0999,0.389,0.0974,0.529,127.014,4
spotify:track:5UWJ898JHDe9Ong9Gnkdhd,"Sleeper","Sleeper","BADBADNOTGOOD;Charlotte Day Wilson",2023-10-18,244271,45,false,nrpxj2ryv9dyhs627ckaqmlnr,2025-05-05T12:18:19Z,"alternative r&b","XL Recordings",0.477,0.537,9,-7.329,1,0.0545,0.306,0.00221,0.129,0.489,96.485,4
spotify:track:5duZe3kHUqNENd97WYqmYL,"Another Lover","New Me, Same Us","Little Dragon",2020-03-27,266721,50,false,nrpxj2ryv9dyhs627ckaqmlnr,2025-05-10T12:21:22Z,"trip hop","Ninja Tune",0.643,0.547,5,-10.297,0,0.0528,0.198,0.025,0.173,0.324,80.983,4
spotify:track:2QEd05Kp6sGDkc5399s6bM,"Built This Way (Slow Remix)","Mean Girls (Original Motion Picture Soundtrack)","Samantha Ronson",2004-01-01,256293,51,false,nrpxj2ryv9dyhs627ckaqmlnr,2025-05-16T19:48:53Z,"","Bulletproof Entertainment/Fontana North",0.422,0.789,11,-6.107,1,0.082,0.136,0,0.0859,0.668,94.486,4
spotify:track:3WGsYiBXmaT8XyY4Fmry2v,"Big Jet Plane","Down the Way","Angus & Julia Stone",2010-03-30,239146,51,false,nrpxj2ryv9dyhs627ckaqmlnr,2025-05-16T20:48:20Z,"","Nettwerk",0.762,0.387,10,-8.643,0,0.0277,0.239,0.00756,0.13,0.274,109.959,4
spotify:track:5yvhdo8FXbBsIllxv2Rr94,"Prom","Ctrl","SZA",2017-06-09,196120,71,true,nrpxj2ryv9dyhs627ckaqmlnr,2025-05-19T18:09:11Z,"r&b","Top Dawg Entertainment/RCA Records",0.805,0.702,1,-4.877,1,0.0887,0.0639,0,0.123,0.225,120.048,4
spotify:track:7bcy34fBT2ap1L4bfPsl9q,"I Didn't Change My Number","Happier Than Ever","Billie Eilish",2021-07-30,158463,74,true,nrpxj2ryv9dyhs627ckaqmlnr,2025-05-19T18:33:51Z,"","Darkroom/Interscope Records",0.849,0.48,9,-5.835,1,0.226,0.612,0.269,0.295,0.677,142.021,4
spotify:track:27rTS21oHLDYknySfIHNak,"dream boi","dream boi","tara-bridget",2018-04-25,159000,32,true,nrpxj2ryv9dyhs627ckaqmlnr,2025-05-25T00:43:26Z,"","tara-bridget",0.418,0.568,0,-13.485,0,0.0545,0.301,0.0144,0.0904,0.257,69.709,3
spotify:track:2pjhbhe7wLELjw5PiEHgU1,"Everybody Got Their Something","Everybody Got Their Something","Nikka Costa",2001-01-01,260506,47,false,nrpxj2ryv9dyhs627ckaqmlnr,2025-05-31T21:21:33Z,"","Virgin Records",0.927,0.507,9,-9.498,1,0.0601,0.587,0.0037,0.37,0.915,104.143,4
spotify:track:59S3SiDxj914oyXd25zt3j,"Automatic Driver - Tyler, The Creator Remix","Automatic Driver (Tyler, The Creator Remix)","La Roux;Tyler, The Creator",2020-04-17,210674,46,false,nrpxj2ryv9dyhs627ckaqmlnr,2025-06-04T18:21:18Z,"","Supercolour Records",0.551,0.417,0,-7.028,1,0.028,0.471,0,0.344,0.53,96.906,4
spotify:track:7HXkG71tnUPgjeMEP9688d,"Rinsed","Rinsed","Dean Blunt;TYSON",2023-03-03,106805,69,false,nrpxj2ryv9dyhs627ckaqmlnr,2025-06-04T18:55:55Z,"uk r&b","WORLD MUSIC",0.658,0.475,3,-8.396,1,0.025,0.761,0.0000375,0.116,0.756,92.006,4
spotify:track:2Z3FJeBcVlWVVi1QYqAUJn,"ur friends","ur friends","lavi kou",2016-03-05,96026,48,true,nrpxj2ryv9dyhs627ckaqmlnr,2025-06-07T11:19:50Z,"","lavi kou",0.531,0.595,1,-9.635,1,0.0497,0.88,0.601,0.19,0.52,50.063,4
spotify:track:32fwe7MW5koort1Ua3YFx6,"Terrapin","Charm","Clairo",2024-07-12,180289,69,false,nrpxj2ryv9dyhs627ckaqmlnr,2025-06-13T03:47:47Z,"bedroom pop","Clairo",0.582,0.441,4,-7.394,1,0.0452,0.231,0.74,0.188,0.469,136.932,4
spotify:track:2bcvooA6HEmVUneEGJnNZD,"Everybody Here Wants You","Sketches for My Sweetheart The Drunk (Expanded Edition)","Jeff Buckley",1998-05-26,286706,80,false,nrpxj2ryv9dyhs627ckaqmlnr,2025-06-15T09:37:19Z,"","Columbia/Legacy",0.725,0.387,9,-7.359,0,0.0368,0.527,0.00013,0.0982,0.606,120.689,4
spotify:track:0y8uWWRKZrJgbsfy1oUOeF,"For Jasmine","Twilight","bôa",2001-03-21,317506,51,false,nrpxj2ryv9dyhs627ckaqmlnr,2025-09-16T18:11:15Z,"","Nettwerk Music Group",0.172,0.904,11,-6.603,0,0.0748,0.0583,0.00000881,0.245,0.461,199.978,3
spotify:track:1fOkmYW3ZFkkjIdOZSf596,"Pink Matter","channel ORANGE","Frank Ocean;André 3000",2012-07-10,268813,82,true,nrpxj2ryv9dyhs627ckaqmlnr,2025-11-06T06:23:23Z,"ambient jazz","Red Zone Entertainment / IDJ",0.392,0.233,11,-11.012,0,0.0587,0.951,0.000322,0.106,0.494,176.569,3
spotify:track:1BeNZQORyV0jEF2toAmrsA,"Don't Move","Nightlife","Phantogram",2011,258186,64,true,nrpxj2ryv9dyhs627ckaqmlnr,2025-12-02T14:19:31Z,"","Barsuk Records",0.56,0.64,5,-5.209,0,0.0318,0.0000732,0.00699,0.201,0.474,99.989,4
spotify:track:3NsPvsr9VrcMtAxJ50XCL9,"Summatime (feat. Wale & Radiant Children)","At What Cost","GoldLink;Wale;Radiant Children",2017-03-24,226164,45,true,nrpxj2ryv9dyhs627ckaqmlnr,2026-01-07T08:35:48Z,"alternative r&b,neo soul","Squaaash Club/RCA Records",0.807,0.689,10,-6.646,0,0.207,0.249,0.0000693,0.338,0.677,95.014,4
spotify:track:6hPSal3ragmfUt1I5mKZjn,"Mojo So Dope","Man On The Moon II: The Legend Of Mr. Rager","Kid Cudi",2010-11-09,210586,66,true,nrpxj2ryv9dyhs627ckaqmlnr,2026-02-28T13:29:10Z,"","Kid Cudi/Universal Records",0.614,0.785,6,-8.224,0,0.0673,0.547,0.844,0.348,0.853,180.036,4
spotify:track:0G6ExlA2fcJIDGoayswUNT,"All Bad","The Never Story","JID;Mereba",2017-03-10,291760,53,true,nrpxj2ryv9dyhs627ckaqmlnr,2026-05-07T02:23:43Z,"alternative r&b","J. Cole/ DreamVille",0.538,0.238,11,-14.541,1,0.316,0.854,0.0485,0.11,0.506,78.777,1
spotify:track:7f551zd8KAGqeYKuGiswsK,"Call Me","Por Vida","Kali Uchis",2015-02-04,192759,50,false,nrpxj2ryv9dyhs627ckaqmlnr,2026-04-30T19:18:32Z,"","Geffen Records",0.613,0.703,5,-4.801,0,0.121,0.259,0.0167,0.36,0.516,150.279,3
spotify:track:7C9J6VX1HuK9d3oKnLMNWs,"South Side","Cold Shower","Triathalon",2016-09-16,190106,29,false,nrpxj2ryv9dyhs627ckaqmlnr,2026-04-30T20:02:53Z,"bedroom pop","Triathalon",0.439,0.369,9,-9.596,1,0.0428,0.213,0.192,0.122,0.334,130.925,4
spotify:track:1ni8ZTAY1GHXEFOGHl7fdg,"bellyache","dont smile at me","Billie Eilish",2017-12-22,179172,71,false,nrpxj2ryv9dyhs627ckaqmlnr,2026-04-30T20:25:15Z,"","Darkroom",0.695,0.573,4,-8.597,0,0.106,0.46,0.0734,0.482,0.408,99.939,4
spotify:track:2hPNuVVSV1tqiD2uPlfehz,"Come Over","Hive Mind","The Internet",2018-07-20,321855,54,true,nrpxj2ryv9dyhs627ckaqmlnr,2026-05-03T00:41:43Z,"alternative r&b,neo soul","Columbia",0.529,0.598,8,-7.951,1,0.187,0.0968,0.171,0.189,0.691,92.01,4
spotify:track:3YBfHJTZPHn5DqgMnD6g5g,"Atomic Vomit","The Lo-Fis","Steve Lacy",2020-12-04,90000,64,false,nrpxj2ryv9dyhs627ckaqmlnr,2026-05-05T13:46:08Z,"","L-M Records",0.667,0.532,2,-11.288,1,0.18,0.456,0.0122,0.12,0.882,86.576,4
spotify:track:17LwoPsrxQwzjlk9wiYhYL,"The Palisades","Kauai","Childish Gambino;Christian Rich",2014-10-03,190906,62,false,nrpxj2ryv9dyhs627ckaqmlnr,2026-05-05T15:12:41Z,"","Glassnote - VMG",0.736,0.711,8,-6.092,1,0.0611,0.00927,0,0.128,0.514,100.047,4
spotify:track:0336UwEBwBBao8uWCuugYr,"Anything","Ctrl","SZA",2017-06-09,149314,62,true,nrpxj2ryv9dyhs627ckaqmlnr,2026-05-07T02:24:01Z,"r&b","Top Dawg Entertainment/RCA Records",0.669,0.488,0,-4.711,0,0.326,0.394,0.000649,0.0952,0.548,151.798,4
spotify:track:2fadrikKAPlypHJWhvv8CM,"Baldwin Park","Into","Sonder",2017-01-27,95108,58,false,nrpxj2ryv9dyhs627ckaqmlnr,2026-05-07T02:24:29Z,"dark r&b,r&b","Sonder",0.724,0.297,5,-11.687,0,0.0508,0.612,0.797,0.191,0.388,125.003,3
spotify:track:4tVJ827zOdHHv3vIharAOQ,"Belly (The Grass Stains)","Bcos U Will Never B Free","Rex Orange County",2016-11-07,259734,51,true,nrpxj2ryv9dyhs627ckaqmlnr,2026-05-07T02:25:00Z,"bedroom pop","Rex Orange County",0.281,0.0842,4,-17.476,1,0.0474,0.97,0.00000709,0.0776,0.088,202.415,4
spotify:track:7h2nmmoWDi2UpfYKLKWLYB,"Sunflower","Sunflower","Rex Orange County",2017-03-22,252230,75,true,nrpxj2ryv9dyhs627ckaqmlnr,2026-05-07T02:27:36Z,"bedroom pop","Rex Orange County",0.548,0.765,6,-4.463,1,0.0525,0.646,0.00378,0.522,0.573,129.933,4
spotify:track:6WgkOAIOPoumdilSCdYFPB,"Burn One (Interlude)","Sonder Son","Brent Faiyaz",2017-10-13,108562,58,false,nrpxj2ryv9dyhs627ckaqmlnr,2026-05-07T02:29:01Z,"r&b","Lost Kids",0.693,0.278,3,-11.715,0,0.114,0.79,0,0.366,0.862,85.076,3
spotify:track:5LnXWeA9tuWKI2C1H74iiJ,"Too Much","Nothing Was The Same (Deluxe)","Drake;Sampha",2013-01-01,261866,67,true,nrpxj2ryv9dyhs627ckaqmlnr,2026-05-07T02:38:36Z,"rap,indie soul","Cash Money Records/Young Money Ent./Universal Rec.",0.668,0.565,6,-5.879,1,0.505,0.171,0,0.124,0.142,140.489,4
spotify:track:1Sj81sMg37Hd4omn7Ow2qR,"Connect","Nothing Was The Same (Deluxe)","Drake",2013-01-01,296400,59,true,nrpxj2ryv9dyhs627ckaqmlnr,2026-05-07T02:40:01Z,"rap","Cash Money Records/Young Money Ent./Universal Rec.",0.685,0.489,6,-9.472,0,0.152,0.411,0,0.132,0.461,75.018,4
spotify:track:2WC4sK0ryyysQhtDok9Ytr,"From Time","Nothing Was The Same (Deluxe)","Drake;Jhené Aiko",2013-01-01,322160,74,true,nrpxj2ryv9dyhs627ckaqmlnr,2026-05-07T02:40:17Z,"rap,r&b","Cash Money Records/Young Money Ent./Universal Rec.",0.737,0.494,1,-9.723,0,0.416,0.629,0,0.126,0.44,94.485,4
spotify:track:3uA8SjMyDtwtt0jLPMQbVD,"D (Half Moon)","130 Mood : TRBL","DEAN;Gaeko",2016-03-25,229359,63,false,nrpxj2ryv9dyhs627ckaqmlnr,2026-05-07T02:45:11Z,"k-rap,k-pop","Universal Music Ltd.",0.512,0.765,7,-5.252,1,0.136,0.246,0,0.0573,0.519,169.709,4
spotify:track:4QpwkMe1REePSBv09hlL0I,"Dancing","Dancing","Mellow Fellow",2017-07-18,282709,53,false,nrpxj2ryv9dyhs627ckaqmlnr,2026-05-07T02:45:41Z,"bedroom pop","Mellow Fellow",0.603,0.476,8,-7.851,0,0.0278,0.736,0.000119,0.287,0.406,101.972,4
spotify:track:2KvHC9z14GSl4YpkNMX384,"Do Not Disturb","More Life","Drake",2017-03-18,283550,79,true,nrpxj2ryv9dyhs627ckaqmlnr,2026-05-07T02:48:15Z,"rap","Cash Money Records/Young Money Ent./Universal Rec.",0.618,0.693,7,-5.943,0,0.45,0.246,0,0.112,0.454,170.982,4
spotify:track:4BNqWebyipWrMsupuTmKO9,"Drift","Honeybloom","Choker",2018-08-03,215189,38,true,nrpxj2ryv9dyhs627ckaqmlnr,2026-05-07T02:52:04Z,"alternative r&b","Jet Fuzz",0.334,0.44,0,-9.857,1,0.0477,0.749,0.000607,0.236,0.371,81.002,4
spotify:track:2L6MC5ULR2O7kRoFEtpfsX,"Drifting Away","Summer Is Like a Dream","khai dreams",2017-08-26,192500,48,false,nrpxj2ryv9dyhs627ckaqmlnr,2026-05-07T02:53:13Z,"","Khai Dreams",0.521,0.268,1,-15.199,1,0.0407,0.739,0.177,0.0718,0.272,119.879,4
spotify:track:30IgEQBzUoKZ9KF21VROyh,"Driving a Car While Listening to Bill Burr's Podcast","These Semi Feelings, They Are Everywhere","dné",2016-11-18,183022,15,false,nrpxj2ryv9dyhs627ckaqmlnr,2026-05-07T02:57:09Z,"","Majestic Casual Records",0.588,0.342,9,-10.267,1,0.0699,0.672,0.714,0.0675,0.0727,62.294,4
spotify:track:577z4YosBrUYhZXUPMdzwX,"DSN","DSN - Single","Brent Faiyaz",2015-07-21,338700,52,false,nrpxj2ryv9dyhs627ckaqmlnr,2026-05-07T02:58:01Z,"r&b","Lost Kids",0.331,0.289,2,-16.035,1,0.0917,0.81,0.00014,0.121,0.296,129.662,4
spotify:track:3zs0eWdQ9zpWUX8ZbFLJZz,"Allure","Allure","Brent Faiyaz",2015-01-20,264826,60,true,nrpxj2ryv9dyhs627ckaqmlnr,2026-05-07T02:58:45Z,"r&b","Lost Kids",0.437,0.176,11,-15.466,0,0.0626,0.57,0.0138,0.108,0.46,171.94,4
spotify:track:0RnxpSzxzwZgFQ0NahQr9K,"Easily","A Song For Every Moon","Bruno Major",2017-08-31,210240,68,false,nrpxj2ryv9dyhs627ckaqmlnr,2026-05-07T02:59:07Z,"","Bruno Major",0.773,0.256,7,-8.545,0,0.0481,0.491,0.00612,0.144,0.357,118.893,3
spotify:track:2a56L9B8RtB4vhzXCYAFFU,"Renee","SALES - EP","SALES",2014-09-22,179125,42,false,nrpxj2ryv9dyhs627ckaqmlnr,2026-05-07T03:03:11Z,"bedroom pop","SALES",0.924,0.386,9,-8.183,1,0.0548,0.755,0.00253,0.118,0.424,108.957,4
spotify:track:7vcNp4cj4uF4AyX5aKY4Ps,"You're Not Good Enough","Cupid Deluxe","Blood Orange;Samantha Urbani",2013-11-18,261360,67,false,nrpxj2ryv9dyhs627ckaqmlnr,2026-05-07T03:03:59Z,"art pop","Domino Recording Co",0.74,0.798,0,-6.55,1,0.146,0.189,0.00128,0.305,0.571,119.964,4
spotify:track:2ZWlPOoWh0626oTaHrnl2a,"Ivy","Blonde","Frank Ocean",2016-08-20,249191,85,true,nrpxj2ryv9dyhs627ckaqmlnr,2026-05-07T03:04:26Z,"","Boys Don't Cry",0.575,0.386,9,-9.584,0,0.037,0.785,0.000289,0.229,0.466,116.408,4
spotify:track:0cjPCSqN32RC8BrhlxVJmP,"Wait","Wait","Billy Lemos;Still Woozy;Blake Saint David",2019-01-25,182403,38,true,nrpxj2ryv9dyhs627ckaqmlnr,2026-05-07T03:14:34Z,"bedroom pop","Dial-Up Dreams",0.486,0.344,7,-10.674,1,0.0863,0.752,0.0205,0.14,0.379,115.033,4
spotify:track:0HscbA9XjdL5orktk2B6Gm,"Deep End","Deep End","River Tiber",2018-12-10,224373,20,false,nrpxj2ryv9dyhs627ckaqmlnr,2026-05-07T03:15:40Z,"","River Tiber",0.237,0.321,1,-12.917,0,0.0399,0.766,0,0.255,0.12,99.365,3
spotify:track:0RjsxgVkmjWhxYYH7SZITk,"Froyo (feat. Clairo & Aso)","Froyo (feat. Clairo & Aso)","Hans.;Clairo;Aso",2017-09-07,121000,51,false,nrpxj2ryv9dyhs627ckaqmlnr,2026-05-07T03:16:48Z,"bedroom pop,lo-fi beats,lo-fi hip hop,lo-fi,jazz beats","Hans.",0.487,0.318,7,-16.804,1,0.411,0.893,0.00559,0.0793,0.148,92.874,4
spotify:track:5MXiJfcMkRKY6IxTcRUs4M,"Bloo","Little World","Zack Villere",2017-06-16,191984,34,false,nrpxj2ryv9dyhs627ckaqmlnr,2026-05-07T03:17:26Z,"bedroom pop","Zack Villere",0.622,0.543,6,-6.291,1,0.142,0.571,0.0000223,0.16,0.514,80.029,4
spotify:track:5t3Vk8bRKylx4fjj7qlbib,"bitches broken hearts","bitches broken hearts","Billie Eilish",2018-03-30,176471,75,true,nrpxj2ryv9dyhs627ckaqmlnr,2026-05-07T03:18:00Z,"","Darkroom",0.778,0.422,0,-10.114,1,0.0482,0.921,0.00924,0.0958,0.187,120.033,4
spotify:track:6fFZIv3BSiKjgqTisF2Mn7,"C'est La Vie","Nightride","Tinashe",2016-11-04,215902,37,false,nrpxj2ryv9dyhs627ckaqmlnr,2026-05-07T03:18:27Z,"alternative r&b","RCA Records Label",0.68,0.286,7,-11.933,1,0.144,0.416,0.000908,0.0926,0.339,111.94,4
spotify:track:16gJmoOqRt2lKmlXtDpWgH,"Cariño","Superclean, Vol. II","The Marías",2018-09-28,258713,75,false,nrpxj2ryv9dyhs627ckaqmlnr,2026-05-07T03:18:57Z,"bedroom pop","Superclean Records",0.646,0.47,0,-10.697,0,0.0284,0.4,0.0348,0.11,0.651,113.995,4
spotify:track:7H7NyZ3G075GqPx2evsfeb,"Chamber Of Reflection","Salad Days","Mac DeMarco",2014-04-01,231723,85,false,nrpxj2ryv9dyhs627ckaqmlnr,2026-05-07T03:19:19Z,"indie,lo-fi indie","Captured Tracks",0.538,0.557,11,-8.678,1,0.0914,0.262,0.914,0.102,0.506,131.03,4
spotify:track:2ravLKGYnJWa7szKSBRTRJ,"Corduroy Dreams","Bcos U Will Never B Free","Rex Orange County",2016-11-07,206974,64,true,nrpxj2ryv9dyhs627ckaqmlnr,2026-05-07T03:20:01Z,"bedroom pop","Rex Orange County",0.609,0.305,4,-14.037,1,0.053,0.653,0,0.103,0.222,113.818,4
spotify:track:6ghpy2gJpk2wLpNsCnF9kf,"Corduroy","Corduroy","Tommy Violet",2018-10-19,176146,11,false,nrpxj2ryv9dyhs627ckaqmlnr,2026-05-07T03:20:16Z,"","Tommy Violet",0.927,0.394,11,-8.97,0,0.0448,0.472,0.0916,0.115,0.544,109.592,4
spotify:track:3EaJDYHA0KnX88JvDhL9oa,"Dark Red","Dark Red","Steve Lacy",2017-02-20,173104,87,false,nrpxj2ryv9dyhs627ckaqmlnr,2026-05-07T03:21:25Z,"","Three Quarter",0.603,0.784,6,-4.023,1,0.062,0.446,0.00000832,0.119,0.769,172.041,4
spotify:track:1epujjBDhuqmYAwAhR29xI,"Death & Taxes","Pilgrim's Paradise","Daniel Caesar",2015-11-12,305081,65,false,nrpxj2ryv9dyhs627ckaqmlnr,2026-05-07T03:22:54Z,"","HV Recordings",0.451,0.328,7,-11.132,1,0.0356,0.805,0.0000914,0.345,0.21,115.527,3
spotify:track:6PemrBTU9HRuhnFy59Nj0G,"When I Look in Your Eyes","Anna","Anna Margarida",1968-05-25,166093,0,false,nrpxj2ryv9dyhs627ckaqmlnr,2026-05-07T03:47:56Z,"brazilian jazz,bossa nova","Vault",0.275,0.272,6,-12.466,1,0.0273,0.736,0.0000527,0.0937,0.359,90.138,4
spotify:track:2FbGlEPAjNhWvrVvlentVq,"Cameras / Good Ones Go Interlude - Medley","Take Care (Deluxe)","Drake",2011-11-15,434960,77,true,nrpxj2ryv9dyhs627ckaqmlnr,2026-05-07T04:32:51Z,"rap","Cash Money Records/Young Money Ent./Universal Rec.",0.441,0.403,2,-11.18,0,0.147,0.255,0.0000127,0.13,0.158,139.92,4
spotify:track:7wYhcfgPUyML3FKfLwvBwk,"Calling On You","Pleasures U Like","Jon B.",2001-03-13,280000,64,false,nrpxj2ryv9dyhs627ckaqmlnr,2026-05-07T04:33:12Z,"r&b,quiet storm","Epic/Edmonds Records Group",0.681,0.375,4,-10.855,0,0.0332,0.159,0,0.0464,0.475,101.113,4
spotify:track:1fZeK4F1yZkVrEOb9ILaax,"Today (feat. Teo Halm)","Today (feat. Teo Halm)","Omar Apollo;Teo Halm",2018-09-14,194000,32,false,nrpxj2ryv9dyhs627ckaqmlnr,2026-05-07T04:33:40Z,"bedroom pop","Darkroom",0.837,0.462,8,-7.817,0,0.0331,0.0704,0.0165,0.24,0.761,102.048,4
spotify:track:6Kzul7v3QxHGwV2AjLNp3X,"4EVER","4EVER","Clairo",2018-04-27,159595,52,false,nrpxj2ryv9dyhs627ckaqmlnr,2026-05-07T04:34:14Z,"bedroom pop","FADER Label",0.75,0.585,9,-7.576,0,0.0285,0.049,0.00507,0.155,0.584,102.331,4
spotify:track:1KiAtMAGayStCuLCH6EJAw,"Hello?","diary 001","Clairo;Rejjie Snow",2018-05-25,135016,57,true,nrpxj2ryv9dyhs627ckaqmlnr,2026-05-07T04:34:32Z,"bedroom pop,jazz rap","FADER Label",0.839,0.474,10,-7.835,0,0.0606,0.645,0.00053,0.0939,0.0635,98.732,4
spotify:track:2mWfVxEo4xZYDaz0v7hYrN,"Juna","Charm","Clairo",2024-07-12,195109,80,false,nrpxj2ryv9dyhs627ckaqmlnr,2026-05-07T04:34:44Z,"bedroom pop","Clairo",0.606,0.714,3,-6.244,1,0.0339,0.238,0.098,0.106,0.448,141.512,4
spotify:track:2HQsSlMY8FSvXMoF8sE8l2,"simply, her","heartbreak pastures","frumhere",2018-08-03,83500,19,false,nrpxj2ryv9dyhs627ckaqmlnr,2026-05-07T04:35:43Z,"lo-fi,lo-fi beats,lo-fi hip hop","Repost Network",0.591,0.403,7,-13.788,1,0.163,0.931,0.823,0.126,0.144,77.173,4
spotify:track:2R4AlwtrrkMaRKojcTIzmL,"For the First Time","This Old Dog","Mac DeMarco",2017-05-05,182306,85,false,nrpxj2ryv9dyhs627ckaqmlnr,2026-05-07T04:35:54Z,"indie,lo-fi indie","Captured Tracks",0.551,0.529,5,-10.469,0,0.0517,0.296,0.0093,0.178,0.521,75.515,4
spotify:track:0lPyYmVmroAeFim1o9xir6,"Pitch Trip","I'll Think of Something Better","Kenji",2016-07-08,147034,1,false,nrpxj2ryv9dyhs627ckaqmlnr,2026-05-07T04:37:05Z,"","Sports Day Records",0.541,0.224,4,-18.914,1,0.0285,0.77,0.107,0.09,0.316,140.051,4
spotify:track:0V5XySKw1FXkyd7QGLBuFJ,"Ignorin","Stereo","Omar Apollo",2018-05-30,148357,35,true,nrpxj2ryv9dyhs627ckaqmlnr,2026-05-07T04:38:56Z,"bedroom pop","Omar Apollo",0.849,0.49,0,-10.416,1,0.0666,0.0231,0.0649,0.151,0.823,145.024,4
spotify:track:3pBG8fHFEUp3edhWfkIoCW,"Unbothered","Unbothered","Omar Apollo",2018-01-06,124954,49,false,nrpxj2ryv9dyhs627ckaqmlnr,2026-05-07T04:39:34Z,"bedroom pop","Omar Apollo",0.645,0.486,2,-7.098,1,0.0297,0.264,0.00239,0.133,0.32,108.939,4
spotify:track:5DrCNu2I5jwheh0UlleGo0,"Soft Porn","Soft Porn","Puma Blue",2017-05-24,151920,40,true,nrpxj2ryv9dyhs627ckaqmlnr,2026-05-07T04:40:34Z,"bedroom pop","Inner City Float",0.67,0.22,10,-9.723,0,0.187,0.378,0.00702,0.048,0.13,88.207,4
spotify:track:63Pi2NAx5yCgeLhCTOrEou,"Headlock","Speak for Yourself (Deluxe Version)","Imogen Heap",2005,215338,86,false,nrpxj2ryv9dyhs627ckaqmlnr,2026-05-07T04:42:02Z,"","Megaphonic",0.808,0.372,7,-10.759,0,0.0364,0.792,0,0.119,0.787,119.982,4
spotify:track:4s76r7AbquJcTccqJiqdVu,"Hold Me Down","Freudian","Daniel Caesar",2017-08-25,231267,83,false,nrpxj2ryv9dyhs627ckaqmlnr,2026-05-07T04:42:39Z,"","HV Recordings",0.398,0.432,8,-9.815,0,0.059,0.618,0.000386,0.0971,0.265,115.578,4
spotify:track:7uFORVS9Bz0dG6xfMYUxQR,"How Was Your Day?","How Was Your Day?","Mellow Fellow;Clairo",2017-07-19,188838,53,false,nrpxj2ryv9dyhs627ckaqmlnr,2026-05-07T04:43:42Z,"bedroom pop","Mellow Fellow",0.441,0.439,11,-11.204,1,0.0467,0.0459,0.00039,0.324,0.849,159.893,4
spotify:track:2xhGZ3WzOa3tir28y7Cb88,"Falling for U","Falling for U","Peachy!;mxmtoon",2017-08-14,124000,68,false,nrpxj2ryv9dyhs627ckaqmlnr,2026-05-07T04:44:11Z,"bedroom pop,indie pop","Peachy!",0.719,0.36,6,-12.034,1,0.398,0.748,0.00000218,0.0812,0.409,80.184,4
spotify:track:6l68OrJMlTYCHVMC3A3FgP,"Destination","Destination","cucu;K S R",2017-12-20,144827,2,false,nrpxj2ryv9dyhs627ckaqmlnr,2026-05-07T04:44:51Z,"","Cucu",0.52,0.13,0,-19.591,1,0.0388,0.782,0.000912,0.0715,0.0631,115.699,3
spotify:track:2ZCe5vjgNDAmoWe73C46nc,"damned","Wildheart (Deluxe Version)","Miguel",2015-06-26,206187,84,false,nrpxj2ryv9dyhs627ckaqmlnr,2026-05-07T04:46:17Z,"r&b","ByStorm Entertainment/RCA Records",0.569,0.813,4,-4.226,0,0.0337,0.0175,0,0.108,0.333,108.003,4
spotify:track:16HxWY98myiCVwLoRqi7KT,"...goingtohell","Wildheart (Deluxe Version)","Miguel",2015-06-26,244014,38,false,nrpxj2ryv9dyhs627ckaqmlnr,2026-05-07T04:47:57Z,"r&b","ByStorm Entertainment/RCA Records",0.594,0.762,2,-6.271,0,0.0324,0.0211,0.169,0.339,0.319,129.926,4
spotify:track:6vMpPxLV0F5Diwcs6awI1Z,"coffee","Wildheart (Deluxe Version)","Miguel",2015-06-26,286571,67,true,nrpxj2ryv9dyhs627ckaqmlnr,2026-05-07T04:49:08Z,"r&b","ByStorm Entertainment/RCA Records",0.556,0.618,10,-7.471,0,0.0463,0.00558,0.000351,0.153,0.121,80.985,4
spotify:track:4TahqjJMwWPqk6QrBOhbF5,"a beautiful exit","Wildheart (Deluxe Version)","Miguel",2015-06-26,184592,45,false,nrpxj2ryv9dyhs627ckaqmlnr,2026-05-07T04:49:53Z,"r&b","ByStorm Entertainment/RCA Records",0.538,0.491,6,-6.476,1,0.0279,0.0998,0.00000137,0.824,0.251,142.719,4
spotify:track:3O2BsbHOMRtMgDdCoBp1pj,"Will He","In Tongues (Deluxe)","Joji",2018-02-14,202102,71,true,nrpxj2ryv9dyhs627ckaqmlnr,2026-05-07T04:50:25Z,"","88rising Music",0.579,0.217,10,-15.372,1,0.0579,0.831,0.00015,0.534,0.0871,116.022,4
spotify:track:72qapWY5HtWE9S4RbdlAzG,"Pills","In Tongues (Deluxe)","Joji",2018-02-14,187133,56,true,nrpxj2ryv9dyhs627ckaqmlnr,2026-05-07T04:51:02Z,"","88rising Music",0.43,0.41,11,-10.721,1,0.0841,0.586,0.766,0.117,0.239,81.857,3
spotify:track:7v5krue08WRpBP5JWngLZc,"Demons","In Tongues (Deluxe)","Joji",2018-02-14,176803,63,true,nrpxj2ryv9dyhs627ckaqmlnr,2026-05-07T04:51:47Z,"","88rising Music",0.462,0.38,2,-11.344,0,0.174,0.409,0.0819,0.0977,0.0365,169.995,3
spotify:track:2bpZf9Q0sbEEWN8lxABvMw,"Window","In Tongues (Deluxe)","Joji",2018-02-14,152375,60,true,nrpxj2ryv9dyhs627ckaqmlnr,2026-05-07T04:52:20Z,"","88rising Music",0.636,0.327,1,-12.59,1,0.0912,0.411,0.673,0.0958,0.199,156.956,4
spotify:track:1yiFIr1QEemZ2rllUgvc4D,"Bitter Fuck","In Tongues (Deluxe)","Joji",2018-02-14,154442,55,true,nrpxj2ryv9dyhs627ckaqmlnr,2026-05-07T04:53:47Z,"","88rising Music",0.796,0.334,0,-9.385,1,0.0417,0.419,0.00487,0.117,0.0788,120.021,4
spotify:track:3Y3KY9Apoeet0mYKM5QySi,"worldstar money (interlude)","In Tongues (Deluxe)","Joji",2018-02-14,126312,73,true,nrpxj2ryv9dyhs627ckaqmlnr,2026-05-07T04:54:17Z,"","88rising Music",0.57,0.388,7,-8.605,1,0.275,0.964,0.699,0.208,0.473,150.571,4
spotify:track:4b3RF1xfNvPEljGTWISVnE,"I Don't Wanna Waste My Time","In Tongues (Deluxe)","Joji",2018-02-14,164430,61,true,nrpxj2ryv9dyhs627ckaqmlnr,2026-05-07T04:54:49Z,"","88rising Music",0.403,0.234,4,-17.865,1,0.0531,0.761,0.0618,0.123,0.13,144.226,4
spotify:track:52ooD6LHuXFubM6d1CDD93,"YEAH RIGHT","BALLADS 1","Joji",2018-10-26,174357,75,true,nrpxj2ryv9dyhs627ckaqmlnr,2026-05-07T04:55:54Z,"","88rising Music",0.671,0.589,1,-9.573,1,0.128,0.62,0.234,0.0992,0.201,169.031,4
spotify:track:1c4qQG0WFrhSZxWGHjN1qA,"CAN'T GET OVER YOU (feat. Clams Casino)","BALLADS 1","Joji;Clams Casino",2018-10-26,107076,54,false,nrpxj2ryv9dyhs627ckaqmlnr,2026-05-07T04:56:56Z,"cloud rap","88rising Music",0.902,0.316,9,-8.797,1,0.331,0.684,0.0771,0.0853,0.844,129.93,4
spotify:track:0SkgmGr08TvWQciNRgRtmc,"Thats No Fun","The Lo-Fis","Steve Lacy",2020-12-04,161900,61,true,nrpxj2ryv9dyhs627ckaqmlnr,2026-05-07T04:58:06Z,"","L-M Records",0.542,0.723,3,-5.18,1,0.0428,0.77,0.00000275,0.625,0.294,83.078,4
spotify:track:0QkIWTxOYYK4pHgOKYmPhY,"Cocky Girl","The Lo-Fis","Steve Lacy",2020-12-04,53333,54,false,nrpxj2ryv9dyhs627ckaqmlnr,2026-05-07T04:58:50Z,"","L-M Records",0.686,0.437,0,-10.04,0,0.0984,0.601,0.0000282,0.153,0.579,71.652,4
spotify:track:06wlFUDDfck4732GJz6LvZ,"Jars of It","The Lo-Fis","Steve Lacy",2020-12-04,144500,57,false,nrpxj2ryv9dyhs627ckaqmlnr,2026-05-07T04:59:22Z,"","L-M Records",0.658,0.796,11,-7.328,1,0.0318,0.0207,0.744,0.228,0.961,93.034,4
spotify:track:0f8eRy9A0n6zXpKSHSCAEp,"Infrunami","The Lo-Fis","Steve Lacy",2020-12-04,178328,84,false,nrpxj2ryv9dyhs627ckaqmlnr,2026-05-07T04:59:49Z,"","L-M Records",0.826,0.299,9,-7.721,1,0.0446,0.31,0.0952,0.0758,0.215,97.012,4
spotify:track:2uZ6JeQqRFo6vmSiK6dHE9,"I Think I Should","The Lo-Fis","Steve Lacy",2020-12-04,99253,61,false,nrpxj2ryv9dyhs627ckaqmlnr,2026-05-07T05:00:24Z,"","L-M Records",0.641,0.547,6,-6.921,0,0.0268,0.588,0.0027,0.161,0.902,96.6,4
spotify:track:3G9tyuUoBVNTDXY0icrUVf,"Out of Me Head","The Lo-Fis","Steve Lacy",2020-12-04,141055,66,false,nrpxj2ryv9dyhs627ckaqmlnr,2026-05-07T05:01:12Z,"","L-M Records",0.799,0.39,8,-14.592,1,0.102,0.397,0.711,0.107,0.978,88.509,4
spotify:track:2mqXKSieDASoq4N5739wCz,"Donchano","The Lo-Fis","Steve Lacy",2020-12-04,98686,66,false,nrpxj2ryv9dyhs627ckaqmlnr,2026-05-07T05:01:31Z,"","L-M Records",0.674,0.489,11,-7.257,0,0.125,0.624,0.00195,0.236,0.772,207.947,3
spotify:track:3REOvSCJjr1Tt9UmJ63rsf,"The Song","The Lo-Fis","Steve Lacy",2020-12-04,66246,51,false,nrpxj2ryv9dyhs627ckaqmlnr,2026-05-07T05:01:45Z,"","L-M Records",0.859,0.73,4,-7.262,0,0.294,0.628,0.00304,0.135,0.953,135.992,3
spotify:track:2koESjC2WBc6qmfg0dmTRt,"Her","Her","eery",2016-01-01,123219,50,false,nrpxj2ryv9dyhs627ckaqmlnr,2026-05-07T05:02:14Z,"lo-fi,lo-fi hip hop","eery",0.665,0.394,11,-11.567,0,0.103,0.813,0.0414,0.185,0.499,82.067,4
spotify:track:0qtK3XwbuG153dmwB8iepL,"Glitter","Flower Boy","Tyler, The Creator",2017-07-21,224893,68,true,nrpxj2ryv9dyhs627ckaqmlnr,2026-05-07T05:03:47Z,"","Columbia",0.449,0.434,1,-11.777,1,0.243,0.306,0.00000276,0.633,0.371,78.57,5
spotify:track:06Xh1KvQofFghlSt33mFjc,"Wishful Thinking","FIRE ON MARZZ","BENEE",2019-06-28,213373,58,false,nrpxj2ryv9dyhs627ckaqmlnr,2026-05-07T05:04:19Z,"","Republic Records",0.644,0.661,1,-6.161,0,0.0332,0.142,0.00000154,0.177,0.55,82.023,4
spotify:track:4bEcoz1OcfMgUbp2ft8ieQ,"911 / Mr. Lonely (feat. Frank Ocean & Steve Lacy)","Flower Boy","Tyler, The Creator;Frank Ocean;Steve Lacy",2017-07-21,255653,71,true,nrpxj2ryv9dyhs627ckaqmlnr,2026-05-07T05:04:41Z,"","Columbia",0.48,0.61,0,-7.042,1,0.305,0.0456,0,0.313,0.297,90.034,4
spotify:track:7KA4W4McWYRpgf0fWsJZWB,"See You Again (feat. Kali Uchis)","Flower Boy","Tyler, The Creator;Kali Uchis",2017-07-21,180386,92,true,nrpxj2ryv9dyhs627ckaqmlnr,2026-05-07T05:05:07Z,"","Columbia",0.558,0.559,6,-9.222,1,0.0959,0.371,0.00000749,0.109,0.62,78.558,4
spotify:track:3PFaFVWq5wucLu6s4baj9D,"Girl (feat. KAYTRANADA)","Ego Death","The Internet;KAYTRANADA",2015-06-26,416322,65,true,nrpxj2ryv9dyhs627ckaqmlnr,2026-05-07T05:06:33Z,"alternative r&b,neo soul","Odd Future",0.568,0.42,7,-11.169,0,0.276,0.536,0.124,0.101,0.453,79.89,4
spotify:track:70kdJnm1X6eEM8DbWa8Mnc,"YOU'RE THE ONE","99.9%","KAYTRANADA;Syd",2016-05-06,227706,73,false,nrpxj2ryv9dyhs627ckaqmlnr,2026-05-07T05:06:58Z,"alternative r&b","XL Recordings",0.824,0.396,2,-9.663,1,0.332,0.0323,0.00286,0.108,0.253,118.048,4
spotify:track:0TGuICmWUyrONdF55k50d0,"We Can't Be Friends","We Can't Be Friends","Yndi;Dream Koala",2012-08-15,208451,47,false,nrpxj2ryv9dyhs627ckaqmlnr,2026-05-07T05:09:35Z,"","Nascimento - Grand Musique Management",0.476,0.283,2,-13.004,1,0.0402,0.897,0.892,0.0841,0.252,118.248,4
spotify:track:3JzQ7BMJHmEZeoy0nJdAcS,"jasmine","ep unexpected","eevee",2016-12-01,148071,0,false,nrpxj2ryv9dyhs627ckaqmlnr,2026-05-07T05:11:33Z,"lo-fi,lo-fi beats,lo-fi hip hop","VinDig",0.728,0.0324,7,-13.788,1,0.381,0.948,0.891,0.12,0.403,76.985,4
spotify:track:6ghICeprXG957CqdLx67WN,"viola","ep unexpected","eevee",2016-12-01,86571,0,false,nrpxj2ryv9dyhs627ckaqmlnr,2026-05-07T05:11:58Z,"lo-fi,lo-fi beats,lo-fi hip hop","VinDig",0.645,0.114,9,-15.768,1,0.356,0.967,0.831,0.112,0.191,78.015,4
spotify:track:3izXOElIdjlG2iqbn90SwN,"rosemary","ep unexpected","eevee",2016-12-01,83107,0,false,nrpxj2ryv9dyhs627ckaqmlnr,2026-05-07T05:12:12Z,"lo-fi,lo-fi beats,lo-fi hip hop","VinDig",0.744,0.104,0,-17.721,0,0.221,0.852,0.184,0.113,0.202,144.039,4
spotify:track:6AknQdo6L05nsY2aQsxCFi,"this girl","Gentle Boy","Elijah Who",2017-09-29,122704,53,false,nrpxj2ryv9dyhs627ckaqmlnr,2026-05-07T05:13:14Z,"lo-fi,lo-fi beats,lo-fi hip hop","Elijah Who",0.79,0.133,8,-9.365,1,0.0864,0.872,0.797,0.111,0.418,69.997,4
spotify:track:0H9Djm1sNCRreGCqNYYkcD,"your house","Gentle Boy","Elijah Who",2017-09-29,80131,37,false,nrpxj2ryv9dyhs627ckaqmlnr,2026-05-07T05:14:16Z,"lo-fi,lo-fi beats,lo-fi hip hop","Elijah Who",0.449,0.576,11,-11.23,1,0.0733,0.826,0.571,0.119,0.199,143.86,4
spotify:track:3diGMqE8nIltVg7fFdwi9n,"i love being with you","Gentle Boy","Elijah Who",2017-09-29,96405,45,false,nrpxj2ryv9dyhs627ckaqmlnr,2026-05-07T05:14:48Z,"lo-fi,lo-fi beats,lo-fi hip hop","Elijah Who",0.619,0.399,7,-10.568,1,0.0496,0.949,0.588,0.104,0.466,79.14,4
spotify:track:7jCG8IvnMeK4UUqXVrVOOC,"Yellow","Yellow","Peachy!",2017-11-20,112013,19,false,nrpxj2ryv9dyhs627ckaqmlnr,2026-05-07T05:19:46Z,"","740430 Records DK",0.679,0.352,8,-17.582,1,0.548,0.732,0.0000273,0.356,0.428,139.968,4
spotify:track:6HewWOJhSUEMAHpNZ5CH6e,"Amsterdam","Floral EP","Peachy!",2017-10-07,105230,37,false,nrpxj2ryv9dyhs627ckaqmlnr,2026-05-07T14:09:38Z,"","Peachy!",0.732,0.283,11,-7.462,1,0.24,0.979,0.0000983,0.109,0.477,130.03,4
spotify:track:6HrLsSVEk6C1X2EKmOEBxA,"The Zone","Trilogy","The Weeknd;Drake",2012-11-13,418056,55,true,nrpxj2ryv9dyhs627ckaqmlnr,2026-05-07T11:45:27Z,"rap","The Weeknd/Lyric",0.651,0.383,3,-9.887,0,0.0357,0.126,0.000666,0.103,0.269,139.965,4
spotify:track:0gAT8yeYMh4EUiWRdLNkka,"Amore","Floral EP","Peachy!",2017-10-07,116785,29,false,nrpxj2ryv9dyhs627ckaqmlnr,2026-05-07T14:10:28Z,"","Peachy!",0.657,0.412,10,-14.555,0,0.474,0.888,0.68,0.104,0.791,77.952,3
spotify:track:2D5axCal64w95tZvqL8a2B,"Wine and Roses","Floral EP","Peachy!",2017-10-07,100500,31,false,nrpxj2ryv9dyhs627ckaqmlnr,2026-05-07T14:10:46Z,"","Peachy!",0.467,0.374,1,-14.002,1,0.147,0.945,0.838,0.102,0.333,80.764,4
spotify:track:7gtjJYoDDdY6Jj5i0C4xYP,"You and I","Floral EP","Peachy!",2017-10-07,146571,23,false,nrpxj2ryv9dyhs627ckaqmlnr,2026-05-07T14:11:06Z,"","Peachy!",0.777,0.358,8,-8.37,1,0.0726,0.642,0.397,0.0812,0.538,112.491,3
spotify:track:6H6OcLmhn28FdsN11uOTtk,"Yea","Floral EP","Peachy!",2017-10-07,100500,16,false,nrpxj2ryv9dyhs627ckaqmlnr,2026-05-07T14:11:18Z,"","Peachy!",0.671,0.118,7,-16.354,1,0.122,0.763,0.000756,0.074,0.674,58.999,4
spotify:track:647SJY5jeFDn3JwhQk0Ml6,"Soft Tones","The First Story: Tunes for Lovers","Peachy!",2018-07-20,199235,25,false,nrpxj2ryv9dyhs627ckaqmlnr,2026-05-07T14:12:42Z,"","Peachy!",0.793,0.366,0,-11.707,1,0.0594,0.924,0.602,0.341,0.431,99.956,4
spotify:track:6F0gZWBvI3BnV39qCXfsbf,"$orries","$orries","Peachy!;Shiloh",2018-04-10,214857,38,true,nrpxj2ryv9dyhs627ckaqmlnr,2026-05-07T14:13:18Z,"","Create Capital",0.54,0.235,2,-13.585,0,0.0896,0.78,0.00474,0.131,0.291,104.935,4
spotify:track:1c2wTe7doRRk2n1XZe0KAM,"Lovely","Into","Sonder",2017-01-27,291448,66,true,nrpxj2ryv9dyhs627ckaqmlnr,2026-05-07T14:13:58Z,"dark r&b,r&b","Sonder",0.506,0.503,8,-9.003,0,0.0468,0.581,0.000534,0.628,0.133,144.015,3
spotify:track:0QyJXG36Q3Kta662XS8GhY,"Too Fast","Into","Sonder",2017-01-27,295800,77,false,nrpxj2ryv9dyhs627ckaqmlnr,2026-05-07T14:14:29Z,"dark r&b,r&b","Sonder",0.407,0.323,4,-11.076,0,0.041,0.281,0.0000242,0.487,0.136,99.209,3
spotify:track:6u2CGEwN1GhUG1Z5P7qXfs,"Flaming Hot Cheetos","diary 001","Clairo",2018-05-25,122244,32,false,nrpxj2ryv9dyhs627ckaqmlnr,2026-05-07T14:15:42Z,"bedroom pop","FADER Label",0.697,0.605,7,-7.374,0,0.154,0.887,0.00000542,0.105,0.151,109.982,4
spotify:track:5AUZiDefpTQY9NHfm7cq7X,"B.O.M.D.","diary 001","Clairo;Danny L Harle",2018-05-25,159942,29,false,nrpxj2ryv9dyhs627ckaqmlnr,2026-05-07T14:16:03Z,"bedroom pop,hyperpop","FADER Label",0.485,0.476,2,-8.123,1,0.0786,0.509,0.00000347,0.127,0.489,93.013,4
spotify:track:2ugQFcMrhzUqhQYMEx43em,"4EVER","diary 001","Clairo",2018-05-25,159595,33,false,nrpxj2ryv9dyhs627ckaqmlnr,2026-05-07T14:18:42Z,"bedroom pop","FADER Label",0.75,0.585,9,-7.576,0,0.0285,0.049,0.00507,0.155,0.584,102.331,4
spotify:track:39GNDyrCTPMlXb9JHLAAm3,"Uno","Uno","Rex Orange County",2016-11-17,171789,52,true,nrpxj2ryv9dyhs627ckaqmlnr,2026-05-07T14:19:15Z,"bedroom pop","Rex Orange County",0.773,0.451,5,-9.796,0,0.279,0.785,0.00000223,0.0902,0.439,163.924,4
spotify:track:2dDzrUEDCKXaLViMPa1jo5,"In My Dreams","Isolation","Kali Uchis",2018-04-06,201000,54,false,nrpxj2ryv9dyhs627ckaqmlnr,2026-05-07T14:21:59Z,"","EMI",0.606,0.839,0,-5.115,1,0.0297,0.0195,0.0000196,0.15,0.907,165.951,4
spotify:track:6LOZws7T3jqZz78unPgFF9,"Dead To Me","Isolation","Kali Uchis",2018-04-06,199505,77,false,nrpxj2ryv9dyhs627ckaqmlnr,2026-05-07T14:22:26Z,"","EMI",0.675,0.761,4,-4.469,0,0.0466,0.432,0,0.102,0.428,119.001,4
spotify:track:1It1TxBK3xIQAB4xJkPevn,"Blue Lights","Lost & Found","Jorja Smith",2018-06-08,250454,69,false,nrpxj2ryv9dyhs627ckaqmlnr,2026-05-07T14:23:16Z,"uk r&b","FAMM",0.692,0.57,7,-8.077,1,0.185,0.666,0,0.107,0.309,91.917,4
spotify:track:2p2xu7jiPzZG0W7IvXhEY7,"Medication","Broken Clinic","sophie meiers",2018-08-19,230523,24,false,nrpxj2ryv9dyhs627ckaqmlnr,2026-05-07T14:25:38Z,"bedroom pop","Epitaph",0.682,0.406,2,-10.042,1,0.0379,0.221,0.0124,0.11,0.0552,112.031,4
spotify:track:0p63aIOFCau4Mgqj2CJVWJ,"Unfamiliar Energy","Broken Clinic","sophie meiers",2018-08-19,162000,24,false,nrpxj2ryv9dyhs627ckaqmlnr,2026-05-07T14:26:17Z,"bedroom pop","Epitaph",0.631,0.218,10,-13.319,1,0.0416,0.63,0.0438,0.102,0.0735,90.038,4
spotify:track:0l2zrYESSsYJOQf1RPiDMN,"Picture Frames","Broken Clinic","sophie meiers",2018-08-19,147773,13,true,nrpxj2ryv9dyhs627ckaqmlnr,2026-05-07T14:26:55Z,"bedroom pop","Epitaph",0.355,0.112,0,-16.91,1,0.0943,0.896,0.00164,0.141,0.122,72.343,3
spotify:track:1WsRqH46LpjlRZwZIbkvXA,"collar","collar","sophie meiers",2022-01-25,160243,23,false,nrpxj2ryv9dyhs627ckaqmlnr,2026-05-07T14:27:15Z,"bedroom pop","Epitaph",0.773,0.533,4,-7.315,0,0.0538,0.531,0.0596,0.104,0.292,101.986,4
spotify:track:6SEolIp22t0DzeBfCBo3hr,"Vibin' Out","French Kiwi Juice","FKJ;((( O )))",2017-03-03,311837,61,false,nrpxj2ryv9dyhs627ckaqmlnr,2026-05-07T14:28:19Z,"","Roche Musique",0.41,0.169,5,-11.42,0,0.0482,0.846,0.00322,0.118,0.206,89.494,4
spotify:track:1zdDIieTg3JyVPeHPO9227,"Good Intentions","Caracal (Deluxe)","Disclosure;Miguel",2015-09-25,282124,53,false,nrpxj2ryv9dyhs627ckaqmlnr,2026-05-07T14:28:45Z,"house,r&b","Universal-Island Records Ltd.",0.718,0.716,7,-5.475,1,0.128,0.0243,0.000107,0.158,0.593,109.995,4
spotify:track:5LdpnJrXxQroGD1k5aJGWp,"Thangs","Steve Lacy's Demo","Steve Lacy",2017-02-24,110414,53,false,nrpxj2ryv9dyhs627ckaqmlnr,2026-05-07T14:31:47Z,"","Three Quarter",0.923,0.793,6,-3.755,1,0.0723,0.0189,0.197,0.264,0.537,124.003,4
spotify:track:0TXoZgQ2gJ9n7BnhTSxLnP,"Glow Like Dat","Glow Like Dat","Rich Brian",2017-08-15,210861,19,true,nrpxj2ryv9dyhs627ckaqmlnr,2026-05-07T14:32:37Z,"indonesian hip hop","88rising Music",0.787,0.588,10,-9.631,1,0.0685,0.409,0.000331,0.118,0.588,140.041,4
spotify:track:1L6kAmEjhd9wQRc1IQJsgy,"Introvert (feat. Joji)","Amen","Rich Brian;Joji",2018-02-02,222258,52,true,nrpxj2ryv9dyhs627ckaqmlnr,2026-05-07T14:36:11Z,"indonesian hip hop","88rising Music",0.835,0.686,1,-4.673,1,0.0413,0.142,0.00236,0.0681,0.63,110.026,4
spotify:track:0a2PRKSmBtip7amSqi3gXH,"Flight","Amen","Rich Brian",2018-02-02,177463,36,true,nrpxj2ryv9dyhs627ckaqmlnr,2026-05-07T14:37:06Z,"indonesian hip hop","88rising Music",0.77,0.565,0,-5.614,1,0.0422,0.112,0.00313,0.103,0.345,97.351,4
spotify:track:5VQzEVFVMLzWCJ8ugLPZ1a,"Little Prince (feat. NIKI)","Amen","Rich Brian;NIKI",2018-02-02,172444,48,true,nrpxj2ryv9dyhs627ckaqmlnr,2026-05-07T14:40:38Z,"indonesian hip hop,indonesian r&b","88rising Music",0.909,0.414,0,-7.337,1,0.0514,0.164,0.0000239,0.109,0.761,139.966,4
spotify:track:0TTvVve1GIsXPzJ96pd9SC,"Arizona (feat. AUGUST 08)","Amen","Rich Brian;AUGUST 08",2018-02-02,292381,37,true,nrpxj2ryv9dyhs627ckaqmlnr,2026-05-07T14:40:56Z,"indonesian hip hop","88rising Music",0.649,0.526,8,-10.879,1,0.347,0.7,0,0.386,0.511,95.023,4
spotify:track:38RCbHtuJ44NvBHQeV65qJ,"Fungus (feat. K. Solar, Scott Kelley & Steve Lacy)","The Leimert Park Project","Tru;K. Solar;Scott Kelley;Steve Lacy",2017-04-20,278040,41,false,nrpxj2ryv9dyhs627ckaqmlnr,2026-05-07T14:41:57Z,"experimental hip hop,jersey club,comedy","HOMIESONLY",0.866,0.803,8,-3.504,1,0.338,0.329,0.0000318,0.0902,0.588,88.985,4
spotify:track:6xagjcywpcyNFghafZPQJv,"Banana Clip","War & Leisure","Miguel",2017-12-01,201616,60,false,nrpxj2ryv9dyhs627ckaqmlnr,2026-05-07T14:45:30Z,"r&b","ByStorm Entertainment/RCA Records",0.638,0.708,1,-5.342,0,0.0754,0.0973,0,0.177,0.606,84.978,4
spotify:track:5jyyPsIGM2yqkZN9R3TmvN,"The Ways (with Swae Lee)","Black Panther The Album Music From And Inspired By","Khalid;Swae Lee",2018-02-09,238893,60,true,nrpxj2ryv9dyhs627ckaqmlnr,2026-05-07T14:46:36Z,"","Black Panther (TDE/DMG) PS",0.727,0.719,11,-5.856,0,0.049,0.0622,0.00000116,0.229,0.589,140.08,4
spotify:track:6649LICjGXE7URLqmlqTZc,"beach sex","beach sex","Deaf Dreamer",2018-04-06,180731,37,true,nrpxj2ryv9dyhs627ckaqmlnr,2026-05-07T14:54:40Z,"shoegaze","Deaf Dreamer",0.41,0.481,5,-8.765,1,0.0291,0.00818,0.0000109,0.135,0.102,81.941,4
spotify:track:4pyR2RnK5A5vryIgQOcGis,"You","Parkview Demos","Sebastian Roca",2018-07-16,292696,39,false,nrpxj2ryv9dyhs627ckaqmlnr,2026-05-07T14:55:10Z,"bedroom pop","Nice Guys",0.452,0.361,8,-8.338,0,0.0324,0.782,0.00141,0.195,0.214,105.617,4
spotify:track:6hKkNmB1nnyYbYs8wr3jHj,"Caught Up","Eyes of Taiga","K. Forest",2016-11-09,194481,6,false,nrpxj2ryv9dyhs627ckaqmlnr,2026-05-07T14:55:46Z,"trap soul,dark r&b","SVS",0.407,0.599,7,-9.471,1,0.322,0.792,0.000986,0.103,0.239,96.049,4
spotify:track:07MZXSRBs5DJxYZiRTFJe8,"Sleep Next to Me","Growing Up, Vol. 1","A L E X",2017-06-26,139911,38,false,nrpxj2ryv9dyhs627ckaqmlnr,2026-05-07T14:56:05Z,"lo-fi,lo-fi hip hop,lo-fi beats","beatsupply",0.613,0.381,0,-16.901,1,0.0729,0.625,0.925,0.124,0.401,172,3
spotify:track:7tEqpGGJLsmXdxKhtii5ix,"We're Not Just Friends","We're Not Just Friends","Parks, Squares and Alleys",2015-09-03,187820,47,false,nrpxj2ryv9dyhs627ckaqmlnr,2026-05-07T14:56:19Z,"","Parks, Squares and Alleys",0.655,0.653,4,-7.488,1,0.0278,0.499,0.755,0.0781,0.732,114.998,4
spotify:track:1o3AE04WxDxZrzy1TcVQmU,"Sink into the Floor","Feng Suave","Feng Suave",2017-10-04,281054,56,false,nrpxj2ryv9dyhs627ckaqmlnr,2026-05-07T14:56:39Z,"bedroom pop","Feng Suave",0.625,0.394,10,-11.437,0,0.0426,0.714,0.0000272,0.156,0.598,79.018,4
spotify:track:3jPt4MaAdSu2P4x6EcVJIc,"Coffee Boi","Love You, Mean It","Okey Dokey",2017-01-27,183760,21,false,nrpxj2ryv9dyhs627ckaqmlnr,2026-05-07T14:56:54Z,"","Okey Dokey",0.595,0.583,7,-7.777,1,0.0356,0.0233,0.0163,0.114,0.378,107.95,4
spotify:track:51H50p8CKpFxwmtUwOP8Rp,"The Things You Do (To Me)","Someone to Be","Mark Whalen",2016-08-08,303255,40,true,nrpxj2ryv9dyhs627ckaqmlnr,2026-05-07T14:57:55Z,"bedroom pop","Mark Whalen",0.657,0.595,0,-7.124,1,0.0388,0.376,0.00108,0.0464,0.729,75.01,4
spotify:track:70oY6gKgHfMlVLVxFROeiA,"Lavender Kiss","Lavender Kiss","The Licks",2018-01-07,243645,48,false,nrpxj2ryv9dyhs627ckaqmlnr,2026-05-07T14:58:07Z,"","Sad Boy Records",0.578,0.115,0,-20.333,1,0.036,0.00922,0.0031,0.0834,0.363,199.975,3
spotify:track:63rXwo2Psi90zWPAoEpyeB,"History","Head In The Clouds","88rising;Rich Brian",2018-07-20,207307,57,true,nrpxj2ryv9dyhs627ckaqmlnr,2026-05-07T14:59:37Z,"indonesian hip hop","88rising Music",0.718,0.589,1,-8.163,1,0.144,0.611,0.000257,0.0982,0.417,75.027,4
spotify:track:1EbxyKoc74jf36JkZ31Frx,"La Cienega","Head In The Clouds","88rising;Joji;NIKI",2018-07-20,192606,53,false,nrpxj2ryv9dyhs627ckaqmlnr,2026-05-07T15:00:04Z,"indonesian r&b","88rising Music",0.61,0.319,8,-9.95,1,0.147,0.503,0.000632,0.102,0.217,109.491,3
spotify:track:0SBjNhOuMeUM9nwanocvsm,"Petty Lover","Pretty Dreamer / Petty Lover","Jaz Karis",2018-06-22,160654,55,true,nrpxj2ryv9dyhs627ckaqmlnr,2026-05-07T15:05:22Z,"uk r&b","Independent",0.764,0.363,6,-10.113,1,0.572,0.803,0.00000467,0.16,0.587,119.855,5
spotify:track:1sKsYTGy8XfHjCYqcudqG5,"seoul (prod. HONNE)","mono.","RM",2018-10-23,275954,69,false,nrpxj2ryv9dyhs627ckaqmlnr,2026-05-07T15:08:01Z,"k-pop,k-rap","BIGHIT MUSIC",0.581,0.664,0,-8.63,1,0.0649,0.344,0.0000248,0.324,0.452,99.829,4
spotify:track:1LFPRvtGW3ljy6ezlNu0mM,"Stayback","Apolonio","Omar Apollo",2020-10-16,159859,41,false,nrpxj2ryv9dyhs627ckaqmlnr,2026-05-07T15:17:52Z,"bedroom pop","Warner Records",0.549,0.408,7,-7.675,1,0.0939,0.77,0.00000422,0.151,0.671,124.717,4
spotify:track:4EWBhKf1fOFnyMtUzACXEc,"Pluto Projector","Pony","Rex Orange County",2019-10-25,267518,77,false,nrpxj2ryv9dyhs627ckaqmlnr,2026-05-07T15:18:41Z,"bedroom pop","Rex Orange County",0.379,0.219,5,-11.196,1,0.0307,0.707,0.000691,0.118,0.188,79.786,4
spotify:track:1QdQtqqFwQdUBoLN7Pxlsr,"Pour Another","Where Will We Go, Pt. 1","Nick Hakim",2014-07-14,351573,19,false,nrpxj2ryv9dyhs627ckaqmlnr,2026-05-07T15:20:13Z,"indie soul","Earseed Records",0.3,0.375,9,-10.422,1,0.0515,0.91,0.654,0.344,0.11,91.64,4
spotify:track:2VXcVF8k3GXCFfKu7azVvw,"Peng Black Girls Remix (feat. Jorja Smith)","Peng Black Girls Remix","ENNY;Jorja Smith",2020-12-01,206000,53,false,nrpxj2ryv9dyhs627ckaqmlnr,2026-05-07T15:21:51Z,"uk r&b,alternative r&b","FAMM",0.69,0.568,7,-8.658,1,0.228,0.0271,0,0.124,0.375,137.076,4
spotify:track:6Xs5RQhdHaSPGOB5wkUohn,"Half Life","Splinter","Sneaker Pimps",1999-10-25,293733,51,false,nrpxj2ryv9dyhs627ckaqmlnr,2026-05-07T15:40:52Z,"trip hop,downtempo","One Little Independent Records",0.507,0.665,11,-7.319,1,0.0442,0.0169,0.00105,0.127,0.297,77.877,4
spotify:track:0HpXBePWh1ejalWAnv7imk,"Walking Zero","Becoming X","Sneaker Pimps",1996-08-18,271893,31,false,nrpxj2ryv9dyhs627ckaqmlnr,2026-05-07T15:43:01Z,"trip hop,downtempo","One Little Independent",0.571,0.515,0,-7.52,1,0.0331,0.075,0.0486,0.376,0.301,84.806,4
spotify:track:5lIZu1jVPIFNm2FDdFGXOK,"Six Underground - The Umbrellas Of Ladywell Mix #2","Becoming Remixed","Sneaker Pimps",1998-03-10,255440,34,false,nrpxj2ryv9dyhs627ckaqmlnr,2026-05-07T15:44:57Z,"trip hop,downtempo","One Little Independent Records",0.576,0.57,2,-9.549,0,0.0244,0.359,0.00187,0.363,0.386,89.604,4
spotify:track:6HFupVcDLZpjFuBaeePhAr,"Grown Up","Grown Up","Danny Brown",2012-06-05,139930,56,true,nrpxj2ryv9dyhs627ckaqmlnr,2026-05-07T15:57:00Z,"experimental hip hop,alternative hip hop","Fool's Gold Records",0.635,0.766,11,-6.459,1,0.26,0.132,0,0.122,0.685,93.603,4
spotify:track:2Wj1cS0hUzWrQPzYgZJj94,"Noise","Hard To Imagine The Neighbourhood Ever Changing","The Neighbourhood",2018-11-02,200466,56,false,nrpxj2ryv9dyhs627ckaqmlnr,2026-05-07T15:57:22Z,"","Columbia",0.625,0.85,6,-3.776,0,0.0294,0.0164,0.339,0.105,0.736,108.997,4
spotify:track:4NvXTrOSsVlCw0bFe3lKY9,"IV. Sweatpants","Because the Internet","Childish Gambino;JasonMartin",2013-12-10,180675,68,true,nrpxj2ryv9dyhs627ckaqmlnr,2026-05-07T15:58:44Z,"hyphy,west coast hip hop","Glassnote - VMG",0.71,0.463,1,-9.33,0,0.146,0.154,0,0.642,0.59,80.027,4
spotify:track:1N2mbdnH9cLCSh1dv2c5pv,"Rain","#000000 & #FFFFFF (No DJ Version)","The Neighbourhood",2014-11-28,88826,45,false,nrpxj2ryv9dyhs627ckaqmlnr,2026-05-07T15:59:08Z,"","Columbia",0.235,0.792,10,-21.332,1,0.726,0.808,0.358,0.332,0.655,83.76,5
spotify:track:7duNba6BgsNprsqfhlgsH5,"Girl (feat. Clairo)","Never Been Cool","Brennan Henderson;Clairo",2017-04-13,197217,36,false,nrpxj2ryv9dyhs627ckaqmlnr,2026-05-07T15:59:35Z,"bedroom pop","Brennan Henderson",0.763,0.478,2,-7.751,1,0.0289,0.115,0.0162,0.0751,0.303,115.001,4
spotify:track:3ApMy6oLfZqPDoKWblDYFG,"Games","Velvet","Juto",2019-03-21,189143,13,false,nrpxj2ryv9dyhs627ckaqmlnr,2026-05-07T16:01:13Z,"","COR/TAN",0.599,0.662,7,-4.74,1,0.0853,0.0386,0.0000011,0.125,0.707,114.175,4
spotify:track:1olz3HctPa2yXmSniaCNLN,"Waiting for You","D97","Verzache;Swell",2017-06-16,230000,48,false,nrpxj2ryv9dyhs627ckaqmlnr,2026-05-07T16:01:39Z,"","Majestic Casual Records",0.524,0.274,6,-13.931,1,0.295,0.502,0.257,0.0924,0.342,167.998,4
spotify:track:0yTGQpPOgcsS8Xqp5bQO58,"The Loser","The Loser","Verzache",2016-07-29,131586,64,false,nrpxj2ryv9dyhs627ckaqmlnr,2026-05-07T16:01:55Z,"","Verzache - The Loser",0.748,0.297,1,-10.613,1,0.132,0.485,0.27,0.138,0.114,123.983,4
spotify:track:73JjvNZ8X6ofxusuK2Trpv,"French","French","Verzache;sophie meiers",2016-05-27,132923,36,false,nrpxj2ryv9dyhs627ckaqmlnr,2026-05-07T16:02:29Z,"bedroom pop","Verzache",0.824,0.345,7,-13.312,1,0.08,0.482,0.0275,0.0931,0.133,130.05,4
spotify:track:6XsT5UGfpaFeHQf5LRIy4W,"Me, Myself and I","Dangerously In Love","Beyoncé",2003-06-24,301133,64,false,nrpxj2ryv9dyhs627ckaqmlnr,2026-05-07T16:08:28Z,"","Columbia",0.75,0.458,1,-9.092,1,0.0803,0.226,0.0000325,0.137,0.536,83.61,4
spotify:track:67tGiMTRR4Oo0lTGkPFjhy,"A Prince","A Prince","Jorja Smith",2016-04-05,182295,44,true,nrpxj2ryv9dyhs627ckaqmlnr,2026-05-07T16:13:20Z,"uk r&b","Jorja Smith",0.561,0.57,7,-7.516,0,0.162,0.246,0,0.548,0.326,117.18,4
spotify:track:3BIIJgBJJ7NhhCv4MI6n7w,"Alien Boy","Ugly is Beautiful","Oliver Tree",2020-07-17,164312,84,true,nrpxj2ryv9dyhs627ckaqmlnr,2026-05-07T16:18:25Z,"","Atlantic Records",0.792,0.576,1,-7.046,1,0.132,0.0597,0,0.186,0.52,130.135,4
spotify:track:6TaqooOXAEcijL6G1AWS2K,"All My Friends (feat. Tinashe & Chance the Rapper)","All My Friends (feat. Tinashe & Chance the Rapper)","Snakehips;Tinashe;Chance the Rapper",2015-10-21,229737,73,true,nrpxj2ryv9dyhs627ckaqmlnr,2026-05-07T16:21:09Z,"alternative r&b","Hoffman West/Columbia",0.681,0.521,0,-5.849,1,0.141,0.12,0.0000841,0.108,0.181,94.997,4
spotify:track:4QIo4oxwzzafcBWkKjDpXY,"xanny","WHEN WE ALL FALL ASLEEP, WHERE DO WE GO?","Billie Eilish",2019-03-29,243725,71,false,nrpxj2ryv9dyhs627ckaqmlnr,2026-05-07T16:21:57Z,"","Darkroom/Interscope Records",0.521,0.125,9,-17.832,1,0.239,0.751,0.00207,0.265,0.0528,111.554,4
spotify:track:6F1D4x7Ifrwt5t5MleYFp3,"Reason in Disguise","Reason in Disguise","Ezra Collective;Jorja Smith",2018-09-05,221933,29,false,nrpxj2ryv9dyhs627ckaqmlnr,2026-05-07T16:22:28Z,"jazz rap,indie soul,nu jazz,uk r&b","Enter The Jungle",0.549,0.44,11,-12.718,1,0.21,0.0127,0.0599,0.149,0.654,133.509,3
spotify:track:0NjW4SKY3gbfl2orl1p8hr,"IFHY (feat. Pharrell)","Wolf","Tyler, The Creator;Pharrell Williams",2013-04-01,319279,76,true,nrpxj2ryv9dyhs627ckaqmlnr,2026-05-07T16:22:56Z,"","Odd Future",0.358,0.715,7,-6.181,1,0.331,0.197,0,0.581,0.275,85.478,4
spotify:track:2ZVQ9nKaCauHZFSS4VHLSb,"90210","Attention Deficit (Explicit Version)","Wale",2009-01-01,201720,41,true,nrpxj2ryv9dyhs627ckaqmlnr,2026-05-07T16:23:12Z,"","Interscope",0.477,0.783,9,-6.305,1,0.392,0.352,0.000738,0.111,0.398,133.418,5
spotify:track:7iCs98iS5n6KCI4q3H7zp9,"Tell Him","The Miseducation of Lauryn Hill","Ms. Lauryn Hill",1998-08-25,280760,69,false,nrpxj2ryv9dyhs627ckaqmlnr,2026-05-07T16:25:44Z,"neo soul","Ruffhouse/Columbia",0.655,0.647,1,-9.465,1,0.0903,0.19,0.00877,0.0412,0.931,80.077,4
spotify:track:6ZQgooEk8PvsLxedYaT6Oa,"Across the Universe","Pleasantville -Music From The Motion Picture","Fiona Apple",1998-10-13,307333,60,false,nrpxj2ryv9dyhs627ckaqmlnr,2026-05-07T16:45:29Z,"art pop","Clean Slate/Work/Sony Music Soundtrax",0.578,0.481,4,-10.545,1,0.0317,0.431,0.00299,0.0951,0.548,129.881,4
spotify:track:3ym8ajVmKm6Fybgov3WBI5,"Let Me Go","NEVER ENOUGH","Daniel Caesar",2023-04-07,216524,76,false,nrpxj2ryv9dyhs627ckaqmlnr,2026-05-07T16:47:03Z,"","Republic Records",0.591,0.473,7,-8.122,0,0.0708,0.694,0.00334,0.108,0.451,152.88,4
spotify:track:4t9R5rbtovdvya28uMODDz,"Toronto 2014 (with Mustafa)","NEVER ENOUGH","Daniel Caesar;Mustafa",2023-04-07,277518,77,false,nrpxj2ryv9dyhs627ckaqmlnr,2026-05-07T16:47:17Z,"","Republic Records",0.679,0.335,0,-10.837,1,0.0574,0.891,0.0071,0.149,0.374,135.002,4
spotify:track:7mKfycH5WrhcN2hfe5g2xa,"Shot My Baby","NEVER ENOUGH","Daniel Caesar",2023-04-07,268221,58,true,nrpxj2ryv9dyhs627ckaqmlnr,2026-05-07T16:47:32Z,"","Republic Records",0.495,0.65,8,-6.786,0,0.0397,0.0035,0.00891,0.195,0.184,84.956,4
spotify:track:4s3RSUwPDxCeWaLEiNOPq3,"Homiesexual (with Ty Dolla $ign)","NEVER ENOUGH","Daniel Caesar;Ty Dolla $ign",2023-04-07,230379,65,true,nrpxj2ryv9dyhs627ckaqmlnr,2026-05-07T16:47:56Z,"trap soul","Republic Records",0.633,0.472,8,-10.783,0,0.0406,0.0907,0.00000217,0.1,0.298,99.9,4
spotify:track:736PP5LTtREkDgktNmX3Gu,"Superpowers","NEVER ENOUGH","Daniel Caesar",2023-04-07,174512,87,false,nrpxj2ryv9dyhs627ckaqmlnr,2026-05-07T16:48:13Z,"","Republic Records",0.459,0.433,7,-8.983,1,0.0367,0.614,0.0285,0.19,0.0482,106.626,5
spotify:track:0gmviE2bUkRUlEaQer08Ie,"Unstoppable","NEVER ENOUGH","Daniel Caesar",2023-04-07,247805,58,true,nrpxj2ryv9dyhs627ckaqmlnr,2026-05-07T16:48:23Z,"","Republic Records",0.597,0.66,1,-5.911,1,0.127,0.675,0.0158,0.303,0.544,77.626,4
spotify:track:0b83L1ToHRiwlpmUAjiCHc,"Valentina","NEVER ENOUGH","Daniel Caesar",2023-04-07,154531,72,false,nrpxj2ryv9dyhs627ckaqmlnr,2026-05-07T16:48:35Z,"","Republic Records",0.754,0.311,0,-5.385,0,0.0388,0.622,0.336,0.116,0.37,92.01,4
spotify:track:5XUuMp2i5ojqcDOSusChqL,"Ocho Rios","NEVER ENOUGH","Daniel Caesar",2023-04-07,153171,65,false,nrpxj2ryv9dyhs627ckaqmlnr,2026-05-07T16:48:44Z,"","Republic Records",0.578,0.522,2,-7.327,1,0.0396,0.0369,0.0033,0.0939,0.21,127.846,4
spotify:track:1Oghy0fBmZF42KgTrBpq8D,"Veleiro","Anna","Anna Margarida",1968-05-25,127586,0,false,nrpxj2ryv9dyhs627ckaqmlnr,2026-05-07T17:59:58Z,"brazilian jazz,bossa nova","Vault",0.404,0.475,10,-11.75,1,0.031,0.628,0.00000293,0.337,0.4,112.443,4
spotify:track:0d8ONGx43ZprlHlmLZODpD,"Analog 2 (feat. Tyler, The Creator, Frank Ocean & Sydney Bennett)","The OF Tape Vol. 2","Odd Future;Tyler, The Creator;Frank Ocean;Syd",2012-03-16,276386,58,true,nrpxj2ryv9dyhs627ckaqmlnr,2026-05-07T18:05:14Z,"alternative r&b","Odd Future",0.599,0.673,1,-8.363,1,0.566,0.229,0.0000377,0.066,0.262,148.044,4
spotify:track:3NOIkyNWG0fEjkPkq9HVMW,"Basement Jack","Apollo XXI","Steve Lacy",2019-05-24,109818,66,true,nrpxj2ryv9dyhs627ckaqmlnr,2026-05-07T18:16:08Z,"","3qtr",0.644,0.931,8,-5.343,0,0.0689,0.15,0.0547,0.386,0.911,174.881,4
spotify:track:4A32tQkqdNxhP3vom3TqWe,"II. Shadows","Because the Internet","Childish Gambino",2013-12-10,231746,59,true,nrpxj2ryv9dyhs627ckaqmlnr,2026-05-07T18:48:35Z,"","Glassnote - VMG",0.606,0.727,1,-9.802,1,0.208,0.0882,0.0302,0.332,0.378,116.32,4
spotify:track:67DGJfTDDLYqx9377joNdN,"Hate CD","Apollo XXI","Steve Lacy",2019-05-24,160182,58,false,nrpxj2ryv9dyhs627ckaqmlnr,2026-05-07T18:49:28Z,"","3qtr",0.824,0.716,0,-7.089,1,0.0526,0.000916,0.0148,0.299,0.771,107.997,4
spotify:track:0eAuGrXyGFYwur9ARUe7LJ,"Earrings","Sweet Boy","Malcolm Todd",2024-04-05,151500,98,false,nrpxj2ryv9dyhs627ckaqmlnr,2026-05-07T18:53:59Z,"","Columbia",0.498,0.505,10,-8.644,0,0.0524,0.233,0.000028,0.365,0.547,79.877,4
spotify:track:17CicZDKMQxTyo6wXS02Xz,"Like Me","Apollo XXI","Steve Lacy;DAISY WORLD",2019-05-24,544026,53,false,nrpxj2ryv9dyhs627ckaqmlnr,2026-05-07T19:00:17Z,"","3qtr",0.532,0.707,8,-7.254,1,0.101,0.0529,0.0023,0.0911,0.0545,136.016,4
spotify:track:0QezBrYzFFT0f68zK6EvZI,"Passion","to hell with it","PinkPantheress",2021-10-15,138268,69,false,nrpxj2ryv9dyhs627ckaqmlnr,2026-05-11T14:32:02Z,"bedroom pop","Parlophone UK",0.699,0.628,0,-5.163,0,0.0369,0.49,0.782,0.101,0.607,79.968,4
spotify:track:1TK2iF5KlY8OEm5k5AeyBk,"She Knows Too Much","Distracted","Thundercat;Mac Miller",2026-04-03,213106,71,true,nrpxj2ryv9dyhs627ckaqmlnr,2026-05-11T17:29:09Z,"","Brainfeeder",0.895,0.811,1,-4.122,1,0.0461,0.252,0.00214,0.316,0.961,104.005,4
spotify:track:2XX9DsMkC1KSECUs6WGUxd,"On Ur Time","Feline's Return","Natanya",2025-06-13,192192,52,false,nrpxj2ryv9dyhs627ckaqmlnr,2026-05-11T18:29:20Z,"uk r&b,alternative r&b","Human Re Sources",0.723,0.669,4,-7.47,0,0.087,0.619,0.164,0.343,0.627,137.387,4
spotify:track:7neXO8QECsRagV3ilFkaak,"Flaunt","Supamedicine","Girls Love Shoes",2009-05-07,109524,25,false,nrpxj2ryv9dyhs627ckaqmlnr,2026-05-11T18:29:33Z,"","Hot Geek Records",0.878,0.441,10,-5.693,0,0.119,0.0165,0.183,0.15,0.152,133.059,4
spotify:track:6bdvvGJ8I809gSt4IN3LU4,"Intergalactic Janet","Intergalactic Janet","Ley Soul",2023-11-09,160440,54,false,nrpxj2ryv9dyhs627ckaqmlnr,2026-05-11T20:18:30Z,"","broke.",0.766,0.475,10,-10.639,0,0.0342,0.48,0.00159,0.113,0.853,139.97,4
spotify:track:3ewIu3AibUiSiDNS0Ta8Lm,"The Panties","The New Danger","Mos Def",2004-10-12,251213,52,false,nrpxj2ryv9dyhs627ckaqmlnr,2026-05-12T13:52:00Z,"east coast hip hop,old school hip hop,hip hop","Geffen",0.564,0.532,11,-7.228,1,0.0391,0.545,0.00126,0.238,0.182,85.118,4
spotify:track:0e0JshRej2NwT7jahEmv52,"ROLLING STONE","WASTELAND","Brent Faiyaz",2022-07-08,162006,71,true,nrpxj2ryv9dyhs627ckaqmlnr,2026-05-15T13:06:54Z,"r&b","Lost Kids LLC., Marketed by Venice / Stem",0.462,0.273,11,-11.768,0,0.0622,0.903,0.0000371,0.101,0.334,141.33,3
spotify:track:2vLaES21zwbX1Rnmj56Bbb,"I'll Be Around","Spinners","The Spinners",1973,188800,72,false,nrpxj2ryv9dyhs627ckaqmlnr,2026-05-18T22:08:24Z,"philly soul,motown,classic soul,soul,northern soul","Rhino Atlantic",0.593,0.791,8,-8.698,0,0.068,0.175,0,0.0976,0.63,112.295,4
spotify:track:6GCIYIWUBSLontW6divqsw,"Stay Flo","When I Get Home","Solange",2019-03-01,175706,57,true,nrpxj2ryv9dyhs627ckaqmlnr,2026-05-18T22:26:52Z,"alternative r&b,neo soul","Saint Records/Columbia",0.823,0.558,9,-7.119,1,0.0278,0.397,0.0000203,0.0821,0.674,155.974,4
spotify:track:5BhdjbSvgGUwf2I2flmf11,"Flow","Lovers Rock","Sade",2000-11-13,274266,64,false,nrpxj2ryv9dyhs627ckaqmlnr,2026-05-18T22:58:38Z,"","Epic",0.786,0.362,7,-11.289,1,0.1,0.0732,0.393,0.0879,0.565,83.991,4
spotify:track:6S5dMjMifQYmyTu1mX4f8P,"Blame","Blame","Bryson Tiller",2019-07-26,127028,64,true,nrpxj2ryv9dyhs627ckaqmlnr,2026-05-19T19:30:22Z,"trap soul,r&b","TrapSoul/RCA Records",0.729,0.38,11,-8.558,0,0.099,0.0319,0.0000501,0.119,0.323,114.975,4
spotify:track:2Fw5S2gaOSZzdN5dFoC2dj,"A.D.H.D","Section.80","Kendrick Lamar",2011-07-02,215509,75,true,nrpxj2ryv9dyhs627ckaqmlnr,2026-05-19T19:36:13Z,"hip hop,west coast hip hop","Top Dawg Entertainment / Section.80",0.609,0.799,9,-6.883,1,0.24,0.33,0,0.108,0.582,157.74,4
spotify:track:6CtTqztA9uBUZJ8aqhdbO2,"Mary's Theme","Daydreaming With Stelvio Cipriani (Original Soundtrack)","Stelvio Cipriani",2025-12-01,130560,48,false,nrpxj2ryv9dyhs627ckaqmlnr,2026-05-19T19:40:38Z,"","Cam Sugar UME",0.365,0.179,4,-22.325,0,0.0323,0.731,0.449,0.118,0.305,107.93,3
spotify:track:3detfCDz7x2G34sKD1XzA6,"Bluffin","Fuck The World","Brent Faiyaz",2020-02-07,195802,59,false,nrpxj2ryv9dyhs627ckaqmlnr,2026-05-19T19:43:14Z,"r&b","Lost Kids",0.584,0.37,0,-9.493,0,0.0553,0.678,0,0.108,0.281,148.981,4
spotify:track:4mYSL3RDHto3rcl7I57ndv,"Moment Of Your Life (feat. Coco Jones)","Larger Than Life","Brent Faiyaz;Coco Jones",2023-10-27,194159,67,true,nrpxj2ryv9dyhs627ckaqmlnr,2026-05-20T18:43:03Z,"r&b","ISO Supremacy under exclusive license to UnitedMasters LLC",0.77,0.463,10,-5.856,0,0.0488,0.684,0,0.0928,0.562,128.017,4
spotify:track:4Ga3ytOmuW0oeTEo7rC4mV,"bbybbybby","Want U Back EP","Spencer.",2018-09-28,64857,22,false,nrpxj2ryv9dyhs627ckaqmlnr,2026-05-20T21:27:48Z,"bedroom pop,alternative r&b,indie r&b","Bug's Eye View",0.552,0.729,9,-7.107,0,0.0462,0.00315,0,0.479,0.805,105.117,4
spotify:track:6rWgCitTZWRCk8DgfJWsiV,"HBTS (Haven't Been The Same)","Lustropolis","Odeal",2024-11-13,183703,44,false,nrpxj2ryv9dyhs627ckaqmlnr,2026-05-21T01:58:43Z,"afroswing,afro r&b,alté,uk r&b,afrobeats,afrobeat","2024 OVMBR/LVRN Records (Love Renaissance)",0.495,0.636,5,-5.82,0,0.0483,0.316,0,0.0927,0.526,79.45,4
spotify:track:2MJlhN2OockKCadeGS4AEP,"Shameless","Shameless","Avenoir",2022-08-19,175386,71,true,nrpxj2ryv9dyhs627ckaqmlnr,2026-05-21T13:21:12Z,"dark r&b,alternative r&b,r&b","Avenoir",0.686,0.415,4,-11.502,0,0.0425,0.743,0.000162,0.228,0.236,130.015,4
spotify:track:00qVenrhW7Lr9AwHgc7rOe,"I Just Wanna","I Just Wanna","KALI",2021-03-23,254399,51,false,nrpxj2ryv9dyhs627ckaqmlnr,2026-05-22T00:51:39Z,"bedroom pop","Nettwerk Music Group",0.692,0.585,11,-5.59,0,0.0362,0.154,0.000341,0.111,0.506,108.573,4
spotify:track:2L82XvyoCvUgePuljcA00o,"Like A Feather","Everybody Got Their Something","Nikka Costa",2001-01-01,235093,44,false,nrpxj2ryv9dyhs627ckaqmlnr,2026-05-24T18:03:50Z,"","Virgin Records",0.868,0.46,6,-9.076,1,0.0899,0.0201,0.722,0.0505,0.815,90.028,4
spotify:track:2D9aPhceBfcp7sVIcmFMZS,"Blood On Me","Process (Bonus Edition)","Sampha",2017,246951,49,false,nrpxj2ryv9dyhs627ckaqmlnr,2026-05-24T22:29:17Z,"indie soul","Young",0.775,0.517,11,-8.186,1,0.138,0.121,0.014,0.609,0.614,104.01,4
spotify:track:7MOgLN4PHcXhhTZLchodnC,"Plastic 100°C","Process (Bonus Edition)","Sampha",2017,316187,53,false,nrpxj2ryv9dyhs627ckaqmlnr,2026-05-24T22:30:52Z,"indie soul","Young",0.591,0.361,3,-11.879,0,0.0539,0.735,0.00227,0.654,0.175,132.08,4
spotify:track:4qPhFTSrBnBJyUDGj12KAc,"Indecision","Dual","Sampha",2013-07-29,268350,67,false,nrpxj2ryv9dyhs627ckaqmlnr,2026-05-24T22:31:02Z,"indie soul","Young",0.608,0.346,8,-11.092,0,0.0296,0.906,0.0000694,0.118,0.368,134.049,4
spotify:track:1JfuiYsW1T5Qe4bPO4DUYy,"Rehab (Winter In Paris)","Rehab (Winter In Paris)","Brent Faiyaz",2019-09-20,180303,52,true,nrpxj2ryv9dyhs627ckaqmlnr,2026-05-24T22:54:17Z,"r&b","Lost Kids",0.527,0.242,5,-11.691,1,0.0397,0.81,0.0000717,0.127,0.278,144.304,4
spotify:track:6RQ0i7rApnnWSI8uEiGVVF,"Why Don't You","Rose in the Dark","Cleo Sol",2020-03-27,228990,67,false,nrpxj2ryv9dyhs627ckaqmlnr,2026-05-28T19:13:53Z,"neo soul,alternative r&b,uk r&b","Forever Living Originals",0.43,0.592,0,-7.55,0,0.15,0.136,0.0905,0.112,0.599,54.585,4
spotify:track:4BaZDllfIcJM62yjQyHcOE,"Pop Thieves (Make It Feel Good)","Kauai","Childish Gambino;Jaden Smith",2014-10-03,309480,55,true,nrpxj2ryv9dyhs627ckaqmlnr,2026-05-28T19:52:27Z,"","Glassnote - VMG",0.483,0.83,5,-8.546,0,0.0695,0.0755,0.0000115,0.105,0.0744,104.777,4
spotify:track:3QaPy1KgI7nu9FJEQUgn6h,"WILDFLOWER","HIT ME HARD AND SOFT","Billie Eilish",2024-05-17,261466,92,false,nrpxj2ryv9dyhs627ckaqmlnr,2026-06-02T20:36:44Z,"","Darkroom/Interscope Records",0.467,0.247,6,-12.002,0,0.0431,0.612,0.000271,0.17,0.126,148.101,4
spotify:track:6dOtVTDdiauQNBQEDOtlAB,"BIRDS OF A FEATHER","HIT ME HARD AND SOFT","Billie Eilish",2024-05-17,210373,95,false,nrpxj2ryv9dyhs627ckaqmlnr,2026-06-02T20:37:04Z,"","Darkroom/Interscope Records",0.747,0.507,2,-10.171,1,0.0358,0.2,0.0608,0.117,0.438,104.978,4
spotify:track:2EoOZnxNgtmZaD8uUmz2nD,"Black Hole Sun","Superunknown (Deluxe Edition)","Soundgarden",1994-03-09,318586,80,false,nrpxj2ryv9dyhs627ckaqmlnr,2026-06-03T06:13:29Z,"grunge,post-grunge,hard rock","Geffen",0.35,0.828,6,-5.373,1,0.041,0.000217,0.000161,0.0774,0.147,105.435,4
spotify:track:6X0LNm1ghLO4iKX3HjH26N,"Rain in July","Rain in July / Be the One","Qendresa",2026-05-07,180070,56,true,nrpxj2ryv9dyhs627ckaqmlnr,2026-06-04T14:40:20Z,"alternative r&b","dream city discs",0.472,0.628,4,-10.155,0,0.426,0.485,0.000879,0.101,0.643,175.558,4
spotify:track:11607FzqoipskTsXrwEHnJ,"Sunday Morning","The Velvet Underground & Nico 45th Anniversary","The Velvet Underground;Nico",1967-03-12,175893,66,false,nrpxj2ryv9dyhs627ckaqmlnr,2026-06-04T15:46:57Z,"proto-punk,art rock","Polydor",0.506,0.442,5,-13.268,0,0.0276,0.0869,0.00239,0.0846,0.532,105.833,4
spotify:track:29rQJydAlO0uMyWvRIZxQg,"That's The Way Love Goes","Janet","Janet Jackson",1993-05-18,265106,71,false,nrpxj2ryv9dyhs627ckaqmlnr,2026-06-06T19:34:33Z,"new jack swing","Virgin Records",0.703,0.7,5,-6.789,1,0.0693,0.302,0.471,0.0718,0.582,97.675,4
spotify:track:5Uo45y7ZdQ75AzvbvzLHr0,"Anxious (feat. Odeal & Wizkid)","Big Mama","Latto;Odeal;Wizkid",2026-05-29,227266,52,true,nrpxj2ryv9dyhs627ckaqmlnr,2026-06-07T18:57:13Z,"afroswing,afro r&b,alté,uk r&b,afrobeats,afrobeat,afropop,azonto,afropiano","Streamcut/RCA Records",0.772,0.641,1,-7.277,1,0.124,0.269,0.0000179,0.176,0.119,120.02,5
spotify:track:7I9bSsqqIA0cV1nL0igGLm,"Cyber Stockholm Syndrome","RINA","Rina Sawayama",2017-10-27,221880,46,true,nrpxj2ryv9dyhs627ckaqmlnr,2026-06-07T19:03:44Z,"","Dirty Hit",0.527,0.672,0,-5.642,0,0.0509,0.41,0,0.341,0.259,139.007,4
spotify:track:7wfOwy1NErjzBYRf1HnDPb,"Talk 2 Me","Talk 2 Me","54 Ultra",2025-02-28,186624,64,false,nrpxj2ryv9dyhs627ckaqmlnr,2026-06-08T21:17:32Z,"retro soul","54 Ultra",0.633,0.514,8,-8.789,0,0.0269,0.397,0.0647,0.336,0.457,92.998,4
spotify:track:2jqsKZjIDZ6vF32xNDXhm6,"Dragonfly's Outro","Wikked Lil' Grrrls (U.S. Release)","Esthero",2005-06-28,242120,42,false,nrpxj2ryv9dyhs627ckaqmlnr,2026-06-09T22:11:33Z,"trip hop,downtempo","Reprise",0.363,0.524,3,-9.846,0,0.0342,0.48,0.353,0.309,0.531,127.175,4
spotify:track:6Vecwo7AHst9V2CE3kmwr0,"No Such Thing","Room For Squares","John Mayer",2001-08-16,231466,66,false,nrpxj2ryv9dyhs627ckaqmlnr,2026-06-09T22:35:38Z,"singer-songwriter","Aware/Columbia",0.668,0.739,4,-4.919,1,0.0308,0.0383,0,0.13,0.571,131.918,4
spotify:track:0gxVuBfUu1TbmFyJZwK6X0,"Rise","R I S E","WILLOW;Jahnavi Harrison",2020-11-20,219106,42,false,nrpxj2ryv9dyhs627ckaqmlnr,2026-06-10T06:29:38Z,"bhajan,devotional","MSFTSMusic / Roc Nation Records, LLC",0.321,0.317,0,-12.921,1,0.032,0.728,0.0107,0.66,0.129,185.115,3
spotify:track:6uYf05g0HXNsjB1JEhaaVl,"Someone New","Too Late To Die Young","Sonder",2022-10-21,175617,66,true,nrpxj2ryv9dyhs627ckaqmlnr,2026-06-10T16:29:13Z,"dark r&b,r&b","Sonder Global LLC",0.41,0.303,11,-11.315,1,0.0367,0.122,0.00201,0.123,0.114,178.141,4
spotify:track:6UW9Ffk7h9jCl4Yw4uRq59,"Cosmic Sass","Shawcross","Good Morning",2014-11-14,105567,35,false,nrpxj2ryv9dyhs627ckaqmlnr,2026-06-11T15:17:16Z,"lo-fi indie,bedroom pop","Virgin Music Label And Artist Services Australia (P&D)",0.341,0.409,6,-17.791,0,0.0346,0.694,0.987,0.36,0.505,143.168,4
spotify:track:3sNVsP50132BTNlImLx70i,"Bound 2","Yeezus","Kanye West",2013-06-18,229146,85,true,nrpxj2ryv9dyhs627ckaqmlnr,2026-06-11T15:44:56Z,"rap","Rock The World/IDJ/Kanye/LP6",0.367,0.665,1,-2.821,1,0.0465,0.145,0,0.113,0.31,148.913,4
spotify:track:2wK7y55bzry7tUDmDqYaz7,"48","Wolf","Tyler, The Creator",2013-04-01,247312,60,true,nrpxj2ryv9dyhs627ckaqmlnr,2026-06-11T16:09:09Z,"","Odd Future",0.558,0.887,1,-8.083,1,0.265,0.132,0,0.89,0.537,119.91,4
spotify:track:0Tacxc5lDJ8LwiO1pWNSl8,"The Motion","Care Package","Drake",2019-08-02,240956,63,true,nrpxj2ryv9dyhs627ckaqmlnr,2026-06-12T07:49:24Z,"rap","OVO",0.631,0.788,4,-7.142,0,0.102,0.371,0.000317,0.108,0.544,157.769,4
spotify:track:5My5YI9oqE9MZcHIrm38BJ,"The Sweetest Thing (feat. Lauryn Hill) - From the New Line Cinema film ""Love Jones""","Love Jones The Music","Refugee Camp All-Stars;Ms. Lauryn Hill",1997-03-11,292000,55,false,nrpxj2ryv9dyhs627ckaqmlnr,2026-06-12T11:57:52Z,"neo soul","Columbia",0.609,0.598,7,-10.084,0,0.1,0.0159,0.0000207,0.0749,0.333,83.822,4
spotify:track:2x5pnEYleCrM3dgApzhE89,"Kairi","KINGDOM HEARTS -HD 2.5 ReMIX- (Original Soundtrack)","Yoko Shimomura",2023-02-08,88426,53,false,nrpxj2ryv9dyhs627ckaqmlnr,2026-06-15T11:59:54Z,"soundtrack,japanese vgm","Walt Disney Records",0.473,0.269,3,-13.898,1,0.0305,0.906,0.981,0.141,0.383,127.926,4
spotify:track:3Y4rUyw7XBCK6hGHCOt6rp,"Call It Fate, Call It Karma","Comedown Machine","The Strokes",2013-03-25,204773,74,false,nrpxj2ryv9dyhs627ckaqmlnr,2026-07-03T05:11:50Z,"garage rock,indie rock,alternative rock","RCA Records Label",0.544,0.241,4,-14.779,0,0.03,0.983,0.774,0.101,0.359,109.437,4
spotify:track:5xsa7MYAmWvlDuGaB7FZUE,"intro","Getaway","Orion Sun",2022-03-11,180560,55,false,nrpxj2ryv9dyhs627ckaqmlnr,2026-07-03T12:33:38Z,"alternative r&b,bedroom pop","Mom+Pop Music",0.527,0.458,6,-9.243,1,0.0331,0.201,0.000575,0.279,0.66,84.404,4
