Track URI,Track Name,Album Name,Artist Name(s),Release Date,Duration (ms),Popularity,Explicit,Added By,Added At,Genres,Record Label,Danceability,Energy,Key,Loudness,Mode,Speechiness,Acousticness,Instrumentalness,Liveness,Valence,Tempo,Time Signature
spotify:track:4DWmh92WmRLhZE9i5Mdrgz,"Younger Than You","Feels Like You","Whirr",2019-10-29,269654,0,false,anthonymoran1000,2023-05-29T07:24:08Z,"shoegaze,slowcore,dream pop","Free Whirl Records",0.39,0.426,3,-13.969,1,0.0325,0.131,0.86,0.107,0.0713,176.873,4
spotify:track:0iEzdzuVxxEQGPQ9EqACeD,"Rose Cold","Feels Like You","Whirr",2019-10-29,325023,0,false,anthonymoran1000,2023-05-29T07:27:49Z,"shoegaze,slowcore,dream pop","Free Whirl Records",0.234,0.391,1,-11.853,1,0.0355,0.0104,0.846,0.286,0.0394,123.812,4
spotify:track:555b3SPYwrj1TtJ7tQPQRT,"Mellow","Feels Like You","Whirr",2019-10-29,313614,0,false,anthonymoran1000,2023-05-29T07:33:21Z,"shoegaze,slowcore,dream pop","Free Whirl Records",0.235,0.502,3,-10.924,1,0.0413,0.00015,0.749,0.163,0.0386,143.68,4
spotify:track:2qWcQEuAOhXXlbo7wAelms,"How Time Stretches","Feels Like You","Whirr",2019-10-29,216468,0,false,anthonymoran1000,2023-05-29T07:36:07Z,"shoegaze,slowcore,dream pop","Free Whirl Records",0.387,0.727,8,-9.128,1,0.0382,0.0000865,0.829,0.256,0.203,108.042,4
spotify:track:4QVMqGWfMSypoUB8A92jwd,"Rental","Feels Like You","Whirr",2019-10-29,243103,0,false,anthonymoran1000,2023-05-29T07:37:39Z,"shoegaze,slowcore,dream pop","Free Whirl Records",0.258,0.471,8,-12.476,1,0.0351,0.00325,0.872,0.118,0.0392,141.246,4
spotify:track:3a24DYYBzEEsDaFO5TEZi6,"Vividly","Feels Like You","Whirr",2019-10-29,238101,0,false,anthonymoran1000,2023-05-29T07:37:51Z,"shoegaze,slowcore,dream pop","Free Whirl Records",0.431,0.309,9,-15.246,1,0.0283,0.167,0.896,0.151,0.145,140.683,4
spotify:track:7DqUqsxtYuYkZhNpkwxsyT,"Under the Same Name","Feels Like You","Whirr",2019-10-29,279451,0,false,anthonymoran1000,2023-05-29T07:38:08Z,"shoegaze,slowcore,dream pop","Free Whirl Records",0.487,0.44,11,-11.748,1,0.03,0.0113,0.74,0.0958,0.0399,100.031,4
spotify:track:0dcu28YT8cXZH7JTIraszp,"Starting Over","LSD and the Search for God","LSD and the Search for God",2007-01-16,304240,69,false,anthonymoran1000,2023-05-29T07:40:57Z,"shoegaze,dream pop,slowcore","Mind Expansion",0.225,0.511,4,-9.316,1,0.0339,0.506,0.918,0.108,0.117,114.255,4
spotify:track:7EzKrIF3T2XqUZfhnHw5CE,"Endlessly","Guilty of Everything","Nothing",2014-03-03,253664,37,false,anthonymoran1000,2023-05-29T07:48:05Z,"shoegaze,dream pop,slowcore","Relapse Records",0.31,0.838,2,-5.48,1,0.055,0.00000981,0.92,0.127,0.117,145.238,3
spotify:track:0wrUMltYXH5OX82ylmEbD7,"Get Well","Guilty of Everything","Nothing",2014-03-03,272864,32,false,anthonymoran1000,2023-05-29T07:45:52Z,"shoegaze,dream pop,slowcore","Relapse Records",0.176,0.962,10,-5.822,1,0.0628,0.00000196,0.873,0.153,0.155,143.711,4
spotify:track:5mR1Clx2pnR6RNSS0U3wq9,"Hymn to the Pillory","Guilty of Everything","Nothing",2014-03-03,281004,36,false,anthonymoran1000,2023-05-29T07:46:59Z,"shoegaze,dream pop,slowcore","Relapse Records",0.499,0.584,9,-6.803,1,0.0347,0.00307,0.737,0.0961,0.136,120.041,4
spotify:track:2jUvEnpLXGQh94Qoymx4P8,"Dig","Guilty of Everything","Nothing",2014-03-03,242759,35,false,anthonymoran1000,2023-05-29T07:47:03Z,"shoegaze,dream pop,slowcore","Relapse Records",0.304,0.899,2,-2.705,1,0.0588,0.0000101,0.711,0.0294,0.255,144.113,4
spotify:track:1X3RzfQtAcsj3K6QE9l9IO,"Somersault","Guilty of Everything","Nothing",2014-03-03,270565,35,false,anthonymoran1000,2023-05-29T07:48:21Z,"shoegaze,dream pop,slowcore","Relapse Records",0.254,0.771,4,-6.127,0,0.0423,0.000722,0.853,0.328,0.0392,137.947,4
spotify:track:0oxYB9GoOIDrdzniNdKC44,"When the Sun Hits","Souvlaki","Slowdive",1993,285906,79,false,anthonymoran1000,2023-05-29T07:49:27Z,"shoegaze,dream pop,slowcore","Creation Records",0.33,0.532,2,-11.764,1,0.0263,0.00101,0.709,0.101,0.218,93.512,4
spotify:track:3vuG06ETVyqQlxW2wbBVjg,"Relay","[trauma ray]","trauma ray",2018-09-21,202747,54,false,anthonymoran1000,2023-08-19T02:07:15Z,"shoegaze,slowcore","Dreamy Life Records and Music, LLC",0.278,0.886,8,-7.281,1,0.0499,0.00000397,0.875,0.182,0.49,83.153,4
spotify:track:6nWhpAwAu32nFHIwzxMX8t,"Hazel Would - Silver Album Version","Starflyer 59","Starflyer 59",1994-01-01,173693,37,false,anthonymoran1000,2023-05-29T07:51:26Z,"shoegaze,dream pop,slowcore,christian alternative rock","Tooth & Nail (TNN)",0.5,0.755,5,-6.119,1,0.0332,0.0000203,0.346,0.115,0.362,127.506,4
spotify:track:4I6U9gQBQUvZvMLPGldI6e,"Blue Collar Love - Silver Album Version","Starflyer 59","Starflyer 59",1994-01-01,244026,41,false,anthonymoran1000,2023-05-29T07:51:30Z,"shoegaze,dream pop,slowcore,christian alternative rock","Tooth & Nail (TNN)",0.422,0.707,10,-7.821,1,0.0357,0.00459,0.888,0.313,0.266,80.705,4
spotify:track:2uFPQxlA3ccmDzXt24pNZc,"Monterey","Starflyer 59","Starflyer 59",1994-01-01,179906,49,false,anthonymoran1000,2023-05-29T07:51:35Z,"shoegaze,dream pop,slowcore,christian alternative rock","Tooth & Nail (TNN)",0.369,0.667,10,-6.595,1,0.0272,0.00164,0.945,0.353,0.312,74.675,4
spotify:track:1eAbTnS2aTcmEQjJe23Me3,"Sled","Starflyer 59","Starflyer 59",1994-01-01,207400,36,false,anthonymoran1000,2023-05-29T07:51:40Z,"shoegaze,dream pop,slowcore,christian alternative rock","Tooth & Nail (TNN)",0.441,0.77,7,-6.914,1,0.0373,0.0000166,0.849,0.306,0.132,114.578,4
spotify:track:3GnKm1yfm8H2PibSssK8li,"The Zenith","Starflyer 59","Starflyer 59",1994-01-01,336706,42,false,anthonymoran1000,2023-05-29T07:51:44Z,"shoegaze,dream pop,slowcore,christian alternative rock","Tooth & Nail (TNN)",0.297,0.741,0,-8.66,1,0.0369,0.023,0.936,0.083,0.235,102.101,4
spotify:track:3ivkORJmP12B3fxXkDszyY,"Second Space Song","Starflyer 59","Starflyer 59",1994-01-01,200266,40,false,anthonymoran1000,2023-05-29T07:51:49Z,"shoegaze,dream pop,slowcore,christian alternative rock","Tooth & Nail (TNN)",0.357,0.704,7,-8.538,1,0.033,0.000774,0.818,0.13,0.0758,99.477,4
spotify:track:4kNhPwdVBOIaLJFdRbLzpk,"She Only Knows","Starflyer 59","Starflyer 59",1994-01-01,127756,50,false,anthonymoran1000,2023-05-29T07:51:54Z,"shoegaze,dream pop,slowcore,christian alternative rock","Tooth & Nail (TNN)",0.322,0.399,5,-10.169,1,0.0278,0.647,0.856,0.375,0.19,133.336,4
spotify:track:2KP6ly5lF9FE5PeaDPnQFK,"The Dungeon","Starflyer 59","Starflyer 59",1994-01-01,229440,32,false,anthonymoran1000,2023-05-29T07:51:59Z,"shoegaze,dream pop,slowcore,christian alternative rock","Tooth & Nail (TNN)",0.374,0.822,2,-7.266,0,0.0538,0.000095,0.914,0.661,0.194,129.771,4
spotify:track:3vuxeQgFafAYvOghmxqLLK,"Happy Days Are Here Again - Silver Album Version","Starflyer 59","Starflyer 59",1994-01-01,76600,42,false,anthonymoran1000,2023-05-29T07:52:08Z,"shoegaze,dream pop,slowcore,christian alternative rock","Tooth & Nail (TNN)",0.212,0.554,0,-8.352,1,0.0473,0.00325,0.859,0.324,0.625,137.787,4
spotify:track:4I77Olh2kbgF8sVg4yZWfL,"She's The Queen","She's The Queen","Starflyer 59",1994-01-01,204466,24,false,anthonymoran1000,2023-05-29T07:52:50Z,"shoegaze,dream pop,slowcore,christian alternative rock","Tooth & Nail (TNN)",0.239,0.79,2,-7.402,0,0.0426,0.00000732,0.93,0.283,0.261,102.658,4
spotify:track:40ABtf917Ghhi2tkQDNOdn,"Kick The Tragedy","Delaware","Drop Nineteens",1992-01-01,535600,54,false,anthonymoran1000,2023-08-03T00:55:38Z,"shoegaze,dream pop,slowcore","Caroline Records",0.414,0.404,5,-14.677,1,0.0293,0.0000244,0.433,0.121,0.156,102.883,4
spotify:track:2gpkmR9oX3Jk6rDI6KUwHj,"Blank","Into You","Glare",2017-04-29,216089,63,false,anthonymoran1000,2023-08-19T01:56:12Z,"shoegaze","Sunday Drive",0.304,0.682,3,-6.699,0,0.0443,0.0071,0.16,0.152,0.0795,158.006,4
spotify:track:3d9lGlazIwY8f2xBfIIGps,"Avalon","Avalon","Zeruel",2023-06-27,176230,0,false,anthonymoran1000,2023-08-23T01:41:56Z,"shoegaze","14th Angel, LLC / AVAD International",0.333,0.683,7,-4.391,1,0.0481,0.00379,0.936,0.393,0.233,121.805,4
spotify:track:1clK2jFZyVApDvXBrX4h1o,"Writhe","Saturnine","Morosis",2021-10-31,272128,0,false,anthonymoran1000,2023-09-11T03:04:04Z,"shoegaze,slowcore","Morosis",0.45,0.341,6,-8.003,0,0.027,0.0389,0.867,0.114,0.0793,104.109,4
spotify:track:0i5zjtoRR0U2715BEgUsdS,"Ease","Whirr & Nothing (Split Version)","Whirr",2014-11-14,206533,0,false,anthonymoran1000,2023-09-20T02:33:26Z,"shoegaze,slowcore,dream pop","Run For Cover Records",0.28,0.94,4,-5.597,0,0.0535,0.000832,0.781,0.156,0.406,159.188,4
spotify:track:7dd0Hu8HscoFyj8BEnbR0q,"Afterthought","Collider","all under heaven",2021-02-26,199997,38,false,anthonymoran1000,2023-10-04T22:24:19Z,"shoegaze","Sunday Drive",0.189,0.795,8,-7.589,1,0.0436,0.0779,0.329,0.301,0.258,100.08,4
spotify:track:4uSsZUkm8Zqkr4H7Q3ZqgX,"Satellite","Despondent Transponder","Fleeting Joys",2006-01-01,191355,37,false,anthonymoran1000,2023-10-08T00:05:42Z,"shoegaze,dream pop,slowcore","Fleeting Joys",0.331,0.742,3,-6.656,0,0.0334,0.00000214,0.857,0.133,0.549,139.125,4
spotify:track:7gX4xzrWgvUv6MhCFdCe5C,"WMD","WMD / Grind","trauma ray",2019-05-10,269611,46,false,anthonymoran1000,2023-11-26T02:17:59Z,"shoegaze,slowcore","Dreamy Life Records and Music, LLC",0.0996,0.54,8,-8.705,1,0.0405,0.000434,0.897,0.125,0.11,80.19,4
spotify:track:7o028TX4AMYFJ4JMcn5Pvl,"Lovely Crawl","Despondent Transponder","Fleeting Joys",2006-01-01,220194,38,false,anthonymoran1000,2023-10-08T00:12:45Z,"shoegaze,dream pop,slowcore","Fleeting Joys",0.317,0.575,7,-6.21,1,0.0381,0.00000351,0.721,0.133,0.307,130.149,4
spotify:track:2fkILMqjHaXFdX79ozY7Cf,"Muta","Muta / Blue Sugar","Whirr",2023-04-14,260522,0,false,anthonymoran1000,2023-10-08T00:15:52Z,"shoegaze,slowcore,dream pop","Free Whirl Records",0.413,0.742,6,-9.299,1,0.0294,0.000354,0.847,0.0838,0.559,149.957,4
spotify:track:7eNEr2Hidx5smpUCvs6LzC,"Into Me - 2023 Remaster","Into You / Void In Blue","Glare",2023-05-05,124970,38,false,anthonymoran1000,2023-10-08T01:49:24Z,"shoegaze","Sunday Drive",0.377,0.406,8,-9.483,0,0.0306,0.0192,0.523,0.183,0.0508,117.033,4
spotify:track:34hSrnQyJOddv8Ul7wIgQl,"glass","glass","Spill",2025-09-25,218250,17,false,anthonymoran1000,2025-10-21T08:11:50Z,"shoegaze,slowcore","Spill Records",0.52,0.427,1,-5.112,1,0.0283,0.0099,0.895,0.118,0.0388,94.084,4
spotify:track:7wBEx6XF3LZW1YBt6oJ6qx,"Heavenly","Heavenly","Glare",2021-12-10,172436,42,false,anthonymoran1000,2023-10-08T02:37:58Z,"shoegaze","Sunday Drive",0.384,0.556,3,-6.467,1,0.0299,0.000173,0.721,0.14,0.252,91.98,4
spotify:track:0uLEgDj45Ohy8PYqcwW35X,"Flipside","Underneath The Shade","Sleepwalk",2021-04-23,218266,38,false,anthonymoran1000,2023-10-08T02:41:08Z,"shoegaze","SLPWLK",0.277,0.891,4,-7.785,1,0.045,0.00000628,0.689,0.0937,0.297,96.463,4
spotify:track:3zRAgsGmuuLl7gMPssLxyj,"Do Not Enter - 2023 Remaster","Into You / Void In Blue","Glare",2023-05-05,164650,29,false,anthonymoran1000,2023-10-10T02:39:48Z,"shoegaze","Sunday Drive",0.467,0.508,3,-9.044,0,0.0346,0.0623,0.779,0.0807,0.165,121.984,4
spotify:track:1nGvgYmiPALL0QvgjTiGKZ,"Void In Blue - 2023 Remaster","Into You / Void In Blue","Glare",2023-05-05,281968,46,false,anthonymoran1000,2023-10-10T02:42:22Z,"shoegaze","Sunday Drive",0.0911,0.446,8,-9.665,0,0.0319,0.00219,0.42,0.111,0.0417,78.946,4
spotify:track:3or0KxkxTuUBMyH46BnxyH,"Slowing Down","Slowing Down","Scarlet House",2022-12-16,115200,0,false,anthonymoran1000,2023-10-10T02:46:40Z,"shoegaze","reside",0.415,0.84,2,-11.246,1,0.0339,0.00224,0.932,0.14,0.282,149.993,4
spotify:track:0dtfFgy5GYr9dUaDODTAmX,"Bloom","Heavenly","Glare",2021-12-10,139663,37,false,anthonymoran1000,2023-10-10T04:47:07Z,"shoegaze","Sunday Drive",0.161,0.545,3,-7.359,1,0.0337,0.00269,0.825,0.205,0.0401,168.796,3
spotify:track:6wCBMQqxFiudrvka0xbRNv,"Ghastly","Heavenly","Glare",2021-12-10,146218,44,false,anthonymoran1000,2023-10-10T05:20:16Z,"shoegaze","Sunday Drive",0.363,0.521,5,-7.042,0,0.0317,0.000025,0.962,0.33,0.132,79.052,4
spotify:track:37SnMHwWU7F9isLYZB3taJ,"Press","Sway","Whirr",2012-09-23,211319,0,false,anthonymoran1000,2023-10-10T05:21:45Z,"shoegaze,slowcore,dream pop","Graveface Records & Curiosities",0.266,0.962,0,-4.735,1,0.0569,0.0000146,0.564,0.0677,0.0804,88.337,4
spotify:track:3bEq6ig5QphDic6RPVA8h4,"Mumble","Sway","Whirr",2012-09-23,154920,0,false,anthonymoran1000,2023-10-10T05:26:53Z,"shoegaze,slowcore,dream pop","Graveface Records & Curiosities",0.2,0.906,1,-4.307,0,0.0373,0.000081,0.831,0.257,0.365,152.275,4
spotify:track:0xzNZTfOPLQCwD1J0xqPzT,"Dry","Sway","Whirr",2012-09-23,301225,0,false,anthonymoran1000,2023-10-10T05:28:03Z,"shoegaze,slowcore,dream pop","Graveface Records & Curiosities",0.201,0.754,9,-6.179,0,0.0411,0.00248,0.607,0.315,0.0579,84.989,4
spotify:track:3mXnXirFKdyMLJvl9VVMwX,"Heavy","Sway","Whirr",2012-09-23,254452,0,false,anthonymoran1000,2023-10-10T05:42:22Z,"shoegaze,slowcore,dream pop","Graveface Records & Curiosities",0.29,0.934,3,-4.504,1,0.034,0.000259,0.704,0.222,0.455,81.425,4
spotify:track:1sR4LP5nr31QcPbxiIt1Y9,"Sway","Sway","Whirr",2012-09-23,398649,0,false,anthonymoran1000,2023-10-10T05:53:59Z,"shoegaze,slowcore,dream pop","Graveface Records & Curiosities",0.383,0.351,11,-9.382,0,0.0304,0.0938,0.922,0.17,0.0588,101.543,4
spotify:track:7MjOlVVH8Iq3gKePFDaBQ5,"Lines","Sway","Whirr",2012-09-23,264848,0,false,anthonymoran1000,2023-10-10T05:59:32Z,"shoegaze,slowcore,dream pop","Graveface Records & Curiosities",0.336,0.814,4,-5.063,1,0.0388,0.000235,0.908,0.114,0.119,86.201,4
spotify:track:4VZJKcEMdQNeAkpjddoWoG,"Feel","Sway","Whirr",2012-09-23,204137,0,false,anthonymoran1000,2023-10-10T06:04:52Z,"shoegaze,slowcore,dream pop","Graveface Records & Curiosities",0.25,0.622,1,-4.685,1,0.0427,0.0000269,0.912,0.086,0.134,123.503,4
spotify:track:3xPfZ9MadDGURrSmnrUjXx,"Path","Elysian","Midrift",2023-06-28,158641,0,false,anthonymoran1000,2023-10-24T01:51:55Z,"shoegaze","Midrift",0.161,0.457,3,-7.798,1,0.0318,0.346,0.804,0.177,0.107,86.873,3
spotify:track:6t6Lg0Rmj9DxV1eTiOGPny,"Burden","Elysian","Midrift",2023-06-28,132963,0,false,anthonymoran1000,2023-10-24T01:54:11Z,"shoegaze","Midrift",0.45,0.698,4,-6.814,1,0.0319,0.0824,0.946,0.676,0.193,130.003,4
spotify:track:1pWF6hYBQdtPAqcMIi0gqv,"Change For","Elysian","Midrift",2023-06-28,144039,0,false,anthonymoran1000,2023-10-24T22:26:55Z,"shoegaze","Midrift",0.137,0.568,6,-5.874,0,0.039,0.14,0.55,0.824,0.302,159.201,4
spotify:track:44UMsM0sexXBPO5GouK8IF,"Cement Shoes","Collider","all under heaven",2021-02-26,171345,42,false,anthonymoran1000,2023-11-02T21:28:06Z,"shoegaze","Sunday Drive",0.354,0.626,5,-8.312,0,0.0305,0.107,0.756,0.141,0.41,154.304,4
spotify:track:0wZj8uoPCbK96GIcuMtiGu,"Blue Sugar","Muta / Blue Sugar","Whirr",2023-04-14,288682,0,false,anthonymoran1000,2023-11-04T09:36:55Z,"shoegaze,slowcore,dream pop","Free Whirl Records",0.268,0.304,3,-14.036,1,0.0301,0.697,0.5,0.108,0.103,77.414,4
spotify:track:6jEqBrapfygeEbxdVqMlvl,"Alley Cat","Don't Suffer Alone / Alley Cat","all under heaven",2022-05-27,142857,50,false,anthonymoran1000,2023-11-04T09:44:33Z,"shoegaze","Sunday Drive",0.408,0.888,8,-6.74,0,0.0397,0.000089,0.805,0.432,0.524,112.238,5
spotify:track:4mNLacFVnCM6oZpX5zW5i2,"Glare","Glare","Harsh Intention",2023-02-20,196370,38,false,anthonymoran1000,2023-11-04T09:49:55Z,"shoegaze","Harsh intention",0.394,0.405,9,-12.206,1,0.027,0.0133,0.953,0.105,0.126,142.923,4
spotify:track:1ENjSTAGfgBUyVZuSl4zIY,"I'd stay forever","I'd stay forever","whither",2023-07-11,271058,0,false,anthonymoran1000,2023-11-04T12:54:25Z,"shoegaze","efflorescence",0.326,0.645,9,-8.148,1,0.0333,0.000159,0.806,0.308,0.0975,170.081,4
spotify:track:5qiTpCGHLFnpUzBk55CPgX,"Locket","Locket / Aphrodisiac","Junebug",2023-01-10,234678,25,false,anthonymoran1000,2023-11-04T13:07:47Z,"shoegaze","4686372 Records DK",0.368,0.774,1,-7.277,1,0.0331,0.000166,0.812,0.675,0.134,129.603,4
spotify:track:4FkQp96ud503gquiM2Ur9l,"gave you my all","gave you my all","juggler",2023-03-22,193907,41,false,anthonymoran1000,2023-11-04T13:22:29Z,"shoegaze","juggler",0.453,0.66,7,-10.619,1,0.0347,0.0000055,0.898,0.0927,0.295,75.504,4
spotify:track:38pgm3S0t7KI4N4K3z11e6,"so hard to quit you","so hard to quit you","juggler",2023-10-13,214861,49,false,anthonymoran1000,2023-11-04T13:27:41Z,"shoegaze","juggler",0.375,0.726,7,-8.717,1,0.0377,0.000235,0.542,0.134,0.282,141.884,4
spotify:track:4DFfhrxIcDmdGco2uj1qSW,"Shut My Eyes","Blaze Down His Way Like the Space Show","Burrrn",2011-03-30,290293,35,false,anthonymoran1000,2023-11-11T08:07:27Z,"shoegaze,dream pop,slowcore","rrrrecords",0.105,0.923,4,-5.536,1,0.081,0.00242,0.944,0.0706,0.129,180.042,4
spotify:track:41pG2ePMU39tqpY5cVoYCu,"douglasland.v1","douglasland.v1","Her New Knife",2023-02-25,278000,0,false,anthonymoran1000,2023-11-11T08:14:29Z,"shoegaze,slowcore","Julia's War",0.232,0.484,4,-9.958,0,0.0462,0.0000157,0.93,0.113,0.187,117.07,4
spotify:track:71yFv4WCJWoWlVHLw3dkj9,"Let Me Down","Sprawl","Bedlocked",2018-10-29,143562,25,false,anthonymoran1000,2023-11-11T08:19:09Z,"shoegaze,slowcore","Bedlocked",0.439,0.367,4,-13.473,1,0.0307,0.637,0.759,0.111,0.224,124.558,4
spotify:track:66TIegJdKMYXuYSxaPIR4A,"daze","daze","cherry pick",2023-06-01,181333,37,false,anthonymoran1000,2023-11-11T08:22:06Z,"shoegaze","insert label name here",0.441,0.755,7,-6.357,1,0.0422,0.179,0.00329,0.112,0.308,134.967,4
spotify:track:6fVQapMAEkdvgwfwit7vyn,"Aphrodisiac","Locket / Aphrodisiac","Junebug",2023-01-10,151905,21,false,anthonymoran1000,2023-11-11T08:42:51Z,"shoegaze","4686372 Records DK",0.592,0.632,3,-8.46,0,0.0278,0.00166,0.695,0.132,0.492,93.575,4
spotify:track:6rGcdYVAveHDSs46yqWGMe,"Constant Blue State","Mascara","Mascara",2019-06-17,250684,28,false,anthonymoran1000,2023-11-11T08:50:04Z,"shoegaze","Diskrete Music",0.348,0.76,1,-6.854,1,0.0435,0.0000678,0.922,0.289,0.434,125.016,4
spotify:track:0Fo956X7rMRG7muFTMDeTV,"Drown","Reflections","Blossom",2022-05-27,224958,36,false,anthonymoran1000,2023-11-11T08:59:27Z,"shoegaze","Blossom",0.362,0.725,2,-8.759,1,0.0415,0.00776,0.799,0.169,0.039,80.05,4
spotify:track:43U7HI83dsrYiS7AMDwkqC,"unrequited","unrequited","Midrift",2023-05-05,130142,0,false,anthonymoran1000,2023-11-19T12:30:18Z,"shoegaze","Midrift",0.328,0.813,5,-7.99,1,0.0753,0.0846,0.388,0.595,0.257,154.995,4
spotify:track:6jZkAdWzcsvhDysAb7oS34,"Sleep","Breathe","Eternal",2013-02-12,215706,0,false,anthonymoran1000,2023-11-19T13:09:49Z,"shoegaze,dream pop,slowcore","Graveface Records",0.284,0.585,11,-9.806,0,0.0281,0.000064,0.898,0.063,0.326,94.457,4
spotify:track:1PXdzegCwgD1YYaOzLLyj1,"Je ne sais Quoi","mühl","boycomma",2023-03-08,197600,53,false,anthonymoran1000,2023-11-19T13:12:44Z,"midwest emo,shoegaze","boy,",0.324,0.715,1,-8.438,0,0.036,0.000465,0.164,0.115,0.311,174.03,4
spotify:track:0dQV4vdauTQMbBLgC86EM2,"Dozen","Eyedazzler","Alison's Halo",1998-06-29,312537,0,false,anthonymoran1000,2023-11-23T05:52:49Z,"shoegaze,dream pop,slowcore","Manufactured Recordings",0.346,0.653,9,-9.257,0,0.0347,0.116,0.19,0.163,0.308,92.673,4
spotify:track:4qyJE4D584f7qJCRSy7HOE,"40 Days","Souvlaki","Slowdive",1993,194120,63,false,anthonymoran1000,2023-11-24T23:11:08Z,"shoegaze,dream pop,slowcore","Creation Records",0.172,0.745,4,-10.562,0,0.0374,0.0987,0.0073,0.235,0.491,184.934,4
spotify:track:449LuMpoIOhxnW2B246Aau,"Head in the Ceiling Fan","Floral Green","Title Fight",2012-09-18,239546,37,false,anthonymoran1000,2023-11-26T02:36:30Z,"midwest emo,shoegaze,post-hardcore,melodic hardcore,emo","SideOneDummy Records",0.276,0.456,4,-7.369,1,0.0427,0.0679,0.306,0.133,0.0779,120.876,4
spotify:track:46FwqZts74DdH7mWvG1SpG,"Necrosis","Satisfaction","Narrow Head",2020-08-14,224013,46,false,anthonymoran1000,2023-11-28T19:15:21Z,"shoegaze,post-grunge","Narrow Head",0.245,0.96,1,-4.602,1,0.0982,0.00000156,0.921,0.38,0.289,143.93,4
spotify:track:6K6yo0aOwaF14diZao4s4z,"On & Off","From the Leaves of Your Garden","Modern Color",2020-07-10,180024,51,false,anthonymoran1000,2023-11-28T19:43:02Z,"shoegaze,midwest emo","Other People Records",0.536,0.891,10,-4.954,0,0.0476,0.0273,0.0000345,0.08,0.583,133.012,4
spotify:track:5imSIRUGtX4aeRRA81UakE,"Murder Your Memory","Hyperview","Title Fight",2015-02-03,156720,0,false,anthonymoran1000,2023-12-01T21:04:45Z,"midwest emo,shoegaze,post-hardcore,melodic hardcore,emo","Anti/Epitaph",0.544,0.415,4,-11.612,1,0.0343,0.842,0.858,0.0915,0.0662,160.036,4
spotify:track:4rbKtilX985FyoAnHrzCdH,"Breather","Whirlpool (Expanded Edition)","Chapterhouse",1990,261626,35,false,anthonymoran1000,2023-12-14T21:00:48Z,"shoegaze,dream pop,madchester,slowcore","Sony Music UK",0.267,0.94,9,-7.052,1,0.0629,0.000126,0.161,0.358,0.21,155.581,4
spotify:track:5BA2jiLqVZ0HYa4AhXJwAy,"Autosleeper","Whirlpool (Expanded Edition)","Chapterhouse",1990,290400,27,false,anthonymoran1000,2023-12-15T01:47:04Z,"shoegaze,dream pop,madchester,slowcore","Sony Music UK",0.0745,0.676,2,-7.723,1,0.0538,0.000784,0.000466,0.323,0.39,174.969,4
spotify:track:3raJ2h75YmkZIBoKcRXqdx,"Inside of Me","Whirlpool (Expanded Edition)","Chapterhouse",1990,283306,22,false,anthonymoran1000,2023-12-15T02:19:49Z,"shoegaze,dream pop,madchester,slowcore","Sony Music UK",0.116,0.927,9,-7.918,1,0.0607,0.0402,0.628,0.0688,0.482,84.011,4
spotify:track:1QXNTQvoxfGelGb4SZSWly,"jadakiss","gestures been","They Are Gutting a Body of Water",2018-04-27,213171,43,false,anthonymoran1000,2023-12-17T06:27:36Z,"shoegaze,slowcore,noise rock","They Are Gutting a Body of Water",0.309,0.964,7,-8.085,1,0.0565,0.00000129,0.867,0.342,0.381,129.063,4
spotify:track:1LFeDBh2XrZkMsaqj8Wvic,"(I Don't Think That We Should) Take It Slow","Heaven Is a Place","LSD and the Search for God",2016-01-15,203651,47,false,anthonymoran1000,2023-12-17T06:36:03Z,"shoegaze,dream pop,slowcore","Mind Expansion/Deep Space Recordings",0.319,0.763,1,-8.831,0,0.0498,0.187,0.95,0.0782,0.236,128.798,4
spotify:track:06WHKWWKPDqkWA5yHCCRUs,"The Same Place","In Streams","Centaur",2002,455000,43,false,anthonymoran1000,2023-12-17T08:08:36Z,"shoegaze,space rock","Earth Analog Records",0.375,0.721,8,-9.487,1,0.0359,0.000751,0.9,0.12,0.12,147.932,4
spotify:track:33HRECrmuelZxOpid6XTNX,"Alison","Souvlaki","Slowdive",1993,230986,66,false,anthonymoran1000,2023-12-18T23:51:37Z,"shoegaze,dream pop,slowcore","Creation Records",0.276,0.449,4,-11.428,1,0.0375,0.00782,0.783,0.108,0.278,101.687,4
spotify:track:7jwrD6hztk7GpeLZ8hPdg1,"Illuminate","Illuminate","Fake Eyes",2019-05-04,304094,27,false,anthonymoran1000,2023-12-20T06:47:04Z,"shoegaze","New Morality Zine",0.515,0.743,11,-6.105,0,0.0321,0.0000243,0.822,0.165,0.263,97.97,4
spotify:track:0lVMMCCcdkB4quvN2ZTyVx,"Mouth","lead dreams/flayed so light","Her New Knife",2023-03-17,248937,0,true,anthonymoran1000,2023-12-20T07:38:34Z,"shoegaze,slowcore","Julia's War",0.171,0.469,3,-9.001,0,0.0467,0.0000101,0.455,0.231,0.325,47.058,4
spotify:track:5AfCpOMJbsw7ZHPVbugFgm,"Star Thistle Blossom","Our First Four Songs + Wish Goes On","MILLY",2022-02-18,246114,1,false,anthonymoran1000,2023-12-20T08:09:39Z,"shoegaze,slowcore","Dangerbird Records",0.496,0.865,1,-5.054,1,0.0346,0.00177,0.0673,0.173,0.485,146.007,4
spotify:track:4EiJxv3bJPafSWnjKB25GA,"Distractions","Distractions","Spotter",2020-07-10,216192,0,true,anthonymoran1000,2023-12-20T08:15:10Z,"shoegaze,slowcore","spotter",0.397,0.577,4,-7.308,0,0.0345,0.00279,0.782,0.126,0.145,120.081,4
spotify:track:2iSwDr3uBmoDCvkpwSqcZf,"Without You","Heaven Is a Place","LSD and the Search for God",2016-01-15,454927,42,false,anthonymoran1000,2023-12-20T08:19:00Z,"shoegaze,dream pop,slowcore","Mind Expansion/Deep Space Recordings",0.191,0.688,0,-9.023,1,0.0351,0.398,0.145,0.0957,0.106,148.491,4
spotify:track:6htksqKkgg7RGU956z700M,"a wasp appears","Destiny XL","They Are Gutting a Body of Water",2019-10-17,129625,37,false,anthonymoran1000,2023-12-20T21:19:26Z,"shoegaze,slowcore,noise rock","They Are Gutting a Body of Water",0.302,0.871,7,-6.541,1,0.0615,0.00000216,0.814,0.413,0.682,114.62,4
spotify:track:1TJjgZ1iQOErt8CRKdVtaf,"Dizzy","Hyperview","Title Fight",2015-02-03,261466,0,false,anthonymoran1000,2023-12-20T21:25:45Z,"midwest emo,shoegaze,post-hardcore,melodic hardcore,emo","Anti/Epitaph",0.549,0.762,7,-8.958,0,0.051,0.0247,0.882,0.405,0.121,108.026,4
spotify:track:6Glr1Wc0TZ5Ta1BCbrvaHG,"Stay","Satisfaction","Narrow Head",2020-08-14,238464,48,false,anthonymoran1000,2023-12-20T21:31:31Z,"shoegaze,post-grunge","Narrow Head",0.287,0.819,7,-5.379,1,0.0681,0.00000673,0.598,0.0869,0.26,133.886,4
spotify:track:3BQKIfwTY91kwbVlFnzTYy,"down","fawn","fawn",2022-10-21,232100,26,false,anthonymoran1000,2023-12-20T21:50:03Z,"shoegaze,slowcore","fawn",0.165,0.715,4,-7.898,1,0.0716,0.0000592,0.896,0.649,0.263,127.314,5
spotify:track:3MmRfG64qt04Efx9gK9Ec8,"Dagger","Souvlaki","Slowdive",1993,218253,72,false,anthonymoran1000,2023-12-21T04:00:31Z,"shoegaze,dream pop,slowcore","Creation Records",0.506,0.212,8,-21.046,0,0.0325,0.625,0.918,0.117,0.265,146.355,4
spotify:track:7Bv26qd7JX525wGCmhrPtj,"Desire Lines","Split","Lush",1994-06-13,459173,48,false,anthonymoran1000,2023-12-22T23:35:38Z,"shoegaze,dream pop,britpop,slowcore","4AD",0.376,0.663,9,-5.451,0,0.0325,0.000167,0.00479,0.075,0.0725,121.049,4
spotify:track:31J5ORmfqJzr7B7vPmayhn,"20 seconds : 20 hours","Old Data in a New Machine, Vol. 1","Vein.fm",2020-07-28,158069,40,false,anthonymoran1000,2023-12-23T00:01:23Z,"mathcore,hardcore,metalcore","Closed Casket Activities",0.577,0.716,3,-7.886,0,0.0519,0.0068,0.0217,0.235,0.313,75.943,4
spotify:track:5aKY1yNAUeIB3jDxmrGuZe,"Around the Sun","Encounters","Life On Venus",2017-08-04,150000,34,false,anthonymoran1000,2023-12-27T11:26:52Z,"shoegaze,dream pop,slowcore","Стереопарк",0.267,0.835,2,-7.309,1,0.0466,0.00000287,0.848,0.119,0.333,163.996,4
spotify:track:3HG62ZcVZwy9qh0lbEWwh7,"Still","View No Country","Kraus",2021-10-22,127996,36,false,anthonymoran1000,2023-12-27T11:29:30Z,"shoegaze,slowcore,dream pop,noise rock","Terrible Records",0.314,0.9,8,-5.474,1,0.0628,0.00000103,0.94,0.283,0.313,135.114,4
spotify:track:1Jtvtr0GKCNbjRQZTA0oTT,"Träumerei","Transmissions","trauma ray",2022-05-06,354344,41,false,anthonymoran1000,2023-12-31T01:30:19Z,"shoegaze,slowcore","trauma ray",0.204,0.795,4,-6.584,1,0.0563,0.00225,0.73,0.0725,0.373,131.242,4
spotify:track:5qGeC7v1A3Y5PnAxuEJinF,"Insure Me, Procure Me","Flooding","Flooding",2021-08-29,241022,42,false,anthonymoran1000,2023-12-31T01:42:04Z,"slowcore,shoegaze","Community Gym",0.446,0.359,0,-12.43,1,0.0294,0.282,0.877,0.185,0.165,149.981,4
spotify:track:0SbbyD0dmMVviBylN0Lx95,"Loose Ends","Sulk","Sulk",2020-09-02,154363,22,false,anthonymoran1000,2023-12-31T01:59:03Z,"shoegaze,slowcore","2368876 Records DK",0.172,0.598,10,-7.182,1,0.0435,0.0000263,0.893,0.127,0.184,119.88,4
spotify:track:7cofNgUgBB94zRNXINrpTm,"Joan du Arc","Close To Comfort","seventh cloud",2023-06-05,220864,16,false,anthonymoran1000,2024-01-02T23:31:10Z,"shoegaze,slowcore","4616650 Records DK",0.36,0.598,6,-6.706,0,0.0392,0.264,0.82,0.0991,0.209,115.859,4
spotify:track:7dOJBPSfeHtaMVRVVhprxS,"Fawning","Fawning","Vixsin",2025-11-07,294320,20,false,anthonymoran1000,2025-11-09T00:00:25Z,"shoegaze,dream pop","pixie pain records",0.295,0.748,4,-8.65,0,0.0451,0.000239,0.744,0.209,0.139,168.044,4
spotify:track:5sDFL3yXvoqMCz41Bv8bBo,"Calendar","Eyedazzler","Alison's Halo",1998-06-29,348247,0,false,anthonymoran1000,2024-01-06T21:34:42Z,"shoegaze,dream pop,slowcore","Manufactured Recordings",0.104,0.702,0,-8.944,1,0.044,0.0579,0.879,0.136,0.237,170.866,4
spotify:track:0KD9gS1i8cxDQ50xcdMJd5,"Overdrive","Plant Franklin","Deadharrie",2021-06-24,233436,33,true,anthonymoran1000,2024-01-09T06:21:59Z,"slowcore,shoegaze,lo-fi indie","Allicin Records",0.241,0.443,4,-10.3,0,0.0282,0.829,0.855,0.102,0.0587,84.223,4
spotify:track:3sOOeIowEonqMffGxcAKzd,"Demonstrations","A Drip Is All We Know","Fake Eyes",2020-07-22,391592,0,false,anthonymoran1000,2024-01-09T06:35:14Z,"shoegaze","New Morality Zine",0.404,0.708,8,-6.79,1,0.0418,0.000071,0.684,0.232,0.192,133.004,3
spotify:track:5cTWjmahOp7R6KGy7cAhmM,"Look Around","More","Blankenberge",2019-04-10,257533,25,false,anthonymoran1000,2024-01-10T03:10:40Z,"shoegaze,dream pop,slowcore","Blankenberge",0.36,0.799,2,-5.905,1,0.0443,0.00157,0.85,0.147,0.143,85.031,4
spotify:track:330w7iBKrHxlJwx3WMdHVr,"Empty Words","Beat","Bowery Electric",1996-11-12,225773,49,false,anthonymoran1000,2024-01-11T20:37:31Z,"trip hop,shoegaze,slowcore,downtempo,drone,post-rock,dream pop","kranky",0.319,0.42,4,-18.041,1,0.0311,0.0814,0.454,0.171,0.196,151.972,4
spotify:track:3mTRaKibFteY37p6gv8gXt,"H.D.C.","Elude","Grivo",2018-11-09,366820,37,false,anthonymoran1000,2024-01-12T00:23:09Z,"shoegaze,slowcore,dream pop","HOLODECK Records",0.378,0.675,2,-8.981,1,0.0327,0.00000899,0.826,0.0686,0.159,146.098,4
spotify:track:7wUiPmA8VAAw0Vj1UBsEmW,"Render","Elude","Grivo",2018-11-09,413674,25,false,anthonymoran1000,2024-01-12T00:25:40Z,"shoegaze,slowcore,dream pop","HOLODECK Records",0.346,0.653,2,-8.817,1,0.0338,0.0000046,0.811,0.127,0.414,145.972,4
spotify:track:4snkqZT7XxtKR8pt8yt6Ee,"Where the Light Takes Us","Modern Escapism","Blanket",2021-10-08,230878,46,false,anthonymoran1000,2024-01-12T00:26:13Z,"shoegaze,alternative metal","Music For Nations",0.499,0.904,0,-4.377,1,0.0685,0.00017,0.884,0.0857,0.177,135.03,4
spotify:track:0TBoKSwWOtYB4C9mJT7ltR,"Burnout","Elude","Grivo",2018-11-09,354734,30,false,anthonymoran1000,2024-01-12T00:31:23Z,"shoegaze,slowcore,dream pop","HOLODECK Records",0.348,0.604,0,-9.725,1,0.0319,0.000117,0.832,0.0975,0.236,80.007,4
spotify:track:3JP07n971cicxJ2xCJhiqB,"Opia","Elude","Grivo",2018-11-09,363680,25,false,anthonymoran1000,2024-01-12T02:06:29Z,"shoegaze,slowcore,dream pop","HOLODECK Records",0.445,0.579,2,-8.636,1,0.0319,0.0000247,0.666,0.173,0.202,142.047,4
spotify:track:2syj1hHplK1hlpgwRrvdEQ,"Cave","Elude","Grivo",2018-11-09,317146,31,false,anthonymoran1000,2024-01-12T02:11:51Z,"shoegaze,slowcore,dream pop","HOLODECK Records",0.391,0.658,2,-9.223,0,0.0321,0.00000559,0.704,0.108,0.366,148.094,4
spotify:track:5cUtjnZJSyMkauiIr8iOPh,"Room","Elude","Grivo",2018-11-09,450987,21,false,anthonymoran1000,2024-01-12T03:41:03Z,"shoegaze,slowcore,dream pop","HOLODECK Records",0.248,0.502,7,-10.281,1,0.0402,0.0000175,0.696,0.101,0.0899,163.923,4
spotify:track:6hcmMf722qybIx8OoyXvQd,"Show You My Pain","Split","all under heaven",2022-11-25,231666,42,false,anthonymoran1000,2024-01-12T04:11:21Z,"shoegaze","Sunday Drive",0.439,0.96,3,-6.465,1,0.0558,0.0000316,0.648,0.162,0.293,143.992,4
spotify:track:6cPJ1GWIMB1E9C9Hemqb6o,"Don't Suffer Alone","Don't Suffer Alone / Alley Cat","all under heaven",2022-05-27,216338,45,false,anthonymoran1000,2024-01-12T04:26:04Z,"shoegaze","Sunday Drive",0.364,0.944,11,-6.104,1,0.0536,0.00000401,0.498,0.437,0.357,141.985,4
spotify:track:5biW5vf2Hr3hUD2LOvdjQq,"Blend","[trauma ray]","trauma ray",2018-09-21,266000,48,false,anthonymoran1000,2024-01-12T05:19:42Z,"shoegaze,slowcore","Dreamy Life Records and Music, LLC",0.144,0.938,5,-7.71,0,0.0929,0.0000672,0.709,0.116,0.185,96.166,4
spotify:track:00YCRrySf0dJ6nRCKYSAkA,"Pancake","Blonder Tongue Audio Baton","Swirlies",1993,195613,43,false,anthonymoran1000,2024-01-12T17:27:55Z,"shoegaze,dream pop,noise rock,slowcore","Taang! Records",0.173,0.811,6,-11.903,1,0.0809,0.000111,0.153,0.403,0.205,120.177,4
spotify:track:31vkdmQIbPjKoAAakt8gVz,"Craving","Splatter","Sleepwalk",2018-11-28,155115,42,false,anthonymoran1000,2024-01-12T17:33:08Z,"shoegaze","SLPWLK",0.235,0.952,0,-8.308,1,0.0871,0.00000376,0.937,0.718,0.26,89.409,4
spotify:track:03n2zDv0TXbH2q9XpzYpqY,"Your Pain Is Mine Now","Hyperview","Title Fight",2015-02-03,243786,0,false,anthonymoran1000,2024-01-19T20:52:16Z,"midwest emo,shoegaze,post-hardcore,melodic hardcore,emo","Anti/Epitaph",0.529,0.561,11,-5.577,0,0.034,0.139,0.0195,0.0932,0.139,119.998,4
spotify:track:6IaJhOikjh7eoxIVr5KcCc,"Chlorine","Hyperview","Title Fight",2015-02-03,188306,0,false,anthonymoran1000,2024-01-19T20:55:31Z,"midwest emo,shoegaze,post-hardcore,melodic hardcore,emo","Anti/Epitaph",0.367,0.941,7,-3.869,1,0.0601,0.0000374,0.531,0.369,0.158,136.957,4
spotify:track:1dwC0I32wb53mXCECR4ZY7,"Zero Day","Dance on the Blacktop","Nothing",2018-08-24,237133,37,false,anthonymoran1000,2024-01-19T21:04:17Z,"shoegaze,dream pop,slowcore","Relapse Records",0.316,0.709,7,-4.214,0,0.0553,0.0131,0.847,0.0932,0.129,77.466,4
spotify:track:4syzzi19vlAQOFDtipYyRL,"Blue Line Baby","Dance on the Blacktop","Nothing",2018-08-24,270853,45,false,anthonymoran1000,2024-01-19T21:09:14Z,"shoegaze,dream pop,slowcore","Relapse Records",0.248,0.687,2,-6.233,1,0.0393,0.00224,0.85,0.0639,0.17,164.622,4
spotify:track:2K4MJk3z1GgNKIElhcwT44,"Plastic Migraine","Dance on the Blacktop","Nothing",2018-08-24,284000,28,false,anthonymoran1000,2024-01-19T21:23:46Z,"shoegaze,dream pop,slowcore","Relapse Records",0.326,0.672,2,-5.85,1,0.0412,0.0519,0.472,0.108,0.16,120.646,3
spotify:track:12v6blwysPzpK8DsOSB0z9,"Us/We/are","Dance on the Blacktop","Nothing",2018-08-24,214613,28,false,anthonymoran1000,2024-01-19T21:27:53Z,"shoegaze,dream pop,slowcore","Relapse Records",0.445,0.649,4,-6.305,1,0.0333,0.0026,0.0106,0.0705,0.265,90.273,4
spotify:track:33jIvwc8v2HVVtmmzG97hQ,"The Carpenter's Son","Dance on the Blacktop","Nothing",2018-08-24,465560,24,false,anthonymoran1000,2024-01-19T21:42:32Z,"shoegaze,dream pop,slowcore","Relapse Records",0.491,0.532,3,-9.632,1,0.0261,0.474,0.827,0.103,0.13,105.485,4
spotify:track:0qbYUVPkUVhfkfuIQHMJuw,"Chime","Eyedazzler","Alison's Halo",1998-06-29,303044,0,false,anthonymoran1000,2024-01-19T21:50:04Z,"shoegaze,dream pop,slowcore","Manufactured Recordings",0.311,0.508,7,-7.654,1,0.032,0.035,0.888,0.114,0.209,136.932,4
spotify:track:7g8StjgpofRkuMJktv1LoK,"Hide","Hide","Hubble",2020-12-16,218270,20,false,anthonymoran1000,2024-01-21T05:05:46Z,"shoegaze,slowcore","Unsigned",0.315,0.848,11,-6.061,1,0.0408,0.000143,0.782,0.13,0.268,81.087,4
spotify:track:0wXRLlgkya1Rl9r7FXIJF0,"For My Star","Swirl","Here",1993-06-17,332800,18,false,anthonymoran1000,2024-01-21T05:20:00Z,"shoegaze,dream pop,slowcore","Indies Scope",0.0985,0.458,2,-13.102,1,0.0368,0.346,0.977,0.118,0.244,171.142,4
spotify:track:6FKUiXXXcEexJUxRqsRsaM,"spin","return","Blue Smiley",2017-09-27,140801,35,false,anthonymoran1000,2024-01-22T22:33:57Z,"shoegaze,slowcore","Blue Smiley",0.356,0.817,9,-10.124,1,0.0521,0.00141,0.976,0.605,0.786,94.049,4
spotify:track:35abwQmAZvwCPBPzuXWob1,"Moments of Clarity","Moments of Clarity","Narrow Head",2023-02-10,230935,42,false,anthonymoran1000,2024-01-27T06:13:37Z,"shoegaze,post-grunge","Run For Cover Records",0.196,0.904,8,-5.925,1,0.0782,0.0109,0.765,0.145,0.253,179.975,4
spotify:track:4FTqaJcNWaBgh8nkanYNy9,"french","Destiny XL","They Are Gutting a Body of Water",2019-10-17,163813,0,false,anthonymoran1000,2024-01-27T06:24:52Z,"shoegaze,slowcore,noise rock","Bee Side Cassettes",0.159,0.665,7,-4.893,1,0.0496,0.000125,0.906,0.173,0.221,137.027,4
spotify:track:11HCS8E6veZP3Mkf3f5Kal,"Warmth of You","Below the House","Planning For Burial",2017-03-10,213426,44,false,anthonymoran1000,2024-01-27T06:43:26Z,"drone metal,slowcore,shoegaze,post-rock,drone","The Flenser",0.447,0.711,9,-6.514,1,0.0288,0.0000225,0.788,0.113,0.162,105.27,4
spotify:track:68cXRrO8ttbroA4INDkYIA,"Your Imagination","Turning Into Small","All Natural Lemon & Lime Flavors",1998,466547,0,false,anthonymoran1000,2024-01-31T02:06:58Z,"shoegaze,dream pop,slowcore","Gern Blandsten",0.35,0.919,4,-6.017,1,0.137,0.0359,0.626,0.237,0.132,156.017,4
spotify:track:4mJz9boLlkYuZFue3Kn6gs,"Missing You","Missing You","Luster",2024-01-30,270562,29,false,anthonymoran1000,2024-02-02T06:11:30Z,"shoegaze,slowcore,dream pop","Funeral Party",0.518,0.887,11,-5.255,1,0.0712,0.00216,0.525,0.163,0.487,160.003,4
spotify:track:1dct1JIxbMs08MrImLGuv1,"Over Again","Turbulence","Luster",2020-01-17,178253,24,true,anthonymoran1000,2024-02-02T23:16:30Z,"shoegaze,slowcore,dream pop","Atwater Records/Lust Records",0.346,0.958,6,-5.087,0,0.0618,0.00000943,0.794,0.435,0.108,139.943,4
spotify:track:34ZyVktRMV0DxsaV6XfgNc,"No One To Hold You","Dopamine Loop","Luster",2023-04-21,228004,19,false,anthonymoran1000,2024-02-02T23:20:56Z,"shoegaze,slowcore,dream pop","Funeral Party",0.35,0.566,2,-8.383,1,0.0451,0.335,0.829,0.266,0.321,120.093,4
spotify:track:7LItXkhy2jee3EU8Nx7XPU,"Like the Sun","Sundays","Tanukichan",2018-07-13,169133,0,false,anthonymoran1000,2024-02-05T04:23:05Z,"shoegaze,dream pop","Company Records",0.474,0.687,3,-8.122,1,0.0281,0.00191,0.885,0.0833,0.223,146.025,4
spotify:track:6mv5SD6UsjG7VKC6IZ1Wzl,"Molasses","Lazy Legs EP","Lazy Legs",2016-01-26,304375,14,false,anthonymoran1000,2024-02-06T05:47:36Z,"shoegaze,dream pop,slowcore","Wild Patterns",0.231,0.126,2,-7.319,1,0.0498,0.0000462,0.839,0.11,0.355,80.437,3
spotify:track:07e8GAERKt7ctQkI0EoSIM,"Everything","Everything","Flowerbed",2020-10-01,240176,20,false,anthonymoran1000,2024-02-06T05:59:56Z,"shoegaze,slowcore","1209261 Records DK",0.362,0.449,6,-8.901,1,0.0324,0.0000409,0.852,0.358,0.165,74.994,4
spotify:track:350PxJNRgJCToGYKoNpzRP,"Fake Fruit","Big Joke","Spotter",2021-04-23,173868,0,true,anthonymoran1000,2024-02-06T06:15:18Z,"shoegaze,slowcore","Spotter",0.293,0.618,2,-13.091,1,0.0288,0.0000495,0.832,0.36,0.191,132.29,4
spotify:track:2cMB2ijkcPj4WQt87yZMWW,"The Hearttaker","Americana","Starflyer 59",1997-01-01,246400,46,false,anthonymoran1000,2024-02-07T05:03:00Z,"shoegaze,dream pop,slowcore,christian alternative rock","Tooth & Nail (TNN)",0.194,0.696,6,-5.873,1,0.035,0.0000088,0.44,0.0998,0.0513,141.768,4
spotify:track:3BP0cwKRJYYDEmtd1wD5Cx,"Harmony","Americana","Starflyer 59",1997-01-01,262493,40,false,anthonymoran1000,2024-02-07T05:05:01Z,"shoegaze,dream pop,slowcore,christian alternative rock","Tooth & Nail (TNN)",0.426,0.635,1,-6.242,1,0.0256,0.0131,0.753,0.245,0.248,108.664,4
spotify:track:03hXMHGtoV6V2UzxyxuwvP,"Mercury","Wasted Mind","Glaze",2017-06-02,155333,34,false,anthonymoran1000,2024-02-08T05:26:08Z,"shoegaze","Glaze",0.42,0.929,9,-7.41,1,0.0673,0.00142,0.646,0.184,0.326,160.047,4
spotify:track:1UyNFaVjuihcDrbNHzetTo,"Chow Mein","Wasted Mind","Glaze",2017-06-02,192013,16,false,anthonymoran1000,2024-02-08T05:28:49Z,"shoegaze","Glaze",0.458,0.571,7,-6.383,1,0.0436,0.000215,0.715,0.359,0.382,108.037,4
spotify:track:5EwyzrFLXlcnPenrPQ9DlO,"Exhausted","Foo Fighters","Foo Fighters",1995-07-04,349893,50,false,anthonymoran1000,2024-02-09T04:19:38Z,"rock,post-grunge,alternative rock,grunge","RCA Records Label",0.192,0.977,7,-9.027,1,0.0932,0.0016,0.867,0.27,0.108,120.652,4
spotify:track:2WYNQW3sH2bvOiWGsnBiVM,"Blue","Distressor","Whirr",2012-06-19,209476,0,false,anthonymoran1000,2024-02-13T04:41:13Z,"shoegaze,slowcore,dream pop","Graveface Records",0.162,0.785,7,-7.212,1,0.0533,0.000777,0.912,0.385,0.154,77.867,4
spotify:track:4yiCdDyDuTCDpvy3ppYIP1,"Ghost","Distressor","Whirr",2012-06-19,252375,0,false,anthonymoran1000,2024-02-13T04:48:54Z,"shoegaze,slowcore,dream pop","Graveface Records",0.202,0.551,7,-9.335,1,0.0432,0.0718,0.76,0.201,0.123,78.23,4
spotify:track:1Ks3uG2wfbqGcHTDxzWH3E,"Child","Distressor","Whirr",2012-06-19,191530,0,false,anthonymoran1000,2024-02-13T04:51:28Z,"shoegaze,slowcore,dream pop","Graveface Records",0.115,0.66,9,-7.862,0,0.0764,0.00034,0.706,0.259,0.0882,150.448,4
spotify:track:2ls52TkaUe6iQkbBwK7iNe,"Normalcy","Demo 2019","Zen Brain",2019-07-10,168812,11,false,anthonymoran1000,2024-02-13T22:32:28Z,"shoegaze","3178900 Records DK",0.309,0.856,1,-5.958,1,0.0415,0.000115,0.772,0.196,0.479,116.68,4
spotify:track:1GwqEnX5om2jjw3pTRRMoC,"olhar pra trás","olhar pra trás","terraplana",2023-03-01,220519,34,false,anthonymoran1000,2024-02-14T03:43:09Z,"shoegaze,dream pop","Balaclava Records",0.376,0.453,2,-7.178,1,0.0393,0.000153,0.264,0.146,0.373,111.039,4
spotify:track:0pDWccSLw72zFJX3CVWapE,"How Fast Can You Love","In Solarium","Pia Fraus",2002-07-16,194000,28,false,anthonymoran1000,2024-02-14T03:49:25Z,"shoegaze,dream pop,slowcore","Clairecords",0.302,0.746,9,-7.1,1,0.0334,0.000046,0.921,0.29,0.604,79.959,4
spotify:track:2KkuQ32WtE9ImerVSnUWk5,"Moon Like a Pearl","Wonder What It's Like","Pia Fraus",2001,126246,31,false,anthonymoran1000,2024-02-14T03:56:55Z,"shoegaze,dream pop,slowcore","Seksound Record Label",0.253,0.702,11,-8.972,1,0.0437,0,0.901,0.0794,0.462,82.213,4
spotify:track:558wMnHk4k6b7nSsOTmMsC,"Wonder Boy","Super Deluxe","Morella's Forest",1995-01-01,270560,22,false,anthonymoran1000,2024-02-21T06:00:17Z,"shoegaze,christian alternative rock,dream pop,christian rock","Tooth & Nail (TNN)",0.545,0.52,7,-10.918,1,0.0305,0.0331,0.229,0.0924,0.48,135.882,4
spotify:track:0IsmU3YmTCW0YOG1SlZlaD,"paranoid","paranoid and an angel strikes","Harsh Intention",2024-01-17,188363,32,false,anthonymoran1000,2024-02-21T09:20:42Z,"shoegaze","Harsh Intention",0.271,0.834,9,-8.178,1,0.0717,0.00355,0.912,0.664,0.292,170.115,4
spotify:track:3vxRgB4aJynFfuTGhaERC8,"Gazin","Ringo Deathstarr","Ringo Deathstarr",2020-03-27,166367,42,false,anthonymoran1000,2024-02-22T05:31:46Z,"shoegaze,dream pop,slowcore,noise rock","The Reverberation Appreciation Society",0.376,0.943,8,-7.597,1,0.0537,0.000013,0.861,0.372,0.34,87.798,4
spotify:track:1naoYMSxRHCpu3zvQM2la5,"Kaleidoscope","Colour Trip","Ringo Deathstarr",2011-03-08,125333,14,false,anthonymoran1000,2024-02-22T05:41:32Z,"shoegaze,dream pop,slowcore,noise rock","Sonic Unyon Records",0.352,0.96,1,-5.369,1,0.063,0.00000209,0.804,0.12,0.396,135.912,4
spotify:track:1siAnqtvq1Wr0zpNzKCsRD,"Oceania","Super Deluxe","Morella's Forest",1995-01-01,377466,16,false,anthonymoran1000,2024-02-22T05:58:42Z,"shoegaze,christian alternative rock,dream pop,christian rock","Tooth & Nail (TNN)",0.595,0.459,0,-12.411,1,0.0252,0.00552,0.102,0.101,0.528,130.329,4
spotify:track:6GBEqPpPsxf1NOtA4TGno4,"Future","Future","Split Chain",2023-06-09,160960,0,false,anthonymoran1000,2024-02-25T06:09:51Z,"shoegaze","Split Chain",0.353,0.97,8,-4.799,1,0.103,0.0000151,0.929,0.385,0.499,154.988,4
spotify:track:4Cf6CwxN4ep4qWlv30PGHd,"Beginner","Cashier","Cashier",2023-02-25,265023,22,false,anthonymoran1000,2024-02-25T06:17:09Z,"shoegaze","4914296 Records DK2",0.317,0.728,1,-9.428,0,0.0397,0.000882,0.853,0.375,0.298,137.193,4
spotify:track:1M3RuRadk9tD0zeumNA2v2,"grit/wither","demonstration","velora",2023-11-11,262000,28,false,anthonymoran1000,2024-02-25T06:21:26Z,"shoegaze","5996210 Records DK2",0.136,0.742,1,-5.868,1,0.0566,0.00923,0.848,0.292,0.373,150.258,4
spotify:track:70QMfCNIwJZIErIDMbExv7,"Punchline","Punchline","Buff Ginger",2023-02-11,265169,14,true,anthonymoran1000,2024-02-25T06:33:16Z,"shoegaze,slowcore","Mint.",0.174,0.631,2,-5.509,1,0.0527,0.0000108,0.738,0.36,0.311,78.876,4
spotify:track:0vrCyUnCmMcUNGIA5GKgZD,"Fall","The Millia Pink And Green","Sway",2003,395389,40,false,anthonymoran1000,2024-02-28T05:14:40Z,"shoegaze,dream pop","Sillas Famosas",0.147,0.573,2,-9.561,1,0.0538,0.361,0.807,0.0902,0.117,136.449,4
spotify:track:06iHY2r1cttFhCCH77BOL9,"Wrist","Will","Animal Ghosts",2020-05-04,285773,0,false,anthonymoran1000,2024-02-29T21:46:57Z,"shoegaze,slowcore,dream pop","Animal Ghosts under exclusive license to Amuseio AB",0.123,0.637,2,-8.642,1,0.0428,0.00000944,0.956,0.31,0.281,97.021,4
spotify:track:7l5XWtUfIclO2xCTFvts8V,"In Your Room","Winks & Kisses: Melted","Airiel",2004-02-10,566466,0,false,anthonymoran1000,2024-02-29T22:07:46Z,"shoegaze,dream pop,slowcore","Clairecords",0.187,0.945,11,-6.332,1,0.0398,0.000256,0.241,0.104,0.461,104.974,4
spotify:track:5ilQ6xjKxxGDTrQQNDp6Tw,"Now I Know You Could Never Be The One","Find Yourself Along The Way","The Meeting Places",2003,242066,39,false,anthonymoran1000,2024-02-29T22:28:56Z,"shoegaze,dream pop,slowcore","Words On Music",0.394,0.764,11,-4.581,0,0.0341,0.0299,0.885,0.148,0.457,106.612,4
spotify:track:2D1rYPinUnikGU9xNWylnN,"Setting Sun","Wave Your Moonlight Hat For The Snowfall Train","You'll Never Get to Heaven",2021-11-19,178873,67,false,anthonymoran1000,2024-03-02T21:22:46Z,"dream pop,shoegaze","Mystic Roses",0.559,0.186,2,-13.264,1,0.0379,0.973,0.581,0.0968,0.224,81.551,4
spotify:track:2w3y8QZnnp3ftBXYG6MAtO,"Hunted","Flesh Balloon","Pale Saints",1991-06-24,389706,42,false,anthonymoran1000,2024-03-04T04:26:59Z,"shoegaze,dream pop","4AD",0.472,0.564,3,-17.436,0,0.0468,0.000424,0.656,0.0954,0.243,121.628,5
spotify:track:4g8Hx6Jg0Qf0t0VGl60pT0,"she found now","m b v","my bloody valentine",2013-02-02,306093,49,false,anthonymoran1000,2024-03-05T04:52:38Z,"shoegaze,dream pop,slowcore,noise rock","Domino Recording Co",0.361,0.551,2,-16.49,1,0.0345,0.561,0.974,0.376,0.238,95.92,4
spotify:track:7gjo7CYtOAcm0q8hGEHQ23,"only tomorrow","m b v","my bloody valentine",2013-02-02,381626,50,false,anthonymoran1000,2024-03-05T05:17:14Z,"shoegaze,dream pop,slowcore,noise rock","Domino Recording Co",0.354,0.49,9,-13.534,0,0.0391,0.000245,0.82,0.129,0.198,92.612,4
spotify:track:6MGkqYuQhx5AGMINNj5ZRU,"who sees you","m b v","my bloody valentine",2013-02-02,372213,45,false,anthonymoran1000,2024-03-05T05:17:17Z,"shoegaze,dream pop,slowcore,noise rock","Domino Recording Co",0.0676,0.659,6,-11.255,1,0.0595,0.000164,0.886,0.194,0.0931,76.184,4
spotify:track:7lZIMb2AD7T09fZlqOQJ0q,"new you","m b v","my bloody valentine",2013-02-02,298946,48,false,anthonymoran1000,2024-03-05T05:17:23Z,"shoegaze,dream pop,slowcore,noise rock","Domino Recording Co",0.637,0.455,6,-17.131,0,0.0633,0.384,0.915,0.269,0.502,96.994,4
spotify:track:4R6KQd4LPht1GQauuZACcM,"between","anything else","Kraus",2023-02-26,206680,26,false,anthonymoran1000,2024-03-05T20:30:18Z,"shoegaze,slowcore,dream pop,noise rock","View No Country",0.409,0.859,7,-5.742,1,0.06,0,0.976,0.317,0.352,121.983,4
spotify:track:5O0nqHMGfsClaOR43wpWXk,"the snow will catch us once again","the snow will catch us once again","twinotter;the neverminds",2023-12-25,277500,0,false,anthonymoran1000,2024-03-05T20:34:40Z,"shoegaze","twinotter",0.377,0.972,11,-3.562,0,0.085,0.00152,0.726,0.123,0.247,95.985,4
spotify:track:3Ksf4WR9qMxo0s0EtbDhtc,"Orchids","Orchids","betterluckmason",2023-07-14,110310,24,false,anthonymoran1000,2024-03-06T18:55:21Z,"shoegaze","25/7 Records LLC.",0.344,0.723,0,-7.712,1,0.0314,0.000196,0.789,0.534,0.187,160.936,4
spotify:track:0CCYVn1a4xUV83NZTCrRTL,"an angel strikes","paranoid and an angel strikes","Harsh Intention;whither",2024-01-17,188363,42,false,anthonymoran1000,2024-03-06T19:11:34Z,"shoegaze","Harsh Intention",0.28,0.895,1,-6.805,1,0.0612,0.107,0.689,0.316,0.149,170.081,4
spotify:track:58jAJeZKYdLFVRbA7Jx1jN,"intrusive","towncryer","untitled (halo)",2023-09-22,92000,0,false,anthonymoran1000,2024-03-12T16:49:47Z,"shoegaze","halocorp",0.465,0.515,4,-10.025,1,0.0375,0.325,0.857,0.12,0.726,179.795,4
spotify:track:15kIIljB6b5pmMafU7w9CB,"Lush","Lust","Chlorine",2023-06-20,315629,37,false,anthonymoran1000,2024-03-12T17:12:27Z,"shoegaze","ChlorinE",0.332,0.762,1,-6.546,1,0.055,0.0000594,0.82,0.0852,0.369,139.044,4
spotify:track:7tRHQBPQjkXdly0wuTXCpF,"I Don't Want to Lose This","Ringo Deathstarr","Ringo Deathstarr",2020-03-27,195185,42,false,anthonymoran1000,2024-03-18T01:24:52Z,"shoegaze,dream pop,slowcore,noise rock","Club AC30",0.344,0.756,8,-8.303,1,0.0588,0.0121,0.09,0.221,0.268,175.327,4
spotify:track:5pvmhSKAEGovYtUQW8xqJp,"Stare at the Sun","Pure Mood","Ringo Deathstarr",2015-11-20,259957,35,false,anthonymoran1000,2024-03-18T01:31:46Z,"shoegaze,dream pop,slowcore,noise rock","The Reverberation Appreciation Society",0.415,0.957,11,-5.915,0,0.0811,0.000106,0.123,0.123,0.175,98.115,4
spotify:track:4yq2IUq89lt5c0MpHIBbx7,"Summer Time","Sparkler","Ringo Deathstarr",2011-07-25,244106,38,false,anthonymoran1000,2024-03-18T01:34:22Z,"shoegaze,dream pop,slowcore,noise rock","Club AC30",0.342,0.608,2,-9.994,1,0.0386,0.487,0.938,0.0538,0.102,119.474,3
spotify:track:61N4yWSrJdkYaPrLk9L0Z0,"Other Things","Colour Trip","Ringo Deathstarr",2011-02-14,207625,42,false,anthonymoran1000,2024-03-18T01:39:28Z,"shoegaze,dream pop,slowcore,noise rock","Club AC30",0.456,0.696,0,-7.801,0,0.0284,0.0000514,0.0193,0.249,0.221,94.994,4
spotify:track:34Ab06fMBVTZNCtaazCNBu,"Rip","Mauve","Ringo Deathstarr",2012-09-24,146526,19,false,anthonymoran1000,2024-03-18T01:43:49Z,"shoegaze,dream pop,slowcore,noise rock","Club AC30",0.268,0.918,2,-5.804,1,0.101,0.00487,0.962,0.615,0.0997,137.473,4
spotify:track:5NMKLXprDYZw94MzDGqNjy,"ador // ation","EPCOT","Full Body 2",2021-11-14,234670,23,false,anthonymoran1000,2024-03-20T07:38:00Z,"shoegaze,slowcore","Julia's War Recordings",0.322,0.546,10,-7.196,1,0.0464,0.0134,0.0504,0.414,0.178,140.008,4
spotify:track:3aIgJyEC8rUrIYf1LCxFV9,"Spangle","Feed Like Fishes","Should",1998-12-08,201826,0,false,anthonymoran1000,2024-03-28T03:33:08Z,"shoegaze,slowcore,dream pop","Words On Music",0.493,0.53,10,-11.589,1,0.03,0.00813,0.638,0.131,0.155,111.182,4
spotify:track:4osP4FvQ4nMYr5WnBY6ph2,"Rainbow Shoelaces","And The Infinite Eternal Abyss","Future Magics",2023-06-30,164666,0,false,anthonymoran1000,2024-03-28T04:10:27Z,"shoegaze","The Void",0.22,0.459,1,1.215,1,0.054,0.0261,0.904,0.141,0.519,155.545,4
spotify:track:0c6orD0L0rOAEee1mHlfRC,"High With You","High With You","Future Magics",2024-02-02,196800,0,false,anthonymoran1000,2024-03-28T04:11:52Z,"shoegaze","The Void",0.469,0.585,2,-6.993,1,0.0323,0.000229,0.909,0.129,0.128,150.177,4
spotify:track:1ys94ZqzwLAcxTDdPIflpt,"Sounds Like Everyone","The Millia Pink And Green","Sway",2003,477500,24,false,anthonymoran1000,2024-04-03T20:49:12Z,"shoegaze,dream pop","Sillas Famosas",0.112,0.523,6,-10.758,0,0.0496,0.739,0.797,0.106,0.0608,151.851,4
spotify:track:76D6ON2ulEtEIKlqeYXLQb,"Opentillate","The Millia Pink And Green","Sway",2003,276170,26,false,anthonymoran1000,2024-04-03T21:24:26Z,"shoegaze,dream pop","Sillas Famosas",0.0693,0.684,9,-8.063,1,0.05,0.763,0.928,0.308,0.0472,183.467,4
,"undefined","undefined","undefined",,,,,anthonymoran1000,2024-04-07T22:55:19Z,"","undefined",,,,,,,,,,,,
,"undefined","undefined","undefined",,,,,anthonymoran1000,2024-04-07T23:13:15Z,"","undefined",,,,,,,,,,,,
spotify:track:3vNSdxGpxGpCicuH1HppBt,"shadow where it doesn't disappear","ixtab","my dead girlfriend",2010-03-10,220600,47,false,anthonymoran1000,2024-04-09T02:38:30Z,"shoegaze,j-rock,japanese indie,math rock,dream pop,shibuya-kei","n_ingen record",0.318,0.756,11,-6.496,1,0.0351,0.0000277,0.8,0.296,0.609,149.929,4
spotify:track:5Hqumcun0UcSFX8HvqSXQD,"Halley","Split","trauma ray",2023-10-06,244500,0,false,anthonymoran1000,2024-04-10T01:34:10Z,"shoegaze,slowcore","New Morality Zine",0.303,0.771,1,-5.058,1,0.0441,0.000856,0.776,0.111,0.164,143.836,4
spotify:track:0kVQozLQGhKL6FGzCcnCPF,"Strawberry Cream","Urban Twilight (Remaster)","Oeil",2016-06-09,230197,41,false,anthonymoran1000,2024-04-25T06:01:37Z,"shoegaze,dream pop,japanese indie,slowcore","Submarine",0.296,0.806,3,-6.219,1,0.0488,0.693,0.974,0.0943,0.176,80.033,4
spotify:track:4aaiI9YCt4KucUsMmLfGOx,"slow","ep’s 1988-1991 and rare tracks","my bloody valentine",2012-05-04,192466,39,false,anthonymoran1000,2024-04-25T06:17:37Z,"shoegaze,dream pop,slowcore,noise rock","Domino Recording Co",0.314,0.76,7,-9.843,1,0.0338,0.00000154,0.682,0.129,0.611,158.791,4
spotify:track:4cwgaoD0gPSfuy8n9MhGOe,"Wonder","Nerves","Bedroom Eyes",2019-10-31,245386,24,false,anthonymoran1000,2024-04-25T06:39:35Z,"shoegaze,slowcore,dream pop","Dome A Records",0.199,0.704,2,-5.342,1,0.0463,0.0000798,0.829,0.082,0.27,145.937,4
spotify:track:2GUCHY5ey2iU3Df2O5ZCwI,"Fall Under","Bluest Sunshine","Velveteen",2020-03-07,275000,0,false,anthonymoran1000,2024-04-25T06:47:10Z,"shoegaze,dream pop,slowcore","GrindEthos Records",0.224,0.853,7,-7.69,1,0.0552,0.00000471,0.877,0.171,0.228,93.793,4
spotify:track:2vT6ZJQImsFf7MkwZT5THy,"April's Past","April's Past","Clinic Stars",2022-02-23,275863,20,false,anthonymoran1000,2024-04-25T07:00:44Z,"shoegaze,dream pop,slowcore","Clinic Stars",0.383,0.666,8,-13.573,0,0.0361,0.00000233,0.884,0.26,0.413,109.99,4
spotify:track:4lOzsIKfOxu4yLwwoeDqEE,"Be My Best","Be My Best","sweet93",2023-12-29,251675,34,false,anthonymoran1000,2024-04-30T02:19:59Z,"shoegaze","sweet93",0.284,0.821,7,-6.783,1,0.0504,0.0000418,0.879,0.622,0.241,92.14,4
spotify:track:3QRwycTXCQrrDaFvQn235B,"lust","lust","Glixen",2024-04-19,228741,39,false,anthonymoran1000,2024-04-30T02:25:21Z,"shoegaze,dream pop,slowcore","Glixen",0.327,0.635,6,-6.915,1,0.0423,0.00000495,0.727,0.114,0.152,131.136,4
spotify:track:4QTgZeds2hSSOP8EdNGX1O,"Sunder","Tooth & nail","Junebug",2024-04-19,156290,18,false,anthonymoran1000,2024-04-30T02:33:37Z,"shoegaze","Junebug",0.317,0.727,10,-7.805,0,0.0291,0.000076,0.755,0.11,0.221,141.326,4
spotify:track:141vLCAOADJcABmPLKQFPF,"vanish (held)","Rewin","Rew",2024-04-26,229911,0,false,anthonymoran1000,2024-04-30T02:36:55Z,"shoegaze","Born Losers Records",0.324,0.839,5,-6.032,1,0.0397,0.00000438,0.89,0.356,0.417,74.989,4
spotify:track:31ksgKzh7J0mUTQMH8Fau4,"paris, texas","todos preguntaron por ti","necesito el valor tanto como necesito el miedo;deja pensarlo mal",2024-04-16,185605,0,false,anthonymoran1000,2024-05-01T16:20:59Z,"slowcore","necesito el valor tanto como necesito el miedo",0.482,0.366,4,-10.615,1,0.0257,0.722,0.651,0.115,0.324,75.195,3
spotify:track:28sMsHjvw4EqYLrYYnne6w,"Side Eyes","Side Eyes","headspin",2024-01-24,213881,23,false,anthonymoran1000,2024-05-06T07:28:10Z,"shoegaze","1829715 Records DK2",0.291,0.667,8,-7.556,0,0.039,0.00000244,0.778,0.235,0.298,149.976,4
spotify:track:6I2zaQn9OiinMlidXWVw5t,"Just wait till you're found","Tooth & nail","Junebug",2024-04-19,162283,18,false,anthonymoran1000,2024-05-09T15:31:30Z,"shoegaze","Junebug",0.442,0.545,2,-9.607,1,0.0372,0.0174,0.783,0.0809,0.195,104.778,4
spotify:track:4TFCmqAf4jwIE8CNVuNWL6,"Irma vep","Tooth & nail","Junebug",2024-04-19,150365,17,false,anthonymoran1000,2024-05-09T15:34:30Z,"shoegaze","Junebug",0.539,0.683,0,-8.78,1,0.0539,0.00586,0.855,0.128,0.321,143.538,4
spotify:track:48UHW3QbI39zpSmjvE4YVD,"FMT","Vacant","Scrlett",2024-05-10,285304,12,false,anthonymoran1000,2024-05-11T16:11:34Z,"shoegaze,slowcore","Coverage",0.0722,0.778,1,-9.249,0,0.0703,0.0000123,0.866,0.107,0.188,77.537,4
spotify:track:5DTw6v85mioRQzMWdwPH1w,"Untitled","Vacant","Scrlett",2024-05-10,326981,12,false,anthonymoran1000,2024-05-11T16:16:28Z,"shoegaze,slowcore","Coverage",0.156,0.581,6,-8.618,0,0.0397,0.000397,0.45,0.11,0.202,71.988,3
spotify:track:7pBWw3Orpdwnr22ERmNvfL,"fifty heaven","Demo 01","Full Body 2",2020-11-17,186461,0,false,anthonymoran1000,2024-05-11T16:40:16Z,"shoegaze,slowcore","Full Body 2",0.34,0.521,8,-11.72,1,0.0434,0.00000186,0.651,0.309,0.259,129.966,4
spotify:track:1QLQZC9CP7LhmvqZgzfFA0,"keygen memory","Demo 01","Full Body 2",2020-11-17,239076,0,false,anthonymoran1000,2024-05-11T16:44:40Z,"shoegaze,slowcore","Full Body 2",0.346,0.901,0,-10.031,0,0.0554,0.0551,0.928,0.52,0.388,130.145,4
spotify:track:18hDI2FlsRTq0Ih0yPku25,"enix wake","infinity signature","Full Body 2",2023-11-20,201034,0,false,anthonymoran1000,2024-05-11T16:47:57Z,"shoegaze,slowcore","Full Body 2",0.321,0.729,0,-7.331,1,0.0477,0.101,0.785,0.297,0.358,140.937,4
spotify:track:4ARqMW0NJQpNtqnYHAgbjO,"forest green","forest green","flyingfish",2023-09-01,207102,53,false,anthonymoran1000,2024-05-21T04:50:27Z,"shoegaze","flyingfish",0.272,0.544,7,-6.705,0,0.0482,0.00000562,0.89,0.101,0.343,107.136,4
spotify:track:7JapIbw0DdMY8FZfS3sTtd,"I Hate It Too","You'd Prefer An Astronaut","Hum",1995-04-11,358933,59,false,anthonymoran1000,2024-05-21T05:09:24Z,"shoegaze,space rock,post-hardcore","RCA Records Label",0.35,0.395,11,-15.259,0,0.0315,0.000369,0.497,0.172,0.28,94.337,4
spotify:track:5DiisEbfcEqNV7UdfADAIq,"Innervisions","Innervisions","Mascara",2020-06-26,449655,44,false,anthonymoran1000,2024-05-21T05:19:11Z,"shoegaze","MasCara",0.283,0.684,3,-6.862,0,0.0397,0.00105,0.341,0.149,0.125,149.996,4
spotify:track:4ZBf9RlEUr86x0lfa8c3sV,"Challenger","Worlds Worst","Worlds Worst",2023-03-31,184336,36,false,anthonymoran1000,2024-05-21T05:30:01Z,"shoegaze","Smoking Room",0.231,0.888,2,-5.061,1,0.0613,0.0000966,0.893,0.358,0.449,109.78,5
spotify:track:47XtK2ErrSTignWpa2VlkQ,"少女の官能基","タイムマシンが壊れる前に","溶けない名前",2021-08-04,216000,50,false,anthonymoran1000,2024-05-21T05:36:11Z,"shoegaze,japanese indie,j-rock,shibuya-kei,math rock,visual kei,dream pop","soda room records",0.224,0.917,6,-2.393,1,0.056,0.0000195,0.000205,0.426,0.509,78.321,4
spotify:track:6zm6c19hYyKJKZwcGLQG6Q,"Blight","Blight","Zeruel",2023-05-10,156466,0,false,anthonymoran1000,2024-05-21T18:43:31Z,"shoegaze","14th Angel, LLC / AVAD International",0.47,0.701,9,-6.984,0,0.0395,0.0000158,0.919,0.138,0.283,135.034,4
spotify:track:2DZisSfv1rQ3O5CBLws3sK,"Falling Down a Mystery Hillside","Falling Down a Mystery Hillside","Starling",2023-12-29,154235,0,false,anthonymoran1000,2024-05-23T22:40:50Z,"","Kasha Lee",0.387,0.643,1,-5.832,1,0.0322,0.134,0.941,0.0972,0.468,129.952,4
spotify:track:7jd5bSsJ3pdPVDU7PdFVJL,"Nodding Off","12th House Rock","Narrow Head",2020-08-28,345408,53,false,anthonymoran1000,2024-05-27T03:59:22Z,"shoegaze,post-grunge","Run For Cover Records",0.252,0.814,3,-4.793,1,0.0527,0.00074,0.57,0.15,0.155,120.099,4
spotify:track:4CcpsrXTYmntApKRPf78Fs,"eternal","me dying is the world ending","blurhie",2024-04-26,235106,41,false,anthonymoran1000,2024-05-27T19:17:21Z,"shoegaze","i run with scissors",0.371,0.806,0,-3.996,0,0.0425,0.372,0.961,0.126,0.135,147.051,3
spotify:track:06xGbVw77i0E24XragLHSr,"Deerland","Happy Songs for Happy Zombies","Pinkshinyultrablast",2016-04-29,194717,29,false,anthonymoran1000,2024-05-31T03:37:13Z,"shoegaze,dream pop,slowcore","Club AC30",0.221,0.952,8,-6.647,0,0.0741,0.0000725,0.71,0.15,0.164,83.75,4
spotify:track:3b91KwJmvBBsei0UzonrgW,"listen to your heart","the moon is beautiful, isn't it?","twinotter;admiinn",2024-02-02,126418,0,false,anthonymoran1000,2024-05-31T03:47:54Z,"shoegaze","twinotter",0.464,0.68,2,-8.256,1,0.0369,0.00612,0.943,0.148,0.0948,99.924,4
spotify:track:4M8pjSlmIdGVXgyc9mkTw4,"Star Gazer","Super Deluxe","Morella's Forest",1995-01-01,266933,14,false,anthonymoran1000,2024-05-31T04:35:42Z,"shoegaze,christian alternative rock,dream pop,christian rock","Tooth & Nail (TNN)",0.366,0.521,2,-11.486,1,0.0366,0.0332,0.377,0.184,0.274,171.402,1
spotify:track:6omcVkbuVxLr5B3C0eAavn,"i wish i could tell you","lapse","vuul",2024-05-28,140356,0,false,anthonymoran1000,2024-06-05T05:21:39Z,"shoegaze","vuul",0.16,0.395,4,-10.421,1,0.0376,0.00029,0.934,0.226,0.437,79.826,5
spotify:track:6FsiQl5YcFHyBF6ISRVSCu,"Like Love is Real","Yndling","Yndling",2022-01-07,319808,35,false,anthonymoran1000,2024-06-06T03:09:06Z,"dream pop,shoegaze","Kerry On The Cake",0.352,0.654,0,-10.661,1,0.0306,0.0000108,0.00452,0.564,0.357,84.98,4
spotify:track:0suvCEqzOLTZLuwG4NrkHs,"Makes Me Think","Almost Reach the Sun","Trementina",2014-11-23,196009,1,false,anthonymoran1000,2024-06-07T06:07:36Z,"shoegaze,dream pop,slowcore","BYM Records",0.159,0.45,11,-5.348,1,0.049,0.00243,0.965,0.0954,0.271,110.297,3
spotify:track:2228Dv7RAyYIEzxR2bzXJD,"Bomber","Bomber","High.",2023-01-27,226508,0,false,anthonymoran1000,2024-06-08T08:02:45Z,"shoegaze","Julia's War Recordings",0.405,0.624,9,-7.158,1,0.029,0.0174,0.8,0.0971,0.325,129.92,4
spotify:track:0gtgZhe8Ub4f1GI44ziftr,"Dead","Dead","High.",2022-06-16,260000,0,false,anthonymoran1000,2024-06-08T08:03:34Z,"shoegaze","1256434 Records DK2",0.165,0.769,4,-7.201,1,0.051,0.0307,0.135,0.109,0.111,156.328,4
spotify:track:7w3EOUip6cnB0XxOW8pwNJ,"Lifetimes","Lifetimes","High.",2022-09-30,283500,0,false,anthonymoran1000,2024-06-08T08:09:36Z,"shoegaze","1256434 Records DK2",0.203,0.889,4,-5.111,1,0.068,0.0101,0.803,0.157,0.444,159.872,4
spotify:track:5kHx4s1ykuT9cRFqjxK3aq,"She Only Knows","Promo 2021","all under heaven",2021-01-26,130606,51,false,anthonymoran1000,2024-06-12T06:48:25Z,"shoegaze","Sunday Drive",0.286,0.688,5,-7.575,1,0.032,0.0105,0.976,0.633,0.125,132.224,4
spotify:track:1xhqE1ySEx4JYiolZmGIKp,"Мемантин","Жить","Reverb On Repeat",2024-02-02,492996,14,false,anthonymoran1000,2024-06-13T06:08:17Z,"shoegaze","Anchor Lights",0.365,0.772,6,-6.449,1,0.0433,0.0000154,0.907,0.0788,0.315,95.997,4
spotify:track:0eZrV28WjaKddx6juNaS0o,"Embers","Swell","Slide",2020-11-28,304000,19,false,anthonymoran1000,2024-06-14T01:01:17Z,"shoegaze,slowcore,dream pop","5673 Records",0.615,0.446,5,-9.138,0,0.0248,0.0125,0.938,0.121,0.544,104.977,4
spotify:track:79P4p15A2CnUuXSfUUIs0r,"Soma","Soma","Slide",2023-07-14,329491,13,false,anthonymoran1000,2024-06-14T01:13:45Z,"shoegaze,slowcore,dream pop","2023 Slide",0.191,0.521,2,-8.95,1,0.063,0.000317,0.934,0.0764,0.11,118.522,4
spotify:track:3AegTwCPfIESu54kSSSTww,"Slowly","ONCE","Slide",2021-10-28,180000,15,false,anthonymoran1000,2024-06-14T01:36:17Z,"shoegaze,slowcore,dream pop","5673",0.202,0.145,2,-6.471,0,0.0624,0.00000119,0.916,0.11,0.187,89.348,4
spotify:track:4JHkEOIhHgO2FRwoDoAP0V,"Shift","Pull","Slide",2022-08-02,276558,14,false,anthonymoran1000,2024-06-14T01:52:35Z,"shoegaze,slowcore,dream pop","1323176 Records DK2",0.382,0.865,7,-8.32,0,0.0665,0,0.897,0.311,0.0569,124.97,4
spotify:track:654f3RV4IZdpvH189db8mQ,"Once then we'll be free","Once then we'll be free","Wisp",2023-10-31,203893,61,false,anthonymoran1000,2024-06-14T03:43:14Z,"shoegaze","Music Soup/Interscope Records",0.46,0.77,7,-6.902,1,0.0275,0.000157,0.691,0.365,0.531,64.995,4
spotify:track:3SBhQh5X7tO8ejCMUdjSRu,"Pandora","Pandora","Wisp",2024-04-05,261293,65,false,anthonymoran1000,2024-06-16T04:17:07Z,"shoegaze","Music Soup/Interscope Records",0.223,0.842,1,-6.356,1,0.0501,0.0000887,0.864,0.301,0.149,166.051,4
spotify:track:71WNyncoVryB9E9Uy9aKA9,"can we fall in love","can we fall in love","s.e. lane",2023-05-13,206000,50,false,anthonymoran1000,2024-06-16T04:59:15Z,"shoegaze","s.e. lane",0.521,0.497,5,-8.608,1,0.0325,0.00103,0.592,0.0928,0.04,120.01,4
spotify:track:6w9XFUK57vtKU9KW3J2OH0,"Rolling","What Lies Ahead Of Me","all under heaven",2024-06-07,278289,30,false,anthonymoran1000,2024-06-20T22:11:09Z,"shoegaze","Sunday Drive",0.495,0.531,11,-11.968,0,0.027,0.143,0.899,0.0897,0.43,59.028,4
spotify:track:40AUNY9laCt3xQXVk7s7Y4,"Swoon","Hush","Slow Crush",2021-10-22,148685,30,false,anthonymoran1000,2024-06-22T02:59:14Z,"shoegaze,dream pop,slowcore","Quiet Panic",0.369,0.837,9,-7.655,0,0.0316,0.000603,0.786,0.135,0.233,88.976,4
spotify:track:6Y185DCfJ2mCI7aU65WdJl,"Glow","Aurora","Slow Crush",2020-09-28,242755,46,false,anthonymoran1000,2024-06-23T01:36:10Z,"shoegaze,dream pop,slowcore","Slow Crush",0.244,0.954,9,-5.449,1,0.0623,0.0000487,0.803,0.308,0.257,94.933,4
spotify:track:2bj1lPXOEdWUCd0o3KYzSx,"Rest In Salt","SPIT","MX LONELY",2024-02-06,262988,26,false,anthonymoran1000,2024-06-23T01:57:23Z,"shoegaze","Candlepin Records",0.281,0.9,0,-5.505,1,0.0705,0.00039,0.209,0.124,0.212,141.674,4
spotify:track:0DyJYeHiaHng48hWZE29la,"(I'm) Waiting For The Sun","君のように生きれたら","宇宙ネコ子",2019-04-24,210733,47,false,anthonymoran1000,2024-06-23T02:30:45Z,"shoegaze,japanese indie,shibuya-kei,j-rock,math rock,dream pop","LOOM",0.575,0.737,11,-8.195,0,0.0311,0.0284,0.202,0.282,0.336,120.041,4
spotify:track:3F4R13mibhrE9ii3ktpudB,"Crush","Supercrush","Blush",2023-10-13,286966,26,false,anthonymoran1000,2024-06-24T22:45:06Z,"shoegaze,dream pop","No Sleep Records",0.286,0.796,9,-4.01,1,0.0439,0.000347,0.819,0.161,0.358,113.92,4
spotify:track:4iybILxj19srQ5dNk4Xtby,"Staring - alt","Romance: Special Features","Velvet;Wisp",2024-05-31,274462,0,false,anthonymoran1000,2024-06-26T02:38:40Z,"shoegaze,dream pop,slowcore","Velvet",0.36,0.473,2,-9.173,1,0.0371,0.00554,0.821,0.087,0.218,112.947,4
spotify:track:2rcvlB8NFYbYT0VyRojHbn,"Droned","Starflyer 59","Starflyer 59",1994-01-01,272226,32,false,anthonymoran1000,2024-06-28T18:47:12Z,"shoegaze,dream pop,slowcore,christian alternative rock","Tooth & Nail (TNN)",0.359,0.427,0,-9.492,1,0.0275,0.0000484,0.866,0.233,0.109,141.888,4
spotify:track:4aeiD5PtMac4ACzYdvyNR4,"Focus","Romance","Velvet",2024-02-23,329045,20,false,anthonymoran1000,2024-06-28T20:06:50Z,"shoegaze,dream pop,slowcore","Candlepin Records",0.207,0.248,3,-9.227,1,0.047,0.0000197,0.685,0.037,0.141,77.674,4
spotify:track:2Lh85dPaWU5G3NsCCE2PO8,"Search","Search","Scarlet House",2022-10-21,127500,0,false,anthonymoran1000,2024-06-29T01:51:19Z,"shoegaze","reside",0.492,0.513,11,-14.517,0,0.0254,0.0131,0.926,0.255,0.149,139.947,4
spotify:track:6BYRkSuyN3l1NwJcmFm1Zj,"Leech","Eyedazzler","Alison's Halo",1998-06-29,404518,0,false,anthonymoran1000,2024-06-29T18:05:30Z,"shoegaze,dream pop,slowcore","Manufactured Recordings",0.258,0.603,11,-6.855,1,0.0319,0.44,0.0346,0.11,0.149,142.693,4
spotify:track:6ThKjKr31pQA2odkt8J2Ev,"Soft Fall","Soft Fall","My Transparent Eye;Lazylazy",2023-09-08,184598,42,false,anthonymoran1000,2024-07-02T03:21:39Z,"shoegaze","itg.url industries",0.311,0.558,8,-9.466,1,0.0307,0.00152,0.976,0.312,0.217,156.78,4
spotify:track:0PHSxaqrOyoVBJQzCP2bTp,"Slip","Slip","Leaving Time",2022-05-20,167425,39,false,anthonymoran1000,2024-07-02T03:32:04Z,"shoegaze","Sunday Drive",0.344,0.645,4,-6.48,1,0.0469,0.0000222,0.747,0.0892,0.147,135.056,4
spotify:track:6et9oAGDY6w52vWjCq3Oti,"enjoy","RAIN","no more",2024-01-13,166269,10,true,anthonymoran1000,2024-07-02T04:00:03Z,"shoegaze","nothingmorefm",0.402,0.433,1,-18.179,1,0.0323,0.000111,0.499,0.0665,0.256,85.48,4
spotify:track:3IR4gaV9QdNUykOsU53VQD,"Invincible","Invincible","Square Wave",2024-06-05,216386,12,false,anthonymoran1000,2024-07-02T06:55:00Z,"shoegaze","Tung Records",0.404,0.68,9,-9.034,1,0.028,0.000545,0.877,0.197,0.436,92.021,4
spotify:track:03vYJ5vxAVPnHViosKZEQr,"Stellium","Western Violence","Vazum",2024-06-06,278500,12,false,anthonymoran1000,2024-07-02T22:42:57Z,"deathrock,gothic rock,darkwave,post-punk,cold wave","Vazum",0.418,0.821,0,-7.647,1,0.03,0.0171,0.402,0.123,0.217,94.03,4
spotify:track:5MCBzwshyfAoOC8t4Yg5TL,"D.I.A.D.","The Need to Separate","Shell",2024-03-01,177636,23,false,anthonymoran1000,2024-07-02T23:03:28Z,"shoegaze","Best Life Records",0.341,0.977,3,-4.452,0,0.0826,0.00000116,0.923,0.301,0.502,76.467,4
spotify:track:5LRqT9c7uDS79xwYgIidbd,"mist","underdogs","sally",2024-01-26,153441,28,false,anthonymoran1000,2024-07-02T23:55:26Z,"shoegaze","eternal records",0.326,0.902,6,-6.122,1,0.0366,0.0106,0.872,0.242,0.12,91.435,4
spotify:track:6bOztYvw4drwekxztrcfqG,"karma police","Call Me Nihilist","sally",2023-07-07,185812,36,false,anthonymoran1000,2024-07-03T00:04:25Z,"shoegaze","eternal records",0.422,0.636,1,-7.503,1,0.0292,0.00159,0.773,0.132,0.216,86.832,4
spotify:track:2p0wJt0CfheQsYyTclTZLg,"he drowned in september","underdogs","sally",2024-01-26,173540,28,false,anthonymoran1000,2024-07-03T00:07:26Z,"shoegaze","eternal records",0.167,0.86,2,-4.85,0,0.0638,0.0177,0.925,0.793,0.141,127.251,4
spotify:track:2dhYnDEJlr3PKtq1imTg4i,"Flashback","Pipe Dreams","Whirr",2012-03-13,247760,0,false,anthonymoran1000,2024-07-03T00:18:50Z,"shoegaze,slowcore,dream pop","Tee Pee Records",0.173,0.586,9,-7.653,1,0.0381,0.0000117,0.924,0.151,0.231,115.554,4
spotify:track:5iAVZZmuDNDasKYtRYeBs8,"Dread the Snow","Somewhere Nice, Someday","Infinity Girl",2017-09-08,120800,19,false,anthonymoran1000,2024-07-03T00:23:40Z,"shoegaze,dream pop,slowcore","Disposable America",0.413,0.593,4,-10.989,1,0.0289,0.262,0.608,0.342,0.32,86.011,4
spotify:track:7zrNyomFyXb5OV6HuuYux9,"Wherever You Are","Blue Oblivion","Luster",2021-08-13,228413,23,false,anthonymoran1000,2024-07-03T00:25:37Z,"shoegaze,slowcore,dream pop","Funeral Party Records",0.342,0.902,0,-5.337,1,0.046,0.00000321,0.835,0.136,0.258,144.957,4
spotify:track:7nMk5Q2s5K9JvwARk3e76m,"Purple Hearts","Purple Hearts","killing scene",2024-06-30,126896,0,false,anthonymoran1000,2024-07-03T18:16:52Z,"shoegaze,metalcore","killing scene",0.281,0.966,7,-2.909,0,0.0459,0.0000825,0.698,0.168,0.386,174.062,4
spotify:track:7aIFo9B3Os2PuoRavWqUjG,"skin","skin","kuttr",2024-03-13,125447,12,false,anthonymoran1000,2024-07-06T19:29:57Z,"shoegaze","thrutheveins.",0.401,0.776,0,-13.635,1,0.114,0.0398,0.0307,0.446,0.153,137.783,4
spotify:track:6yjtcpFf9dLgflkS52PYNa,"Leave","Distressor","Whirr",2012-06-19,253443,0,false,anthonymoran1000,2024-07-08T22:55:28Z,"shoegaze,slowcore,dream pop","Graveface Records",0.231,0.799,8,-6.708,0,0.0441,0.000513,0.905,0.937,0.153,93.352,4
spotify:track:7on5filONzoOXFjSozx6p6,"too slow","picture + too slow","some fear",2023-02-05,170322,12,false,anthonymoran1000,2024-07-09T01:43:39Z,"shoegaze,slowcore","Rite Field Records",0.546,0.174,6,-17.496,1,0.0307,0.522,0.0691,0.0989,0.0394,92.99,4
spotify:track:6LYgmJJ0QnIy2ckkv65mUq,"INTUITION","HEEL TURN","Lesser Care",2024-03-22,182430,22,false,anthonymoran1000,2024-07-09T01:52:56Z,"shoegaze,post-punk,cold wave,darkwave,deathrock","SARO2 PROD.",0.334,0.832,7,-5.672,0,0.0344,0.0000634,0.815,0.229,0.244,160.049,4
spotify:track:2FkblN5Y3Khizcns5lAZBu,"new windows","nothing to prove // new windows","Audiobaton",2022-01-01,219180,17,false,anthonymoran1000,2024-07-09T02:01:01Z,"shoegaze","1521788 Records DK2",0.216,0.931,1,-5.799,0,0.0727,0.00000271,0.723,0.228,0.162,145.624,4
spotify:track:3I91eEHagGyR2oTmhDplTw,"Wonder","Wonder","Audiobaton",2020-05-29,181463,15,false,anthonymoran1000,2024-07-09T02:06:22Z,"shoegaze","1521788 Records DK2",0.325,0.946,2,-7.022,1,0.0802,0.0000216,0.872,0.284,0.106,77.243,4
spotify:track:6bIbDb1MPYucc8xfWs7yvz,"nothing to prove","nothing to prove // new windows","Audiobaton",2022-01-01,203247,16,false,anthonymoran1000,2024-07-09T02:09:38Z,"shoegaze","1521788 Records DK2",0.251,0.647,5,-6.61,1,0.0389,0.0000503,0.624,0.234,0.209,88.605,4
spotify:track:2hhejNu0pEMAs3mnJbpLvW,"Cherry Stars Collide","Blow","Swallow",1992-07-20,229706,49,false,anthonymoran1000,2024-07-09T02:52:25Z,"shoegaze,dream pop,slowcore","4AD",0.52,0.581,11,-16.349,0,0.0279,0.0885,0.613,0.28,0.619,104.943,4
spotify:track:58dJk8u6wAL1eHqB6wYwdm,"Beached","Aurora","Slow Crush",2020-09-28,199311,27,false,anthonymoran1000,2024-07-11T04:08:33Z,"shoegaze,dream pop,slowcore","Slow Crush",0.495,0.939,4,-6.956,0,0.055,0.00193,0.799,0.189,0.233,141.979,4
spotify:track:04DJyDaOMn4iuKLycWbpMQ,"lizzy mcguire","lizzy mcguire","smush",2024-05-17,216717,0,false,anthonymoran1000,2024-07-11T04:10:16Z,"shoegaze","smush",0.272,0.564,0,-9.205,1,0.0294,0.00203,0.754,0.12,0.0661,130.028,4
spotify:track:12XcQtzILF9FG7sMXLwcDb,"April Ha Ha","The Great Dismal","Nothing",2020-10-30,260458,34,false,anthonymoran1000,2024-07-13T01:43:08Z,"shoegaze,dream pop,slowcore","Relapse Records",0.436,0.882,1,-4.143,1,0.039,0.0000105,0.713,0.342,0.349,173.119,4
spotify:track:76tFtc3882Z4VLp08xoBQc,"Unexpectedly","Unexpectedly","Megumi Acorda",2018-03-17,264609,39,false,anthonymoran1000,2024-07-13T01:49:01Z,"pinoy indie,shoegaze,dream pop","Megumi Acorda",0.462,0.525,4,-6.325,0,0.0314,0.0304,0.936,0.115,0.501,116.051,4
spotify:track:4aiTwPTaOwbDWoI3nqeKLz,"Dead Lands","Channels","Punchlove",2024-03-01,274714,27,false,anthonymoran1000,2024-07-13T01:59:08Z,"shoegaze,dream pop","Kanine Records",0.173,0.679,9,-5.041,1,0.0405,0.0119,0.175,0.472,0.235,174.109,4
spotify:track:7t91UB7Swk7LxciSLEQiQU,"pretty thing","sorry place","cherry pick",2024-05-23,244558,35,false,anthonymoran1000,2024-07-14T04:11:04Z,"shoegaze","insert label name here",0.427,0.825,7,-3.411,1,0.0463,0.421,0.807,0.355,0.207,120.04,4
spotify:track:2zalfmEvD94rHnYTAWahj5,"Sugarcoated","Versions of You","Rocket",2023-10-27,226389,0,false,anthonymoran1000,2024-07-16T00:21:04Z,"shoegaze","Rocket",0.257,0.834,3,-3.102,1,0.0482,0.0000274,0.91,0.0875,0.487,143.128,4
spotify:track:0aSlmtJldNs9yS5Iii4nrT,"Bag of Worms","School Shooter / Bag of Worms","wych elm",2017-09-16,174271,32,false,anthonymoran1000,2024-07-16T01:44:24Z,"","Independent",0.216,0.812,7,-5.551,1,0.05,0.829,0.151,0.147,0.559,147.975,4
spotify:track:1Rqm4lRTsiudGYqRXL7PW9,"Last Song","Communication, Cultural, Curiosity Quotient","CQ",2016-11-02,301769,36,false,anthonymoran1000,2024-07-16T01:57:12Z,"shoegaze,j-rock,japanese indie,math rock,dream pop","Vinyl Junkie Recordings",0.286,0.712,5,-4.937,1,0.0364,0.000017,0.484,0.121,0.316,169.99,4
spotify:track:2PUnW6tkDPJAlIOQDtYnvS,"stick (feat. kmoe)","kenopsia","quannnic;kmoe",2022-02-28,202666,46,false,anthonymoran1000,2024-07-16T04:14:43Z,"shoegaze,hyperpop,glitch","deadAir",0.152,0.629,11,-3.382,0,0.0425,0.00000983,0.397,0.269,0.0809,134.771,4
spotify:track:7iwDR2NBmjqbUGWnFNVEYp,"for her","for her","whatsaheart",2023-08-11,174680,64,true,anthonymoran1000,2024-07-16T04:23:12Z,"shoegaze","whatsaheart",0.44,0.883,4,-6.459,0,0.066,0.00461,0.216,0.452,0.477,82.517,4
spotify:track:5RUc23uV2XLh3cL34Pufyd,"if tonight i die","if tonight i die","Reno Black",2023-08-25,140933,32,false,anthonymoran1000,2024-07-16T20:41:06Z,"shoegaze","25/7 Records LLC.",0.374,0.869,8,-6.745,1,0.0599,0.0000959,0.936,0.244,0.0716,77.542,4
spotify:track:2jlmSvi1vkJuabSwrEf6X0,"Ghosts","Ghosts","Scarlet House",2023-02-10,113333,0,false,anthonymoran1000,2024-07-16T20:51:59Z,"shoegaze","Reside",0.211,0.538,6,-11.474,1,0.0472,0.00638,0.793,0.11,0.129,72.192,4
spotify:track:2OhITAOj3KE9nOFTuZgnNe,"Bloom","Bloom","Glare",2023-03-10,139663,54,false,anthonymoran1000,2024-07-16T20:52:08Z,"shoegaze","Sunday Drive",0.161,0.545,3,-7.359,1,0.0337,0.00269,0.825,0.205,0.0401,168.796,3
spotify:track:5zSoxwQtbUxyXegLpjttHV,"Chloroform","Whirr & Nothing","Nothing",2014,280810,49,false,anthonymoran1000,2024-07-17T04:44:49Z,"shoegaze,dream pop,slowcore","Whirr & Nothing",0.311,0.737,11,-6.318,0,0.0408,0.0000518,0.631,0.107,0.181,82.278,4
spotify:track:27pcK7Kva8Wk3DM7j5dUrJ,"鴿哨","California Nebula","缺省",2017-03-16,346997,54,false,anthonymoran1000,2024-07-19T22:38:04Z,"shoegaze,chinese indie,dream pop,taiwanese indie,chinese rock,slowcore","太合麥田（天津）音樂有限公司",0.0728,0.56,4,-7.147,1,0.0406,0.827,0.927,0.253,0.0461,79.478,3
spotify:track:6edDVWRniE5lJgmYITOQq0,"for now","anything else","Kraus",2023-02-26,239412,13,false,anthonymoran1000,2024-07-19T22:44:42Z,"shoegaze,slowcore,dream pop,noise rock","View No Country",0.273,0.916,1,-5.522,1,0.0759,0.00000125,0.616,0.375,0.175,165.97,4
spotify:track:0zHiqA7kVO8hvfU2VUd2xL,"Awareness For Fun","Silent Dynamic Torture","Super Static Fever",2017-10-06,385973,15,false,anthonymoran1000,2024-07-19T22:47:26Z,"shoegaze,slowcore","Numero Group",0.214,0.449,6,-16.043,0,0.0321,0.00000516,0.749,0.07,0.0393,110.956,4
spotify:track:3PntTOqdd3qb6bojI3CVaN,"Sandy","Distressor","Whirr",2012-06-19,310761,0,false,anthonymoran1000,2024-07-20T04:26:53Z,"shoegaze,slowcore,dream pop","Graveface Records",0.158,0.612,11,-8.519,0,0.0497,0.000276,0.654,0.259,0.271,131.405,4
spotify:track:3IUDAOnq2x73Uwf0rIIwWD,"Swoon","Around","Whirr",2013-07-09,352706,0,false,anthonymoran1000,2024-07-20T04:41:07Z,"shoegaze,slowcore,dream pop","Graveface Records & Curiosities",0.159,0.644,4,-7.165,1,0.0415,0.0000753,0.889,0.0734,0.159,132.265,4
spotify:track:4Hj6gZETiNnqfF8AhVjY0e,"Preface","Distressor","Whirr",2012-06-19,124379,0,false,anthonymoran1000,2024-07-20T04:41:23Z,"shoegaze,slowcore,dream pop","Graveface Records",0.274,0.425,9,-13.381,0,0.0419,0.533,0.855,0.273,0.044,114.913,4
spotify:track:4GNdB3mOlRcfSF5qGyu6fq,"evergreen .","evergreen .","a blue room;mixed matches",2024-03-06,207240,21,false,anthonymoran1000,2024-07-20T05:10:51Z,"shoegaze,hyperpop","a blue room.",0.412,0.805,3,-6.665,1,0.0388,0.00391,0.883,0.2,0.43,121.006,4
spotify:track:1bodC1AcgEuyvEJLZNX56L,"Out of Body","Pure Hex","Pure Hex",2019-12-03,332315,32,true,anthonymoran1000,2024-07-20T05:20:13Z,"shoegaze","Honeydew Records",0.315,0.486,2,-6.182,1,0.0344,0.0167,0.849,0.183,0.277,139.83,4
spotify:track:30SW9ygvuqscXvS6DrJ9Uq,"Soft","Soft","Glare",2021-11-23,201680,44,false,anthonymoran1000,2024-07-20T05:35:49Z,"shoegaze","Sunday Drive",0.351,0.65,6,-5.748,1,0.031,0.00000208,0.805,0.27,0.306,139.956,4
spotify:track:2qqiFYiR0ns36wvZPq71fw,"peeling","fawn","fawn",2022-10-21,232300,20,false,anthonymoran1000,2024-07-20T06:09:30Z,"shoegaze,slowcore","fawn",0.213,0.794,2,-6.935,1,0.0646,0.00000559,0.301,0.343,0.236,175.007,4
spotify:track:0U3UftyOu6Mo89Gu8AlX8Z,"shimmer","fawn","fawn",2022-10-21,431187,16,false,anthonymoran1000,2024-07-20T06:20:00Z,"shoegaze,slowcore","fawn",0.329,0.507,6,-8.471,0,0.0426,0.00052,0.879,0.0702,0.0961,110.044,4
spotify:track:0lx2opvtTedfJQJv0Kwh73,"Lost","Lost","Scarlet House",2022-11-04,110270,0,false,anthonymoran1000,2024-07-23T20:21:38Z,"shoegaze","reside",0.507,0.504,2,-8.811,0,0.0252,0.623,0.0579,0.512,0.529,148.008,4
spotify:track:13cUEmaifBUGcL208wBqPg,"cigarette","cigarette","Sakkaris",2024-05-15,138428,21,false,anthonymoran1000,2024-07-23T23:55:50Z,"shoegaze","Sakkaris",0.373,0.859,7,-6.16,1,0.0356,0.000838,0.692,0.295,0.291,69.987,4
spotify:track:0b4TKuvZ4eJ8eHgJgXaCnN,"Two-Way Mirror","I Let It in and It Took Everything","Loathe",2020-02-07,300186,66,false,anthonymoran1000,2024-07-24T05:13:52Z,"shoegaze","SHARPTONE",0.32,0.84,2,-6.703,1,0.0447,0.0000786,0.761,0.135,0.173,160.104,4
spotify:track:1HgEAPUIeACoWPbwM3cYcZ,"weltschmerz","weltschmerz","Eventually",2024-07-27,295774,11,false,anthonymoran1000,2024-08-02T23:28:26Z,"shoegaze","eventually",0.454,0.836,4,-8.296,1,0.0531,0.882,0.914,0.598,0.206,142.125,4
spotify:track:7vn2uHkhlYsEaqKDJ06W0H,"Supplemental","Folding","Trembler",2022-11-25,288011,21,false,anthonymoran1000,2024-08-02T23:37:50Z,"shoegaze,slowcore","Sunday Drive",0.343,0.351,1,-9.319,1,0.0485,0.0182,0.0362,0.112,0.0385,179.915,4
spotify:track:68J0hgl04zj6VEUknSsbwG,"wildflower","wildflower","easterlin",2023-07-31,213517,0,false,anthonymoran1000,2024-08-02T23:49:42Z,"shoegaze","easterlin",0.396,0.683,10,-8.355,0,0.0479,0.0233,0.198,0.105,0.111,145.153,4
spotify:track:4yNnEiBZQV7hEH81COXjS1,"You're Not One to Cry","Illusions of Control","Fawning",2021-02-12,204469,0,false,anthonymoran1000,2024-08-03T00:10:20Z,"shoegaze,dream pop,slowcore","NeverNotGoth / Graveface",0.478,0.889,2,-7.212,0,0.0551,0.0015,0.912,0.103,0.0829,110.002,4
spotify:track:5y5dzy8FVLlg1uYxyM36cs,"All The Things We Said","Dopamine Loop","Luster",2023-04-21,208750,19,false,anthonymoran1000,2024-08-03T01:01:37Z,"shoegaze,slowcore,dream pop","Funeral Party",0.352,0.969,5,-6.19,0,0.103,0.000121,0.813,0.38,0.0489,120.051,4
spotify:track:22cIG21mohFOn3ipnkPI9b,"Who to Call","Who to Call","Dead Daisy",2024-07-11,192000,12,false,anthonymoran1000,2024-08-03T06:07:38Z,"shoegaze,dream pop,electroclash,witch house","DripPop",0.0782,0.592,7,-9.748,0,0.0437,0.00413,0.0219,0.157,0.167,80.034,4
spotify:track:4ogBvhMOsJhlpfNFSQOcbE,"Day Star","Now, Life is Living You","Modern Color",2021-09-24,297375,36,false,anthonymoran1000,2024-08-07T21:37:35Z,"shoegaze,midwest emo","Other People Records",0.439,0.686,2,-6.238,1,0.0272,0.00147,0.773,0.153,0.0979,79.991,4
spotify:track:6YBbBuOECgXAFeQkd63fJe,"Dread","Now, Life is Living You","Modern Color",2021-09-24,253953,29,false,anthonymoran1000,2024-08-07T22:08:27Z,"shoegaze,midwest emo","Other People Records",0.389,0.912,7,-4.695,0,0.0724,0.0000776,0.00109,0.181,0.378,177.754,4
spotify:track:4VfYnUUV9FBxWYUCYHgrjA,"Opiate","Now, Life is Living You","Modern Color",2021-09-24,244958,48,false,anthonymoran1000,2024-08-07T22:17:00Z,"shoegaze,midwest emo","Other People Records",0.351,0.922,5,-5.177,1,0.0557,0.00022,0.0264,0.399,0.353,180.015,4
spotify:track:4OmlsAT8r4q9vPFBvfYgyZ,"Is It Really You?","I Let It in and It Took Everything","Loathe",2020-02-07,287627,71,false,anthonymoran1000,2024-08-10T05:32:35Z,"shoegaze","SHARPTONE",0.563,0.721,9,-7.578,1,0.0375,0.00213,0.4,0.14,0.11,110.027,3
spotify:track:6siemd7q5UtGQHMoFDz9l0,"Mourning Haze","Mourning Haze","Glare",2024-08-15,207008,36,false,anthonymoran1000,2024-08-19T18:08:12Z,"shoegaze","Deathwish Inc.",0.413,0.862,1,-5.248,1,0.044,0.00000997,0.694,0.109,0.337,92.541,4
spotify:track:5Zs526IB2ezqyXc9WthLuY,"Avalon","Avalon","Zeruel",2023-06-27,176230,56,false,anthonymoran1000,2024-08-19T18:19:50Z,"shoegaze","14th Angel, LLC / AVAD International under exclusive license to Amuseio AB",0.247,0.752,4,-7.379,0,0.0537,0.000425,0.91,0.563,0.264,121.385,4
spotify:track:4M8od0IJz9DiwZ3Dj2CxSQ,"mostpreciousblood","mostpreciousblood","Salt+;Michellita",2024-02-24,188511,31,false,anthonymoran1000,2024-08-23T13:25:13Z,"shoegaze","Daydreaming+ Records",0.391,0.947,6,-5.19,0,0.0722,0.121,0.457,0.0871,0.261,110.057,4
spotify:track:6d8mGiqcBGivmQ0B5BH9Wi,"Not It","Not It","Salt+",2024-01-30,152415,32,false,anthonymoran1000,2024-08-23T13:29:07Z,"shoegaze","Daydreaming+ Records",0.361,0.96,7,-6.391,1,0.0763,0.000272,0.176,0.154,0.119,133.937,4
spotify:track:2Vx202h8BQh9GXpjlUQywn,"Porcelain","Porcelain","Salt+",2021-09-23,163422,0,false,anthonymoran1000,2024-08-23T13:31:59Z,"shoegaze","Daydreaming+ Records",0.501,0.761,7,-7.409,1,0.0301,0.28,0.864,0.0804,0.364,118.107,4
spotify:track:5zIAGKs8qDAWtmsr9NJpFB,"Virgin Suicide","君のように生きれたら","宇宙ネコ子",2019-04-24,186965,50,false,anthonymoran1000,2024-08-29T19:45:12Z,"shoegaze,japanese indie,shibuya-kei,j-rock,math rock,dream pop","LOOM",0.382,0.632,10,-6.416,1,0.0394,0.0000161,0.945,0.0644,0.102,117.972,4
spotify:track:3KVVXyYUrPiWqIfPXYsfZM,"deep love","deep love","Split end",2019-10-02,235746,0,false,anthonymoran1000,2024-08-29T19:46:49Z,"japanese indie,shoegaze,j-rock,math rock","NGNY RECORDS",0.504,0.758,11,-2.552,1,0.0436,0.000983,0.0359,0.299,0.198,81.949,4
spotify:track:3QRUcfThRofu9hHQvvbrgx,"Tracers","Split","trauma ray",2023-10-06,194426,0,false,anthonymoran1000,2024-08-29T21:35:09Z,"shoegaze,slowcore","New Morality Zine",0.288,0.88,9,-3.527,1,0.0525,0.0000197,0.739,0.16,0.269,85.758,4
spotify:track:38CbWMaYnma3byQ4CDomBu,"Into Me","Into You","Glare",2017-04-29,123253,55,false,anthonymoran1000,2024-09-06T04:43:52Z,"shoegaze","Sunday Drive",0.354,0.405,11,-8.111,1,0.0311,0.264,0.77,0.163,0.0387,116.934,4
spotify:track:3Lkkb6JlusrtnZFNnRvfOm,"Do Not Enter","Void in Blue","Glare",2018-08-31,170163,52,false,anthonymoran1000,2024-09-06T04:46:44Z,"shoegaze","Sunday Drive",0.514,0.57,3,-7.653,0,0.0286,0.0729,0.739,0.0816,0.218,122.035,4
spotify:track:65a2ZvYfz7qBCuEllDnXdv,"Lean","Whirr & Nothing","Whirr",2014,300880,45,false,anthonymoran1000,2024-10-08T01:05:27Z,"shoegaze,slowcore,dream pop","Whirr & Nothing",0.293,0.667,8,-6.89,1,0.054,0.0274,0.888,0.0744,0.0389,122.232,4
spotify:track:6ubbVyP7YOVyRGBT3NUf0S,"Play the Slow Ones","Feels Like You","Whirr",2019-10-29,283859,0,false,anthonymoran1000,2024-10-09T04:52:29Z,"shoegaze,slowcore,dream pop","Free Whirl Records",0.101,0.456,9,-10.67,1,0.0402,0.000135,0.869,0.225,0.0441,158.462,4
spotify:track:7801eWQNK09cfzQ5By5n8T,"Tastes Like Honey","Blow","Swallow",1992-07-20,281666,47,false,anthonymoran1000,2024-10-09T21:21:31Z,"shoegaze,dream pop,slowcore","4AD",0.523,0.717,0,-13.802,1,0.031,0.00633,0.669,0.0687,0.633,106.782,4
spotify:track:6GsXN6OCNWR3GaDoNQTmwW,"Spectre","Spectre","trauma ray",2024-09-24,233328,0,false,anthonymoran1000,2024-10-16T20:06:44Z,"shoegaze,slowcore","Dais Records",0.483,0.589,3,-5.131,1,0.0323,0.000527,0.761,0.131,0.167,136.006,4
spotify:track:4wMQagKLyeZRtIq1HfsU5E,"Junebouvier","Pipe Dreams","Whirr",2012-03-13,225053,0,false,anthonymoran1000,2024-10-22T22:24:58Z,"shoegaze,slowcore,dream pop","Tee Pee Records",0.147,0.914,6,-6.785,0,0.06,0.0000124,0.729,0.17,0.297,160.956,4
spotify:track:17Emr3cmTIVUzkzAp7lFzJ,"Toss","Pipe Dreams","Whirr",2012-03-13,144333,0,false,anthonymoran1000,2024-10-22T23:10:43Z,"shoegaze,slowcore,dream pop","Tee Pee Records",0.353,0.892,1,-7.289,1,0.0316,0.00000388,0.899,0.107,0.63,99.023,4
spotify:track:6dceL1ux7q6AmmvS72XNKm,"Wait","Pipe Dreams","Whirr",2012-03-13,239320,0,false,anthonymoran1000,2024-10-22T23:18:38Z,"shoegaze,slowcore,dream pop","Tee Pee Records",0.178,0.388,7,-10.325,1,0.0397,0.0181,0.892,0.135,0.0343,119.107,4
spotify:track:0l3OcnzQL9IchRXSNXkmlt,"Torn","Chameleon","trauma ray",2024-10-25,216556,35,false,anthonymoran1000,2024-10-25T14:58:28Z,"shoegaze,slowcore","Dais Records",0.342,0.933,1,-4.252,1,0.0605,0.0000266,0.91,0.507,0.243,90.043,4
spotify:track:0NMkKC8DoQE3Y0WVyoD4zx,"Chameleon","Chameleon","trauma ray",2024-10-25,192696,42,false,anthonymoran1000,2024-10-25T15:02:07Z,"shoegaze,slowcore","Dais Records",0.32,0.941,7,-3.06,1,0.0466,0.0000025,0.374,0.144,0.215,140.514,4
spotify:track:5bpNUso3XpgZ0jsFMBoYMV,"Bardo","Chameleon","trauma ray",2024-10-25,204283,48,false,anthonymoran1000,2024-10-25T15:05:58Z,"shoegaze,slowcore","Dais Records",0.362,0.935,1,-4.195,1,0.0537,0.00000714,0.787,0.13,0.19,87.629,4
spotify:track:5B13ztkjvMj5PtXWwKYEiO,"Elegy","Chameleon","trauma ray",2024-10-25,339974,31,false,anthonymoran1000,2024-10-25T15:13:21Z,"shoegaze,slowcore","Dais Records",0.35,0.694,6,-4.29,0,0.0445,0.00011,0.827,0.101,0.0755,110.024,4
spotify:track:6TcFmOZbPmyQDUFOTWSIUW,"Breath","Chameleon","trauma ray",2024-10-25,257847,32,false,anthonymoran1000,2024-10-25T15:21:54Z,"shoegaze,slowcore","Dais Records",0.166,0.828,5,-3.379,0,0.0588,0.0000234,0.941,0.125,0.213,148.029,4
spotify:track:54amMO4uh0IZZJDhktFxrh,"Wavelength","Feels Like You","Whirr",2019-10-29,297606,0,false,anthonymoran1000,2024-10-27T02:42:29Z,"shoegaze,slowcore,dream pop","Free Whirl Records",0.247,0.512,11,-10.36,0,0.0361,0.000821,0.726,0.106,0.0383,91.55,4
spotify:track:3vf2tcN8VwyQBB3Qw41H2w,"Uptight (Her Eyes)","Illusions of Control","Fawning",2021-02-12,237374,0,false,anthonymoran1000,2024-10-29T21:24:15Z,"shoegaze,dream pop,slowcore","NeverNotGoth / Graveface",0.452,0.692,7,-9.56,0,0.0291,0.0049,0.88,0.308,0.223,105.018,4
spotify:track:0ol92qadwLzXiCxmOZlZot,"Between Asleep And Awake","Whirr & Anne (Split Version)","Whirr",2012-10-16,298120,0,false,anthonymoran1000,2024-10-30T01:08:23Z,"shoegaze,slowcore,dream pop","Run For Cover Records",0.265,0.547,6,-10.65,0,0.0359,0.0128,0.82,0.281,0.259,110.852,4
spotify:track:63WwCz9s5TK9gcmmELKjsf,"Soothe","Florecer","Blossom",2024-03-18,200517,38,false,anthonymoran1000,2024-11-01T18:43:41Z,"shoegaze","Really Rad Records",0.283,0.179,10,-16.407,0,0.0299,0.366,0.869,0.113,0.417,86.101,4
spotify:track:0tErNBzYIwjNxbNHnOkZOv,"Too High","Too High","Scarlet House",2022-11-18,172000,0,false,anthonymoran1000,2024-11-01T18:48:20Z,"shoegaze","reside",0.451,0.75,6,-12.648,0,0.0369,0.0327,0.913,0.153,0.288,79.022,4
spotify:track:0gKYihhcPJtiLoJnZFe3wk,"Warm Stay","Warm Stay","Blossom",2024-02-19,169380,53,false,anthonymoran1000,2024-11-01T18:57:07Z,"shoegaze","Really Rad Records",0.277,0.697,7,-7.364,0,0.0345,0.0000208,0.917,0.151,0.472,178.006,4
spotify:track:5O9rvQZKI8Dq4kKQT2q9bq,"Regress","fawn / cement diver","fawn",2023-08-25,283454,30,false,anthonymoran1000,2024-11-07T03:31:33Z,"shoegaze,slowcore","fawn / cement diver",0.238,0.828,5,-5.377,1,0.0569,0.00000381,0.823,0.571,0.199,171.934,4
spotify:track:65xTJ4o2HBq14mvx4xAyxd,"Autumn","Memories II","Velvet",2023-11-11,222967,0,false,anthonymoran1000,2024-11-07T04:15:17Z,"shoegaze,dream pop,slowcore","Velvet",0.268,0.66,8,-7.801,1,0.034,0.0000801,0.824,0.098,0.159,154.865,4
spotify:track:3Xb7YUrClEKSXCZ2WkSv4p,"Wallow","Whenere","Forsaken Autumn",2015,208641,42,false,anthonymoran1000,2024-11-08T03:34:26Z,"shoegaze,chinese indie,dream pop,japanese indie","Forsaken Autumn",0.241,0.421,3,-6.953,1,0.0379,0.802,0.762,0.113,0.0423,166.029,4
spotify:track:47iMd1TUq23gG3v5rjsYHZ,"it still feels real to me","Dissociated","Midrift",2023-02-03,141975,0,false,anthonymoran1000,2024-11-13T05:45:15Z,"shoegaze","Midrift",0.156,0.653,5,-6.911,0,0.039,0.324,0.846,0.252,0.425,107.87,4
spotify:track:0eZjwNa0wGZSzsOnt4T2hG,"Void in Blue","Void in Blue","Glare",2018-08-31,278822,64,false,anthonymoran1000,2024-11-15T04:28:13Z,"shoegaze","Sunday Drive",0.28,0.486,11,-7.615,1,0.0297,0.00255,0.133,0.125,0.0377,81.247,4
spotify:track:3IByh8BBQbRO0nF4lmrrsG,"Wave Goodbye","Thoughtless","The Alisons",2018-10-20,265500,12,false,anthonymoran1000,2024-11-25T06:17:25Z,"shoegaze","The Alisons",0.334,0.978,3,-4.275,1,0.0502,0.00000829,0.818,0.0994,0.527,164.044,4
spotify:track:6MxpGNjoKliUlyW9HbKBrH,"Become","Happening","Launder;Soko",2022-07-15,230880,43,false,anthonymoran1000,2024-11-25T06:21:37Z,"shoegaze,dream pop,lo-fi indie,french indie pop","Ghostly International",0.347,0.712,9,-6.381,1,0.0342,0.00127,0.952,0.173,0.266,93.014,4
spotify:track:1tj791MoXDgbX7mdX1PEr1,"Take It Easy","Ends in Light","Air Formation",2002,269906,19,false,anthonymoran1000,2024-11-25T06:27:05Z,"shoegaze,dream pop,slowcore,space rock,neo-psychedelic","Air Formation",0.38,0.786,4,-8.275,1,0.0365,0.00000149,0.53,0.115,0.293,98.114,4
spotify:track:7aPJMQyXJBegoFMohTzLz9,"Carousel","I Can Carry It All","MyVeronica",2023-10-18,250434,36,false,anthonymoran1000,2024-11-27T05:17:56Z,"shoegaze","MyVeronica",0.279,0.463,10,-6.701,1,0.0254,0.55,0.458,0.126,0.242,88.722,4
spotify:track:0ssfmRJ7awetIwj3GORjHR,"Teenage Lust","Honey's Dead (Expanded Version)","The Jesus and Mary Chain",1992-03-23,186932,32,false,anthonymoran1000,2024-11-27T05:38:22Z,"shoegaze,post-punk,dream pop,noise rock,new wave","Rhino",0.258,0.829,8,-4.713,1,0.0406,0.00025,0.491,0.0864,0.397,175.878,4
spotify:track:21NQl2onZLIfzakxepDCTn,"Don't Be Alarmed","Entrovert","Low Forest",2023-03-31,397307,13,false,anthonymoran1000,2024-12-17T03:27:38Z,"shoegaze,doom metal,stoner metal,sludge metal","Low Forest",0.24,0.731,7,-6.276,1,0.0443,0.152,0.941,0.22,0.369,103.95,4
spotify:track:6FutvBsO4b2wIC4xLiLWfs,"Snows","Snows","Joseon",2024-11-15,160676,9,false,anthonymoran1000,2024-12-31T04:36:08Z,"shoegaze","JOSEON",0.466,0.869,2,-6.755,1,0.0456,0.0261,0.000254,0.276,0.516,139.125,4
spotify:track:4VOjbbpBDnN3j5EfFGGZlI,"Hazy Lies","Thrill of Possibility","Helts",2024-12-18,166802,11,false,anthonymoran1000,2025-01-05T05:25:50Z,"shoegaze","Helts",0.409,0.889,4,-7.877,1,0.0428,0.0000543,0.656,0.159,0.292,105.007,4
spotify:track:4xMLPLf6slp18FmmHKT0Pu,"250568","Thrill of Possibility","Helts",2024-12-18,212255,11,false,anthonymoran1000,2025-01-05T05:28:28Z,"shoegaze","Helts",0.393,0.547,11,-10.191,1,0.0312,0.0154,0.874,0.0665,0.118,150.291,3
spotify:track:48ph7fw88dGNFX9ya4AvEL,"Staring - alt","Recollection","Velvet;easterlin",2024-12-30,274462,36,false,anthonymoran1000,2025-01-05T05:32:29Z,"shoegaze,dream pop,slowcore","Velvet",0.378,0.351,2,-16,1,0.0352,0.0385,0.802,0.0952,0.282,112.962,4
spotify:track:3YDRUxfk7pQ2BjMBSX8Ljw,"rain","RAIN","no more",2024-01-13,145846,11,true,anthonymoran1000,2025-01-08T03:06:37Z,"shoegaze","nothingmorefm",0.47,0.226,6,-23.729,0,0.0342,0.354,0.899,0.105,0.0516,147.983,4
spotify:track:3qB4o1RMHdp4haJJp582lE,"Heading for the Door","Heading for the Door","No Sun",2020-11-27,260698,22,false,anthonymoran1000,2025-01-10T08:10:41Z,"shoegaze,slowcore","Flesh & Bone Records",0.37,0.375,1,-11.933,1,0.0318,0.379,0.868,0.11,0.182,114.388,4
spotify:track:14f1NwAJXXRWGtRBRCkVS1,"dismal","dismal","Midrift",2023-03-11,123924,0,false,anthonymoran1000,2025-01-14T05:53:07Z,"shoegaze","Midrift",0.295,0.594,11,-8.202,0,0.0383,0.181,0.974,0.0876,0.328,154.949,4
spotify:track:5iCNhiucTLYkVLvDEdlCgb,"Ease","Murmur","Doused",2021-04-16,198902,26,false,anthonymoran1000,2025-01-15T22:59:42Z,"shoegaze,dream pop,slowcore","Flesh & Bone Records",0.154,0.99,4,-9.383,1,0.0763,0.0000526,0.859,0.173,0.0627,157.191,4
spotify:track:3I0HBSuEyRBCmbOidM2yCl,"Bloom","Wake","Animal Ghosts",2021-12-30,235058,19,false,anthonymoran1000,2025-01-15T23:01:35Z,"shoegaze,slowcore,dream pop","Animal Ghosts under exclusive license to Amuseio AB",0.178,0.566,10,-7.61,1,0.0409,0.00000313,0.548,0.373,0.416,82.912,4
spotify:track:2wOkgGpv4R7HlCPqeKnrgS,"into place","into place","Midrift",2024-07-19,162679,0,false,anthonymoran1000,2025-01-15T23:14:57Z,"shoegaze","Midrift",0.405,0.974,7,-4.704,0,0.0825,0.0000379,0.704,0.151,0.58,121.436,5
spotify:track:15ZWSi6cn3Sh56CsuwxJKU,"those days","those days","six days after christmas;i wanna be a jack-o-lantern",2024-01-28,130815,27,false,anthonymoran1000,2025-01-22T14:47:00Z,"","9th St. / Hallwood",0.228,0.543,9,-10.095,1,0.0375,0.0101,0.843,0.229,0.624,166.933,4
spotify:track:2imEyy9hOeKhyTClQQ4hpM,"Wishbones","Wishbones","yujin",2024-12-19,129744,30,false,anthonymoran1000,2025-01-22T14:56:03Z,"shoegaze","5591993 Records DK",0.236,0.621,6,-9.138,0,0.0358,0.0000665,0.888,0.27,0.192,153.846,4
spotify:track:7gQAAeh0cLx0dC6BOBzRIi,"two-headed calf","Leave","Midrift",2023-12-08,173916,0,false,anthonymoran1000,2025-01-22T15:55:01Z,"shoegaze","Midrift",0.357,0.649,8,-9.122,1,0.0341,0.143,0.91,0.656,0.24,138.076,4
spotify:track:0TotLVleokvC66cJjNkYZs,"Terranova","Terranova","Aaron Vigil",2025-01-03,214057,18,false,anthonymoran1000,2025-01-22T18:29:44Z,"shoegaze","LaChangaMusic",0.43,0.624,6,-9.301,1,0.0346,0.0000264,0.809,0.171,0.235,148.046,4
spotify:track:0jJQSNZdmRyVgBSFsNuGXJ,"Raw Blue","Raw Blue","Whirr",2025-01-21,265074,0,false,anthonymoran1000,2025-01-22T18:52:02Z,"shoegaze,slowcore,dream pop","Free Whirl Records",0.368,0.667,8,-8.591,0,0.0532,0.0175,0.244,0.168,0.103,145.929,4
spotify:track:1515TA6wXAx8C8eYdJUvTt,"Collect Sadness","Raw Blue","Whirr",2025-01-21,320993,0,false,anthonymoran1000,2025-01-22T18:54:46Z,"shoegaze,slowcore,dream pop","Free Whirl Records",0.167,0.543,9,-7.285,0,0.0425,0.000496,0.276,0.397,0.296,146.972,4
spotify:track:4sMGBkPEuRta94b6mmw5aE,"Swing Me","Raw Blue","Whirr",2025-01-21,212223,0,false,anthonymoran1000,2025-01-22T19:00:09Z,"shoegaze,slowcore,dream pop","Free Whirl Records",0.248,0.743,9,-6.402,1,0.0463,0.00000486,0.881,0.297,0.511,175.901,4
spotify:track:4lj2emY0v8KiU1zCvBOtIJ,"Everyday Is The Same","Raw Blue","Whirr",2025-01-21,311083,0,false,anthonymoran1000,2025-01-22T21:57:17Z,"shoegaze,slowcore,dream pop","Free Whirl Records",0.371,0.648,8,-6.484,0,0.0446,0.000588,0.0141,0.0856,0.281,137.355,4
spotify:track:6ekSqFZPryEXgh5DSHhbXC,"All Mine","Raw Blue","Whirr",2025-01-21,267865,0,false,anthonymoran1000,2025-01-22T22:30:37Z,"shoegaze,slowcore,dream pop","Free Whirl Records",0.272,0.895,4,-6.838,0,0.0583,0.000223,0.894,0.412,0.247,180.021,4
spotify:track:0SkRGn74o4aWD0x2ZS26uB,"Worries Bloom","Raw Blue","Whirr",2025-01-21,209952,0,false,anthonymoran1000,2025-01-23T02:47:59Z,"shoegaze,slowcore,dream pop","Free Whirl Records",0.455,0.85,11,-8.084,1,0.0437,0.000815,0.799,0.153,0.253,147.038,4
spotify:track:7uLJaUWRrHmOIupH4CDYZw,"Walk Through Space","Raw Blue","Whirr",2025-01-21,295908,0,false,anthonymoran1000,2025-01-23T02:53:58Z,"shoegaze,slowcore,dream pop","Free Whirl Records",0.284,0.441,0,-8.063,0,0.0461,0.0115,0.0567,0.199,0.284,170.014,3
spotify:track:1x3qFz5twyT0tmBePWiuBc,"In Pictures","Midrift","Midrift",2022-12-09,128578,0,false,anthonymoran1000,2025-01-23T12:50:30Z,"shoegaze","Midrift",0.62,0.398,1,-9.566,0,0.0324,0.884,0.912,0.127,0.322,119.95,4
spotify:track:5CkGYkqKnHGpoW3UjTAfex,"Solstice","[trauma ray]","trauma ray",2018-09-21,395575,38,false,anthonymoran1000,2025-01-24T13:06:24Z,"shoegaze,slowcore","Dreamy Life Records and Music, LLC",0.19,0.698,11,-6.928,1,0.063,0.0000981,0.861,0.267,0.0746,124.522,4
spotify:track:2QX5DiY6LUM0ykzbdvrwTS,"Sigh","Scatter","Blood Estate;Reverend Reverend",2024-09-27,160000,14,false,anthonymoran1000,2025-01-24T15:17:12Z,"slowcore,shoegaze","Blood Estate 2024",0.459,0.184,2,-21.026,1,0.0317,0.97,0.908,0.106,0.177,120.078,4
spotify:track:07fFhFm63RutMmrS51pyw3,"Chore","Death Dreams","Heavytrip",2022-06-10,424524,14,false,anthonymoran1000,2025-01-24T15:21:28Z,"shoegaze,slowcore","Fever Dream Records",0.256,0.403,8,-10.33,1,0.037,0.0379,0.744,0.176,0.071,76.091,4
spotify:track:4Qz7RSATXt1jpsGafP4XF9,"Get Inside","Get Inside","Split Chain",2023-04-14,188500,51,false,anthonymoran1000,2025-02-10T14:40:39Z,"shoegaze","Epitaph",0.416,0.979,8,-4.186,0,0.0829,0.00000492,0.875,0.177,0.116,99.951,4
spotify:track:1lqIjVTGtJiUcf4Wd9MkMI,"Extract","Extract","Split Chain",2023-08-18,180000,39,false,anthonymoran1000,2025-02-10T14:46:10Z,"shoegaze","Epitaph",0.398,0.971,3,-3.388,1,0.0581,0.00000327,0.289,0.343,0.371,92.539,4
spotify:track:5CXokdWISVHIcq4BsKwDvJ,"sometimes","loveless","my bloody valentine",1991-11-04,319160,55,false,anthonymoran1000,2025-02-14T19:38:56Z,"shoegaze,dream pop,slowcore,noise rock","Domino Recording Co",0.356,0.609,7,-14.697,1,0.0514,0.0000109,0.878,0.1,0.0952,128.432,4
spotify:track:4HN2bXTRZ11pADj7qyx8eW,"Color Change","Color Change","Whirr",2012-07-09,330698,36,false,anthonymoran1000,2025-02-14T20:00:47Z,"shoegaze,slowcore,dream pop","Free Whirl",0.0961,0.568,7,-7.874,1,0.0362,0.0109,0.73,0.0918,0.272,87.999,4
spotify:track:1Pc4n0wG3ui3Bz4hPUuX9b,"Twist - Part Time Punks Sessions","Part Time Punks Session","Whirr",2012-09-20,170713,19,false,anthonymoran1000,2025-02-14T20:09:49Z,"shoegaze,slowcore,dream pop","Free Whirl",0.0974,0.976,0,-5.306,1,0.0767,0.000003,0.795,0.0683,0.134,160.654,4
spotify:track:1v30mj1shaNZU3ndhGy7gi,"Seams","Seams","Slipdress",2025-02-14,175914,16,false,anthonymoran1000,2025-02-20T04:29:52Z,"shoegaze","Slipdress",0.277,0.812,4,-7.007,1,0.0623,0.0000214,0.867,0.0895,0.117,125.851,4
spotify:track:3QrrtoXorPSaEQdtfxWJiy,"Sundae","June","Whirr",2011-09-27,181820,0,false,anthonymoran1000,2025-02-21T19:42:04Z,"shoegaze,slowcore,dream pop","Tee Pee Records",0.257,0.443,0,-8.209,1,0.0426,0.00156,0.806,0.128,0.132,108.794,4
spotify:track:2oZuD7eeD7cg8enKG3S4z4,"Drain","Around","Whirr",2013-07-09,526493,0,false,anthonymoran1000,2025-02-23T12:15:29Z,"shoegaze,slowcore,dream pop","Graveface Records & Curiosities",0.113,0.435,0,-9.369,1,0.0391,0.00215,0.726,0.0705,0.0367,87.308,4
spotify:track:1UkWtALTRrmRbDQ9c5xlno,"Around","Around","Whirr",2013-07-09,419813,0,false,anthonymoran1000,2025-02-23T12:25:37Z,"shoegaze,slowcore,dream pop","Graveface Records & Curiosities",0.247,0.416,0,-9.594,1,0.037,0.00581,0.947,0.163,0.0907,121.987,4
spotify:track:2qZ1KToSXDzHAQKXAQQksE,"My Blue Heaven","She Only Said","Glixen",2023-08-11,343142,30,false,anthonymoran1000,2025-02-23T23:32:12Z,"shoegaze,dream pop,slowcore","Glixen",0.394,0.608,1,-6.637,0,0.0331,0.134,0.99,0.121,0.0488,115.017,4
spotify:track:75ROp2EVPoUIKp9R8issAc,"flight response","dizzy spells","Heaven's Night",2025-01-29,150891,24,false,anthonymoran1000,2025-02-24T16:58:28Z,"shoegaze","perfect blue",0.427,0.311,1,-12.101,1,0.0331,0.00865,0.269,0.156,0.0547,100.937,4
spotify:track:4hsIOxC9ucDRX6kikO1aH4,"heaven's bride","conversation at the bottom","minor issue",2024-02-14,134990,15,false,anthonymoran1000,2025-02-28T21:03:37Z,"shoegaze","4570827 Records DK2",0.281,0.921,0,-6.725,0,0.0557,0.000228,0.78,0.165,0.372,148.003,4
spotify:track:4ZBbmH6cUDR9wniv8gFTAn,"Dark Ecstasy","Silk Road","Toner",2020-04-17,173500,34,false,anthonymoran1000,2025-03-11T16:40:10Z,"shoegaze,slowcore","Smoking Room",0.285,0.937,2,-5.831,1,0.0629,0.0377,0.926,0.655,0.214,139.573,4
spotify:track:1CZzQ84m7NTdPqXJBDpv5o,"Busy","Raw Blue (Deluxe Edition)","Whirr",2025-03-14,288060,0,false,anthonymoran1000,2025-03-14T20:20:05Z,"shoegaze,slowcore,dream pop","Free Whirl Records",0.538,0.364,3,-11.604,1,0.0302,0.0134,0.84,0.0645,0.0805,125.009,4
spotify:track:4FqAv5twjda2qgyp3hqunT,"quiet considerations","quiet considerations","la lune",2025-03-06,163165,17,false,anthonymoran1000,2025-03-20T05:05:32Z,"shoegaze","play dead",0.454,0.852,7,-4.009,1,0.0374,0.00199,0.799,0.504,0.305,102.018,4
spotify:track:46ANUO9tfubRNOiUV41kzR,"melt","melt","the neverminds",2024-02-17,297509,38,false,anthonymoran1000,2025-04-05T20:14:17Z,"shoegaze","loveless collective",0.464,0.658,4,-6.193,1,0.0389,0.00116,0.172,0.11,0.128,91.987,4
spotify:track:17mfCYd6Tg18OMRUJE4C5J,"Soursweet","Soursweet / Check!","Mad Iris",2024-10-11,260000,23,false,anthonymoran1000,2025-04-07T03:38:06Z,"shoegaze","Scratch",0.335,0.815,1,-5.043,1,0.092,0.293,0.0773,0.273,0.138,138.058,4
spotify:track:41uv2JNHR7Im2OAo5blAmo,"June is better than July","June is better than July","Sledges",2024-04-19,286636,37,false,anthonymoran1000,2025-04-07T03:56:54Z,"shoegaze","Bigyale Records",0.131,0.693,7,-7.77,0,0.0556,0.00014,0.803,0.113,0.0917,79.975,4
spotify:track:4qcFWCWswZT6P6H6zjeW7O,"Please Don't Care About Me","Please Don't Care About Me","Dread",2023-07-22,228784,35,false,anthonymoran1000,2025-04-07T04:02:43Z,"shoegaze","5633801 Records DK",0.492,0.528,5,-8.235,0,0.0396,0.299,0.855,0.0961,0.146,129.962,4
spotify:track:1ehlHE6BfKU5T8H4XYfv91,"I REALLY HATE BEING EVICTED","I REALLY HATE BEING EVICTED","I REALLY HATE LONDON",2025-03-28,162147,0,true,anthonymoran1000,2025-04-10T22:28:11Z,"shoegaze","3077190 Records DK2",0.337,0.861,1,-4.689,1,0.0529,0.000192,0.895,0.339,0.0885,97.987,4
spotify:track:2Nu0XWFXqH9ZSo5WPkMeks,"rainfall","rainfall","stella;twinotter",2024-06-07,218704,35,false,anthonymoran1000,2025-04-22T03:46:57Z,"slowcore,shoegaze","stella/twinotter",0.447,0.595,3,-9.8,1,0.0308,0.742,0.94,0.168,0.189,109.997,4
spotify:track:4tQIVEIfhlwbP8aYf9G4AT,"Close My Eyes","Close My Eyes","Luster",2025-04-22,246711,20,false,anthonymoran1000,2025-04-22T16:39:26Z,"shoegaze,slowcore,dream pop","Funeral Party",0.323,0.856,2,-7.584,1,0.0831,0.0000207,0.893,0.109,0.144,179.879,4
spotify:track:73sNDPMnPoUo9h98u278zj,"Staring","Romance","Velvet;Morosis",2024-02-23,274431,18,false,anthonymoran1000,2025-04-26T20:36:31Z,"shoegaze,dream pop,slowcore","Candlepin Records",0.366,0.722,3,-9.53,1,0.0613,0.0000819,0.944,0.0833,0.0785,112.99,4
spotify:track:1JTVMWh7GMGGgjAvVquJAi,"Buffy, heavy","Dawn Summers is Dead","House of Warmth",2025-05-09,232000,13,false,anthonymoran1000,2025-06-13T04:12:11Z,"shoegaze","play dead",0.156,0.738,5,-7.761,1,0.0495,0.00000405,0.859,0.332,0.289,133.297,4
spotify:track:1JTSbxw6tJy4RjvgpAKI3I,"Thorn Lips","Knives","Chlorine",2025-02-14,179882,22,false,anthonymoran1000,2025-06-13T04:15:03Z,"shoegaze","Chlorine",0.169,0.592,10,-8.056,0,0.0418,0.00803,0.913,0.171,0.0937,124.934,4
spotify:track:3QIFfQr3gnmaB7HJkEi8nQ,"Twelve Years","Spindrift","Roving",2024-04-23,204102,62,false,anthonymoran1000,2025-06-13T04:21:32Z,"shoegaze","Really Rad Records",0.398,0.941,8,-4.281,0,0.0557,0.0000287,0.432,0.165,0.321,135.987,4
spotify:track:5KcR1qTwrkZnjs1sx8FOFU,"Bliss Bliss","Bliss Bliss","kairo.",2023-12-22,238690,21,false,anthonymoran1000,2025-06-13T04:26:07Z,"shoegaze","Sunday Drive",0.273,0.758,4,-5.05,1,0.0454,0.00000426,0.755,0.239,0.303,156.881,4
spotify:track:3JOfu8e1R0P2EDEnsYWfOv,"Immerse","Immerse","Seventh Dose",2023-09-15,248359,22,false,anthonymoran1000,2025-06-13T04:43:15Z,"shoegaze","Wormwood Records",0.361,0.932,4,-5.876,1,0.0463,0.00000396,0.802,0.313,0.632,143.082,4
spotify:track:0gNpXNiopu6nXKRPnfQ89E,"まほうのじゅうたん","おくりもの","百景",2009-04-29,244186,53,false,anthonymoran1000,2025-06-26T03:37:52Z,"math rock,japanese indie,midwest emo,post-rock,shoegaze","neiro",0.426,0.82,6,-3.234,0,0.0319,0.0517,0.949,0.316,0.667,171.979,3
spotify:track:2D2i6pQzCBa7RoZgqfnoft,"chemicals","chemicals","thetonysofar",2024-02-15,150857,36,false,anthonymoran1000,2025-07-05T00:21:35Z,"slowcore","5779799 Records DK",0.335,0.578,7,-10.674,0,0.0379,0.000225,0.852,0.088,0.348,140.034,4
spotify:track:1MF7IBVnEGT9Ypkcn9QXSv,"Devotion","How I learned to play guitar","Video Days",2025-07-25,122992,13,false,anthonymoran1000,2025-07-29T03:11:08Z,"","Crasher",0.321,0.464,9,-6.147,1,0.0351,0.00423,0.817,0.0469,0.418,110.181,4
spotify:track:0UDDbpy5zDamJR8PKdLowW,"Shattered Plains","Shattered Plains","Love, Jane",2025-09-19,176045,13,false,anthonymoran1000,2025-09-26T02:21:24Z,"shoegaze","Vertigo Records",0.153,0.575,1,-9.819,0,0.0317,0.000841,0.892,0.122,0.361,68.502,3
spotify:track:7qKohSGg9hmRNR9bSO4KUI,"Summer's Gone -second season ver-","Another Sunny Day -Remastered-","honeydip",2025-02-26,411733,52,false,anthonymoran1000,2025-09-28T16:50:31Z,"shoegaze,j-rock,japanese indie,dream pop,shibuya-kei","st.romantic high records",0.211,0.718,2,-4.937,1,0.0476,0.0000783,0.731,0.146,0.511,150.089,4
spotify:track:3P61wVXNlCuTa7zSnTN3Zv,"Insomnia","In Your Arms Again","Love Letter",2024-02-12,384408,50,false,anthonymoran1000,2025-09-30T03:10:33Z,"screamo,post-hardcore,midwest emo","Love Letter",0.516,0.447,10,-10.376,1,0.03,0.103,0.814,0.103,0.0976,132.078,4
spotify:track:4322ZTFofpazlJ4ysuLEvf,"Hunch","Hunch","Valley Porno People",2024-03-19,266000,14,false,anthonymoran1000,2025-10-21T08:04:32Z,"shoegaze","Valley Porno People",0.452,0.537,1,-8.571,1,0.0253,0.075,0.866,0.0983,0.439,158.122,4
spotify:track:6vlp7wQrkLJtb3ftDp0x9P,"Fond","Fond","Slipdress",2025-10-10,254586,17,false,anthonymoran1000,2025-10-22T04:13:38Z,"shoegaze","Slipdress",0.242,0.85,4,-3.538,0,0.0524,0.0000872,0.721,0.132,0.0645,142.471,4
spotify:track:6Hzle86uYcpy3QkcCmMKgE,"Dream, Ivory","Dream, Ivory","Dream, Ivory",2017-03-09,188265,63,false,anthonymoran1000,2025-10-25T06:42:32Z,"","Dream, Ivory LLC",0.535,0.568,1,-4.829,1,0.0285,0.0796,0.331,0.07,0.193,120.051,4
spotify:track:4xAFDfzCQ54gUHbCReyhuF,"Asphyxia","Asphyxia","AcidicL0ver",2025-10-24,141927,12,false,anthonymoran1000,2025-11-10T22:16:59Z,"shoegaze","Hearted.Helix.Records",0.41,0.639,8,-10.547,1,0.0418,0.00000208,0.833,0.0799,0.412,130.782,5
spotify:track:17tVYFq0jdTvOsOd0aSi0j,"hope","hope","vuul",2025-10-31,199850,23,false,anthonymoran1000,2025-11-13T01:20:37Z,"shoegaze","vuul",0.533,0.79,0,-8.03,0,0.0542,0.00737,0.898,0.113,0.156,155.037,4
spotify:track:2MXdJzgbLFG7BlWaFdhY9B,"Boy Like A Bruise","Touch Heaven","ASkySoBlack",2025-01-31,205951,28,false,anthonymoran1000,2025-11-15T04:33:44Z,"shoegaze","New Morality Zine",0.401,0.992,10,-3.259,1,0.0862,0.00000448,0.704,0.512,0.083,137.994,4
spotify:track:0jIFJ6dkEZvzbgyXslL746,"Faint Glow","Faint Glow","Love, Jane",2025-11-18,232962,15,false,anthonymoran1000,2025-11-22T03:33:34Z,"shoegaze","Vertigo Records",0.19,0.659,8,-7.38,0,0.034,0.00731,0.787,0.099,0.11,85.987,4
spotify:track:10dWkkUtkA0trwhleYq1TK,"Wired","Wired","Honeydrome",2025-10-29,225880,13,false,anthonymoran1000,2025-11-22T03:56:45Z,"shoegaze","2070070 Records DK2",0.511,0.44,7,-9.231,1,0.0302,0.783,0.845,0.0942,0.137,75.009,4
spotify:track:1v17l26BNwDHxcnELx1Ylw,"Sleep","Brainscan","Dosser",2021-01-22,184313,19,false,anthonymoran1000,2025-11-26T18:14:47Z,"shoegaze,post-grunge,midwest emo","Really Rad Records",0.401,0.862,6,-6.039,1,0.043,0.00228,0.835,0.0991,0.316,71.05,4
spotify:track:6bCFgBuVYb2xQcR7rgKo9X,"Softly","Softly","headspin",2025-03-07,202732,16,false,anthonymoran1000,2025-12-05T00:55:40Z,"shoegaze","Coup D'Etat Recordings",0.113,0.726,5,-9.463,1,0.0645,0.0000581,0.646,0.326,0.284,80.464,4
spotify:track:5FLvRXGivbEwDzwIAOlAes,"This Heaven Has Bars","Transaudio","Pot Valiant",1994-01-01,246336,43,false,anthonymoran1000,2025-12-07T22:17:30Z,"slowcore,shoegaze","Numero Group",0.388,0.699,7,-7.77,1,0.0333,0.00111,0.751,0.102,0.465,111.807,4
spotify:track:2ZrlFzDK4qmEGoUS7GqLzP,"rUN tHE FaDE","rUN tHE FaDE","1999 WRITE THE FUTURE;Eyedress",2024-01-05,253281,35,false,anthonymoran1000,2026-06-22T18:46:56Z,"","88rising Music",0.435,0.749,9,-5.94,1,0.0356,0.116,0.756,0.0559,0.285,154.139,4
spotify:track:6AMEHNhqK1qwCEJX9UBjEQ,"Chocolate Matter","Velocity: Design: Comfort.","Sweet Trip",2003-06-10,243706,47,false,anthonymoran1000,2026-06-23T18:07:04Z,"shoegaze,dream pop,idm","Darla Records",0.413,0.928,4,-6.023,1,0.0606,0.173,0.00469,0.103,0.184,125.994,4
